plant,plant_id,view,seed,mode,chamfer,acc_pred_to_gt,comp_gt_to_pred,miss_0p01,miss_0p02,nn_gt_median
plant_0000,0,00,0,rgb,0.0056058671325445175,0.002211408456787467,0.0033944586757570505,0.9508056640625,0.802734375,0.03825429081916809
plant_0000,0,00,0,depth,0.004090581089258194,0.0017074292991310358,0.002383151790127158,0.93408203125,0.72802734375,0.03086576610803604
plant_0000,0,00,0,ref,0.0007326126215048134,0.00039158540312200785,0.00034102724748663604,0.7239990234375,0.28271484375,0.014599859714508057
plant_0002,2,00,2,rgb,0.0021431688219308853,0.0013249667827039957,0.0008182019810192287,0.8792724609375,0.5828857421875,0.022566506639122963
plant_0002,2,00,2,depth,0.002839618129655719,0.0014549745246767998,0.001384643604978919,0.8800048828125,0.5989990234375,0.02336805872619152
plant_0002,2,00,2,ref,0.0013946812832728028,0.0005387858836911619,0.000855895399581641,0.7529296875,0.3753662109375,0.01631656475365162
plant_0003,3,00,3,rgb,0.001369960024021566,0.0004292476223781705,0.0009407124016433954,0.840087890625,0.4739990234375,0.019096745178103447
plant_0003,3,00,3,depth,0.0012068669311702251,0.0004687020555138588,0.0007381648174487054,0.8387451171875,0.4149169921875,0.017535505816340446
plant_0003,3,00,3,ref,0.0008396957418881357,0.000373921066056937,0.0004657746176235378,0.825439453125,0.360595703125,0.01663326472043991
plant_0010,10,00,10,rgb,0.0006896952982060611,0.00038138104719109833,0.0003083142510149628,0.7349853515625,0.202392578125,0.013548535294830799
plant_0010,10,00,10,depth,0.0006327665178105235,0.00036094902316108346,0.00027181749464944005,0.7637939453125,0.183837890625,0.01429749745875597
plant_0010,10,00,10,ref,0.0005565070314332843,0.0002227377990493551,0.0003337692469358444,0.68359375,0.182861328125,0.012659609317779541
plant_0034,34,00,34,rgb,0.0019288407638669014,0.001228557899594307,0.0007002828642725945,0.89208984375,0.463623046875,0.01918661594390869
plant_0034,34,00,34,depth,0.002672763541340828,0.0017429017461836338,0.0009298616205342114,0.9183349609375,0.547119140625,0.021046418696641922
plant_0034,34,00,34,ref,0.005137244239449501,0.0024289474822580814,0.0027082967571914196,0.964599609375,0.7646484375,0.029910406097769737
plant_0035,35,00,35,rgb,0.0038154711946845055,0.0013407535152509809,0.0024747175630182028,0.91796875,0.6358642578125,0.02645339071750641
plant_0035,35,00,35,depth,0.0047295549884438515,0.0014944274444133043,0.0032351273111999035,0.91357421875,0.65576171875,0.02877115271985531
plant_0035,35,00,35,ref,0.0015768945449963212,0.0006759798270650208,0.0009009147179313004,0.86376953125,0.441650390625,0.018499065190553665
plant_0040,40,00,40,rgb,0.0014991052448749542,0.0005874265916645527,0.0009116786532104015,0.8848876953125,0.501220703125,0.02004099078476429
plant_0040,40,00,40,depth,0.001455996884033084,0.0007018882315605879,0.0007541085360571742,0.90576171875,0.5115966796875,0.02031567133963108
plant_0040,40,00,40,ref,0.0013369177468121052,0.0007136370986700058,0.0006232807063497603,0.88427734375,0.466552734375,0.019264474511146545
plant_0044,44,00,44,rgb,0.0017323021311312914,0.0009833452058956027,0.0007489569252356887,0.90966796875,0.4947509765625,0.019871534779667854
plant_0044,44,00,44,depth,0.0012774198548868299,0.0007335980189964175,0.0005438218358904123,0.875244140625,0.4066162109375,0.017957819625735283
plant_0044,44,00,44,ref,0.0008607122581452131,0.0005298659089021385,0.00033084634924307466,0.8277587890625,0.2449951171875,0.015520201064646244
plant_0048,48,00,48,rgb,0.000672393711283803,0.00034591983421705663,0.0003264739061705768,0.7347412109375,0.183837890625,0.01342383399605751
plant_0048,48,00,48,depth,0.0008031917968764901,0.0004073894815519452,0.0003958023153245449,0.7789306640625,0.2462158203125,0.014596943743526936
plant_0048,48,00,48,ref,0.001068774377927184,0.0005050512263551354,0.0005637231515720487,0.8089599609375,0.3619384765625,0.01640480011701584
plant_0061,61,00,61,rgb,0.003017498180270195,0.0012129012029618025,0.0018045970937237144,0.918212890625,0.6171875,0.024414310231804848
plant_0061,61,00,61,depth,0.0038870235439389944,0.0016100406646728516,0.002276982646435499,0.93115234375,0.631591796875,0.02496831864118576
plant_0061,61,00,61,ref,0.0017181241419166327,0.000852287164889276,0.0008658369188196957,0.9066162109375,0.51806640625,0.02040213532745838
plant_0065,65,00,65,rgb,0.003019392490386963,0.0010960178915411234,0.0019233747152611613,0.8924560546875,0.6259765625,0.025826280936598778
plant_0065,65,00,65,depth,0.0016615784261375666,0.0007540254155173898,0.0009075530106201768,0.8802490234375,0.50732421875,0.02019413746893406
plant_0065,65,00,65,ref,0.00083286187145859,0.0003501431201584637,0.0004827186930924654,0.7315673828125,0.26220703125,0.014255776070058346
plant_0066,66,00,66,rgb,0.0011313974391669035,0.0006254276377148926,0.0005059698014520109,0.848388671875,0.368408203125,0.017085151746869087
plant_0066,66,00,66,depth,0.0010172848124057055,0.000557733525056392,0.00045955120003782213,0.839111328125,0.3306884765625,0.016423344612121582
plant_0066,66,00,66,ref,0.0005061924457550049,0.00020573352230712771,0.00030045892344787717,0.78125,0.1898193359375,0.014210544526576996
plant_0073,73,00,73,rgb,0.0018704172689467669,0.0008805037359707057,0.0009899134747684002,0.9033203125,0.54345703125,0.021191395819187164
plant_0073,73,00,73,depth,0.0013870757538825274,0.0006990508991293609,0.0006880247965455055,0.869873046875,0.4224853515625,0.018098248168826103
plant_0073,73,00,73,ref,0.0018446382600814104,0.0012332339538261294,0.0006114043644629419,0.9154052734375,0.4757080078125,0.01946915127336979
plant_0078,78,00,78,rgb,0.0013674141373485327,0.000918349833227694,0.0004490642750170082,0.79052734375,0.2935791015625,0.015299134887754917
plant_0078,78,00,78,depth,0.001228483160957694,0.0007920402567833662,0.0004364429914858192,0.8236083984375,0.267822265625,0.01546245813369751
plant_0078,78,00,78,ref,0.0009683975949883461,0.0005384531104937196,0.000429944513598457,0.7725830078125,0.21240234375,0.014177937991917133
plant_0080,80,00,80,rgb,0.0019559806678444147,0.0006294986233115196,0.0013264819281175733,0.900634765625,0.5838623046875,0.022254252806305885
plant_0080,80,00,80,depth,0.0014490175526589155,0.0005843621911481023,0.0008646553033031523,0.8702392578125,0.4505615234375,0.018708951771259308
plant_0080,80,00,80,ref,0.001250360393896699,0.00045671002590097487,0.0007936503388918936,0.88134765625,0.457275390625,0.01886543445289135
plant_0089,89,00,89,rgb,0.0020474852062761784,0.0011379149509593844,0.000909570197109133,0.9046630859375,0.539794921875,0.020992543548345566
plant_0089,89,00,89,depth,0.0022359220311045647,0.0012302084360271692,0.0010057137114927173,0.9090576171875,0.5362548828125,0.020769374445080757
plant_0089,89,00,89,ref,0.001576659269630909,0.000925833301153034,0.0006508260266855359,0.901123046875,0.5340576171875,0.020942699164152145
plant_0090,90,00,90,rgb,0.0005928691243752837,0.00031257179216481745,0.0002802973613142967,0.750732421875,0.166748046875,0.013940542005002499
plant_0090,90,00,90,depth,0.0005459011881612241,0.00024417886743322015,0.000301722320728004,0.764404296875,0.18310546875,0.014158562757074833
plant_0090,90,00,90,ref,0.000984459649771452,0.0005249057430773973,0.0004595538484863937,0.8367919921875,0.2607421875,0.015351135283708572
plant_0093,93,00,93,rgb,0.001439274987205863,0.0006604765076190233,0.0007787984213791788,0.8480224609375,0.4383544921875,0.01816588267683983
plant_0093,93,00,93,depth,0.0013917690375819802,0.0006533682462759316,0.0007384007913060486,0.8297119140625,0.4268798828125,0.01769321598112583
plant_0093,93,00,93,ref,0.001300907926633954,0.00046701839892193675,0.0008338894695043564,0.8548583984375,0.4471435546875,0.0186777226626873
plant_0095,95,00,95,rgb,0.001080192974768579,0.0005863382248207927,0.0004938547499477863,0.8056640625,0.3951416015625,0.017429379746317863
plant_0095,95,00,95,depth,0.0010877079330384731,0.0006124424398876727,0.0004752655222546309,0.8212890625,0.3482666015625,0.01659661903977394
plant_0095,95,00,95,ref,0.0007668668404221535,0.00037278825766406953,0.0003940785536542535,0.7034912109375,0.281982421875,0.014295991510152817
plant_0103,103,00,103,rgb,0.0023798937909305096,0.0016425980720669031,0.0007372956024482846,0.8935546875,0.456298828125,0.019139990210533142
plant_0103,103,00,103,depth,0.001306211925111711,0.0008160991128534079,0.0004901128122583032,0.801025390625,0.29833984375,0.015507938340306282
plant_0103,103,00,103,ref,0.0010700842831283808,0.0005891504697501659,0.0004809337551705539,0.7620849609375,0.380126953125,0.01640767976641655
plant_0110,110,00,110,rgb,0.0009305877611041069,0.0005177368875592947,0.00041285084444098175,0.8443603515625,0.34423828125,0.017001034691929817
plant_0110,110,00,110,depth,0.0010899542830884457,0.0006610938580706716,0.000428860483225435,0.8453369140625,0.372802734375,0.017447803169488907
plant_0110,110,00,110,ref,0.0009847608162090182,0.00041311923996545374,0.0005716416053473949,0.8497314453125,0.452880859375,0.018790582194924355
plant_0123,123,00,123,rgb,0.001718832878395915,0.0008593936800025403,0.0008594391983933747,0.8953857421875,0.51611328125,0.02047877013683319
plant_0123,123,00,123,depth,0.001630605198442936,0.000887103087734431,0.000743502052500844,0.9146728515625,0.5469970703125,0.02121197246015072
plant_0123,123,00,123,ref,0.0010441939812153578,0.0005117262480780482,0.0005324678495526314,0.8489990234375,0.398193359375,0.017479775473475456
plant_0132,132,00,132,rgb,0.003207399044185877,0.0013953035231679678,0.0018120954046025872,0.9342041015625,0.6884765625,0.0271532591432333
plant_0132,132,00,132,depth,0.004523349925875664,0.0018896523397415876,0.002633697586134076,0.941162109375,0.7181396484375,0.030358973890542984
plant_0132,132,00,132,ref,0.0012930091470479965,0.0006518824957311153,0.0006411267095245421,0.8232421875,0.424072265625,0.018104903399944305
plant_0147,147,00,147,rgb,0.0022449223324656487,0.0010308754863217473,0.0012140468461439013,0.929443359375,0.58544921875,0.022455530241131783
plant_0147,147,00,147,depth,0.002204200020059943,0.0010646564187482,0.0011395436013117433,0.928955078125,0.5997314453125,0.022812847048044205
plant_0147,147,00,147,ref,0.0029250485822558403,0.001231692498549819,0.0016933560837060213,0.9849853515625,0.8709716796875,0.033838484436273575
plant_0151,151,00,151,rgb,0.0015362929552793503,0.0007847088272683322,0.000751584186218679,0.8956298828125,0.5054931640625,0.02011049911379814
plant_0151,151,00,151,depth,0.001656585605815053,0.0010038723703473806,0.0006527132354676723,0.89599609375,0.51220703125,0.02032269537448883
plant_0151,151,00,151,ref,0.0019066429231315851,0.0008650861564092338,0.0010415568249300122,0.9283447265625,0.6474609375,0.02517101541161537
plant_0168,168,00,168,rgb,0.0016601111274212599,0.0007980212103575468,0.0008620899170637131,0.85791015625,0.482666015625,0.01941707916557789
plant_0168,168,00,168,depth,0.0014226892963051796,0.000658338307403028,0.0007643510471098125,0.8345947265625,0.4437255859375,0.018189620226621628
plant_0168,168,00,168,ref,0.000751824933104217,0.000277423532679677,0.00047440145863220096,0.6849365234375,0.3228759765625,0.014797812327742577
plant_0177,177,00,177,rgb,0.000554797938093543,0.0002682933700270951,0.00028650450985878706,0.7493896484375,0.193115234375,0.013745386153459549
plant_0177,177,00,177,depth,0.0004914961755275726,0.00023987996974028647,0.0002516162348911166,0.730224609375,0.1444091796875,0.013296956196427345
plant_0177,177,00,177,ref,0.0005205811467021704,0.00025666377041488886,0.00026391734718345106,0.7181396484375,0.156982421875,0.012934346683323383
plant_0186,186,00,186,rgb,0.002730252221226692,0.0011340153869241476,0.0015962367178872228,0.90478515625,0.6368408203125,0.025608280673623085
plant_0186,186,00,186,depth,0.0019904549699276686,0.0008535896195098758,0.0011368653504177928,0.86669921875,0.517333984375,0.020685335621237755
plant_0186,186,00,186,ref,0.0012553661363199353,0.0004168167361058295,0.0008385494002141058,0.7099609375,0.336669921875,0.014947628602385521
plant_0198,198,00,198,rgb,0.009284069761633873,0.004498093854635954,0.004785975906997919,0.9788818359375,0.920654296875,0.05742407590150833
plant_0198,198,00,198,depth,0.007073123939335346,0.0036528874188661575,0.0034202367532998323,0.968017578125,0.884033203125,0.04755217209458351
plant_0198,198,00,198,ref,0.001603119308128953,0.0007008438115008175,0.0009022754384204745,0.7293701171875,0.4307861328125,0.017799897119402885
plant_0199,199,00,199,rgb,0.0009489365038461983,0.0005555023672059178,0.0003934341366402805,0.7474365234375,0.2857666015625,0.015204005874693394
plant_0199,199,00,199,depth,0.0009073110413737595,0.0005547835025936365,0.0003525274805724621,0.753662109375,0.2655029296875,0.014738143421709538
plant_0199,199,00,199,ref,0.0006805110024288297,0.0003483622276689857,0.0003321488038636744,0.685546875,0.2080078125,0.012854911386966705
plant_0200,200,00,200,rgb,0.001106523908674717,0.0005706134252250195,0.0005359104834496975,0.87939453125,0.445068359375,0.018936308100819588
plant_0200,200,00,200,depth,0.001259618904441595,0.0006595919840037823,0.0006000268622301519,0.8875732421875,0.4715576171875,0.01941101625561714
plant_0200,200,00,200,ref,0.0008779374184086919,0.0004419744072947651,0.0004359629820100963,0.8541259765625,0.3916015625,0.017932159826159477
plant_0215,215,00,215,rgb,0.0015742492396384478,0.0009094066917896271,0.0006648424896411598,0.853271484375,0.4210205078125,0.01813935674726963
plant_0215,215,00,215,depth,0.0013183597475290298,0.0007522514788433909,0.000566108210477978,0.842529296875,0.415771484375,0.018082592636346817
plant_0215,215,00,215,ref,0.002182041760534048,0.001025952398777008,0.0011560894781723619,0.904541015625,0.5826416015625,0.022972872480750084
plant_0226,226,00,226,rgb,0.006272654514759779,0.0018249988788738847,0.004447655286639929,0.899169921875,0.633544921875,0.0295204296708107
plant_0226,226,00,226,depth,0.0009292485192418098,0.00047287761117331684,0.0004563709662761539,0.807373046875,0.3590087890625,0.01683156006038189
plant_0226,226,00,226,ref,0.002147070365026593,0.0009811301715672016,0.0011659401934593916,0.7967529296875,0.5052490234375,0.02022266574203968
plant_0246,246,00,246,rgb,0.0010996100027114153,0.0005113217048346996,0.0005882882396690547,0.865478515625,0.427978515625,0.01801922731101513
plant_0246,246,00,246,depth,0.0014265161007642746,0.0008360608480870724,0.0005904552526772022,0.8673095703125,0.4263916015625,0.018018314614892006
plant_0246,246,00,246,ref,0.0012395187513902783,0.0006469362997449934,0.000592582393437624,0.8642578125,0.440185546875,0.01875077188014984
plant_0247,247,00,247,rgb,0.0005648169317282736,0.0002330678835278377,0.0003317490336485207,0.7545166015625,0.2012939453125,0.013910038396716118
plant_0247,247,00,247,depth,0.0004925123648718,0.00020644589676521719,0.0002860664390027523,0.709228515625,0.16796875,0.013105159625411034
plant_0247,247,00,247,ref,0.0004986136918887496,0.00020504469284787774,0.00029356899904087186,0.6934814453125,0.1668701171875,0.013095669448375702
plant_0249,249,00,249,rgb,0.0008338185725733638,0.0004333812394179404,0.00040043736225925386,0.8001708984375,0.1968994140625,0.014768610708415508
plant_0249,249,00,249,depth,0.0010384706547483802,0.0005171724478714168,0.0005212982068769634,0.8306884765625,0.2764892578125,0.015780411660671234
plant_0249,249,00,249,ref,0.0006719110533595085,0.00029461359372362494,0.00037729745963588357,0.7569580078125,0.218505859375,0.014145628549158573
plant_0250,250,00,250,rgb,0.0020067794248461723,0.0008554785745218396,0.0011513007339090109,0.889404296875,0.53955078125,0.021383441984653473
plant_0250,250,00,250,depth,0.0021689024288207293,0.0009362066630274057,0.0012326957657933235,0.8975830078125,0.578369140625,0.022610101848840714
plant_0250,250,00,250,ref,0.0012183047365397215,0.00043516498408280313,0.0007831396069377661,0.831298828125,0.400634765625,0.017285222187638283
plant_0256,256,00,256,rgb,0.0014078922104090452,0.0007503325468860567,0.0006575594889000058,0.852783203125,0.4384765625,0.01839282736182213
plant_0256,256,00,256,depth,0.017751114442944527,0.005835169926285744,0.011915942654013634,0.925537109375,0.708984375,0.036329325288534164
plant_0256,256,00,256,ref,0.0006383528234437108,0.0003741905966307968,0.00026416225591674447,0.701171875,0.156494140625,0.012792173773050308
plant_0258,258,00,258,rgb,0.0009227994596585631,0.0004644615401048213,0.00045833789044991136,0.7642822265625,0.2640380859375,0.014411005191504955
plant_0258,258,00,258,depth,0.0006890311487950385,0.0003893599205184728,0.00029967122827656567,0.7269287109375,0.1861572265625,0.013403593562543392
plant_0258,258,00,258,ref,0.000924392428714782,0.0004841081681661308,0.00044028423144482076,0.794189453125,0.3218994140625,0.01568509452044964
plant_0260,260,00,260,rgb,0.0013318259734660387,0.0008123172447085381,0.0005195087287575006,0.853759765625,0.3818359375,0.01733180321753025
plant_0260,260,00,260,depth,0.001307247206568718,0.0008005532436072826,0.0005066940211690962,0.8682861328125,0.3916015625,0.017864592373371124
plant_0260,260,00,260,ref,0.0009356100927107036,0.00046446837950497866,0.00047114177141338587,0.7882080078125,0.2672119140625,0.014548240229487419
plant_0261,261,00,261,rgb,0.0009258027421310544,0.00044596879160963,0.00047983392141759396,0.8228759765625,0.3358154296875,0.01638021692633629
plant_0261,261,00,261,depth,0.0009033207315951586,0.0004575824423227459,0.0004457382019609213,0.8267822265625,0.3228759765625,0.016214825212955475
plant_0261,261,00,261,ref,0.0006248957943171263,0.00030513718957081437,0.00031975857564248145,0.725341796875,0.2041015625,0.01359147485345602
plant_0275,275,00,275,rgb,0.0015881829895079136,0.0010422470513731241,0.0005459358217194676,0.85791015625,0.33349609375,0.016795340925455093
plant_0275,275,00,275,depth,0.0013155975611880422,0.0007466578390449286,0.0005689397803507745,0.8614501953125,0.366943359375,0.017054688185453415
plant_0275,275,00,275,ref,0.0012783815618604422,0.000813724473118782,0.0004646570305339992,0.8165283203125,0.265625,0.015155254863202572
plant_0276,276,00,276,rgb,0.0007592471083626151,0.0004710201465059072,0.00028822696185670793,0.7452392578125,0.2376708984375,0.01468222588300705
plant_0276,276,00,276,depth,0.0027100578881800175,0.0012947623617947102,0.0014152955263853073,0.8077392578125,0.405029296875,0.01719263195991516
plant_0276,276,00,276,ref,0.001293953275308013,0.0004849230172112584,0.0008090301998890936,0.65966796875,0.3812255859375,0.015657024458050728
plant_0289,289,00,289,rgb,0.0013476412277668715,0.0005559648270718753,0.000791676458902657,0.823974609375,0.421630859375,0.01770482398569584
plant_0289,289,00,289,depth,0.0014275505673140287,0.0005704414215870202,0.0008571090293116868,0.8350830078125,0.4613037109375,0.018901625648140907
plant_0289,289,00,289,ref,0.0007816830184310675,0.00042079563718289137,0.00036088741035200655,0.7459716796875,0.2161865234375,0.013745896518230438
plant_0292,292,00,292,rgb,0.002830084878951311,0.0008648984367027879,0.0019651863258332014,0.933349609375,0.6927490234375,0.02851071022450924
plant_0292,292,00,292,depth,0.003935673739761114,0.0011802155058830976,0.0027554582338780165,0.95654296875,0.77587890625,0.03506314754486084
plant_0292,292,00,292,ref,0.0011270289542153478,0.00041258876444771886,0.0007144401897676289,0.8570556640625,0.4442138671875,0.01851307973265648
plant_0299,299,00,299,rgb,0.0048436569049954414,0.002903303597122431,0.0019403535407036543,0.95751953125,0.7310791015625,0.02884804643690586
plant_0299,299,00,299,depth,0.003774491371586919,0.002244329545646906,0.001530161825940013,0.9544677734375,0.7205810546875,0.027986420318484306
plant_0299,299,00,299,ref,0.004432826302945614,0.0030747523996979,0.0013580737868323922,0.957275390625,0.7467041015625,0.02790200337767601
plant_0303,303,00,303,rgb,0.0018919467693194747,0.0009976262226700783,0.0008943205466493964,0.8494873046875,0.54443359375,0.02154727280139923
plant_0303,303,00,303,depth,0.0025266073644161224,0.001720366650260985,0.0008062406559474766,0.8992919921875,0.5418701171875,0.021242469549179077
plant_0303,303,00,303,ref,0.0017974220681935549,0.0009313906775787473,0.0008660313906148076,0.79296875,0.49169921875,0.019701195880770683
plant_0304,304,00,304,rgb,0.0009335079230368137,0.0003686648851726204,0.0005648430087603629,0.7952880859375,0.381591796875,0.01690772734582424
plant_0304,304,00,304,depth,0.0011476445943117142,0.00045014056377112865,0.0006975041469559073,0.8194580078125,0.4432373046875,0.018384674564003944
plant_0304,304,00,304,ref,0.0006720201927237213,0.00023977922683116049,0.00043224095134064555,0.7938232421875,0.3519287109375,0.016472630202770233
plant_0305,305,00,305,rgb,0.0037573541048914194,0.002577026840299368,0.0011803270317614079,0.896484375,0.55615234375,0.021820133551955223
plant_0305,305,00,305,depth,0.002561319386586547,0.0017753442516550422,0.0007859751349315047,0.85546875,0.48828125,0.01968875154852867
plant_0305,305,00,305,ref,0.0031810859218239784,0.001878166920505464,0.0013029188849031925,0.9423828125,0.678955078125,0.02617444284260273
plant_0313,313,00,313,rgb,0.0009504592744633555,0.0004759756557177752,0.00047448364784941077,0.8006591796875,0.30419921875,0.015267065726220608
plant_0313,313,00,313,depth,0.0007842081831768155,0.00040015511331148446,0.0003840530407615006,0.7864990234375,0.2484130859375,0.01469343714416027
plant_0313,313,00,313,ref,0.0005565184983424842,0.0002725005033425987,0.00028401799499988556,0.581787109375,0.174072265625,0.011310605332255363
plant_0319,319,00,319,rgb,0.001417822204530239,0.0009083266486413777,0.0005094956140965223,0.8203125,0.3779296875,0.016905326396226883
plant_0319,319,00,319,depth,0.0018284331308677793,0.0011121365241706371,0.0007162966066971421,0.857421875,0.5010986328125,0.02005310170352459
plant_0319,319,00,319,ref,0.00188654032535851,0.0009160672780126333,0.0009704731055535376,0.7996826171875,0.4765625,0.018674852326512337
plant_0329,329,00,329,rgb,0.0015956658171489835,0.0007835211581550539,0.0008121447754092515,0.856689453125,0.44970703125,0.018678413704037666
plant_0329,329,00,329,depth,0.0015255033504217863,0.0007541276281699538,0.0007713758386671543,0.839111328125,0.3804931640625,0.017358481884002686
plant_0329,329,00,329,ref,0.0017064448911696672,0.0007019404438324273,0.001004504505544901,0.797119140625,0.4566650390625,0.01865389570593834
plant_0336,336,00,336,rgb,0.0012489061336964369,0.0008381038205698133,0.00041080231312662363,0.843505859375,0.3048095703125,0.016392340883612633
plant_0336,336,00,336,depth,0.0010063841473311186,0.0006086818757466972,0.00039770230068825185,0.82763671875,0.2623291015625,0.015773579478263855
plant_0336,336,00,336,ref,0.0008112464565783739,0.0004576832870952785,0.0003535631694830954,0.7650146484375,0.2152099609375,0.014239426702260971
plant_0354,354,00,354,rgb,0.000822504167445004,0.0003462312452029437,0.00047627295134589076,0.84228515625,0.3419189453125,0.01679586060345173
plant_0354,354,00,354,depth,0.0008067882154136896,0.00037230050656944513,0.0004344877670519054,0.8360595703125,0.3397216796875,0.01678207702934742
plant_0354,354,00,354,ref,0.0011669991072267294,0.00046238568029366434,0.0007046134560368955,0.8521728515625,0.43017578125,0.01830374263226986
plant_0358,358,00,358,rgb,0.003948641009628773,0.0019176537171006203,0.002030987525358796,0.9139404296875,0.603515625,0.024159440770745277
plant_0358,358,00,358,depth,0.004117858130484819,0.001927439123392105,0.0021904190070927143,0.9263916015625,0.6502685546875,0.026840537786483765
plant_0358,358,00,358,ref,0.0007709342753514647,0.0003685786505229771,0.0004023556539323181,0.743408203125,0.2591552734375,0.014050887897610664
plant_0363,363,00,363,rgb,0.0010234799701720476,0.0005665094358846545,0.0004569705342873931,0.7769775390625,0.29638671875,0.015496548265218735
plant_0363,363,00,363,depth,0.001120701665058732,0.0006331138429231942,0.0004875878803431988,0.7762451171875,0.34033203125,0.015897152945399284
plant_0363,363,00,363,ref,0.0006079638842493296,0.0003113491111434996,0.0002966148022096604,0.6416015625,0.1654052734375,0.012390322983264923
plant_0365,365,00,365,rgb,0.0005099566769786179,0.0002680664765648544,0.00024189020041376352,0.70166015625,0.1627197265625,0.01289248839020729
plant_0365,365,00,365,depth,0.000565615831874311,0.00027665257221087813,0.0002889632305596024,0.7066650390625,0.193359375,0.013189634308218956
plant_0365,365,00,365,ref,0.0010314708342775702,0.0003218812635168433,0.0007095895707607269,0.7965087890625,0.4324951171875,0.018008127808570862
plant_0369,369,00,369,rgb,0.005418915301561356,0.0027440336998552084,0.0026748813688755035,0.9609375,0.803955078125,0.036122918128967285
plant_0369,369,00,369,depth,0.004998641088604927,0.0028899023309350014,0.0021087389905005693,0.960693359375,0.7938232421875,0.034511715173721313
plant_0369,369,00,369,ref,0.001677529071457684,0.0008593280799686909,0.0008182008750736713,0.903564453125,0.5235595703125,0.020531944930553436
plant_0381,381,00,381,rgb,0.0059859598986804485,0.00529363751411438,0.0006923226173967123,0.9088134765625,0.5367431640625,0.020982952788472176
plant_0381,381,00,381,depth,0.008348383940756321,0.007659279275685549,0.0006891057710163295,0.9158935546875,0.5189208984375,0.020453473553061485
plant_0381,381,00,381,ref,0.00145220966078341,0.0006890905206091702,0.000763119081966579,0.8182373046875,0.452392578125,0.01867893896996975
plant_0382,382,00,382,rgb,0.0009954817360267043,0.000508161960169673,0.00048731983406469226,0.81640625,0.347900390625,0.016677770763635635
plant_0382,382,00,382,depth,0.001189223024994135,0.0005518995458260179,0.0006373234209604561,0.829345703125,0.4237060546875,0.017927389591932297
plant_0382,382,00,382,ref,0.000852056429721415,0.00034356830292381346,0.000508488155901432,0.7342529296875,0.3585205078125,0.016128700226545334
plant_0391,391,00,391,rgb,0.0021779127418994904,0.0014375475002452731,0.0007403654744848609,0.90283203125,0.501953125,0.020062850788235664
plant_0391,391,00,391,depth,0.0018105345079675317,0.0010967014823108912,0.0007138329674489796,0.9061279296875,0.5606689453125,0.021349309012293816
plant_0391,391,00,391,ref,0.0012915933039039373,0.0006159558543004096,0.0006756374496035278,0.85595703125,0.4205322265625,0.017792753875255585
plant_0394,394,00,394,rgb,0.0011160025605931878,0.0005811729934066534,0.0005348295671865344,0.8330078125,0.3602294921875,0.01647750474512577
plant_0394,394,00,394,depth,0.0009892942616716027,0.0005273716524243355,0.0004619225801434368,0.806884765625,0.3355712890625,0.015634335577487946
plant_0394,394,00,394,ref,0.0007117454661056399,0.0003406496543902904,0.0003710957826115191,0.7735595703125,0.285888671875,0.015203609131276608
plant_0402,402,00,402,rgb,0.0005344552919268608,0.0002250468824058771,0.0003094084095209837,0.718994140625,0.21533203125,0.013841956853866577
plant_0402,402,00,402,depth,0.0009307481232099235,0.00040484481723979115,0.0005259032477624714,0.8070068359375,0.3968505859375,0.017332296818494797
plant_0402,402,00,402,ref,0.0007033654837869108,0.0002724687219597399,0.0004308967909310013,0.7242431640625,0.301025390625,0.015010965056717396
plant_0412,412,00,412,rgb,0.0018813495989888906,0.0010523945093154907,0.0008289549150504172,0.9007568359375,0.5189208984375,0.020465755835175514
plant_0412,412,00,412,depth,0.002350521506741643,0.0013617826625704765,0.0009887388441711664,0.9168701171875,0.5982666015625,0.022555435076355934
plant_0412,412,00,412,ref,0.001687556505203247,0.0010099364444613457,0.0006776201771572232,0.9002685546875,0.4920654296875,0.019806688651442528
plant_0413,413,00,413,rgb,0.004627669230103493,0.0029379669576883316,0.001689702388830483,0.864501953125,0.56884765625,0.022284725680947304
plant_0413,413,00,413,depth,0.005133997183293104,0.0027381370309740305,0.0023958601523190737,0.9300537109375,0.773681640625,0.033258769661188126
plant_0413,413,00,413,ref,0.0011703437194228172,0.0005970259080640972,0.0005733177531510592,0.7679443359375,0.3829345703125,0.016948165372014046
plant_0438,438,00,438,rgb,0.001384879695251584,0.00048445540596731007,0.0009004243183881044,0.9091796875,0.55810546875,0.021812545135617256
plant_0438,438,00,438,depth,0.0014743171632289886,0.000493690138682723,0.0009806270245462656,0.9066162109375,0.5745849609375,0.022236274555325508
plant_0438,438,00,438,ref,0.0007579023949801922,0.00033414034987799823,0.0004237620159983635,0.7669677734375,0.3125,0.01584242656826973
plant_0439,439,00,439,rgb,0.003459917614236474,0.0013146421406418085,0.0021452754735946655,0.9368896484375,0.6326904296875,0.02491413615643978
plant_0439,439,00,439,depth,0.0028201371897011995,0.0012636649189516902,0.0015564722707495093,0.9281005859375,0.5660400390625,0.021602338179945946
plant_0439,439,00,439,ref,0.004314875230193138,0.0036121548619121313,0.0007027205429039896,0.9066162109375,0.5631103515625,0.02152368612587452
plant_0447,447,00,447,rgb,0.0031171771697700024,0.00237323553301394,0.0007439417531713843,0.892822265625,0.5289306640625,0.020811671391129494
plant_0447,447,00,447,depth,0.0019533250015228987,0.0014034092891961336,0.000549915770534426,0.8504638671875,0.4449462890625,0.01873575709760189
plant_0447,447,00,447,ref,0.0011580775026232004,0.0006321439286693931,0.0005259335157461464,0.8299560546875,0.3690185546875,0.01637578196823597
plant_0450,450,00,450,rgb,0.0005973726511001587,0.00026626489125192165,0.00033110781805589795,0.72998046875,0.2054443359375,0.013638786040246487
plant_0450,450,00,450,depth,0.0007276594405993819,0.00034009036608040333,0.00038756910362280905,0.7835693359375,0.26025390625,0.014744137413799763
plant_0450,450,00,450,ref,0.0005170477088540792,0.00023102256818674505,0.0002860251406673342,0.718017578125,0.142333984375,0.0130549231544137
plant_0453,453,00,453,rgb,0.0007213375065475702,0.000405594619223848,0.0003157428582198918,0.7701416015625,0.1978759765625,0.013935424387454987
plant_0453,453,00,453,depth,0.0006584282964468002,0.00038079425576142967,0.0002776340115815401,0.7646484375,0.16259765625,0.013680781237781048
plant_0453,453,00,453,ref,0.000576032092794776,0.0002575865655671805,0.000318445498123765,0.7322998046875,0.256103515625,0.015066434629261494
plant_0461,461,00,461,rgb,0.002415826078504324,0.0019010186661034822,0.0005148074706085026,0.8448486328125,0.3560791015625,0.016926618292927742
plant_0461,461,00,461,depth,0.001858913223259151,0.0012232862645760179,0.000635627075098455,0.88623046875,0.44091796875,0.018605809658765793
plant_0461,461,00,461,ref,0.001927630859427154,0.001299903728067875,0.0006277271313592792,0.887451171875,0.4708251953125,0.019299136474728584
plant_0473,473,00,473,rgb,0.0011913011549040675,0.0006205624085851014,0.0005707387463189662,0.818115234375,0.3994140625,0.017668751999735832
plant_0473,473,00,473,depth,0.001217119861394167,0.0007212004857137799,0.0004959194338880479,0.829833984375,0.3626708984375,0.01696154475212097
plant_0473,473,00,473,ref,0.0019340240396559238,0.001309896120801568,0.0006241279770620167,0.8663330078125,0.4228515625,0.018155928701162338
plant_0474,474,00,474,rgb,0.0028587225824594498,0.001474137301556766,0.0013845852809026837,0.90771484375,0.6614990234375,0.0273392703384161
plant_0474,474,00,474,depth,0.002304636174812913,0.0013312408700585365,0.0009733953047543764,0.8848876953125,0.6014404296875,0.024012131616473198
plant_0474,474,00,474,ref,0.0006192304426804185,0.00032817680039443076,0.0002910536713898182,0.669189453125,0.2357177734375,0.013006934896111488
plant_0477,477,00,477,rgb,0.0009189744014292955,0.0005186672788113356,0.00040030715172179043,0.7955322265625,0.28662109375,0.015484546311199665
plant_0477,477,00,477,depth,0.0009371773921884596,0.000507585471495986,0.00042959192069247365,0.7918701171875,0.28125,0.01539571862667799
plant_0477,477,00,477,ref,0.0006130689289420843,0.0002980075660161674,0.00031506139202974737,0.7159423828125,0.2296142578125,0.014080672524869442
plant_0481,481,00,481,rgb,0.00098987587261945,0.0004780540184583515,0.0005118218832649291,0.7662353515625,0.3284912109375,0.01534773875027895
plant_0481,481,00,481,depth,0.0007538208737969398,0.0004190817126072943,0.000334739190293476,0.7548828125,0.236083984375,0.014180360361933708
plant_0481,481,00,481,ref,0.0007687503821216524,0.0003205537796020508,0.0004481966025196016,0.708740234375,0.2669677734375,0.014296102337539196
plant_0484,484,00,484,rgb,0.0007880253833718598,0.00030936498660594225,0.00047866039676591754,0.7135009765625,0.2489013671875,0.01370912790298462
plant_0484,484,00,484,depth,0.0009989507962018251,0.0003688845899887383,0.0006300662644207478,0.72509765625,0.2855224609375,0.014310657978057861
plant_0484,484,00,484,ref,0.0006401161663234234,0.00026567839086055756,0.00037443777546286583,0.6942138671875,0.224365234375,0.013484466820955276
plant_0490,490,00,490,rgb,0.0006805052980780602,0.00033725929097272456,0.00034324597800150514,0.714111328125,0.1962890625,0.013522094115614891
plant_0490,490,00,490,depth,0.0005852168542332947,0.0002827537537086755,0.00030246307142078876,0.689453125,0.167724609375,0.013179105706512928
plant_0490,490,00,490,ref,0.0007914244197309017,0.0004112567112315446,0.00038016773760318756,0.7694091796875,0.239501953125,0.014432014897465706
plant_0494,494,00,494,rgb,0.0011682832846418023,0.0005477586528286338,0.0006205246900208294,0.907470703125,0.41796875,0.01851111836731434
plant_0494,494,00,494,depth,0.0012458765413612127,0.0005402585375122726,0.000705618062056601,0.89453125,0.4412841796875,0.01885741762816906
plant_0494,494,00,494,ref,0.0011263822671025991,0.0005137909902259707,0.0006125912768766284,0.9130859375,0.5103759765625,0.020242827013134956
plant_0496,496,00,496,rgb,0.002013314049690962,0.0014108390314504504,0.0006024751346558332,0.898193359375,0.4771728515625,0.019504530355334282
plant_0496,496,00,496,depth,0.002155570313334465,0.0014455432537943125,0.0007100271177478135,0.8974609375,0.4813232421875,0.019572099670767784
plant_0496,496,00,496,ref,0.0012449888745322824,0.0007933210581541061,0.0004516678163781762,0.8662109375,0.385986328125,0.017563438042998314
plant_0512,512,00,512,rgb,0.003440829459577799,0.0013033453142270446,0.0021374840289354324,0.92431640625,0.6407470703125,0.025815997272729874
plant_0512,512,00,512,depth,0.0033852183260023594,0.0014111445052549243,0.001974073937162757,0.9251708984375,0.677734375,0.027873685583472252
plant_0512,512,00,512,ref,0.002207414712756872,0.0008263203781098127,0.001381094567477703,0.923828125,0.59326171875,0.02396869659423828
plant_0518,518,00,518,rgb,0.0072357188910245895,0.006005493924021721,0.0012302249670028687,0.9373779296875,0.6119384765625,0.02266542799770832
plant_0518,518,00,518,depth,0.008926713839173317,0.007606644183397293,0.0013200691901147366,0.9530029296875,0.6817626953125,0.024731427431106567
plant_0518,518,00,518,ref,0.002059382852166891,0.0014412893215194345,0.0006180936470627785,0.870361328125,0.404541015625,0.01768232323229313
plant_0519,519,00,519,rgb,0.012371089309453964,0.0031707182060927153,0.009200370870530605,0.967041015625,0.8380126953125,0.058699313551187515
plant_0519,519,00,519,depth,0.0007359416922554374,0.00035224141902290285,0.00038370027323253453,0.760986328125,0.2294921875,0.014499829150736332
plant_0519,519,00,519,ref,0.0006002829177305102,0.00026609303313307464,0.0003341898845974356,0.722412109375,0.211181640625,0.01351295504719019
plant_0520,520,00,520,rgb,0.0019389369990676641,0.000883434375282377,0.0010555025655776262,0.916015625,0.58251953125,0.022361699491739273
plant_0520,520,00,520,depth,0.0016633733175694942,0.0008856910280883312,0.0007776823476888239,0.90380859375,0.5360107421875,0.020907800644636154
plant_0520,520,00,520,ref,0.0016420468455180526,0.0008566437172703445,0.0007854031282477081,0.9014892578125,0.5467529296875,0.021281970664858818
plant_0526,526,00,526,rgb,0.003856250550597906,0.0019268444739282131,0.001929406076669693,0.929931640625,0.663818359375,0.026842275634407997
plant_0526,526,00,526,depth,0.0028488971292972565,0.0014632295351475477,0.0013856677105650306,0.9271240234375,0.6630859375,0.025797776877880096
plant_0526,526,00,526,ref,0.001673116348683834,0.0009269394213333726,0.0007461769273504615,0.8948974609375,0.560791015625,0.0217423178255558
plant_0531,531,00,531,rgb,0.0015694405883550644,0.0007741028675809503,0.000795337778981775,0.855224609375,0.371826171875,0.017247866839170456
plant_0531,531,00,531,depth,0.0015708962455391884,0.0006941369501873851,0.0008767592953518033,0.8504638671875,0.3653564453125,0.017084019258618355
plant_0531,531,00,531,ref,0.0013296841643750668,0.0006974160205572844,0.0006322682020254433,0.869384765625,0.3773193359375,0.017227288335561752
plant_0534,534,00,534,rgb,0.000547182047739625,0.00027152735856361687,0.00027565466007217765,0.7191162109375,0.174560546875,0.012913447804749012
plant_0534,534,00,534,depth,0.0005597955314442515,0.00028066904633305967,0.00027912642690353096,0.724609375,0.1712646484375,0.013232783414423466
plant_0534,534,00,534,ref,0.0007103346870280802,0.00024207268143072724,0.000468262005597353,0.731201171875,0.22998046875,0.013497837819159031
plant_0535,535,00,535,rgb,0.000911030569113791,0.0004829226527363062,0.00042810788727365434,0.7496337890625,0.2587890625,0.01479202788323164
plant_0535,535,00,535,depth,0.0008341671782545745,0.000452882784884423,0.0003812843933701515,0.72802734375,0.2275390625,0.014179375022649765
plant_0535,535,00,535,ref,0.0006236208137124777,0.00029922378598712385,0.00032439702772535384,0.7261962890625,0.2030029296875,0.013766027987003326
plant_0551,551,00,551,rgb,0.002287937793880701,0.0010816899593919516,0.0012062480673193932,0.880859375,0.4788818359375,0.019344227388501167
plant_0551,551,00,551,depth,0.00186191126704216,0.0008110400522127748,0.001050871331244707,0.8753662109375,0.50439453125,0.020154548808932304
plant_0551,551,00,551,ref,0.0007132856990210712,0.00032909243600443006,0.00038419326301664114,0.8023681640625,0.2696533203125,0.015099635347723961
plant_0557,557,00,557,rgb,0.0018395475344732404,0.0013520620996132493,0.0004874854348599911,0.8701171875,0.36083984375,0.017450302839279175
plant_0557,557,00,557,depth,0.0022946461103856564,0.0016217302763834596,0.0006729158922098577,0.888671875,0.458740234375,0.019177841022610664
plant_0557,557,00,557,ref,0.0006498932489193976,0.00038788479287177324,0.00026200851425528526,0.7596435546875,0.145751953125,0.01360714714974165
plant_0563,563,00,563,rgb,0.002630030270665884,0.0013722495641559362,0.0012577808229252696,0.88134765625,0.48583984375,0.019547343254089355
plant_0563,563,00,563,depth,0.002876002574339509,0.0014442955143749714,0.0014317069435492158,0.9091796875,0.5784912109375,0.022470153868198395
plant_0563,563,00,563,ref,0.0006667256820946932,0.0003236373304389417,0.0003430883807595819,0.751220703125,0.219482421875,0.013480455614626408
plant_0566,566,00,566,rgb,0.0007744826725684106,0.000461740477476269,0.00031274225329980254,0.7728271484375,0.235107421875,0.01437963917851448
plant_0566,566,00,566,depth,0.0008703105850145221,0.0005184726323932409,0.00035183789441362023,0.773681640625,0.27001953125,0.01512729562819004
plant_0566,566,00,566,ref,0.0015432647196576,0.00048723138752393425,0.0010560333030298352,0.7904052734375,0.4912109375,0.01962858811020851
plant_0569,569,00,569,rgb,0.002160219009965658,0.001149486401118338,0.00101073260884732,0.8865966796875,0.4605712890625,0.01901289075613022
plant_0569,569,00,569,depth,0.0018815796356648207,0.0011029763845726848,0.0007786033092997968,0.8699951171875,0.430419921875,0.018138980492949486
plant_0569,569,00,569,ref,0.0014863037504255772,0.0006179469637572765,0.0008683567866683006,0.8123779296875,0.44140625,0.017936529591679573
plant_0570,570,00,570,rgb,0.0007168455049395561,0.00038952272734604776,0.00032732277759350836,0.76953125,0.22900390625,0.014499609358608723
plant_0570,570,00,570,depth,0.0009565847576595843,0.0005598820862360299,0.0003967026714235544,0.8223876953125,0.337158203125,0.016425002366304398
plant_0570,570,00,570,ref,0.0009814518271014094,0.00047222257126122713,0.0005092292558401823,0.792724609375,0.3175048828125,0.015689224004745483
plant_0572,572,00,572,rgb,0.0016363237518817186,0.0011080290423706174,0.0005282947677187622,0.83251953125,0.384521484375,0.017456647008657455
plant_0572,572,00,572,depth,0.0016471570124849677,0.0011458747321739793,0.0005012822221033275,0.833251953125,0.405517578125,0.017813075333833694
plant_0572,572,00,572,ref,0.0015908904606476426,0.0009423998999409378,0.0006484905607067049,0.7889404296875,0.4154052734375,0.017228474840521812
plant_0576,576,00,576,rgb,0.0014215761329978704,0.0009045223705470562,0.0005170537042431533,0.837890625,0.371337890625,0.016960736364126205
plant_0576,576,00,576,depth,0.0016251333290711045,0.0010342153254896402,0.0005909181199967861,0.8310546875,0.3497314453125,0.01645852066576481
plant_0576,576,00,576,ref,0.0010241358540952206,0.0005826540873385966,0.0004414817376527935,0.841796875,0.33154296875,0.016659559682011604
plant_0579,579,00,579,rgb,0.001095083891414106,0.000595075252931565,0.0005000086384825408,0.8441162109375,0.3492431640625,0.016909994184970856
plant_0579,579,00,579,depth,0.0006777982925996184,0.00038700466393493116,0.0002907935995608568,0.79150390625,0.2078857421875,0.014909345656633377
plant_0579,579,00,579,ref,0.0010215351358056068,0.0005422952235676348,0.00047923997044563293,0.843994140625,0.368896484375,0.017031289637088776
plant_0580,580,00,580,rgb,0.0014660884626209736,0.0008910177275538445,0.0005750707350671291,0.858642578125,0.455078125,0.01900569535791874
plant_0580,580,00,580,depth,0.0015880370046943426,0.00087820301996544,0.0007098339265212417,0.8765869140625,0.452392578125,0.018739983439445496
plant_0580,580,00,580,ref,0.0014760901685804129,0.0007806489011272788,0.000695441325660795,0.85986328125,0.4200439453125,0.01798689179122448
plant_0586,586,00,586,rgb,0.0027231473941355944,0.002133654896169901,0.0005894925561733544,0.883544921875,0.4847412109375,0.01958545483648777
plant_0586,586,00,586,depth,0.0028739459812641144,0.0022724743466824293,0.0006014717509970069,0.88525390625,0.490478515625,0.019782479852437973
plant_0586,586,00,586,ref,0.0009149505640380085,0.0005636364221572876,0.0003513141127768904,0.7877197265625,0.2398681640625,0.01473041158169508
plant_0599,599,00,599,rgb,0.002109881490468979,0.0013961754739284515,0.0007137057837098837,0.8419189453125,0.39697265625,0.017523106187582016
plant_0599,599,00,599,depth,0.0027219108305871487,0.0018115387065336108,0.0009103721822611988,0.8702392578125,0.489990234375,0.01964598335325718
plant_0599,599,00,599,ref,0.001107753487303853,0.000619222060777247,0.0004885313683189452,0.8177490234375,0.34716796875,0.01615494303405285
plant_0601,601,00,601,rgb,0.0006742088589817286,0.00030331825837492943,0.0003708906006067991,0.7900390625,0.271728515625,0.0149590028449893
plant_0601,601,00,601,depth,0.0006317503866739571,0.00028293600189499557,0.00034881438477896154,0.7730712890625,0.234130859375,0.014408189803361893
plant_0601,601,00,601,ref,0.0005288042011670768,0.00021689600544050336,0.00031190819572657347,0.757080078125,0.20703125,0.013898280449211597
plant_0609,609,00,609,rgb,0.003034920897334814,0.0017291740514338017,0.0013057468459010124,0.9324951171875,0.6112060546875,0.02331933192908764
plant_0609,609,00,609,depth,0.0030077164992690086,0.001646407414227724,0.0013613089686259627,0.9207763671875,0.579833984375,0.02286144159734249
plant_0609,609,00,609,ref,0.001006851438432932,0.00044782954500988126,0.0005590219516307116,0.77392578125,0.375732421875,0.016858020797371864
plant_0613,613,00,613,rgb,0.0017955915536731482,0.0008445060811936855,0.0009510855306871235,0.8646240234375,0.4903564453125,0.019668811932206154
plant_0613,613,00,613,depth,0.0016765776090323925,0.000847686780616641,0.0008288908284157515,0.8685302734375,0.5062255859375,0.020196450874209404
plant_0613,613,00,613,ref,0.0011276169680058956,0.000599957478698343,0.0005276596057228744,0.857177734375,0.3973388671875,0.017660239711403847
plant_0617,617,00,617,rgb,0.0016150575829669833,0.000910698960069567,0.0007043586228974164,0.82275390625,0.43798828125,0.01818465255200863
plant_0617,617,00,617,depth,0.003422397654503584,0.0020951011683791876,0.0013272966025397182,0.9002685546875,0.6416015625,0.025629688054323196
plant_0617,617,00,617,ref,0.0020027244463562965,0.0006172088906168938,0.0013855156721547246,0.7806396484375,0.44775390625,0.018005304038524628
plant_0633,633,00,633,rgb,0.0009787390008568764,0.00055162567878142,0.0004271133220754564,0.8140869140625,0.29931640625,0.016021426767110825
plant_0633,633,00,633,depth,0.0009989715181291103,0.00058274797629565,0.0004162235127296299,0.8182373046875,0.2772216796875,0.015626555308699608
plant_0633,633,00,633,ref,0.0006452344823628664,0.00033778997021727264,0.0003074445412494242,0.7353515625,0.2120361328125,0.014023520052433014
plant_0648,648,00,648,rgb,0.0005662789917550981,0.00032130410545505583,0.00024497488630004227,0.694091796875,0.1544189453125,0.013028264977037907
plant_0648,648,00,648,depth,0.0005145449540577829,0.000287707633106038,0.00022683730639982969,0.6790771484375,0.1363525390625,0.01259318832308054
plant_0648,648,00,648,ref,0.0006258366629481316,0.0003035801637452096,0.00032225652830675244,0.6368408203125,0.2130126953125,0.012802479788661003
plant_0652,652,00,652,rgb,0.0017100225668400526,0.0010859441244974732,0.0006240783841349185,0.87548828125,0.4957275390625,0.019869256764650345
plant_0652,652,00,652,depth,0.0009479067521169782,0.0005741548375226557,0.000373751885490492,0.816650390625,0.291748046875,0.015982944518327713
plant_0652,652,00,652,ref,0.0008214757544919848,0.0003833938972093165,0.0004380818863864988,0.7657470703125,0.2667236328125,0.01505665946751833
plant_0661,661,00,661,rgb,0.0007199370302259922,0.0003532544360496104,0.0003666825941763818,0.8079833984375,0.2745361328125,0.015477743931114674
plant_0661,661,00,661,depth,0.0007725090836174786,0.00038369809044525027,0.00038881099317222834,0.8304443359375,0.317138671875,0.016005979850888252
plant_0661,661,00,661,ref,0.0006119799800217152,0.0002954434312414378,0.00031653654878027737,0.76318359375,0.2314453125,0.014389561489224434
plant_0667,667,00,667,rgb,0.0023269709199666977,0.0016590020386502147,0.0006679687649011612,0.899658203125,0.47802734375,0.019555892795324326
plant_0667,667,00,667,depth,0.003396217245608568,0.0025830003432929516,0.0008132169605232775,0.93017578125,0.5875244140625,0.022127985954284668
plant_0667,667,00,667,ref,0.0014486291911453009,0.0008612535893917084,0.0005873756017535925,0.8924560546875,0.475341796875,0.019483331590890884
plant_0671,671,00,671,rgb,0.0008041189284995198,0.0003754198260139674,0.00042869910248555243,0.7823486328125,0.2890625,0.015147693455219269
plant_0671,671,00,671,depth,0.0010193660855293274,0.0005119682173244655,0.0005073979264125228,0.847412109375,0.3616943359375,0.017101436853408813
plant_0671,671,00,671,ref,0.002126281149685383,0.0009891116060316563,0.0011371695436537266,0.8946533203125,0.5894775390625,0.02324371039867401
plant_0674,674,00,674,rgb,0.0028498603496700525,0.0016265277517959476,0.0012233324814587831,0.9215087890625,0.6385498046875,0.025831198319792747
plant_0674,674,00,674,depth,0.0025528084952384233,0.0016064172377809882,0.0009463911992497742,0.924560546875,0.6131591796875,0.02365688793361187
plant_0674,674,00,674,ref,0.002800155896693468,0.0018394716316834092,0.0009606843232177198,0.92529296875,0.5870361328125,0.022202154621481895
plant_0683,683,00,683,rgb,0.0015847696922719479,0.0009525450295768678,0.0006322246044874191,0.8858642578125,0.445556640625,0.01877308264374733
plant_0683,683,00,683,depth,0.0011422468814998865,0.0006880521541461349,0.0004541946982499212,0.860595703125,0.361083984375,0.017425427213311195
plant_0683,683,00,683,ref,0.0011810662690550089,0.0007201730040833354,0.0004608932649716735,0.8262939453125,0.2838134765625,0.01585148274898529
plant_0684,684,00,684,rgb,0.0012377153616398573,0.0006721008685417473,0.000565614434890449,0.73583984375,0.3487548828125,0.01557278260588646
plant_0684,684,00,684,depth,0.0014005068223923445,0.0007111760205589235,0.0006893307436257601,0.7119140625,0.3428955078125,0.01502749789506197
plant_0684,684,00,684,ref,0.0005962225841358304,0.00028597385971806943,0.0003102487535215914,0.5377197265625,0.18115234375,0.010774183087050915
plant_0689,689,00,689,rgb,0.0013496746541932225,0.0005114749073982239,0.0008381998050026596,0.874267578125,0.53076171875,0.02078285999596119
plant_0689,689,00,689,depth,0.0015773295890539885,0.0005635371198877692,0.0010137924691662192,0.885498046875,0.5599365234375,0.022137882187962532
plant_0689,689,00,689,ref,0.0013065154198557138,0.00047317054122686386,0.0008333448204211891,0.8187255859375,0.50390625,0.02010151371359825
plant_0695,695,00,695,rgb,0.0007179522654041648,0.0003873744572047144,0.00033057789551094174,0.7796630859375,0.233642578125,0.014433181844651699
plant_0695,695,00,695,depth,0.000640144688077271,0.0003660008660517633,0.00027414385112933815,0.74609375,0.18408203125,0.013792179524898529
plant_0695,695,00,695,ref,0.0004892474389635026,0.00025036101578734815,0.0002388864231761545,0.7188720703125,0.1495361328125,0.013207816518843174
plant_0698,698,00,698,rgb,0.0010542582022026181,0.0003620203642640263,0.0006922378088347614,0.82080078125,0.4085693359375,0.01715371571481228
plant_0698,698,00,698,depth,0.0010448312386870384,0.00041878645424731076,0.0006260447553358972,0.8355712890625,0.41845703125,0.01769465208053589
plant_0698,698,00,698,ref,0.0006164227379485965,0.00029495786293409765,0.00032146487501449883,0.7716064453125,0.22900390625,0.014486070722341537
plant_0699,699,00,699,rgb,0.0009952785912901163,0.0005298059550113976,0.0004654726944863796,0.8011474609375,0.3131103515625,0.015671342611312866
plant_0699,699,00,699,depth,0.0014820131473243237,0.0007290118956007063,0.0007530012517236173,0.8367919921875,0.474853515625,0.01892877370119095
plant_0699,699,00,699,ref,0.0006546839140355587,0.00029279556474648416,0.0003618883201852441,0.7509765625,0.2513427734375,0.01433477457612753
plant_0703,703,00,703,rgb,0.0020649076905101538,0.0012890093494206667,0.0007758982828818262,0.895263671875,0.580078125,0.022852491587400436
plant_0703,703,00,703,depth,0.0019393018446862698,0.001203868305310607,0.0007354334811680019,0.887939453125,0.53125,0.021082865074276924
plant_0703,703,00,703,ref,0.0008082023705355823,0.0003944859199691564,0.0004137164505664259,0.779296875,0.3021240234375,0.015160453505814075
plant_0716,716,00,716,rgb,0.0010435322765260935,0.000479348556837067,0.0005641836323775351,0.75830078125,0.31640625,0.014861959964036942
plant_0716,716,00,716,depth,0.000961198122240603,0.0004752129316329956,0.00048598519060760736,0.7489013671875,0.3182373046875,0.014751956798136234
plant_0716,716,00,716,ref,0.0012327241711318493,0.000575101061258465,0.0006576230516657233,0.8228759765625,0.384033203125,0.016888651996850967
plant_0722,722,00,722,rgb,0.0007912709843367338,0.00039701530477032065,0.0003942557086702436,0.8126220703125,0.260986328125,0.015116130001842976
plant_0722,722,00,722,depth,0.0009145983494818211,0.0005190307274460793,0.00039556759293191135,0.83544921875,0.2647705078125,0.015398272313177586
plant_0722,722,00,722,ref,0.0007687329780310392,0.0003538483870215714,0.0004148845619056374,0.8121337890625,0.315185546875,0.016219154000282288
plant_0726,726,00,726,rgb,0.0016063791699707508,0.0012178466422483325,0.00038853235309943557,0.8201904296875,0.336669921875,0.016261376440525055
plant_0726,726,00,726,depth,0.0018762815743684769,0.0013442933559417725,0.0005319881602190435,0.86962890625,0.4337158203125,0.0183960422873497
plant_0726,726,00,726,ref,0.0012555373832583427,0.0005655085551552474,0.0006900287698954344,0.8409423828125,0.4542236328125,0.018920360133051872
plant_0731,731,00,731,rgb,0.0011031206231564283,0.0005749676492996514,0.000528152915649116,0.8330078125,0.373291015625,0.017089353874325752
plant_0731,731,00,731,depth,0.0010817406000569463,0.0005186343914829195,0.0005631061503663659,0.8267822265625,0.3603515625,0.016790902242064476
plant_0731,731,00,731,ref,0.0004614029894582927,0.0002281691849930212,0.00023323380446527153,0.64013671875,0.1595458984375,0.012120351195335388
plant_0740,740,00,740,rgb,0.0020291809923946857,0.0008649379597045481,0.0011642432073131204,0.8968505859375,0.58349609375,0.022783145308494568
plant_0740,740,00,740,depth,0.0018566132057458162,0.0008206582278944552,0.001035955036059022,0.8807373046875,0.5301513671875,0.020881768316030502
plant_0740,740,00,740,ref,0.0018563714111223817,0.0008917031809687614,0.0009646682301536202,0.8734130859375,0.5323486328125,0.02089444361627102
plant_0743,743,00,743,rgb,0.0022387250792235136,0.0008832192397676408,0.0013555057812482119,0.8990478515625,0.6260986328125,0.024402081966400146
plant_0743,743,00,743,depth,0.0016881613992154598,0.0007515077595598996,0.0009366535814478993,0.8558349609375,0.4874267578125,0.019638007506728172
plant_0743,743,00,743,ref,0.001489746617153287,0.0006174002774059772,0.0008723463397473097,0.858642578125,0.5057373046875,0.020198652520775795
plant_0745,745,00,745,rgb,0.0010130442678928375,0.0005087143508717418,0.0005043299752287567,0.832763671875,0.337646484375,0.016112515702843666
plant_0745,745,00,745,depth,0.0008341000066138804,0.0004268605844117701,0.0004072394222021103,0.80615234375,0.295654296875,0.01565260998904705
plant_0745,745,00,745,ref,0.0005276474403217435,0.0002715715963859111,0.0002560758439358324,0.719970703125,0.1461181640625,0.013018542900681496
plant_0747,747,00,747,rgb,0.0014889838639646769,0.0007073383894748986,0.0007816454744897783,0.8583984375,0.3895263671875,0.017273763194680214
plant_0747,747,00,747,depth,0.0015294818440452218,0.0007565258420072496,0.0007729559438303113,0.877197265625,0.4161376953125,0.01809678040444851
plant_0747,747,00,747,ref,0.0015038535930216312,0.000759443617425859,0.0007444099173881114,0.8509521484375,0.4005126953125,0.01731833443045616
plant_0754,754,00,754,rgb,0.0007966032717376947,0.00028151311562396586,0.0005150901852175593,0.7977294921875,0.3443603515625,0.015878792852163315
plant_0754,754,00,754,depth,0.0008331452263519168,0.000332278577843681,0.0005008666776120663,0.794677734375,0.3455810546875,0.01592661626636982
plant_0754,754,00,754,ref,0.0008823431562632322,0.00041837437311187387,0.0004639688122551888,0.774169921875,0.349365234375,0.01600896753370762
plant_0759,759,00,759,rgb,0.0028070113621652126,0.0017751367995515466,0.001031874562613666,0.9010009765625,0.591796875,0.022514265030622482
plant_0759,759,00,759,depth,0.003444480709731579,0.0019799114670604467,0.001464569242671132,0.9173583984375,0.648193359375,0.0254206620156765
plant_0759,759,00,759,ref,0.0011994180968031287,0.0006840997375547886,0.000515318417456001,0.8101806640625,0.3785400390625,0.01698003150522709
plant_0765,765,00,765,rgb,0.0014366440009325743,0.0008632591925561428,0.0005733847501687706,0.8106689453125,0.4473876953125,0.018522536382079124
plant_0765,765,00,765,depth,0.00428705383092165,0.00218773540109396,0.0020993181969970465,0.9185791015625,0.7442626953125,0.031075958162546158
plant_0765,765,00,765,ref,0.0010175807401537895,0.0004296396509744227,0.0005879410309717059,0.6937255859375,0.3978271484375,0.016457365825772285
plant_0766,766,00,766,rgb,0.0008521347772330046,0.00033067248295992613,0.0005214622942730784,0.7979736328125,0.316650390625,0.015544338151812553
plant_0766,766,00,766,depth,0.0008584486786276102,0.0003481429594103247,0.000510305748321116,0.786376953125,0.2916259765625,0.014896395616233349
plant_0766,766,00,766,ref,0.0007068238919600844,0.0002370430447626859,0.00046978084719739854,0.749755859375,0.269287109375,0.014806575141847134
plant_0768,768,00,768,rgb,0.0020421675872057676,0.0014435192570090294,0.0005986483884043992,0.9033203125,0.462890625,0.019184261560440063
plant_0768,768,00,768,depth,0.0012681661173701286,0.0007235712837427855,0.0005445948918350041,0.8896484375,0.4393310546875,0.01879173144698143
plant_0768,768,00,768,ref,0.0015318812802433968,0.0009090714738704264,0.0006228098063729703,0.8662109375,0.425048828125,0.018296660855412483
plant_0778,778,00,778,rgb,0.0008478747913613915,0.00045972049701958895,0.0003881542943418026,0.6895751953125,0.1895751953125,0.013079328462481499
plant_0778,778,00,778,depth,0.001924445852637291,0.000986577826552093,0.0009378680842928588,0.8544921875,0.4403076171875,0.018490208312869072
plant_0778,778,00,778,ref,0.0007779010338708758,0.0003067346988245845,0.0004711664223577827,0.655029296875,0.2435302734375,0.013367528095841408
plant_0784,784,00,784,rgb,0.0017354212468490005,0.0012035876279696822,0.0005318336188793182,0.8836669921875,0.4500732421875,0.018923424184322357
plant_0784,784,00,784,depth,0.0016019558534026146,0.0010962310479953885,0.0005057249218225479,0.878662109375,0.4580078125,0.019039323553442955
plant_0784,784,00,784,ref,0.0013620654353871942,0.0008824223186820745,0.0004796431167051196,0.87060546875,0.462646484375,0.019218578934669495
plant_0796,796,00,796,rgb,0.0033552185632288456,0.0019158413633704185,0.0014393770834431052,0.91650390625,0.59765625,0.024018604308366776
plant_0796,796,00,796,depth,0.00441666878759861,0.0032457662746310234,0.0011709026293829083,0.9200439453125,0.6063232421875,0.023648157715797424
plant_0796,796,00,796,ref,0.0010958450147882104,0.0005676624132320285,0.0005281826597638428,0.8634033203125,0.3670654296875,0.01703200861811638
plant_0811,811,00,811,rgb,0.00115304091013968,0.0005709663964807987,0.0005820745136588812,0.793701171875,0.328125,0.01601278781890869
plant_0811,811,00,811,depth,0.001072410144843161,0.0005127950571477413,0.0005596150876954198,0.7996826171875,0.350341796875,0.016249345615506172
plant_0811,811,00,811,ref,0.0007604563143104315,0.0003733951016329229,0.00038706118357367814,0.6195068359375,0.24072265625,0.012327072210609913
plant_0813,813,00,813,rgb,0.0020731317345052958,0.0015579491155222058,0.000515182560775429,0.814453125,0.3377685546875,0.015962397679686546
plant_0813,813,00,813,depth,0.002293355530127883,0.0017055380158126354,0.0005878174561075866,0.7991943359375,0.3419189453125,0.01584363915026188
plant_0813,813,00,813,ref,0.0020321730989962816,0.0015498449793085456,0.0004823282652068883,0.8477783203125,0.3731689453125,0.016928361728787422
plant_0815,815,00,815,rgb,0.001120388158597052,0.0006780630210414529,0.0004423250793479383,0.85546875,0.3541259765625,0.016955116763710976
plant_0815,815,00,815,depth,0.0013090644497424364,0.0008234608685597777,0.00048560352297499776,0.86376953125,0.3555908203125,0.01693790778517723
plant_0815,815,00,815,ref,0.0016761086881160736,0.0010161363752558827,0.00065997225465253,0.892333984375,0.46533203125,0.019223837181925774
plant_0817,817,00,817,rgb,0.0010193928610533476,0.000465079618152231,0.0005543133011087775,0.8555908203125,0.4061279296875,0.01764419674873352
plant_0817,817,00,817,depth,0.001384383300319314,0.0006193886511027813,0.0007649945910088718,0.8914794921875,0.5267333984375,0.020765718072652817
plant_0817,817,00,817,ref,0.0010722777806222439,0.0005107884644530714,0.0005614893743768334,0.826416015625,0.3936767578125,0.017468951642513275
plant_0824,824,00,824,rgb,0.0014935986837372184,0.0006857811822555959,0.0008078175014816225,0.8486328125,0.4482421875,0.018682343885302544
plant_0824,824,00,824,depth,0.001314695691689849,0.000627477013040334,0.0006872185622341931,0.8482666015625,0.3997802734375,0.01758013479411602
plant_0824,824,00,824,ref,0.0008401882369071245,0.00040038052247837186,0.00043980771442875266,0.752685546875,0.351806640625,0.01590246707201004
plant_0836,836,00,836,rgb,0.0035752656403928995,0.0024708614218980074,0.0011044042184948921,0.94970703125,0.708740234375,0.026764899492263794
plant_0836,836,00,836,depth,0.0017045536078512669,0.000840356049593538,0.0008641976746730506,0.9036865234375,0.5830078125,0.02256586402654648
plant_0836,836,00,836,ref,0.001238532131537795,0.00038330815732479095,0.0008552239742130041,0.7708740234375,0.304931640625,0.015247127041220665
plant_0839,839,00,839,rgb,0.0013180109672248363,0.0004002827045042068,0.0009177284082397819,0.90283203125,0.5087890625,0.020241325721144676
plant_0839,839,00,839,depth,0.001445253030396998,0.0004612069751601666,0.0009840460261330009,0.88623046875,0.4970703125,0.019932525232434273
plant_0839,839,00,839,ref,0.0011334373848512769,0.0003502767067402601,0.0007831607363186777,0.8472900390625,0.41015625,0.017887422814965248
plant_0852,852,00,852,rgb,0.0011143040610477328,0.00042668491369113326,0.0006876191473565996,0.886474609375,0.4715576171875,0.019357483834028244
plant_0852,852,00,852,depth,0.0021201905328780413,0.0009146656957454979,0.0012055248953402042,0.9127197265625,0.5596923828125,0.022077500820159912
plant_0852,852,00,852,ref,0.0009559763129800558,0.0003907574573531747,0.0005652188556268811,0.83984375,0.4141845703125,0.017899923026561737
plant_0858,858,00,858,rgb,0.0017530203331261873,0.0008293904829770327,0.0009236298501491547,0.874267578125,0.4425048828125,0.018619894981384277
plant_0858,858,00,858,depth,0.001484614796936512,0.0008050347678363323,0.0006795800291001797,0.87451171875,0.41015625,0.018025625497102737
plant_0858,858,00,858,ref,0.0026198639534413815,0.0014625901822000742,0.0011572734219953418,0.9149169921875,0.6351318359375,0.02485174499452114
plant_0880,880,00,880,rgb,0.00172645621933043,0.0008908467134460807,0.0008356095058843493,0.8836669921875,0.4603271484375,0.019000526517629623
plant_0880,880,00,880,depth,0.0014522748533636332,0.0008545189048163593,0.000597755890339613,0.8594970703125,0.380126953125,0.017477858811616898
plant_0880,880,00,880,ref,0.0010169758461415768,0.0003967834054492414,0.0006201924988999963,0.83837890625,0.345703125,0.01678728684782982
plant_0881,881,00,881,rgb,0.003231643233448267,0.0025487286038696766,0.0006829147459939122,0.8828125,0.5135498046875,0.020382672548294067
plant_0881,881,00,881,depth,0.0034111503046005964,0.0027488984633237123,0.0006622517830692232,0.90625,0.5069580078125,0.020181339234113693
plant_0881,881,00,881,ref,0.003397866617888212,0.0026771449483931065,0.0007207215530797839,0.89306640625,0.5208740234375,0.02074408531188965
plant_0882,882,00,882,rgb,0.0008169109933078289,0.00041750638047233224,0.0003994045837316662,0.8057861328125,0.265380859375,0.015167128294706345
plant_0882,882,00,882,depth,0.0014895806089043617,0.0007894660229794681,0.0007001146441325545,0.8509521484375,0.4417724609375,0.018307780846953392
plant_0882,882,00,882,ref,0.0006916653946973383,0.0003126939118374139,0.0003789715119637549,0.72802734375,0.2763671875,0.014322860166430473
plant_0884,884,00,884,rgb,0.001882986631244421,0.0009143027127720416,0.0009686839766800404,0.90576171875,0.5338134765625,0.021053947508335114
plant_0884,884,00,884,depth,0.0018425083253532648,0.0008505111909471452,0.0009919971926137805,0.9073486328125,0.5469970703125,0.0213786568492651
plant_0884,884,00,884,ref,0.0012082105968147516,0.0006418321863748133,0.0005663784104399383,0.8436279296875,0.3846435546875,0.016991782933473587
plant_0891,891,00,891,rgb,0.0031233634799718857,0.0023023919202387333,0.0008209714433178306,0.9063720703125,0.492431640625,0.019761979579925537
plant_0891,891,00,891,depth,0.0028014187701046467,0.0020027763675898314,0.0007986422860994935,0.9234619140625,0.5054931640625,0.02015581913292408
plant_0891,891,00,891,ref,0.0014278622111305594,0.0006418156553991139,0.0007860465557314456,0.8765869140625,0.4739990234375,0.019264167174696922
plant_0895,895,00,895,rgb,0.0014968371251598,0.0009259971557185054,0.0005708399694412947,0.7847900390625,0.287353515625,0.01474151574075222
plant_0895,895,00,895,depth,0.0011427691206336021,0.00047789860400371253,0.0006648704875260592,0.7852783203125,0.33984375,0.01521751657128334
plant_0895,895,00,895,ref,0.0014620814472436905,0.0008302307105623186,0.000631850678473711,0.8931884765625,0.45703125,0.01900787092745304
plant_0896,896,00,896,rgb,0.0006070838426239789,0.0003051590465474874,0.0003019247960764915,0.6240234375,0.181640625,0.011952669359743595
plant_0896,896,00,896,depth,0.0004893246805295348,0.00024472858058288693,0.0002445960999466479,0.58984375,0.153076171875,0.011367471888661385
plant_0896,896,00,896,ref,0.001191206043586135,0.00046832437510602176,0.0007228815811686218,0.6822509765625,0.3782958984375,0.01562884822487831
plant_0898,898,00,898,rgb,0.0008401756640523672,0.0004179871757514775,0.00042218848830088973,0.7896728515625,0.27099609375,0.014878854155540466
plant_0898,898,00,898,depth,0.0009786863811314106,0.0004728971398435533,0.0005057892994955182,0.806396484375,0.3505859375,0.016265474259853363
plant_0898,898,00,898,ref,0.0006679477519355714,0.00031548927654512227,0.00035245847539044917,0.729736328125,0.2547607421875,0.014293890446424484
plant_0899,899,00,899,rgb,0.004900414030998945,0.0033307962585240602,0.001569617772474885,0.8665771484375,0.4613037109375,0.018818775191903114
plant_0899,899,00,899,depth,0.0023842910304665565,0.0014173327945172787,0.0009669583523645997,0.8358154296875,0.387939453125,0.01724981889128685
plant_0899,899,00,899,ref,0.002035975456237793,0.00109827087726444,0.0009377046953886747,0.8656005859375,0.4266357421875,0.018262194469571114
plant_0907,907,00,907,rgb,0.0006206033285707235,0.00027948504430241883,0.0003411182842683047,0.7764892578125,0.254150390625,0.014692743308842182
plant_0907,907,00,907,depth,0.00046875630505383015,0.0002232488914160058,0.0002455074281897396,0.7132568359375,0.1551513671875,0.013019436970353127
plant_0907,907,00,907,ref,0.0005598247516900301,0.0002420320815872401,0.0003177926118951291,0.727783203125,0.1903076171875,0.01339383702725172
plant_0912,912,00,912,rgb,0.003761051222681999,0.002046958077698946,0.0017140933778136969,0.902587890625,0.6082763671875,0.02556142397224903
plant_0912,912,00,912,depth,0.004681769292801619,0.0023441859520971775,0.0023375835735350847,0.9090576171875,0.6595458984375,0.030320310965180397
plant_0912,912,00,912,ref,0.0007796154823154211,0.00035432190634310246,0.0004252935468684882,0.6790771484375,0.27783203125,0.013477749191224575
plant_0926,926,00,926,rgb,0.002108682179823518,0.0016152148600667715,0.0004934672615490854,0.7974853515625,0.3701171875,0.016642270609736443
plant_0926,926,00,926,depth,0.0017332849092781544,0.0013764963950961828,0.000356788543285802,0.758056640625,0.2587890625,0.014514898881316185
plant_0926,926,00,926,ref,0.002389600034803152,0.0011832623276859522,0.0012063377071172,0.8902587890625,0.547119140625,0.02181951142847538
plant_0940,940,00,940,rgb,0.0017899471567943692,0.0006194524466991425,0.0011704947100952268,0.9117431640625,0.6427001953125,0.02520851418375969
plant_0940,940,00,940,depth,0.001413323450833559,0.000539295026101172,0.000874028482940048,0.8961181640625,0.5634765625,0.022172098979353905
plant_0940,940,00,940,ref,0.0005733711295761168,0.00025562409427948296,0.00031774703529663384,0.7384033203125,0.257568359375,0.014857836067676544
plant_0945,945,00,945,rgb,0.0012987353838980198,0.000723371165804565,0.0005753642763011158,0.837646484375,0.3450927734375,0.016355028375983238
plant_0945,945,00,945,depth,0.0013470789417624474,0.0007135020568966866,0.0006335767102427781,0.8382568359375,0.3511962890625,0.01660720258951187
plant_0945,945,00,945,ref,0.0007601282559335232,0.0003334682551212609,0.0004266600008122623,0.7337646484375,0.248046875,0.014083301648497581
plant_0946,946,00,946,rgb,0.0009084186749532819,0.000576961669139564,0.00033145700581371784,0.6632080078125,0.190185546875,0.012438596226274967
plant_0946,946,00,946,depth,0.0011002151295542717,0.0007077037589624524,0.00039251139969564974,0.7093505859375,0.2135009765625,0.013454578816890717
plant_0946,946,00,946,ref,0.0008156257681548595,0.0004519647336564958,0.0003636610053945333,0.6697998046875,0.19970703125,0.012574351392686367
plant_0953,953,00,953,rgb,0.0014812246663495898,0.0005899291718378663,0.0008912954945117235,0.8978271484375,0.5628662109375,0.021807506680488586
plant_0953,953,00,953,depth,0.0023701072204858065,0.0008175290422514081,0.0015525781782343984,0.924072265625,0.6898193359375,0.027360133826732635
plant_0953,953,00,953,ref,0.001020690193399787,0.0004196500522084534,0.0006010400829836726,0.8990478515625,0.48291015625,0.019622303545475006
plant_0955,955,00,955,rgb,0.0019037858583033085,0.0011802698718383908,0.0007235159864649177,0.8685302734375,0.5074462890625,0.020165586844086647
plant_0955,955,00,955,depth,0.003482707543298602,0.0018752384930849075,0.0016074692830443382,0.9454345703125,0.74267578125,0.030750906094908714
plant_0955,955,00,955,ref,0.0015751565806567669,0.0010125578846782446,0.0005625986959785223,0.8699951171875,0.4461669921875,0.018899068236351013
plant_0958,958,00,958,rgb,0.0009645490208640695,0.0005256619188003242,0.00043888710206374526,0.796875,0.284912109375,0.01535623986274004
plant_0958,958,00,958,depth,0.0010435623116791248,0.0005587928462773561,0.00048476949450559914,0.811279296875,0.3472900390625,0.016214972361922264
plant_0958,958,00,958,ref,0.0009284657426178455,0.00044706868357025087,0.00048139700083993375,0.79248046875,0.3253173828125,0.015694506466388702
plant_0966,966,00,966,rgb,0.0016245851293206215,0.0009634371963329613,0.0006611479911953211,0.78564453125,0.3280029296875,0.015507870353758335
plant_0966,966,00,966,depth,0.0032242380548268557,0.0024130025412887335,0.0008112354553304613,0.8316650390625,0.408935546875,0.01762036792933941
plant_0966,966,00,966,ref,0.0023339809849858284,0.0014552370412275195,0.0008787438273429871,0.8507080078125,0.377685546875,0.016713477671146393
plant_0977,977,00,977,rgb,0.0007293066009879112,0.00038236836553551257,0.0003469382063485682,0.8031005859375,0.275146484375,0.015582473948597908
plant_0977,977,00,977,depth,0.0006476070266216993,0.00030205841176211834,0.00034554864396341145,0.8062744140625,0.2479248046875,0.015450465492904186
plant_0977,977,00,977,ref,0.0012366333976387978,0.000533836951944977,0.0007027965039014816,0.8768310546875,0.5494384765625,0.021237792447209358
plant_0984,984,00,984,rgb,0.0006130760884843767,0.00031849610968492925,0.0002945799787994474,0.759033203125,0.185546875,0.013953978195786476
plant_0984,984,00,984,depth,0.0005921397241763771,0.0002897247613873333,0.00030241499189287424,0.7637939453125,0.20458984375,0.014023251831531525
plant_0984,984,00,984,ref,0.0012533257249742746,0.0005736799212172627,0.0006796458037570119,0.8690185546875,0.483642578125,0.01940743997693062
plant_0986,986,00,986,rgb,0.0006851974176242948,0.00035897738416679204,0.00032622009166516364,0.7135009765625,0.22021484375,0.013931185938417912
plant_0986,986,00,986,depth,0.0008333254372701049,0.0004313007229939103,0.00040202474338002503,0.77001953125,0.2861328125,0.01526917889714241
plant_0986,986,00,986,ref,0.0009546779911033809,0.0005632295506075025,0.00039144844049587846,0.692626953125,0.2261962890625,0.013098228722810745
plant_0992,992,00,992,rgb,0.0008279661415144801,0.00032445756369270384,0.0005035085487179458,0.69970703125,0.271484375,0.013660888187587261
plant_0992,992,00,992,depth,0.000705293845385313,0.0003382459399290383,0.0003670478763524443,0.6583251953125,0.266845703125,0.012841335497796535
plant_0992,992,00,992,ref,0.0005183660541661084,0.00020946457516402006,0.00030890150810591877,0.686279296875,0.2264404296875,0.013532732613384724
plant_0996,996,00,996,rgb,0.0037905273493379354,0.00300402264110744,0.0007865047664381564,0.93896484375,0.6177978515625,0.02328486181795597
plant_0996,996,00,996,depth,0.00426016841083765,0.0034429430961608887,0.0008172251982614398,0.938720703125,0.5927734375,0.022451408207416534
plant_0996,996,00,996,ref,0.002342032268643379,0.0011580942664295435,0.0011839381186291575,0.8392333984375,0.509765625,0.020573606714606285
plant_10002,10002,00,10002,rgb,0.001138108316808939,0.0004929995047859848,0.0006451088702306151,0.8526611328125,0.41650390625,0.018073884770274162
plant_10002,10002,00,10002,depth,0.0015930451918393373,0.000719945877790451,0.0008730992558412254,0.9010009765625,0.5408935546875,0.021211763843894005
plant_10002,10002,00,10002,ref,0.0007480658241547644,0.000352693343302235,0.00039537245174869895,0.7796630859375,0.3126220703125,0.01574958674609661
plant_10015,10015,00,10015,rgb,0.002310266485437751,0.0014859308721497655,0.0008243355550803244,0.861328125,0.4931640625,0.0198270995169878
plant_10015,10015,00,10015,depth,0.0023613981902599335,0.0015226185787469149,0.0008387796115130186,0.8896484375,0.54345703125,0.021266011521220207
plant_10015,10015,00,10015,ref,0.0006027061026543379,0.00032551161712035537,0.0002771944855339825,0.7220458984375,0.166748046875,0.013301758095622063
plant_1002,1002,00,1002,rgb,0.003238363191485405,0.0025505640078336,0.0006877993000671268,0.8892822265625,0.4520263671875,0.018889112398028374
plant_1002,1002,00,1002,depth,0.0037593261804431677,0.0029892362654209137,0.000770089915022254,0.905517578125,0.6065673828125,0.022645147517323494
plant_1002,1002,00,1002,ref,0.001481471466831863,0.0008561416179873049,0.000625329848844558,0.805908203125,0.3203125,0.015193833969533443
plant_10020,10020,00,10020,rgb,0.0011967970058321953,0.0007283133454620838,0.00046848360216245055,0.8507080078125,0.3857421875,0.017520686611533165
plant_10020,10020,00,10020,depth,0.0019087980035692453,0.001247264794073999,0.0006615332677029073,0.860595703125,0.39892578125,0.017664635553956032
plant_10020,10020,00,10020,ref,0.0006173803703859448,0.0003123767673969269,0.0003050036320928484,0.665771484375,0.2308349609375,0.013558008708059788
plant_10033,10033,00,10033,rgb,0.0007846177322790027,0.00041378146852366626,0.00037083629285916686,0.8216552734375,0.291748046875,0.01597774587571621
plant_10033,10033,00,10033,depth,0.0007995924679562449,0.00044771688408218324,0.0003518755838740617,0.8143310546875,0.276123046875,0.01580623723566532
plant_10033,10033,00,10033,ref,0.0009608667460270226,0.0005623774486593902,0.0003984892973676324,0.8079833984375,0.26416015625,0.015294613316655159
plant_10051,10051,00,10051,rgb,0.0019374015973880887,0.0011311102425679564,0.0008062914712354541,0.8359375,0.4759521484375,0.019210906699299812
plant_10051,10051,00,10051,depth,0.0009915055707097054,0.0005971171776764095,0.0003943884221371263,0.79736328125,0.3221435546875,0.0163798239082098
plant_10051,10051,00,10051,ref,0.0005768780829384923,0.00027999855228699744,0.0002968795015476644,0.7353515625,0.20703125,0.014322858303785324
plant_10060,10060,00,10060,rgb,0.002683543134480715,0.0009517176658846438,0.001731825526803732,0.8839111328125,0.57421875,0.022722113877534866
plant_10060,10060,00,10060,depth,0.0026144026778638363,0.0009345982689410448,0.0016798044089227915,0.8497314453125,0.4769287109375,0.019250204786658287
plant_10060,10060,00,10060,ref,0.001326472731307149,0.0005149454809725285,0.0008115273085422814,0.780517578125,0.424560546875,0.017737964168190956
plant_10064,10064,00,10064,rgb,0.0013009239919483662,0.0008021988905966282,0.0004987251595593989,0.780029296875,0.3331298828125,0.015875879675149918
plant_10064,10064,00,10064,depth,0.0016389434458687901,0.0009390480117872357,0.0006998953758738935,0.82763671875,0.4315185546875,0.01771584153175354
plant_10064,10064,00,10064,ref,0.0009608549298718572,0.0006102871848270297,0.00035056774504482746,0.718017578125,0.2203369140625,0.013678514398634434
plant_10069,10069,00,10069,rgb,0.0029816944152116776,0.0020640031434595585,0.0009176915627904236,0.9019775390625,0.5421142578125,0.02132302336394787
plant_10069,10069,00,10069,depth,0.0034382562153041363,0.0024308667052537203,0.0010073897428810596,0.919677734375,0.617919921875,0.02359076589345932
plant_10069,10069,00,10069,ref,0.0006718311342410743,0.00037698878441005945,0.00029484234983101487,0.69091796875,0.19482421875,0.013140174560248852
plant_1007,1007,00,1007,rgb,0.0009459445136599243,0.0005858609802089632,0.0003600834752433002,0.7197265625,0.2369384765625,0.014041299931704998
plant_1007,1007,00,1007,depth,0.0011483135167509317,0.0007102934177964926,0.00043802004074677825,0.7625732421875,0.2347412109375,0.014679033309221268
plant_1007,1007,00,1007,ref,0.0006949268863536417,0.0003662670496851206,0.00032865983666852117,0.641845703125,0.23583984375,0.012755620293319225
plant_10075,10075,00,10075,rgb,0.001447761431336403,0.0007985936827026308,0.000649167865049094,0.853515625,0.4322509765625,0.018164576962590218
plant_10075,10075,00,10075,depth,0.001120682805776596,0.0006170526030473411,0.0005036302609369159,0.846435546875,0.3553466796875,0.016773708164691925
plant_10075,10075,00,10075,ref,0.0005481488187797368,0.00024001032579690218,0.0003081384929828346,0.62109375,0.1663818359375,0.011561284773051739
plant_10077,10077,00,10077,rgb,0.0008526731980964541,0.00044665802852250636,0.0004060151695739478,0.7974853515625,0.2908935546875,0.015465514734387398
plant_10077,10077,00,10077,depth,0.0010221374686807394,0.0005575660616159439,0.0004645713488571346,0.8446044921875,0.3599853515625,0.016976725310087204
plant_10077,10077,00,10077,ref,0.00107326521538198,0.00046356648090295494,0.0006096987635828555,0.8992919921875,0.468505859375,0.01929728500545025
plant_10079,10079,00,10079,rgb,0.004805787466466427,0.0033086049370467663,0.0014971824130043387,0.938720703125,0.646728515625,0.02484573982656002
plant_10079,10079,00,10079,depth,0.005349081475287676,0.0038375325966626406,0.0015115488786250353,0.945556640625,0.6719970703125,0.025820499286055565
plant_10079,10079,00,10079,ref,0.00354433199390769,0.0022169197909533978,0.0013274120865389705,0.9482421875,0.6932373046875,0.02667790651321411
plant_10083,10083,00,10083,rgb,0.0008099364349618554,0.0004715448012575507,0.00033839166280813515,0.775146484375,0.209716796875,0.01424621045589447
plant_10083,10083,00,10083,depth,0.0008448134758509696,0.0004957193159498274,0.0003490941599011421,0.7869873046875,0.234375,0.014605028554797173
plant_10083,10083,00,10083,ref,0.0021023787558078766,0.001356714405119419,0.0007456642924807966,0.8232421875,0.443359375,0.01849399134516716
plant_10089,10089,00,10089,rgb,0.00095352903008461,0.00043100115726701915,0.0005225278437137604,0.7451171875,0.271240234375,0.01453397423028946
plant_10089,10089,00,10089,depth,0.0021458854898810387,0.0008142966544255614,0.0013315887190401554,0.837890625,0.4261474609375,0.01804036647081375
plant_10089,10089,00,10089,ref,0.0008920561522245407,0.0003251572488807142,0.0005668988451361656,0.7181396484375,0.29150390625,0.014218523167073727
plant_10090,10090,00,10090,rgb,0.00280640902929008,0.0021385338623076677,0.0006678751669824123,0.745849609375,0.4288330078125,0.017423585057258606
plant_10090,10090,00,10090,depth,0.0020173699595034122,0.0014722534688189626,0.0005451163742691278,0.759765625,0.34912109375,0.016149835661053658
plant_10090,10090,00,10090,ref,0.0008630664087831974,0.0004290057404432446,0.0004340606683399528,0.564697265625,0.2679443359375,0.011829275637865067
plant_10091,10091,00,10091,rgb,0.000666082079987973,0.0003782919957302511,0.0002877900842577219,0.7080078125,0.181640625,0.013198445551097393
plant_10091,10091,00,10091,depth,0.0006423445884138346,0.00037253438495099545,0.0002698102034628391,0.70458984375,0.1494140625,0.012987880036234856
plant_10091,10091,00,10091,ref,0.0012019481509923935,0.000504721887409687,0.0006972262635827065,0.7579345703125,0.468994140625,0.018989406526088715
plant_10092,10092,00,10092,rgb,0.0010839297901839018,0.0005650739185512066,0.0005188558716326952,0.793212890625,0.3292236328125,0.015563453547656536
plant_10092,10092,00,10092,depth,0.0011082494165748358,0.0005441677058115602,0.0005640816525556147,0.8187255859375,0.3427734375,0.016277886927127838
plant_10092,10092,00,10092,ref,0.0015611774288117886,0.0006966576911509037,0.0008645196794532239,0.8447265625,0.424072265625,0.017946679145097733
plant_10096,10096,00,10096,rgb,0.0008677802979946136,0.00043339747935533524,0.0004343828186392784,0.765380859375,0.277099609375,0.014351987279951572
plant_10096,10096,00,10096,depth,0.0008076424710452557,0.0004367697692941874,0.00037087270175106823,0.752685546875,0.2657470703125,0.01424720510840416
plant_10096,10096,00,10096,ref,0.0009060942102223635,0.0002943651925306767,0.0006117290467955172,0.7235107421875,0.316162109375,0.014703961089253426
plant_1010,1010,00,1010,rgb,0.0008836633060127497,0.0003763853164855391,0.0005072779022157192,0.8363037109375,0.3583984375,0.016901232302188873
plant_1010,1010,00,1010,depth,0.0010428840760141611,0.00038836357998661697,0.0006545205251313746,0.856689453125,0.4014892578125,0.01780778169631958
plant_1010,1010,00,1010,ref,0.0009735632920637727,0.0003914866247214377,0.000582076667342335,0.852294921875,0.3447265625,0.016768980771303177
plant_10102,10102,00,10102,rgb,0.0013278998667374253,0.0006408205372281373,0.000687079387716949,0.83447265625,0.341796875,0.016639865934848785
plant_10102,10102,00,10102,depth,0.0010995208285748959,0.0005788573180325329,0.000520663452334702,0.8223876953125,0.3201904296875,0.01626281440258026
plant_10102,10102,00,10102,ref,0.0018266162369400263,0.0009733741171658039,0.0008532420615665615,0.92041015625,0.549560546875,0.020993107929825783
plant_10107,10107,00,10107,rgb,0.002470457460731268,0.0016831767279654741,0.0007872808491811156,0.90771484375,0.5224609375,0.020713217556476593
plant_10107,10107,00,10107,depth,0.0021570478565990925,0.001527590211480856,0.0006294577615335584,0.8948974609375,0.4833984375,0.01958153396844864
plant_10107,10107,00,10107,ref,0.0018221258651465178,0.001103606540709734,0.0007185193826444447,0.9169921875,0.5103759765625,0.020216966047883034
plant_10123,10123,00,10123,rgb,0.0007072490407153964,0.00035634232335723937,0.0003509067464619875,0.7974853515625,0.2589111328125,0.015326997265219688
plant_10123,10123,00,10123,depth,0.0006329768802970648,0.00030786660499870777,0.000325110275298357,0.774658203125,0.236328125,0.014789526350796223
plant_10123,10123,00,10123,ref,0.0004765428020618856,0.00019611713651102036,0.00028042568010278046,0.6865234375,0.1968994140625,0.013338214717805386
plant_10132,10132,00,10132,rgb,0.000702430319506675,0.00034921884071081877,0.00035321147879585624,0.7818603515625,0.22412109375,0.01465238630771637
plant_10132,10132,00,10132,depth,0.0006578570464625955,0.00035648050834424794,0.00030137659632600844,0.7373046875,0.1834716796875,0.013577276840806007
plant_10132,10132,00,10132,ref,0.000954668503254652,0.0004027644463349134,0.0005519040860235691,0.762451171875,0.28076171875,0.014781367965042591
plant_10134,10134,00,10134,rgb,0.00233906926587224,0.001579768373630941,0.0007593008340336382,0.79638671875,0.4056396484375,0.017078964039683342
plant_10134,10134,00,10134,depth,0.0014245379716157913,0.0010307809570804238,0.0003937570727430284,0.7337646484375,0.2901611328125,0.014858989045023918
plant_10134,10134,00,10134,ref,0.0017832312732934952,0.0007827580557204783,0.0010004732757806778,0.7447509765625,0.3265380859375,0.014621799811720848
plant_10135,10135,00,10135,rgb,0.0013882466591894627,0.0005416960921138525,0.0008465505670756102,0.8914794921875,0.500732421875,0.020028844475746155
plant_10135,10135,00,10135,depth,0.001195933436974883,0.000469350692583248,0.0007265827734954655,0.880126953125,0.4761962890625,0.019352372735738754
plant_10135,10135,00,10135,ref,0.0006156495655886829,0.00028283894062042236,0.0003328106249682605,0.80126953125,0.2513427734375,0.015225835144519806
plant_10141,10141,00,10141,rgb,0.0016577958595007658,0.0010649519972503185,0.0005928438622504473,0.90966796875,0.4842529296875,0.019640080630779266
plant_10141,10141,00,10141,depth,0.0018839885015040636,0.0012431355426087976,0.0006408529006876051,0.907958984375,0.476318359375,0.019466973841190338
plant_10141,10141,00,10141,ref,0.0014113825745880604,0.0008276418666355312,0.0005837407661601901,0.881103515625,0.46044921875,0.01904270239174366
plant_10147,10147,00,10147,rgb,0.0016284652519971132,0.0009663921082392335,0.0006620731437578797,0.846923828125,0.442138671875,0.0183499027043581
plant_10147,10147,00,10147,depth,0.0017836443148553371,0.0010409269016236067,0.0007427175296470523,0.8458251953125,0.444580078125,0.01837906427681446
plant_10147,10147,00,10147,ref,0.002351890318095684,0.0012948078801855445,0.0010570825543254614,0.91064453125,0.548583984375,0.02155144326388836
plant_10173,10173,00,10173,rgb,0.0009093855042010546,0.00042588188080117106,0.0004835035651922226,0.8155517578125,0.3184814453125,0.016006311401724815
plant_10173,10173,00,10173,depth,0.0011726433876901865,0.0005024746060371399,0.0006701687816530466,0.860107421875,0.4395751953125,0.01846887171268463
plant_10173,10173,00,10173,ref,0.0011883046245202422,0.0005096715758554637,0.0006786330486647785,0.802490234375,0.332275390625,0.01604621671140194
plant_10179,10179,00,10179,rgb,0.0011587669141590595,0.0005478606908582151,0.0006109062815085053,0.81591796875,0.4267578125,0.01791245862841606
plant_10179,10179,00,10179,depth,0.000783834548201412,0.00038970797322690487,0.0003941265749745071,0.7442626953125,0.289794921875,0.014752932824194431
plant_10179,10179,00,10179,ref,0.0007912986911833286,0.0003656606422737241,0.000425638078013435,0.7559814453125,0.3389892578125,0.01592208258807659
plant_10180,10180,00,10180,rgb,0.0017252271063625813,0.0007752629462629557,0.0009499641600996256,0.861083984375,0.4874267578125,0.019655346870422363
plant_10180,10180,00,10180,depth,0.002152293687686324,0.000917943543754518,0.001234350260347128,0.8818359375,0.530029296875,0.02078278921544552
plant_10180,10180,00,10180,ref,0.0009238281054422259,0.00043219918734394014,0.0004916288889944553,0.77685546875,0.369873046875,0.016608411446213722
plant_10201,10201,00,10201,rgb,0.0006969853420741856,0.00038478017086163163,0.000312205171212554,0.727783203125,0.18505859375,0.013626809231936932
plant_10201,10201,00,10201,depth,0.0008304428192786872,0.0004868252435699105,0.0003436175757087767,0.732421875,0.196044921875,0.013676133006811142
plant_10201,10201,00,10201,ref,0.0007477509789168835,0.00035610568011179566,0.00039164526970125735,0.6856689453125,0.1900634765625,0.013029123656451702
plant_10210,10210,00,10210,rgb,0.004915722645819187,0.0037433579564094543,0.0011723648058250546,0.9154052734375,0.679931640625,0.02610536850988865
plant_10210,10210,00,10210,depth,0.005966252647340298,0.004040260799229145,0.0019259919645264745,0.9403076171875,0.7945556640625,0.032512977719306946
plant_10210,10210,00,10210,ref,0.0018145195208489895,0.0011524640722200274,0.000662055506836623,0.7637939453125,0.399658203125,0.01667928509414196
plant_10219,10219,00,10219,rgb,0.0013061545323580503,0.0005088952602818608,0.0007972592138685286,0.893310546875,0.506591796875,0.020217519253492355
plant_10219,10219,00,10219,depth,0.0011660255258902907,0.000435711262980476,0.0007303142338059843,0.8870849609375,0.4873046875,0.0196010023355484
plant_10219,10219,00,10219,ref,0.0008262104820460081,0.0003232487943023443,0.0005029616877436638,0.8143310546875,0.36376953125,0.01678227074444294
plant_1022,1022,00,1022,rgb,0.002956043230369687,0.0009679138311184943,0.0019881294574588537,0.9359130859375,0.7239990234375,0.03055422194302082
plant_1022,1022,00,1022,depth,0.0026056973729282618,0.0009834906086325645,0.001622206880711019,0.921142578125,0.6314697265625,0.024445287883281708
plant_1022,1022,00,1022,ref,0.001373102655634284,0.0006693259347230196,0.0007037768373265862,0.881103515625,0.4725341796875,0.01933133974671364
plant_10230,10230,00,10230,rgb,0.0009300200035795569,0.0004955240292474627,0.0004344960325397551,0.8135986328125,0.2342529296875,0.014933040365576744
plant_10230,10230,00,10230,depth,0.0009554569260217249,0.0004598041414283216,0.0004956527845934033,0.7996826171875,0.2474365234375,0.014980973675847054
plant_10230,10230,00,10230,ref,0.0007823489140719175,0.0003613805747590959,0.0004209683684166521,0.7523193359375,0.3216552734375,0.015317239798605442
plant_10232,10232,00,10232,rgb,0.004098574630916119,0.0020801438950002193,0.0020184307359158993,0.9080810546875,0.5482177734375,0.021588467061519623
plant_10232,10232,00,10232,depth,0.004155447240918875,0.002470550127327442,0.0016848971135914326,0.9150390625,0.500732421875,0.02001623623073101
plant_10232,10232,00,10232,ref,0.00261993077583611,0.001349746249616146,0.001270184526219964,0.9395751953125,0.661865234375,0.025650912895798683
plant_10238,10238,00,10238,rgb,0.0034349013585597277,0.002620889339596033,0.0008140124846249819,0.9388427734375,0.6043701171875,0.022467173635959625
plant_10238,10238,00,10238,depth,0.005601238459348679,0.004688420332968235,0.0009128180681727827,0.9554443359375,0.6947021484375,0.024859195575118065
plant_10238,10238,00,10238,ref,0.002456567483022809,0.001561890123412013,0.000894677359610796,0.8896484375,0.39111328125,0.018008319661021233
plant_10246,10246,00,10246,rgb,0.0009299373487010598,0.00042677499004639685,0.0005031623295508325,0.7333984375,0.25,0.014119507744908333
plant_10246,10246,00,10246,depth,0.0005908856983296573,0.00027957430575042963,0.0003113113925792277,0.612060546875,0.160888671875,0.011892459355294704
plant_10246,10246,00,10246,ref,0.0008074435172602534,0.00036512911901809275,0.0004423143691383302,0.5826416015625,0.2703857421875,0.012198872864246368
plant_1025,1025,00,1025,rgb,0.00197460874915123,0.0014238741714507341,0.0005507344612851739,0.8623046875,0.4056396484375,0.017950523644685745
plant_1025,1025,00,1025,depth,0.001866806298494339,0.0013841872569173574,0.000482619070680812,0.86767578125,0.3765869140625,0.017562972381711006
plant_1025,1025,00,1025,ref,0.001887256046757102,0.0011255748104304075,0.0007616811199113727,0.869873046875,0.472900390625,0.019200218841433525
plant_10252,10252,00,10252,rgb,0.0016065116506069899,0.0007547659333795309,0.000851745717227459,0.806396484375,0.473876953125,0.019131913781166077
plant_10252,10252,00,10252,depth,0.001148792332969606,0.0006720515666529536,0.0004767408245243132,0.7552490234375,0.2960205078125,0.014355869963765144
plant_10252,10252,00,10252,ref,0.0013894885778427124,0.0007551467861048877,0.0006343417917378247,0.837890625,0.34521484375,0.016438018530607224
plant_1026,1026,00,1026,rgb,0.001144815469160676,0.000681169971358031,0.0004636456724256277,0.783447265625,0.29833984375,0.015111356973648071
plant_1026,1026,00,1026,depth,0.0013981328811496496,0.000893688527867198,0.0005044443532824516,0.77880859375,0.2728271484375,0.01464212778955698
plant_1026,1026,00,1026,ref,0.0014092549681663513,0.000903253210708499,0.0005060016410425305,0.800048828125,0.325927734375,0.01585492677986622
plant_10263,10263,00,10263,rgb,0.0026441048830747604,0.002221965231001377,0.00042213956476189196,0.8148193359375,0.3779296875,0.01726227067410946
plant_10263,10263,00,10263,depth,0.002886407542973757,0.0024829176254570484,0.0004034900339320302,0.81494140625,0.35107421875,0.017140716314315796
plant_10263,10263,00,10263,ref,0.0010024630464613438,0.0006527990335598588,0.00034966395469382405,0.7637939453125,0.2115478515625,0.01394883543252945
plant_10264,10264,00,10264,rgb,0.0015288849826902151,0.0006327246082946658,0.0008961604908108711,0.8594970703125,0.463134765625,0.01889616809785366
plant_10264,10264,00,10264,depth,0.001329942373558879,0.0005689142853952944,0.0007610280299559236,0.83984375,0.428955078125,0.017930181697010994
plant_10264,10264,00,10264,ref,0.0010121508967131376,0.00039050428313203156,0.0006216465844772756,0.7303466796875,0.2720947265625,0.014426321722567081
plant_10268,10268,00,10268,rgb,0.0014353536535054445,0.0007073018932715058,0.0007280517020262778,0.8167724609375,0.4229736328125,0.017506832256913185
plant_10268,10268,00,10268,depth,0.0018020207062363625,0.0009386413148604333,0.0008633793331682682,0.824951171875,0.390380859375,0.016930902376770973
plant_10268,10268,00,10268,ref,0.0007095641340129077,0.0003657169290818274,0.00034384720493108034,0.6861572265625,0.220947265625,0.01321167591959238
plant_10277,10277,00,10277,rgb,0.001510800328105688,0.000656177697237581,0.000854622689075768,0.7838134765625,0.4593505859375,0.018549133092164993
plant_10277,10277,00,10277,depth,0.0015457728877663612,0.0006494632689282298,0.0008963096188381314,0.76904296875,0.45654296875,0.018122481182217598
plant_10277,10277,00,10277,ref,0.0008306424715556204,0.00036281789653003216,0.0004678245459217578,0.626708984375,0.2354736328125,0.012546266429126263
plant_10289,10289,00,10289,rgb,0.0005741702625527978,0.0002952887152787298,0.0002788814890664071,0.7042236328125,0.173095703125,0.013087974861264229
plant_10289,10289,00,10289,depth,0.0005610683001577854,0.00029620176064781845,0.00026486653950996697,0.68994140625,0.1639404296875,0.012871544808149338
plant_10289,10289,00,10289,ref,0.0006185339880175889,0.0002760023344308138,0.0003425316244829446,0.6463623046875,0.1844482421875,0.012498692609369755
plant_10291,10291,00,10291,rgb,0.002623855136334896,0.001464035245589912,0.001159820007160306,0.88525390625,0.5650634765625,0.022051895037293434
plant_10291,10291,00,10291,depth,0.0034467880614101887,0.0016428634990006685,0.001803924678824842,0.9034423828125,0.6021728515625,0.023957708850502968
plant_10291,10291,00,10291,ref,0.0005207888316363096,0.00025054492289200425,0.00027024390874430537,0.6561279296875,0.148193359375,0.012120370753109455
plant_10297,10297,00,10297,rgb,0.002719746669754386,0.001989588141441345,0.0007301582954823971,0.908935546875,0.504150390625,0.020087413489818573
plant_10297,10297,00,10297,depth,0.004095637705177069,0.0033022852148860693,0.0007933523738756776,0.9423828125,0.6253662109375,0.023116163909435272
plant_10297,10297,00,10297,ref,0.0028857814613729715,0.0020227909553796053,0.0008629905059933662,0.8944091796875,0.5567626953125,0.021791767328977585
plant_10299,10299,00,10299,rgb,0.005831302143633366,0.004352902993559837,0.0014783988008275628,0.92919921875,0.61376953125,0.02375981956720352
plant_10299,10299,00,10299,depth,0.0030588458757847548,0.0017410703003406525,0.0013177755754441023,0.9197998046875,0.6080322265625,0.02333204448223114
plant_10299,10299,00,10299,ref,0.0021981894969940186,0.001331038074567914,0.0008671514224261045,0.8927001953125,0.535400390625,0.02110191248357296
plant_10300,10300,00,10300,rgb,0.0007572714821435511,0.000358785007847473,0.0003984864742960781,0.7811279296875,0.308837890625,0.015613106079399586
plant_10300,10300,00,10300,depth,0.0007960289949551225,0.0004249166522640735,0.00037111237179487944,0.7952880859375,0.2789306640625,0.015787901356816292
plant_10300,10300,00,10300,ref,0.000978916767053306,0.00041581751429475844,0.0005630992236547172,0.7509765625,0.3604736328125,0.016364306211471558
plant_10306,10306,00,10306,rgb,0.0018515302799642086,0.0006378946709446609,0.0012136356672272086,0.9310302734375,0.63525390625,0.02506226673722267
plant_10306,10306,00,10306,depth,0.0019093661103397608,0.0006947995279915631,0.0012145666405558586,0.923095703125,0.6470947265625,0.02562716417014599
plant_10306,10306,00,10306,ref,0.0009471239754930139,0.00029813824221491814,0.0006489858496934175,0.8956298828125,0.521240234375,0.020642098039388657
plant_10330,10330,00,10330,rgb,0.0006798692629672587,0.0004175657231826335,0.00026230356888845563,0.709716796875,0.1474609375,0.013012928888201714
plant_10330,10330,00,10330,depth,0.0006554806604981422,0.0003720929962582886,0.00028338763513602316,0.6990966796875,0.167724609375,0.012977483682334423
plant_10330,10330,00,10330,ref,0.0005277704913169146,0.00021033070515841246,0.00031743975705467165,0.6356201171875,0.162841796875,0.012494519352912903
plant_10335,10335,00,10335,rgb,0.0021000485867261887,0.0014441553503274918,0.0006558931199833751,0.9129638671875,0.5,0.01999133639037609
plant_10335,10335,00,10335,depth,0.00261367647908628,0.0018089114455506206,0.0008047651499509811,0.9193115234375,0.585693359375,0.02234550192952156
plant_10335,10335,00,10335,ref,0.0008711629780009389,0.0005395823973231018,0.0003315806097816676,0.8388671875,0.2515869140625,0.015817362815141678
plant_10351,10351,00,10351,rgb,0.0017324300715699792,0.001036150148138404,0.0006962798070162535,0.836181640625,0.3468017578125,0.016478344798088074
plant_10351,10351,00,10351,depth,0.0013545793481171131,0.000787153432611376,0.0005674259155057371,0.8154296875,0.29248046875,0.015569190494716167
plant_10351,10351,00,10351,ref,0.0008215775014832616,0.0003615924797486514,0.00045998505083844066,0.758056640625,0.3001708984375,0.014671510085463524
plant_10354,10354,00,10354,rgb,0.0005028365994803607,0.00023735585273243487,0.0002654807467479259,0.7188720703125,0.14990234375,0.013316808268427849
plant_10354,10354,00,10354,depth,0.0004910518764518201,0.00024179114552680403,0.00024926074547693133,0.71142578125,0.139404296875,0.013113487511873245
plant_10354,10354,00,10354,ref,0.0005645974306389689,0.0002783973759505898,0.00028620005468837917,0.697998046875,0.2139892578125,0.013406690210103989
plant_10361,10361,00,10361,rgb,0.001023535500280559,0.0006622327491641045,0.00036130272201262414,0.800048828125,0.2608642578125,0.015256448648869991
plant_10361,10361,00,10361,depth,0.0012670885771512985,0.000834725855384022,0.0004323627217672765,0.856201171875,0.3682861328125,0.017417484894394875
plant_10361,10361,00,10361,ref,0.0010666429297998548,0.0006030673393979669,0.00046357561950571835,0.8258056640625,0.338134765625,0.016554996371269226
plant_10375,10375,00,10375,rgb,0.0022032116539776325,0.0013960457872599363,0.0008071658085100353,0.8858642578125,0.5361328125,0.02088332362473011
plant_10375,10375,00,10375,depth,0.002060879021883011,0.0013462414499372244,0.0007146375137381256,0.8857421875,0.5501708984375,0.021281998604536057
plant_10375,10375,00,10375,ref,0.0014747320674359798,0.0008453779737465084,0.0006293540936894715,0.8134765625,0.3184814453125,0.016025317832827568
plant_10377,10377,00,10377,rgb,0.0007211994961835444,0.0003279249940533191,0.0003932745021302253,0.7232666015625,0.2420654296875,0.01387686189264059
plant_10377,10377,00,10377,depth,0.0006755362264811993,0.00032550093601457775,0.000350035319570452,0.6851806640625,0.1802978515625,0.012952718883752823
plant_10377,10377,00,10377,ref,0.0010346885537728667,0.000428891769843176,0.0006057967548258603,0.7510986328125,0.459228515625,0.018541719764471054
plant_1038,1038,00,1038,rgb,0.0006539344321936369,0.0003327824524603784,0.00032115200883708894,0.7845458984375,0.2108154296875,0.01428082026541233
plant_1038,1038,00,1038,depth,0.0006848014891147614,0.000366387510439381,0.0003184139495715499,0.780517578125,0.2315673828125,0.014553263783454895
plant_1038,1038,00,1038,ref,0.000804588315077126,0.0003690481244120747,0.00043554019066505134,0.8089599609375,0.311279296875,0.01581721194088459
plant_10384,10384,00,10384,rgb,0.001547386753372848,0.0006111125112511218,0.0009362742421217263,0.8824462890625,0.5498046875,0.021454056724905968
plant_10384,10384,00,10384,depth,0.0012652582954615355,0.0005623120814561844,0.0007029462140053511,0.8604736328125,0.4598388671875,0.019007893279194832
plant_10384,10384,00,10384,ref,0.0013174013001844287,0.0006064411136321723,0.0007109601865522563,0.858642578125,0.4649658203125,0.019073594361543655
plant_1039,1039,00,1039,rgb,0.0008325991220772266,0.00045029615284875035,0.00038230299833230674,0.8050537109375,0.2869873046875,0.015534722246229649
plant_1039,1039,00,1039,depth,0.0007643768913112581,0.00041648829937912524,0.0003478885628283024,0.816650390625,0.2706298828125,0.015638677403330803
plant_1039,1039,00,1039,ref,0.0010498581686988473,0.00047422340139746666,0.0005756347673013806,0.8651123046875,0.440185546875,0.018432095646858215
plant_10395,10395,00,10395,rgb,0.001187215093523264,0.0007570844609290361,0.00043013060349039733,0.802978515625,0.3153076171875,0.01599353365600109
plant_10395,10395,00,10395,depth,0.001528327353298664,0.001018044538795948,0.0005102828145027161,0.843994140625,0.4072265625,0.017790894955396652
plant_10395,10395,00,10395,ref,0.0007675084634684026,0.00039484910666942596,0.00037265935679897666,0.6954345703125,0.304931640625,0.014481969177722931
plant_10397,10397,00,10397,rgb,0.002627920126542449,0.0015860433923080564,0.0010418767342343926,0.919677734375,0.6080322265625,0.023352274671196938
plant_10397,10397,00,10397,depth,0.002783013740554452,0.0017880952218547463,0.0009949185186997056,0.9278564453125,0.6220703125,0.02382027544081211
plant_10397,10397,00,10397,ref,0.001906743855215609,0.0010385768255218863,0.0008681669132784009,0.9117431640625,0.5545654296875,0.021501969546079636
plant_10400,10400,00,10400,rgb,0.0007044890662655234,0.00031655479688197374,0.0003879342693835497,0.7562255859375,0.224853515625,0.014124122448265553
plant_10400,10400,00,10400,depth,0.0006372987409122288,0.00031265694997273386,0.0003246418200433254,0.7314453125,0.2215576171875,0.01397994440048933
plant_10400,10400,00,10400,ref,0.0014543239958584309,0.000662468490190804,0.0007918555638752878,0.8836669921875,0.4637451171875,0.019188692793250084
plant_10410,10410,00,10410,rgb,0.0014716684818267822,0.0006480823503807187,0.0008235861896537244,0.918212890625,0.544921875,0.02110881917178631
plant_10410,10410,00,10410,depth,0.0012487772619351745,0.0005513508222065866,0.0006974264397285879,0.873291015625,0.4864501953125,0.019660217687487602
plant_10410,10410,00,10410,ref,0.001559495460242033,0.0007035014568828046,0.0008559940033592284,0.896240234375,0.5615234375,0.021910160779953003
plant_10415,10415,00,10415,rgb,0.0011178789427503943,0.0006432576919905841,0.0004746212507598102,0.8026123046875,0.324462890625,0.01608738861978054
plant_10415,10415,00,10415,depth,0.0010844266507774591,0.0006030165823176503,0.0004814100102521479,0.78125,0.3348388671875,0.01594020053744316
plant_10415,10415,00,10415,ref,0.0008479002863168716,0.0003849678614642471,0.0004629323666449636,0.6712646484375,0.2974853515625,0.014175754971802235
plant_10425,10425,00,10425,rgb,0.0010195673676207662,0.00047351830289699137,0.0005460490938276052,0.8271484375,0.3638916015625,0.016971364617347717
plant_10425,10425,00,10425,depth,0.0011856408091261983,0.0005486276349984109,0.0006370131741277874,0.84521484375,0.4024658203125,0.01771927811205387
plant_10425,10425,00,10425,ref,0.0009683918906375766,0.00041306158527731895,0.0005553303635679185,0.7633056640625,0.35986328125,0.016043394804000854
plant_10436,10436,00,10436,rgb,0.005552045069634914,0.004594707395881414,0.0009573377319611609,0.9407958984375,0.61865234375,0.022988775745034218
plant_10436,10436,00,10436,depth,0.006317771039903164,0.005285498220473528,0.0010322730522602797,0.94384765625,0.6158447265625,0.02250840701162815
plant_10436,10436,00,10436,ref,0.0032972083427011967,0.0023377190809696913,0.0009594893781468272,0.9176025390625,0.585693359375,0.022098546847701073
plant_10437,10437,00,10437,rgb,0.001317006885074079,0.0006528548547066748,0.0006641520303674042,0.8072509765625,0.4022216796875,0.01683439500629902
plant_10437,10437,00,10437,depth,0.0011137435212731361,0.0005399701767601073,0.000573773286305368,0.7899169921875,0.325927734375,0.015470380894839764
plant_10437,10437,00,10437,ref,0.001474438700824976,0.0007448167307302356,0.0007296219118870795,0.9024658203125,0.4259033203125,0.018532931804656982
plant_10460,10460,00,10460,rgb,0.001873541041277349,0.0013573485193774104,0.0005161925218999386,0.8560791015625,0.3914794921875,0.017646491527557373
plant_10460,10460,00,10460,depth,0.0015238302294164896,0.0010099542560055852,0.0005138760316185653,0.8656005859375,0.449462890625,0.01889822818338871
plant_10460,10460,00,10460,ref,0.0014817254850640893,0.0009645223035477102,0.0005172031233087182,0.8848876953125,0.4287109375,0.018489522859454155
plant_10474,10474,00,10474,rgb,0.0029280101880431175,0.000769385660532862,0.0021586245857179165,0.9212646484375,0.6378173828125,0.02602226473391056
plant_10474,10474,00,10474,depth,0.0028166852425783873,0.0008303049835376441,0.001986380200833082,0.9222412109375,0.623779296875,0.025282151997089386
plant_10474,10474,00,10474,ref,0.0010169825982302427,0.0004080886719748378,0.000608893926255405,0.8369140625,0.3704833984375,0.017006181180477142
plant_10478,10478,00,10478,rgb,0.0010838528396561742,0.0006679419311694801,0.00041591087938286364,0.7904052734375,0.306396484375,0.01541168987751007
plant_10478,10478,00,10478,depth,0.0008607195923104882,0.0005120382411405444,0.00034868138027377427,0.78955078125,0.2440185546875,0.014814987778663635
plant_10478,10478,00,10478,ref,0.001823721919208765,0.0010768763022497296,0.0007468456169590354,0.9342041015625,0.626708984375,0.023267172276973724
plant_10485,10485,00,10485,rgb,0.0038106502033770084,0.002573915757238865,0.0012367346789687872,0.936279296875,0.622802734375,0.023060055449604988
plant_10485,10485,00,10485,depth,0.004809850826859474,0.003474015509709716,0.0013358353171497583,0.95947265625,0.7119140625,0.027221500873565674
plant_10485,10485,00,10485,ref,0.003674890613183379,0.0025533358566462994,0.0011215547565370798,0.9677734375,0.7872314453125,0.028566529974341393
plant_10488,10488,00,10488,rgb,0.0010832444531843066,0.00032433695741929114,0.0007589075248688459,0.8336181640625,0.42578125,0.01778891123831272
plant_10488,10488,00,10488,depth,0.0009702609968371689,0.00034810532815754414,0.0006221556686796248,0.841552734375,0.410400390625,0.017623765394091606
plant_10488,10488,00,10488,ref,0.0006318187806755304,0.0002840065862983465,0.0003478121943771839,0.7337646484375,0.2545166015625,0.014416423626244068
plant_10490,10490,00,10490,rgb,0.003634693566709757,0.002552943304181099,0.001081750146113336,0.8941650390625,0.5555419921875,0.021536944434046745
plant_10490,10490,00,10490,depth,0.0030278905760496855,0.0023065705318003893,0.0007213201024569571,0.874755859375,0.5325927734375,0.02091452293097973
plant_10490,10490,00,10490,ref,0.0022134704049676657,0.001367520191706717,0.0008459501550532877,0.8587646484375,0.4166259765625,0.017766937613487244
plant_10491,10491,00,10491,rgb,0.003075789427384734,0.00197511981241405,0.0011006698478013277,0.89013671875,0.601806640625,0.023792032152414322
plant_10491,10491,00,10491,depth,0.003193225711584091,0.0021003636065870523,0.0010928622214123607,0.9066162109375,0.66943359375,0.02613152377307415
plant_10491,10491,00,10491,ref,0.0011826653499156237,0.0005454146303236485,0.0006372507195919752,0.819091796875,0.3133544921875,0.015886180102825165
plant_10493,10493,00,10493,rgb,0.0005494465585798025,0.00026365608209744096,0.000285790505586192,0.7618408203125,0.1866455078125,0.014132454060018063
plant_10493,10493,00,10493,depth,0.0005442918045446277,0.00026041321689262986,0.00028387855854816735,0.766357421875,0.19970703125,0.01429287251085043
plant_10493,10493,00,10493,ref,0.0007774631376378238,0.0003325355355627835,0.00044492760207504034,0.7801513671875,0.321044921875,0.015623258426785469
plant_10495,10495,00,10495,rgb,0.0021028337068855762,0.000798378954641521,0.0013044546358287334,0.921142578125,0.6505126953125,0.02576611377298832
plant_10495,10495,00,10495,depth,0.0025442063342779875,0.0009219870553351939,0.0016222193371504545,0.9393310546875,0.7237548828125,0.028591806069016457
plant_10495,10495,00,10495,ref,0.0013508327538147569,0.00047113263281062245,0.0008797001792117953,0.861572265625,0.503173828125,0.020107943564653397
plant_10512,10512,00,10512,rgb,0.0031153729651123285,0.002083489904180169,0.0010318830609321594,0.877197265625,0.53759765625,0.02115788124501705
plant_10512,10512,00,10512,depth,0.0031769624911248684,0.002372259274125099,0.000804703391622752,0.904541015625,0.5301513671875,0.020784122869372368
plant_10512,10512,00,10512,ref,0.0009608588879927993,0.00047982324031181633,0.0004810356185771525,0.698486328125,0.2388916015625,0.01386313233524561
plant_10517,10517,00,10517,rgb,0.0013694067019969225,0.0005004593404009938,0.0008689473033882678,0.828369140625,0.486328125,0.019577935338020325
plant_10517,10517,00,10517,depth,0.0014876077184453607,0.0006101839826442301,0.0008774237940087914,0.8380126953125,0.468017578125,0.018946779891848564
plant_10517,10517,00,10517,ref,0.000742016767617315,0.00026187513140030205,0.000480141636217013,0.680419921875,0.277587890625,0.014291870407760143
plant_10519,10519,00,10519,rgb,0.006107687018811703,0.005492310971021652,0.0006153761642053723,0.85888671875,0.42041015625,0.017892418429255486
plant_10519,10519,00,10519,depth,0.015529871918261051,0.014728755690157413,0.0008011158788576722,0.8839111328125,0.48681640625,0.01966353878378868
plant_10519,10519,00,10519,ref,0.001727209659293294,0.001189778558909893,0.00053743104217574,0.781982421875,0.39404296875,0.017169130966067314
plant_10525,10525,00,10525,rgb,0.0013535411562770605,0.0007137529319152236,0.0006397882825694978,0.84521484375,0.4349365234375,0.01818699948489666
plant_10525,10525,00,10525,depth,0.0013676275266334414,0.0006817876710556448,0.0006858398555777967,0.8109130859375,0.402587890625,0.017289023846387863
plant_10525,10525,00,10525,ref,0.0006890604272484779,0.00038269281503744423,0.0003063676704186946,0.7103271484375,0.186767578125,0.013132196851074696
plant_10535,10535,00,10535,rgb,0.001089777797460556,0.00048073846846818924,0.0006090393289923668,0.8399658203125,0.411376953125,0.017749950289726257
plant_10535,10535,00,10535,depth,0.0011552011128515005,0.0005728661781176925,0.000582334934733808,0.8658447265625,0.3914794921875,0.017670338973402977
plant_10535,10535,00,10535,ref,0.0013725641183555126,0.0005686778458766639,0.0008038862142711878,0.8433837890625,0.39111328125,0.01722710207104683
plant_10537,10537,00,10537,rgb,0.0009239218197762966,0.0005731676938012242,0.0003507541259750724,0.7635498046875,0.237548828125,0.014223257079720497
plant_10537,10537,00,10537,depth,0.000636427488643676,0.00033100927248597145,0.0003054182161577046,0.7020263671875,0.17822265625,0.012695955112576485
plant_10537,10537,00,10537,ref,0.0004709716886281967,0.00022598121722694486,0.0002449904859531671,0.6239013671875,0.1689453125,0.011995256878435612
plant_10538,10538,00,10538,rgb,0.0008781529031693935,0.0005390443839132786,0.00033910851925611496,0.781005859375,0.268798828125,0.014910316094756126
plant_10538,10538,00,10538,depth,0.0009515632409602404,0.000587832008022815,0.0003637312038335949,0.78515625,0.2615966796875,0.014775306917726994
plant_10538,10538,00,10538,ref,0.0018045846372842789,0.000976002833340317,0.0008285817457363009,0.7540283203125,0.3433837890625,0.015774518251419067
plant_10540,10540,00,10540,rgb,0.008893358521163464,0.007526509463787079,0.0013668497558683157,0.953857421875,0.7662353515625,0.029046567156910896
plant_10540,10540,00,10540,depth,0.008682000450789928,0.007206246256828308,0.0014757540775462985,0.9639892578125,0.7711181640625,0.028219744563102722
plant_10540,10540,00,10540,ref,0.00966925173997879,0.0067745293490588665,0.002894722856581211,0.9658203125,0.7684326171875,0.03174605965614319
plant_10551,10551,00,10551,rgb,0.0009036420960910618,0.0004848992975894362,0.00041874279850162566,0.8221435546875,0.2958984375,0.01570240780711174
plant_10551,10551,00,10551,depth,0.0007984182448126376,0.0004637684905901551,0.00033464975422248244,0.746337890625,0.2318115234375,0.0140800466760993
plant_10551,10551,00,10551,ref,0.0007909201667644083,0.0003407946787774563,0.00045012548798695207,0.7523193359375,0.32275390625,0.015610335394740105
plant_10555,10555,00,10555,rgb,0.009388962760567665,0.004219787195324898,0.00516917509958148,0.93603515625,0.6663818359375,0.024838361889123917
plant_10555,10555,00,10555,depth,0.006592137273401022,0.0029265773482620716,0.0036655599251389503,0.9454345703125,0.6884765625,0.025906452909111977
plant_10555,10555,00,10555,ref,0.0020283646881580353,0.0010524556273594499,0.0009759091190062463,0.9039306640625,0.5648193359375,0.022192519158124924
plant_10561,10561,00,10561,rgb,0.0008241487084887922,0.00045545207103714347,0.0003686966374516487,0.7852783203125,0.26611328125,0.01498804148286581
plant_10561,10561,00,10561,depth,0.0006493369583040476,0.00033815851202234626,0.0003111784462817013,0.7366943359375,0.2015380859375,0.013662310317158699
plant_10561,10561,00,10561,ref,0.0007491678115911782,0.0003677651402540505,0.0003814026713371277,0.7569580078125,0.2755126953125,0.014701026491820812
plant_10567,10567,00,10567,rgb,0.0012965523637831211,0.0006210872670635581,0.0006754651549272239,0.8426513671875,0.406494140625,0.01759352535009384
plant_10567,10567,00,10567,depth,0.0012985715875402093,0.0006328923627734184,0.0006656792247667909,0.848388671875,0.414306640625,0.01798888109624386
plant_10567,10567,00,10567,ref,0.0006003910675644875,0.0002714233996812254,0.00032896766788326204,0.7149658203125,0.2283935546875,0.013919529505074024
plant_10568,10568,00,10568,rgb,0.0032767346128821373,0.0007580468663945794,0.002518687630072236,0.9320068359375,0.681884765625,0.030271358788013458
plant_10568,10568,00,10568,depth,0.0025486864615231752,0.0007222209242172539,0.0018264655955135822,0.9322509765625,0.6488037109375,0.026609959080815315
plant_10568,10568,00,10568,ref,0.0009879819117486477,0.0004119915247429162,0.0005759904161095619,0.87060546875,0.43896484375,0.01858258992433548
plant_10569,10569,00,10569,rgb,0.0029708566144108772,0.001945254160091281,0.0010256023379042745,0.8748779296875,0.5943603515625,0.0236523300409317
plant_10569,10569,00,10569,depth,0.0035085726995021105,0.0022403663024306297,0.0012682063970714808,0.9017333984375,0.6424560546875,0.02641594596207142
plant_10569,10569,00,10569,ref,0.0007365227211266756,0.00038845883682370186,0.00034806382609531283,0.66015625,0.23291015625,0.012752403505146503
plant_10578,10578,00,10578,rgb,0.0009132939158007503,0.0005057996604591608,0.0004074942844454199,0.788330078125,0.2767333984375,0.015032378025352955
plant_10578,10578,00,10578,depth,0.0010531172156333923,0.0005749668343923986,0.0004781503230333328,0.8114013671875,0.315673828125,0.015781790018081665
plant_10578,10578,00,10578,ref,0.0008112636278383434,0.0003703960101120174,0.000440867617726326,0.75146484375,0.257080078125,0.014163377694785595
plant_10589,10589,00,10589,rgb,0.0007153871119953692,0.0003509159432724118,0.0003644711396191269,0.782958984375,0.3109130859375,0.01564102992415428
plant_10589,10589,00,10589,depth,0.000785899581387639,0.00037016073474660516,0.0004157388466410339,0.8131103515625,0.341064453125,0.01650283671915531
plant_10589,10589,00,10589,ref,0.0006418316042982042,0.00025866026408039033,0.00038317134021781385,0.7633056640625,0.2852783203125,0.015197481960058212
plant_10599,10599,00,10599,rgb,0.0010111655574291945,0.000607021152973175,0.00040414443355984986,0.81787109375,0.283935546875,0.015446532517671585
plant_10599,10599,00,10599,depth,0.001281102653592825,0.000774289364926517,0.0005068133468739688,0.8189697265625,0.29638671875,0.015624220483005047
plant_10599,10599,00,10599,ref,0.001410527154803276,0.0006811603670939803,0.0007293667295016348,0.89306640625,0.550048828125,0.021473729982972145
plant_1060,1060,00,1060,rgb,0.0017251184908673167,0.0009771144250407815,0.000748004182241857,0.856201171875,0.448974609375,0.018527671694755554
plant_1060,1060,00,1060,depth,0.0027741468511521816,0.0014396703336387873,0.0013344766339287162,0.90380859375,0.5904541015625,0.024184342473745346
plant_1060,1060,00,1060,ref,0.0008462120313197374,0.00035709698568098247,0.0004891149583272636,0.8016357421875,0.35205078125,0.016328485682606697
plant_10617,10617,00,10617,rgb,0.0008842190145514905,0.0003886763588525355,0.0004955426556989551,0.84130859375,0.388916015625,0.01749693974852562
plant_10617,10617,00,10617,depth,0.0009787881281226873,0.0004423196951393038,0.0005364684038795531,0.84130859375,0.423583984375,0.018178511410951614
plant_10617,10617,00,10617,ref,0.001365927280858159,0.0005040231044404209,0.0008619041182100773,0.831298828125,0.5552978515625,0.0218347180634737
plant_10620,10620,00,10620,rgb,0.001183158252388239,0.000678633339703083,0.0005045249708928168,0.8221435546875,0.3551025390625,0.016498537734150887
plant_10620,10620,00,10620,depth,0.001481394749134779,0.0007988511933945119,0.0006825434975326061,0.857421875,0.4620361328125,0.018810799345374107
plant_10620,10620,00,10620,ref,0.00040917840669862926,0.0002043422282440588,0.00020483617845457047,0.6400146484375,0.1031494140625,0.011827146634459496
plant_10627,10627,00,10627,rgb,0.001355568878352642,0.0007822998450137675,0.0005732690915465355,0.854248046875,0.3848876953125,0.01742568053305149
plant_10627,10627,00,10627,depth,0.0023637732956558466,0.0011961746495217085,0.001167598646134138,0.8636474609375,0.522216796875,0.020723240450024605
plant_10627,10627,00,10627,ref,0.0011215561535209417,0.0005029792082495987,0.000618576945271343,0.8297119140625,0.40625,0.017487265169620514
plant_1063,1063,00,1063,rgb,0.0017799010965973139,0.0011782600777223706,0.0006016410770826042,0.8980712890625,0.500244140625,0.020005278289318085
plant_1063,1063,00,1063,depth,0.0015088347718119621,0.0009902165038511157,0.0005186181515455246,0.90087890625,0.494140625,0.019884752109646797
plant_1063,1063,00,1063,ref,0.0012145048240199685,0.0007044329540804029,0.0005100718699395657,0.8739013671875,0.4393310546875,0.01872701197862625
plant_10632,10632,00,10632,rgb,0.0008859107038006186,0.0005584678729064763,0.0003274428308941424,0.7982177734375,0.2310791015625,0.014882538467645645
plant_10632,10632,00,10632,depth,0.0009684660471975803,0.000597915262915194,0.00037055081338621676,0.8145751953125,0.271484375,0.015720617026090622
plant_10632,10632,00,10632,ref,0.001042994437739253,0.00044156203512102365,0.0006014324608258903,0.8555908203125,0.405029296875,0.017986111342906952
plant_10633,10633,00,10633,rgb,0.001150402706116438,0.00038447603583335876,0.0007659266702830791,0.867431640625,0.47802734375,0.019218869507312775
plant_10633,10633,00,10633,depth,0.00138566002715379,0.00044595624785870314,0.0009397037792950869,0.869384765625,0.53515625,0.021258404478430748
plant_10633,10633,00,10633,ref,0.0008636659476906061,0.0003570705885067582,0.0005065953591838479,0.8157958984375,0.4273681640625,0.017993148416280746
plant_10642,10642,00,10642,rgb,0.0018345511052757502,0.0013888620305806398,0.0004456891037989408,0.6788330078125,0.3353271484375,0.014068583957850933
plant_10642,10642,00,10642,depth,0.001457827864214778,0.0010358775034546852,0.0004219503025524318,0.642578125,0.30126953125,0.013527238741517067
plant_10642,10642,00,10642,ref,0.0007096659392118454,0.00039094945532269776,0.0003187164547853172,0.4996337890625,0.173828125,0.00998726300895214
plant_10645,10645,00,10645,rgb,0.0013374874833971262,0.0008089247276075184,0.0005285627557896078,0.904541015625,0.4365234375,0.018728796392679214
plant_10645,10645,00,10645,depth,0.0012620249763131142,0.0007454172009602189,0.0005166078335605562,0.88525390625,0.4237060546875,0.01835206337273121
plant_10645,10645,00,10645,ref,0.001270854496397078,0.0005807923153042793,0.0006900621810927987,0.848388671875,0.5367431640625,0.020923472940921783
plant_10651,10651,00,10651,rgb,0.005678253713995218,0.0034440383315086365,0.002234215382486582,0.9415283203125,0.6500244140625,0.02501325123012066
plant_10651,10651,00,10651,depth,0.0027215213049203157,0.0017318235477432609,0.000989697640761733,0.926513671875,0.5819091796875,0.021951017901301384
plant_10651,10651,00,10651,ref,0.002119348617270589,0.0011863324325531721,0.0009330161265097558,0.930419921875,0.659423828125,0.024400580674409866
plant_1066,1066,00,1066,rgb,0.0006698742508888245,0.00027787883300334215,0.0003919954178854823,0.7889404296875,0.234375,0.01468417514115572
plant_1066,1066,00,1066,depth,0.0007084221579134464,0.0002489136822987348,0.0004595084465108812,0.815673828125,0.2918701171875,0.015486739575862885
plant_1066,1066,00,1066,ref,0.0010108975693583488,0.0003517084405757487,0.0006591890705749393,0.8245849609375,0.4471435546875,0.018728986382484436
plant_10664,10664,00,10664,rgb,0.001025026896968484,0.000539745669811964,0.0004852812853641808,0.816650390625,0.3447265625,0.016243623569607735
plant_10664,10664,00,10664,depth,0.0012777377851307392,0.0006294814520515501,0.0006482562748715281,0.8604736328125,0.4410400390625,0.018578218296170235
plant_10664,10664,00,10664,ref,0.0004932716256007552,0.0002511051425244659,0.00024216651218011975,0.5772705078125,0.125,0.011111055500805378
plant_10703,10703,00,10703,rgb,0.0012126301880925894,0.0003890307852998376,0.00082359928637743,0.855224609375,0.4385986328125,0.018376393243670464
plant_10703,10703,00,10703,depth,0.0013233409263193607,0.0004430174012668431,0.0008803235250525177,0.8697509765625,0.4500732421875,0.01860765554010868
plant_10703,10703,00,10703,ref,0.0010745031759142876,0.0004197026137262583,0.0006548005039803684,0.830810546875,0.41943359375,0.01805371791124344
plant_10722,10722,00,10722,rgb,0.0014743730425834656,0.0005748720141127706,0.0008995009120553732,0.8843994140625,0.5185546875,0.020570313557982445
plant_10722,10722,00,10722,depth,0.0015967756044119596,0.0006578107131645083,0.0009389648330397904,0.8887939453125,0.564208984375,0.021973147988319397
plant_10722,10722,00,10722,ref,0.0011341215576976538,0.00041902525117620826,0.0007150963065214455,0.85546875,0.406494140625,0.0176394060254097
plant_10735,10735,00,10735,rgb,0.0006143648643046618,0.0003452643577475101,0.0002691004774533212,0.7288818359375,0.1910400390625,0.01379835419356823
plant_10735,10735,00,10735,depth,0.0005894955829717219,0.0003266899730078876,0.00026280563906766474,0.7236328125,0.1756591796875,0.013730506412684917
plant_10735,10735,00,10735,ref,0.0006088000955060124,0.0002754267188720405,0.00033337337663397193,0.698974609375,0.22412109375,0.013634954579174519
plant_10759,10759,00,10759,rgb,0.0010097036138176918,0.0005384181858971715,0.00047128539881668985,0.7734375,0.29736328125,0.015313957817852497
plant_10759,10759,00,10759,depth,0.0007701798458583653,0.0004326538182795048,0.0003375260275788605,0.7508544921875,0.207275390625,0.014207892119884491
plant_10759,10759,00,10759,ref,0.000704338657669723,0.00031910836696624756,0.000385230261599645,0.7880859375,0.2576904296875,0.014679469168186188
plant_10763,10763,00,10763,rgb,0.0008065259899012744,0.000455555971711874,0.00035097007639706135,0.7515869140625,0.214111328125,0.014194379560649395
plant_10763,10763,00,10763,depth,0.0009626751998439431,0.0005726293311454356,0.00039004586869850755,0.802490234375,0.266357421875,0.01525956392288208
plant_10763,10763,00,10763,ref,0.0005252599949017167,0.00023949219030328095,0.00028576780459843576,0.6373291015625,0.1676025390625,0.012217032723128796
plant_10781,10781,00,10781,rgb,0.003005209844559431,0.0011032099137082696,0.0019019998144358397,0.9658203125,0.8154296875,0.033217091113328934
plant_10781,10781,00,10781,depth,0.0032604984007775784,0.0011792507721111178,0.0020812475122511387,0.968994140625,0.8167724609375,0.034028299152851105
plant_10781,10781,00,10781,ref,0.0016461125342175364,0.0006604694062843919,0.0009856430115178227,0.882080078125,0.56103515625,0.021955134347081184
plant_10782,10782,00,10782,rgb,0.001291610999032855,0.0006861836882308125,0.0006054272525943816,0.8857421875,0.391357421875,0.01756252907216549
plant_10782,10782,00,10782,depth,0.0013146570418030024,0.0007520478684455156,0.0005626091151498258,0.8751220703125,0.3988037109375,0.017662350088357925
plant_10782,10782,00,10782,ref,0.001407282892614603,0.0008062248816713691,0.0006010580691508949,0.8050537109375,0.3447265625,0.0157050471752882
plant_10790,10790,00,10790,rgb,0.0014493695925921202,0.0008949170587584376,0.0005544525920413435,0.9061279296875,0.4671630859375,0.019360052421689034
plant_10790,10790,00,10790,depth,0.0014930970501154661,0.0009608432883396745,0.0005322536453604698,0.8946533203125,0.4578857421875,0.019128169864416122
plant_10790,10790,00,10790,ref,0.0013915630988776684,0.000756384280975908,0.0006351788179017603,0.908935546875,0.52783203125,0.02060256525874138
plant_10794,10794,00,10794,rgb,0.002128731459379196,0.000762870186008513,0.0013658612733706832,0.9063720703125,0.642578125,0.025634711608290672
plant_10794,10794,00,10794,depth,0.0020321295596659184,0.0007721367874182761,0.0012599927140399814,0.9019775390625,0.64013671875,0.02507820725440979
plant_10794,10794,00,10794,ref,0.0008342784713022411,0.00030296476325020194,0.0005313137080520391,0.7255859375,0.3673095703125,0.015894480049610138
plant_10805,10805,00,10805,rgb,0.000670126115437597,0.00037338119000196457,0.00029674492543563247,0.77392578125,0.1986083984375,0.01430407166481018
plant_10805,10805,00,10805,depth,0.0009685453260317445,0.0005341519718058407,0.0004343933833297342,0.802734375,0.290283203125,0.01569417491555214
plant_10805,10805,00,10805,ref,0.0005512143252417445,0.0002448266604915261,0.0003063876647502184,0.7633056640625,0.2205810546875,0.014131375588476658
plant_10806,10806,00,10806,rgb,0.0015721991658210754,0.0009315030765719712,0.0006406960310414433,0.8814697265625,0.409423828125,0.018024612218141556
plant_10806,10806,00,10806,depth,0.0020368192344903946,0.00122441491112113,0.000812404090538621,0.9150390625,0.522216796875,0.02056773006916046
plant_10806,10806,00,10806,ref,0.0014786862302571535,0.0006475422997027636,0.00083114393055439,0.8408203125,0.4091796875,0.017693622037768364
plant_10813,10813,00,10813,rgb,0.0006543321651406586,0.0003141442430205643,0.0003401879221200943,0.800537109375,0.2559814453125,0.015545283444225788
plant_10813,10813,00,10813,depth,0.0008230258245021105,0.0004212405765429139,0.000401785277063027,0.828125,0.2894287109375,0.016066553071141243
plant_10813,10813,00,10813,ref,0.0006142700440250337,0.00025601766537874937,0.00035825237864628434,0.7723388671875,0.2550048828125,0.014818187803030014
plant_10819,10819,00,10819,rgb,0.0023788083344697952,0.0011342117795720696,0.001244596322067082,0.9002685546875,0.552490234375,0.021577423438429832
plant_10819,10819,00,10819,depth,0.002098154742270708,0.0009386681485921144,0.0011594867100939155,0.854736328125,0.4639892578125,0.01885778270661831
plant_10819,10819,00,10819,ref,0.0008785815443843603,0.0004442137433215976,0.0004343678301665932,0.829833984375,0.325439453125,0.016276121139526367
plant_10820,10820,00,10820,rgb,0.001772128278389573,0.0011571310460567474,0.0006149971741251647,0.7994384765625,0.451904296875,0.01846696063876152
plant_10820,10820,00,10820,depth,0.002163960598409176,0.0013403509510681033,0.0008236095891334116,0.827392578125,0.4786376953125,0.01931910216808319
plant_10820,10820,00,10820,ref,0.0009507832583039999,0.00040414571412838995,0.0005466375732794404,0.6964111328125,0.3397216796875,0.015530386008322239
plant_10823,10823,00,10823,rgb,0.0011631915112957358,0.0005199661827646196,0.0006432253867387772,0.8887939453125,0.4515380859375,0.01892121694982052
plant_10823,10823,00,10823,depth,0.0009635768365114927,0.00046241816016845405,0.0005011586472392082,0.862060546875,0.3660888671875,0.017223462462425232
plant_10823,10823,00,10823,ref,0.0008779038325883448,0.0003756453515961766,0.0005022584809921682,0.817138671875,0.314453125,0.015607194975018501
plant_10828,10828,00,10828,rgb,0.004416445270180702,0.003695196472108364,0.0007212487980723381,0.9244384765625,0.62060546875,0.022945068776607513
plant_10828,10828,00,10828,depth,0.0042100022546947,0.0035140400286763906,0.0006959622260183096,0.9276123046875,0.6131591796875,0.02275369130074978
plant_10828,10828,00,10828,ref,0.0010604385752230883,0.0005422733374871314,0.0005181652959436178,0.798095703125,0.310546875,0.01564902253448963
plant_10830,10830,00,10830,rgb,0.0020989743061363697,0.0013584449188783765,0.0007405290962196887,0.8603515625,0.48828125,0.01963336020708084
plant_10830,10830,00,10830,depth,0.002312719589099288,0.001520924735814333,0.000791794853284955,0.860595703125,0.5157470703125,0.020563652738928795
plant_10830,10830,00,10830,ref,0.0006063345354050398,0.00035397231113165617,0.0002523622533772141,0.7061767578125,0.149658203125,0.01269544754177332
plant_10837,10837,00,10837,rgb,0.0036118889693170786,0.002034092089161277,0.0015777968801558018,0.9022216796875,0.5811767578125,0.022301526740193367
plant_10837,10837,00,10837,depth,0.0028748014010488987,0.002010009251534939,0.0008647920330986381,0.9002685546875,0.556396484375,0.02157246693968773
plant_10837,10837,00,10837,ref,0.0011901124380528927,0.0005978934350423515,0.0005922190612182021,0.8201904296875,0.49365234375,0.019837167114019394
plant_10839,10839,00,10839,rgb,0.0010380083695054054,0.00042027514427900314,0.0006177332834340632,0.837158203125,0.4010009765625,0.01721545122563839
plant_10839,10839,00,10839,depth,0.0008613726822659373,0.0003894041874445975,0.00047196855302900076,0.7911376953125,0.26953125,0.015105396509170532
plant_10839,10839,00,10839,ref,0.0009259410435333848,0.00043026861385442317,0.0004956724587827921,0.73193359375,0.27734375,0.014394421130418777
plant_10848,10848,00,10848,rgb,0.0018754326738417149,0.0012730691814795136,0.0006023633759468794,0.8922119140625,0.466796875,0.019271299242973328
plant_10848,10848,00,10848,depth,0.0017301393672823906,0.001153990626335144,0.0005761485081166029,0.9017333984375,0.4697265625,0.019334623590111732
plant_10848,10848,00,10848,ref,0.0022503966465592384,0.0011896668002009392,0.0010607298463582993,0.94677734375,0.7196044921875,0.027172015979886055
plant_10849,10849,00,10849,rgb,0.0008621880551800132,0.0003762907872442156,0.0004858972388319671,0.7984619140625,0.3294677734375,0.01622483693063259
plant_10849,10849,00,10849,depth,0.0010115389013662934,0.0004462315991986543,0.0005653072730638087,0.8299560546875,0.37158203125,0.017076795920729637
plant_10849,10849,00,10849,ref,0.0013108782004565,0.0006314662750810385,0.0006794119253754616,0.8677978515625,0.3509521484375,0.016822412610054016
plant_10851,10851,00,10851,rgb,0.0015268325805664062,0.0009594906005077064,0.0005673419218510389,0.8756103515625,0.4554443359375,0.018838325515389442
plant_10851,10851,00,10851,depth,0.0016097885090857744,0.001033813925459981,0.0005759745254181325,0.8912353515625,0.48779296875,0.019694408401846886
plant_10851,10851,00,10851,ref,0.0014178089331835508,0.0009389551705680788,0.0004788537626154721,0.875732421875,0.39697265625,0.017828727141022682
plant_10854,10854,00,10854,rgb,0.002173549961298704,0.001565572340041399,0.0006079776212573051,0.86328125,0.456787109375,0.018851084634661674
plant_10854,10854,00,10854,depth,0.0019679595716297626,0.0014306723605841398,0.0005372873274609447,0.850830078125,0.3992919921875,0.017591645941138268
plant_10854,10854,00,10854,ref,0.0008396449266001582,0.0004936124314554036,0.0003460325242485851,0.7703857421875,0.2259521484375,0.01388506218791008
plant_10855,10855,00,10855,rgb,0.0010064359521493316,0.0005197694408707321,0.0004866665112785995,0.754150390625,0.250732421875,0.014361134730279446
plant_10855,10855,00,10855,depth,0.001449988572858274,0.0006655379547737539,0.0007844506180845201,0.78759765625,0.3447265625,0.016093231737613678
plant_10855,10855,00,10855,ref,0.0009289677836932242,0.0005009025917388499,0.00042806522105820477,0.78271484375,0.3153076171875,0.015546589158475399
plant_10856,10856,00,10856,rgb,0.001256711082533002,0.0007662465213797987,0.0004904645029455423,0.7962646484375,0.3917236328125,0.0170294176787138
plant_10856,10856,00,10856,depth,0.0008064727298915386,0.0005118062836118042,0.00029466647538356483,0.687744140625,0.189697265625,0.01328400056809187
plant_10856,10856,00,10856,ref,0.0004952205345034599,0.0002434923080727458,0.0002517281973268837,0.5693359375,0.19873046875,0.011719036847352982
plant_10857,10857,00,10857,rgb,0.001039599534124136,0.0006546858930960298,0.0003849135828204453,0.84130859375,0.3118896484375,0.016169562935829163
plant_10857,10857,00,10857,depth,0.0011947641614824533,0.0006940766470506787,0.0005006875726394355,0.8736572265625,0.3846435546875,0.017699377611279488
plant_10857,10857,00,10857,ref,0.000633520889095962,0.0002918439859058708,0.0003416768740862608,0.7979736328125,0.232666015625,0.014812679961323738
plant_10872,10872,00,10872,rgb,0.0028239984530955553,0.002096919110044837,0.0007270792848430574,0.913330078125,0.5472412109375,0.021480442956089973
plant_10872,10872,00,10872,depth,0.004185506142675877,0.003362133167684078,0.0008233729749917984,0.9140625,0.552001953125,0.02149408683180809
plant_10872,10872,00,10872,ref,0.0019386215135455132,0.0010872709099203348,0.0008513506036251783,0.9283447265625,0.588623046875,0.02213873527944088
plant_10874,10874,00,10874,rgb,0.0013176496140658855,0.0007198479142971337,0.0005978016997687519,0.9127197265625,0.4989013671875,0.01997830718755722
plant_10874,10874,00,10874,depth,0.001374844228848815,0.0007607462466694415,0.0006140979239717126,0.906005859375,0.497314453125,0.019934184849262238
plant_10874,10874,00,10874,ref,0.0010877858148887753,0.0005745638045482337,0.0005132220103405416,0.895263671875,0.440185546875,0.018618160858750343
plant_10880,10880,00,10880,rgb,0.0013514735037460923,0.0006621847860515118,0.0006892887759022415,0.8446044921875,0.4154052734375,0.018121829256415367
plant_10880,10880,00,10880,depth,0.0014431095914915204,0.0008018265361897647,0.0006412829388864338,0.8472900390625,0.364501953125,0.01720248907804489
plant_10880,10880,00,10880,ref,0.0010682952124625444,0.0004708775959443301,0.0005974176456220448,0.786865234375,0.3583984375,0.016320517286658287
plant_10891,10891,00,10891,rgb,0.0018989592790603638,0.0012867195764556527,0.0006122397026047111,0.9068603515625,0.5413818359375,0.02099575474858284
plant_10891,10891,00,10891,depth,0.00216518621891737,0.0012850812636315823,0.0008801050717011094,0.9210205078125,0.6175537109375,0.02287936396896839
plant_10891,10891,00,10891,ref,0.0015881177969276905,0.0010615871287882328,0.0005265307263471186,0.865966796875,0.4378662109375,0.018694572150707245
plant_10898,10898,00,10898,rgb,0.002124177757650614,0.0006424790481105447,0.0014816985931247473,0.8944091796875,0.576904296875,0.022885972633957863
plant_10898,10898,00,10898,depth,0.0019836430437862873,0.0006579149048775434,0.0013257281389087439,0.891357421875,0.5445556640625,0.021280670538544655
plant_10898,10898,00,10898,ref,0.0011854271870106459,0.0005544404266402125,0.0006309867603704333,0.8707275390625,0.4278564453125,0.018450964242219925
plant_10911,10911,00,10911,rgb,0.0007905327365733683,0.0003330813779029995,0.00045745132956653833,0.84619140625,0.3668212890625,0.017040742561221123
plant_10911,10911,00,10911,depth,0.0007752416422590613,0.0003632113221101463,0.00041203032014891505,0.86669921875,0.3447265625,0.017180943861603737
plant_10911,10911,00,10911,ref,0.0007560792146250606,0.0003363381256349385,0.0004197410889901221,0.83251953125,0.3731689453125,0.01710490882396698
plant_10917,10917,00,10917,rgb,0.0013978495262563229,0.000881638377904892,0.0005162111483514309,0.8648681640625,0.3775634765625,0.017430098727345467
plant_10917,10917,00,10917,depth,0.0017674955306574702,0.0009428229532204568,0.0008246725774370134,0.883056640625,0.4915771484375,0.019728343933820724
plant_10917,10917,00,10917,ref,0.0016857224982231855,0.0005531734204851091,0.0011325491359457374,0.84814453125,0.629150390625,0.024689169600605965
plant_1092,1092,00,1092,rgb,0.0007479835767298937,0.0003878407587762922,0.00036014284705743194,0.8280029296875,0.2701416015625,0.015765877440571785
plant_1092,1092,00,1092,depth,0.0007268822519108653,0.00039235592703334987,0.000334526295773685,0.8194580078125,0.247802734375,0.015342766419053078
plant_1092,1092,00,1092,ref,0.0006192030850797892,0.00027447615866549313,0.00034472692641429603,0.7728271484375,0.2093505859375,0.014313560910522938
plant_10924,10924,00,10924,rgb,0.002203094307333231,0.0011527492897585034,0.0010503450175747275,0.918701171875,0.608642578125,0.023384377360343933
plant_10924,10924,00,10924,depth,0.001958958338946104,0.0010563998948782682,0.0009025585022754967,0.9188232421875,0.5653076171875,0.02156791463494301
plant_10924,10924,00,10924,ref,0.0014405895490199327,0.0006778748356737196,0.0007627147133462131,0.8746337890625,0.528076171875,0.020801054313778877
plant_10943,10943,00,10943,rgb,0.0013172004837542772,0.0008423132821917534,0.00047488725977018476,0.868896484375,0.38037109375,0.017499251291155815
plant_10943,10943,00,10943,depth,0.001664261450059712,0.0011487358715385199,0.0005155255785211921,0.8839111328125,0.41064453125,0.018147094175219536
plant_10943,10943,00,10943,ref,0.002631585579365492,0.0016509909182786942,0.0009805945446714759,0.863525390625,0.502197265625,0.020062414929270744
plant_10951,10951,00,10951,rgb,0.0016209441237151623,0.0006082127219997346,0.0010127315763384104,0.9200439453125,0.6207275390625,0.023794034495949745
plant_10951,10951,00,10951,depth,0.0016547564882785082,0.0006106682121753693,0.001044088276103139,0.9161376953125,0.589111328125,0.0227859765291214
plant_10951,10951,00,10951,ref,0.0009795192163437605,0.00048606176278553903,0.000493457424454391,0.85791015625,0.400634765625,0.017819037660956383
plant_10952,10952,00,10952,rgb,0.0023164660669863224,0.0014282992342486978,0.0008881667745299637,0.924560546875,0.6495361328125,0.024204839020967484
plant_10952,10952,00,10952,depth,0.002161868382245302,0.0014127539470791817,0.0007491142023354769,0.9305419921875,0.6456298828125,0.023661544546484947
plant_10952,10952,00,10952,ref,0.003010086715221405,0.0021558189764618874,0.0008542678551748395,0.9296875,0.5838623046875,0.022287091240286827
plant_1096,1096,00,1096,rgb,0.0019725828897207975,0.00102087645791471,0.0009517063735984266,0.869384765625,0.4921875,0.019645052030682564
plant_1096,1096,00,1096,depth,0.0019201633986085653,0.0010457962052896619,0.0008743671933189034,0.8828125,0.5062255859375,0.02021055296063423
plant_1096,1096,00,1096,ref,0.0024716821499168873,0.001171335345134139,0.0013003468047827482,0.908935546875,0.5992431640625,0.023739486932754517
plant_10964,10964,00,10964,rgb,0.0009539148304611444,0.0005561300204135478,0.0003977848100475967,0.7811279296875,0.31689453125,0.015796242281794548
plant_10964,10964,00,10964,depth,0.0010154221672564745,0.0005396851920522749,0.00047573703341186047,0.828125,0.3592529296875,0.0167147945612669
plant_10964,10964,00,10964,ref,0.0006812494248151779,0.00030473689548671246,0.000376512500224635,0.7520751953125,0.26513671875,0.014335324987769127
plant_10965,10965,00,10965,rgb,0.0014917817898094654,0.0008193515241146088,0.0006724302074871957,0.8524169921875,0.4505615234375,0.01852797530591488
plant_10965,10965,00,10965,depth,0.0014604674652218819,0.0008274962310679257,0.0006329712923616171,0.8514404296875,0.4375,0.01838339865207672
plant_10965,10965,00,10965,ref,0.0010483363876119256,0.0005836285999976099,0.0004647077585104853,0.8427734375,0.37890625,0.01718343421816826
plant_10968,10968,00,10968,rgb,0.0012031036894768476,0.000774041167460382,0.00042906246380880475,0.8502197265625,0.3670654296875,0.01723584719002247
plant_10968,10968,00,10968,depth,0.0012149238027632236,0.0008468749583698809,0.0003680488152895123,0.8367919921875,0.2891845703125,0.01609041541814804
plant_10968,10968,00,10968,ref,0.0009000999853014946,0.0004855708102695644,0.0004145291750319302,0.8128662109375,0.28125,0.01551198959350586
plant_10974,10974,00,10974,rgb,0.002176522510126233,0.0017656724667176604,0.0004108499560970813,0.822509765625,0.3250732421875,0.016217941418290138
plant_10974,10974,00,10974,depth,0.0019265747396275401,0.0015787468291819096,0.000347827939549461,0.809326171875,0.3048095703125,0.01589128188788891
plant_10974,10974,00,10974,ref,0.0013092707376927137,0.0009077206486836076,0.00040155014721676707,0.808837890625,0.3448486328125,0.01635064370930195
plant_10993,10993,00,10993,rgb,0.0006315353675745428,0.00034063495695590973,0.0002909003815148026,0.7723388671875,0.2255859375,0.014645799994468689
plant_10993,10993,00,10993,depth,0.0006287061842158437,0.00033309601712971926,0.0002956101670861244,0.7711181640625,0.2318115234375,0.014672179706394672
plant_10993,10993,00,10993,ref,0.003049059771001339,0.002045261673629284,0.001003798097372055,0.931640625,0.688232421875,0.026765838265419006
plant_10999,10999,00,10999,rgb,0.0030355583876371384,0.0012514488771557808,0.0017841093940660357,0.9091796875,0.690185546875,0.03152504563331604
plant_10999,10999,00,10999,depth,0.0030898423865437508,0.0013083764351904392,0.0017814659513533115,0.9298095703125,0.7200927734375,0.034383244812488556
plant_10999,10999,00,10999,ref,0.0006074436823837459,0.00031799604767002165,0.00028944763471372426,0.6744384765625,0.166259765625,0.012690143659710884
plant_1100,1100,00,1100,rgb,0.000941385340411216,0.00042133498936891556,0.0005200503510423005,0.78515625,0.264892578125,0.014873472973704338
plant_1100,1100,00,1100,depth,0.0009467232739552855,0.000454327673651278,0.0004923956003040075,0.7855224609375,0.2515869140625,0.01464810874313116
plant_1100,1100,00,1100,ref,0.0007828148081898689,0.0003842847072519362,0.0003985301300417632,0.7589111328125,0.2755126953125,0.0149263059720397
plant_11001,11001,00,11001,rgb,0.0012124089989811182,0.0006706765852868557,0.0005417324136942625,0.8033447265625,0.3189697265625,0.015451091341674328
plant_11001,11001,00,11001,depth,0.0009748553857207298,0.0005840318044647574,0.0003908235812559724,0.756103515625,0.2489013671875,0.014159695245325565
plant_11001,11001,00,11001,ref,0.0007544965483248234,0.00031579413916915655,0.0004387024382594973,0.6668701171875,0.3292236328125,0.01496219728142023
plant_11006,11006,00,11006,rgb,0.0008048296440392733,0.00038173876237124205,0.0004230908816680312,0.738525390625,0.218994140625,0.013864925131201744
plant_11006,11006,00,11006,depth,0.0007728856289759278,0.00036787561839446425,0.0004050100105814636,0.735595703125,0.215576171875,0.014062340371310711
plant_11006,11006,00,11006,ref,0.0007273113587871194,0.0002988786727655679,0.0004284326860215515,0.72021484375,0.287353515625,0.01457733754068613
plant_11011,11011,00,11011,rgb,0.0012571674305945635,0.0006315732025541365,0.0006255943444557488,0.843994140625,0.33349609375,0.016555340960621834
plant_11011,11011,00,11011,depth,0.0012620899360626936,0.0005994017119519413,0.0006626881659030914,0.84814453125,0.3702392578125,0.017189206555485725
plant_11011,11011,00,11011,ref,0.001886642538011074,0.0008662876207381487,0.0010203549172729254,0.91015625,0.6097412109375,0.023640906438231468
plant_11015,11015,00,11015,rgb,0.0013850927352905273,0.0007261852733790874,0.0006589074619114399,0.87744140625,0.428955078125,0.018378186970949173
plant_11015,11015,00,11015,depth,0.0010145481210201979,0.0005697831511497498,0.0004447649698704481,0.8524169921875,0.28564453125,0.015957139432430267
plant_11015,11015,00,11015,ref,0.0010330064687877893,0.0004614831996150315,0.0005715233273804188,0.8194580078125,0.3966064453125,0.01716877892613411
plant_11016,11016,00,11016,rgb,0.0015241483924910426,0.0007819535094313323,0.0007421949412673712,0.8629150390625,0.5477294921875,0.021456988528370857
plant_11016,11016,00,11016,depth,0.0028251479379832745,0.0012094622943550348,0.0016156856436282396,0.887939453125,0.6729736328125,0.028123805299401283
plant_11016,11016,00,11016,ref,0.0007328087813220918,0.0003462461172603071,0.0003865626349579543,0.6727294921875,0.299560546875,0.014213466085493565
plant_11019,11019,00,11019,rgb,0.0013886515516787767,0.0005294943694025278,0.0008591571822762489,0.9000244140625,0.5103759765625,0.02023419924080372
plant_11019,11019,00,11019,depth,0.0015193503350019455,0.0006775136571377516,0.0008418366778641939,0.9117431640625,0.5404052734375,0.02098090946674347
plant_11019,11019,00,11019,ref,0.0013730567879974842,0.0007001328049227595,0.0006729240412823856,0.913330078125,0.5487060546875,0.021069763228297234
plant_11022,11022,00,11022,rgb,0.0008456113864667714,0.00042276520980522037,0.00042284620576538146,0.7730712890625,0.318359375,0.015775278210639954
plant_11022,11022,00,11022,depth,0.0007420115871354938,0.0003384705923963338,0.00040354099473915994,0.801025390625,0.283203125,0.01580909453332424
plant_11022,11022,00,11022,ref,0.0009962542681023479,0.00039743000525049865,0.0005988242337480187,0.80859375,0.4267578125,0.017846038565039635
plant_11024,11024,00,11024,rgb,0.00588081032037735,0.0027536421548575163,0.0031271681655198336,0.9278564453125,0.6802978515625,0.030913500115275383
plant_11024,11024,00,11024,depth,0.005948447622358799,0.0033863100688904524,0.002562137320637703,0.9451904296875,0.6995849609375,0.02889469638466835
plant_11024,11024,00,11024,ref,0.00171834253706038,0.0006381193525157869,0.001080223242752254,0.9183349609375,0.5477294921875,0.02124185301363468
plant_11026,11026,00,11026,rgb,0.0007655790541321039,0.0003851231012959033,0.00038045598194003105,0.7989501953125,0.268310546875,0.015270629897713661
plant_11026,11026,00,11026,depth,0.0008950011106207967,0.0005113438237458467,0.0003836573159787804,0.8095703125,0.3043212890625,0.015884369611740112
plant_11026,11026,00,11026,ref,0.0028976895846426487,0.0014509415486827493,0.0014467481523752213,0.896728515625,0.6492919921875,0.028512947261333466
plant_11033,11033,00,11033,rgb,0.0014723686035722494,0.0009273426840081811,0.0005450259777717292,0.874267578125,0.444580078125,0.018850576132535934
plant_11033,11033,00,11033,depth,0.001366213196888566,0.0009276695782318711,0.00043854364776052535,0.8526611328125,0.372802734375,0.017471332103013992
plant_11033,11033,00,11033,ref,0.0006007240153849125,0.0003478271537460387,0.0002528968616388738,0.7203369140625,0.1600341796875,0.013120482675731182
plant_11037,11037,00,11037,rgb,0.001104396185837686,0.000699045427609235,0.00040535078733228147,0.8458251953125,0.34130859375,0.01663646660745144
plant_11037,11037,00,11037,depth,0.0009918736759573221,0.0006167329265736043,0.00037514069117605686,0.8326416015625,0.2884521484375,0.015985827893018723
plant_11037,11037,00,11037,ref,0.0016657572705298662,0.000615735596511513,0.0010500217322260141,0.8125,0.42822265625,0.01812339574098587
plant_11040,11040,00,11040,rgb,0.0009954808047041297,0.0005554258823394775,0.00044005492236465216,0.804931640625,0.3162841796875,0.015785451978445053
plant_11040,11040,00,11040,depth,0.0011768193216994405,0.0006705818232148886,0.0005062374984845519,0.839111328125,0.349365234375,0.016792045906186104
plant_11040,11040,00,11040,ref,0.0007859004545025527,0.0004100802179891616,0.00037582023651339114,0.749755859375,0.2447509765625,0.013801739551126957
plant_1105,1105,00,1105,rgb,0.0007884156657382846,0.0003113775164820254,0.0004770380910485983,0.7447509765625,0.233642578125,0.01383331511169672
plant_1105,1105,00,1105,depth,0.0008497603703290224,0.0003345376462675631,0.0005152227240614593,0.7628173828125,0.259521484375,0.014218813739717007
plant_1105,1105,00,1105,ref,0.0018156464211642742,0.0007445210358127952,0.0010711255017668009,0.8060302734375,0.543212890625,0.022060886025428772
plant_11052,11052,00,11052,rgb,0.0007543342653661966,0.0003892628301400691,0.00036507140612229705,0.743896484375,0.241455078125,0.014242114499211311
plant_11052,11052,00,11052,depth,0.000712372362613678,0.00037347260513342917,0.00033889972837641835,0.7056884765625,0.20556640625,0.01325631607323885
plant_11052,11052,00,11052,ref,0.0009092391119338572,0.000498529989272356,0.00041070912266150117,0.7032470703125,0.2510986328125,0.013965540565550327
plant_11054,11054,00,11054,rgb,0.0007633784553036094,0.0004001289198640734,0.0003632495063357055,0.7987060546875,0.2347412109375,0.014682391658425331
plant_11054,11054,00,11054,depth,0.0008566960459575057,0.00044252778752706945,0.00041416825843043625,0.8101806640625,0.269775390625,0.015253803692758083
plant_11054,11054,00,11054,ref,0.0004600493411999196,0.0002166675985790789,0.0002433817571727559,0.6741943359375,0.135986328125,0.012369339354336262
plant_11057,11057,00,11057,rgb,0.0011744466610252857,0.0007277391850948334,0.00044670753413811326,0.79541015625,0.302001953125,0.01533686276525259
plant_11057,11057,00,11057,depth,0.0013592455070465803,0.0008256601868197322,0.000533585378434509,0.830810546875,0.363037109375,0.016444789245724678
plant_11057,11057,00,11057,ref,0.000775347463786602,0.0003554320428520441,0.00041991539183072746,0.7117919921875,0.216552734375,0.01319951843470335
plant_11061,11061,00,11061,rgb,0.00091761868679896,0.0005568007472902536,0.0003608179104048759,0.8345947265625,0.293701171875,0.016085440292954445
plant_11061,11061,00,11061,depth,0.0011398785281926394,0.0006316598737612367,0.0005082187126390636,0.861328125,0.4156494140625,0.018118230625987053
plant_11061,11061,00,11061,ref,0.000930973794311285,0.0005316408933140337,0.00039933284278959036,0.87353515625,0.385986328125,0.017741087824106216
plant_11065,11065,00,11065,rgb,0.001379323424771428,0.0008410937152802944,0.000538229534868151,0.870361328125,0.4229736328125,0.018342848867177963
plant_11065,11065,00,11065,depth,0.0014988877810537815,0.0009227835107594728,0.0005761042120866477,0.8677978515625,0.429931640625,0.01862601563334465
plant_11065,11065,00,11065,ref,0.0007703816518187523,0.00039608185761608183,0.0003742998233065009,0.8121337890625,0.274658203125,0.01562382560223341
plant_11075,11075,00,11075,rgb,0.0007904852391220629,0.00039712476427666843,0.0003933604748453945,0.801513671875,0.2918701171875,0.015602150931954384
plant_11075,11075,00,11075,depth,0.0008271912811324,0.00043786107562482357,0.000389330176403746,0.803955078125,0.3116455078125,0.016014032065868378
plant_11075,11075,00,11075,ref,0.0008655127603560686,0.0004085176915396005,0.00045699503971263766,0.7935791015625,0.3360595703125,0.016308927908539772
plant_11076,11076,00,11076,rgb,0.0011422953102737665,0.0004145480925217271,0.0007277472177520394,0.8216552734375,0.431640625,0.01808289624750614
plant_11076,11076,00,11076,depth,0.0013764329487457871,0.000508633442223072,0.0008677994483150542,0.8402099609375,0.4488525390625,0.018457194790244102
plant_11076,11076,00,11076,ref,0.0006344511639326811,0.00023392333241645247,0.00040052784606814384,0.67724609375,0.2049560546875,0.012955878861248493
plant_11082,11082,00,11082,rgb,0.001232472830452025,0.0008081380510702729,0.000424334779381752,0.80712890625,0.3079833984375,0.01599234901368618
plant_11082,11082,00,11082,depth,0.0013672050554305315,0.0008580351714044809,0.0005091698840260506,0.82177734375,0.33837890625,0.01623876765370369
plant_11082,11082,00,11082,ref,0.0005564406746998429,0.00028308702167123556,0.00027335365302860737,0.6337890625,0.1502685546875,0.012166174128651619
plant_11092,11092,00,11092,rgb,0.0005360891227610409,0.0002808851422742009,0.00025520398048684,0.712890625,0.1634521484375,0.013198025524616241
plant_11092,11092,00,11092,depth,0.0005014662747271359,0.0002708212414290756,0.00023064507695380598,0.7010498046875,0.1300048828125,0.012789053842425346
plant_11092,11092,00,11092,ref,0.0009683296084403992,0.0005157490959390998,0.00045258054160512984,0.724609375,0.2608642578125,0.013753609731793404
plant_11104,11104,00,11104,rgb,0.001173222903162241,0.00046886413474567235,0.0007043586811050773,0.8177490234375,0.4180908203125,0.01776323840022087
plant_11104,11104,00,11104,depth,0.000664353312458843,0.0002936226374004036,0.0003707306750584394,0.75146484375,0.2662353515625,0.014600742608308792
plant_11104,11104,00,11104,ref,0.0008729812689125538,0.0003708702861331403,0.0005021109827794135,0.7164306640625,0.3521728515625,0.015790600329637527
plant_11114,11114,00,11114,rgb,0.003404222894459963,0.002268777694553137,0.0011354453163221478,0.9112548828125,0.5723876953125,0.02216491289436817
plant_11114,11114,00,11114,depth,0.002777784364297986,0.001630835235118866,0.00114694912917912,0.880615234375,0.563720703125,0.02171267382800579
plant_11114,11114,00,11114,ref,0.0016708218026906252,0.001037283567711711,0.0006335382931865752,0.8765869140625,0.516357421875,0.0204281248152256
plant_11138,11138,00,11138,rgb,0.002921558218076825,0.0025074733421206474,0.0004140849632676691,0.84912109375,0.338134765625,0.016924263909459114
plant_11138,11138,00,11138,depth,0.001670627505518496,0.0012640892527997494,0.00040653825271874666,0.8544921875,0.3565673828125,0.017350833863019943
plant_11138,11138,00,11138,ref,0.0010722780134528875,0.0006559230969287455,0.0004163549456279725,0.81689453125,0.3145751953125,0.01594274304807186
plant_11141,11141,00,11141,rgb,0.0013104474637657404,0.000666024221573025,0.0006444230675697327,0.8375244140625,0.3526611328125,0.016585510224103928
plant_11141,11141,00,11141,depth,0.0013499604538083076,0.0008008690201677382,0.0005490914336405694,0.83837890625,0.35595703125,0.01672191731631756
plant_11141,11141,00,11141,ref,0.0006236830959096551,0.0003090169921051711,0.00031466607470065355,0.7412109375,0.21728515625,0.013853097334504128
plant_11151,11151,00,11151,rgb,0.0008506394224241376,0.00046024780021980405,0.00039039162220433354,0.7857666015625,0.3017578125,0.015536225400865078
plant_11151,11151,00,11151,depth,0.00074508145917207,0.00041073455940932035,0.0003343468706589192,0.7652587890625,0.2196044921875,0.014386210590600967
plant_11151,11151,00,11151,ref,0.0008398380596190691,0.0004498691705521196,0.0003899689472746104,0.7869873046875,0.297119140625,0.015621774829924107
plant_11155,11155,00,11155,rgb,0.0006323502166196704,0.00033602656912989914,0.0002963236765936017,0.7352294921875,0.1822509765625,0.013400278054177761
plant_11155,11155,00,11155,depth,0.0005651600076816976,0.00024024122103583068,0.00032491880119778216,0.70166015625,0.1644287109375,0.01313752867281437
plant_11155,11155,00,11155,ref,0.0006306989234872162,0.00023780236369930208,0.00039289655978791416,0.72802734375,0.2381591796875,0.013862968422472477
plant_11158,11158,00,11158,rgb,0.005295764654874802,0.004034640267491341,0.001261124387383461,0.9261474609375,0.609130859375,0.022986043244600296
plant_11158,11158,00,11158,depth,0.007079369388520718,0.00570005364716053,0.0013793156249448657,0.93798828125,0.6475830078125,0.024792302399873734
plant_11158,11158,00,11158,ref,0.0030990734230726957,0.0016690888442099094,0.0014299845788627863,0.9573974609375,0.7760009765625,0.03042333759367466
plant_1116,1116,00,1116,rgb,0.0024716248735785484,0.0008534457883797586,0.0016181791434064507,0.9200439453125,0.6142578125,0.024390175938606262
plant_1116,1116,00,1116,depth,0.002172155538573861,0.000788325269240886,0.001383830327540636,0.9188232421875,0.593994140625,0.023111779242753983
plant_1116,1116,00,1116,ref,0.001960627268999815,0.0008958717808127403,0.0010647554881870747,0.9334716796875,0.66650390625,0.02489295043051243
plant_11166,11166,00,11166,rgb,0.0031544917728751898,0.0024506535846740007,0.0007038380717858672,0.905517578125,0.5113525390625,0.020290011540055275
plant_11166,11166,00,11166,depth,0.0026270130183547735,0.0019185373093932867,0.0007084757671691477,0.8779296875,0.5679931640625,0.02184721641242504
plant_11166,11166,00,11166,ref,0.0018296085763722658,0.0012137186713516712,0.0006158898468129337,0.8822021484375,0.5037841796875,0.02009718492627144
plant_11175,11175,00,11175,rgb,0.001976647414267063,0.0007895198650658131,0.0011871274327859282,0.8807373046875,0.436767578125,0.01853971742093563
plant_11175,11175,00,11175,depth,0.0021256208419799805,0.0008186694467440248,0.0013069513952359557,0.8892822265625,0.4644775390625,0.019083743914961815
plant_11175,11175,00,11175,ref,0.0015599166508764029,0.0006521608447656035,0.0009077558061107993,0.8909912109375,0.4576416015625,0.019004542380571365
plant_11177,11177,00,11177,rgb,0.0012455221731215715,0.0006010765209794044,0.0006444455939345062,0.8275146484375,0.3692626953125,0.01698564924299717
plant_11177,11177,00,11177,depth,0.0011550579220056534,0.0005406587151810527,0.0006143992650322616,0.8446044921875,0.371337890625,0.017264820635318756
plant_11177,11177,00,11177,ref,0.0006854229723103344,0.0003176432801410556,0.00036777969216927886,0.7283935546875,0.248046875,0.014214242808520794
plant_11197,11197,00,11197,rgb,0.0009585518855601549,0.00046407050103880465,0.0004944813554175198,0.837646484375,0.3515625,0.016681157052516937
plant_11197,11197,00,11197,depth,0.0010337777202948928,0.0003596871392801404,0.0006740905228070915,0.829345703125,0.3526611328125,0.016751980409026146
plant_11197,11197,00,11197,ref,0.0018224528757855296,0.0009391493513248861,0.0008833034662529826,0.935546875,0.5947265625,0.022218547761440277
plant_11204,11204,00,11204,rgb,0.0007071729050949216,0.00040002321475185454,0.0003071496612392366,0.7684326171875,0.2197265625,0.014254140667617321
plant_11204,11204,00,11204,depth,0.0006515892455354333,0.0003518092562444508,0.00029977996018715203,0.7640380859375,0.23486328125,0.014515461400151253
plant_11204,11204,00,11204,ref,0.0008604768663644791,0.0004207344609312713,0.0004397423763293773,0.744384765625,0.3212890625,0.014653375372290611
plant_1121,1121,00,1121,rgb,0.0012632478028535843,0.0006722720572724938,0.0005909757455810905,0.894775390625,0.4537353515625,0.01899055950343609
plant_1121,1121,00,1121,depth,0.0010841665789484978,0.000565802794881165,0.0005183637258596718,0.86474609375,0.369140625,0.01734124682843685
plant_1121,1121,00,1121,ref,0.0015330761671066284,0.0006412453367374837,0.0008918307721614838,0.8941650390625,0.570068359375,0.02207000181078911
plant_11212,11212,00,11212,rgb,0.0028108295518904924,0.000807909993454814,0.0020029195584356785,0.925537109375,0.683349609375,0.029441114515066147
plant_11212,11212,00,11212,depth,0.0020218566060066223,0.0008273394778370857,0.0011945172445848584,0.91650390625,0.6103515625,0.024380534887313843
plant_11212,11212,00,11212,ref,0.0010784200858324766,0.0004365905770100653,0.0006418295670300722,0.8648681640625,0.421630859375,0.018171211704611778
plant_11213,11213,00,11213,rgb,0.001089091063477099,0.0006228015990927815,0.00046628943528048694,0.8350830078125,0.3074951171875,0.015810877084732056
plant_11213,11213,00,11213,depth,0.0010401392355561256,0.0006465277401730418,0.00039361155359074473,0.8365478515625,0.319580078125,0.016262777149677277
plant_11213,11213,00,11213,ref,0.0011162060545757413,0.0006303100381046534,0.0004858960455749184,0.779541015625,0.256103515625,0.014230377972126007
plant_11218,11218,00,11218,rgb,0.0006180315976962447,0.0003293690679129213,0.00028866255888715386,0.7344970703125,0.21435546875,0.014159255661070347
plant_11218,11218,00,11218,depth,0.0006343546556308866,0.0003596374881453812,0.00027471722569316626,0.736572265625,0.193115234375,0.013850861229002476
plant_11218,11218,00,11218,ref,0.000598331680521369,0.0002680853649508208,0.0003302463155705482,0.753662109375,0.243408203125,0.014799055643379688
plant_11231,11231,00,11231,rgb,0.0015197915490716696,0.000882890191860497,0.0006369013572111726,0.9091796875,0.5179443359375,0.020420975983142853
plant_11231,11231,00,11231,depth,0.001064893091097474,0.0005985760944895446,0.00046631688019260764,0.8651123046875,0.3763427734375,0.017576338723301888
plant_11231,11231,00,11231,ref,0.0020957011729478836,0.001238279277458787,0.000857421662658453,0.9068603515625,0.5455322265625,0.02117661014199257
plant_11232,11232,00,11232,rgb,0.0009300464298576117,0.0005646739737130702,0.00036537236883305013,0.789306640625,0.3016357421875,0.016064319759607315
plant_11232,11232,00,11232,depth,0.0009459232678636909,0.0005574596580117941,0.0003884635807480663,0.7711181640625,0.294677734375,0.01594396121799946
plant_11232,11232,00,11232,ref,0.0012269229628145695,0.0006215886678546667,0.0006053342367522418,0.8233642578125,0.447509765625,0.01858348399400711
plant_11234,11234,00,11234,rgb,0.0006389813497662544,0.0003127687959931791,0.0003262125246692449,0.7108154296875,0.1551513671875,0.0129555007442832
plant_11234,11234,00,11234,depth,0.0006354870274662971,0.00029854863532818854,0.00033693836303427815,0.72216796875,0.167724609375,0.013166139833629131
plant_11234,11234,00,11234,ref,0.0009790631011128426,0.0005678553134202957,0.00041120772948488593,0.7589111328125,0.238525390625,0.014089762233197689
plant_11239,11239,00,11239,rgb,0.021875577047467232,0.004629646893590689,0.017245929688215256,0.9552001953125,0.7982177734375,0.05178455635905266
plant_11239,11239,00,11239,depth,0.0006090938113629818,0.0002960989950224757,0.00031299484544433653,0.673828125,0.175048828125,0.012706438079476357
plant_11239,11239,00,11239,ref,0.0010093897581100464,0.00037568359402939677,0.0006337061058729887,0.7861328125,0.4102783203125,0.0172953549772501
plant_11247,11247,00,11247,rgb,0.0020921239629387856,0.001477863173931837,0.0006142607307992876,0.8612060546875,0.3785400390625,0.01725991815328598
plant_11247,11247,00,11247,depth,0.002980940043926239,0.0024394174106419086,0.0005415225168690085,0.85205078125,0.3642578125,0.017058126628398895
plant_11247,11247,00,11247,ref,0.0011997271794825792,0.0005065430887043476,0.0006931841489858925,0.79931640625,0.3165283203125,0.016034280881285667
plant_11255,11255,00,11255,rgb,0.000785971584264189,0.00046528669190593064,0.00032068483415059745,0.785888671875,0.2088623046875,0.014501029625535011
plant_11255,11255,00,11255,depth,0.0009868533816188574,0.0005834223702549934,0.00040343106957152486,0.8426513671875,0.2613525390625,0.015571237541735172
plant_11255,11255,00,11255,ref,0.0005615829722955823,0.0002749514242168516,0.00028663157718256116,0.7357177734375,0.19677734375,0.013924420811235905
plant_11259,11259,00,11259,rgb,0.0020841434597969055,0.0008160134311765432,0.0012681299122050405,0.917236328125,0.642822265625,0.02491219900548458
plant_11259,11259,00,11259,depth,0.0016729321796447039,0.0006562317139469087,0.001016700523905456,0.9256591796875,0.616943359375,0.023158717900514603
plant_11259,11259,00,11259,ref,0.0009102036710828543,0.0003555560251697898,0.0005546477041207254,0.81591796875,0.37548828125,0.0169424656778574
plant_11264,11264,00,11264,rgb,0.0007704243762418628,0.00028445024508982897,0.00048597410204820335,0.82958984375,0.3779296875,0.01692436821758747
plant_11264,11264,00,11264,depth,0.0007151332101784647,0.00031256082002073526,0.0004025723901577294,0.806396484375,0.3304443359375,0.016138862818479538
plant_11264,11264,00,11264,ref,0.0012685377150774002,0.0004768061335198581,0.0007917315815575421,0.8697509765625,0.5374755859375,0.02099267579615116
plant_11268,11268,00,11268,rgb,0.0014271782711148262,0.0008244496420957148,0.0006027287454344332,0.8797607421875,0.3687744140625,0.017417894676327705
plant_11268,11268,00,11268,depth,0.0011465387651696801,0.0005686471122317016,0.0005778915947303176,0.8446044921875,0.302734375,0.01627015322446823
plant_11268,11268,00,11268,ref,0.0012193566653877497,0.0006132700364105403,0.0006060866289772093,0.878662109375,0.4739990234375,0.019457576796412468
plant_11279,11279,00,11279,rgb,0.0023784346412867308,0.0011205843184143305,0.0012578502064570785,0.870361328125,0.50048828125,0.020010875537991524
plant_11279,11279,00,11279,depth,0.0019435298163443804,0.0009034738759510219,0.0010400559986010194,0.8330078125,0.4569091796875,0.018473608419299126
plant_11279,11279,00,11279,ref,0.0007312727393582463,0.0003039440489374101,0.0004273286322131753,0.6966552734375,0.232177734375,0.013179345987737179
plant_11283,11283,00,11283,rgb,0.0020240573212504387,0.0007220614934340119,0.001301995711401105,0.92822265625,0.6351318359375,0.024412067607045174
plant_11283,11283,00,11283,depth,0.0018145190551877022,0.0007769382791593671,0.001037580776028335,0.92041015625,0.5953369140625,0.022747354581952095
plant_11283,11283,00,11283,ref,0.0013660433469340205,0.00048302795039489865,0.0008830153965391219,0.8741455078125,0.5589599609375,0.02160349301993847
plant_11287,11287,00,11287,rgb,0.0007721004076302052,0.0003760223917197436,0.000396078045014292,0.8148193359375,0.3367919921875,0.016264658421278
plant_11287,11287,00,11287,depth,0.0005977355758659542,0.0002950241614598781,0.0003027114144060761,0.75,0.2301025390625,0.014120751991868019
plant_11287,11287,00,11287,ref,0.0006800193223170936,0.0003133124264422804,0.0003667068958748132,0.671630859375,0.242919921875,0.013799747452139854
plant_11294,11294,00,11294,rgb,0.004721837118268013,0.0030631746631115675,0.0016586626879870892,0.966796875,0.79931640625,0.034521542489528656
plant_11294,11294,00,11294,depth,0.003356493078172207,0.0022371127270162106,0.0011193803511559963,0.9378662109375,0.683837890625,0.024766700342297554
plant_11294,11294,00,11294,ref,0.003232490736991167,0.002228343393653631,0.0010041474597528577,0.9361572265625,0.6522216796875,0.024638021364808083
plant_11305,11305,00,11305,rgb,0.0016904566437005997,0.0007567998836748302,0.0009336567018181086,0.910400390625,0.5965576171875,0.02287992462515831
plant_11305,11305,00,11305,depth,0.0015037781558930874,0.0006662498344667256,0.0008375282632187009,0.9117431640625,0.550048828125,0.021261438727378845
plant_11305,11305,00,11305,ref,0.0016892687417566776,0.0006073809345252812,0.0010818878654390574,0.9053955078125,0.618408203125,0.023847555741667747
plant_11306,11306,00,11306,rgb,0.002247254364192486,0.0013950348366051912,0.0008522195275872946,0.8525390625,0.4830322265625,0.019327282905578613
plant_11306,11306,00,11306,depth,0.001890185521915555,0.0011456884676590562,0.0007444971124641597,0.861328125,0.4630126953125,0.018842868506908417
plant_11306,11306,00,11306,ref,0.0016013237182050943,0.0008594109676778316,0.0007419127505272627,0.8504638671875,0.435791015625,0.018413374200463295
plant_11310,11310,00,11310,rgb,0.006874046288430691,0.005170866381376982,0.0017031802562996745,0.9403076171875,0.62890625,0.023447424173355103
plant_11310,11310,00,11310,depth,0.006457936018705368,0.004786900710314512,0.0016710355412214994,0.9239501953125,0.5943603515625,0.022305676713585854
plant_11310,11310,00,11310,ref,0.0011554568773135543,0.0006969281821511686,0.00045852872426621616,0.8660888671875,0.3616943359375,0.017187131568789482
plant_11314,11314,00,11314,rgb,0.00840431172400713,0.007643803022801876,0.00076050846837461,0.900390625,0.5028076171875,0.020082751289010048
plant_11314,11314,00,11314,depth,0.01548545341938734,0.014541061595082283,0.0009443918243050575,0.926025390625,0.6002197265625,0.02279798872768879
plant_11314,11314,00,11314,ref,0.0008587172487750649,0.0004562019894365221,0.0004025152593385428,0.750732421875,0.2713623046875,0.01451052911579609
plant_11323,11323,00,11323,rgb,0.0008187431376427412,0.0003482579777482897,0.0004704852181021124,0.73828125,0.335693359375,0.015287325717508793
plant_11323,11323,00,11323,depth,0.0007776674465276301,0.00035870217834599316,0.00041896523907780647,0.7200927734375,0.284423828125,0.014681932516396046
plant_11323,11323,00,11323,ref,0.001081336522474885,0.0004255840613041073,0.0006557524902746081,0.68896484375,0.384033203125,0.016238683834671974
plant_11328,11328,00,11328,rgb,0.0012186361709609628,0.0007734265527687967,0.00044520964729599655,0.8424072265625,0.3516845703125,0.016833657398819923
plant_11328,11328,00,11328,depth,0.0015110645908862352,0.0009248554706573486,0.0005862091202288866,0.8536376953125,0.3941650390625,0.017692284658551216
plant_11328,11328,00,11328,ref,0.0008945853915065527,0.0004106420383322984,0.00048394332407042384,0.8106689453125,0.314697265625,0.015509085729718208
plant_11330,11330,00,11330,rgb,0.0021424032747745514,0.0015901756705716252,0.0005522274877876043,0.869140625,0.482666015625,0.019512653350830078
plant_11330,11330,00,11330,depth,0.0018789827590808272,0.001376315951347351,0.000502666924148798,0.8585205078125,0.4644775390625,0.019152512773871422
plant_11330,11330,00,11330,ref,0.0011847084388136864,0.0005793177988380194,0.000605390639975667,0.8360595703125,0.42431640625,0.017713777720928192
plant_11348,11348,00,11348,rgb,0.0021305528935045004,0.0011468797456473112,0.0009836731478571892,0.851806640625,0.4381103515625,0.018136775121092796
plant_11348,11348,00,11348,depth,0.0021122838370501995,0.0011610807850956917,0.0009512032265774906,0.862548828125,0.400146484375,0.01753121241927147
plant_11348,11348,00,11348,ref,0.0015790073666721582,0.0004743770114146173,0.00110463029704988,0.7266845703125,0.4044189453125,0.016515761613845825
plant_11371,11371,00,11371,rgb,0.0014188883360475302,0.0009015166433528066,0.0005173717509023845,0.849609375,0.4073486328125,0.01772940903902054
plant_11371,11371,00,11371,depth,0.0021931922528892756,0.0015929267974570394,0.0006002655136398971,0.9044189453125,0.48681640625,0.019669221714138985
plant_11371,11371,00,11371,ref,0.0012203387450426817,0.0006884408066980541,0.0005318980547599494,0.8258056640625,0.4049072265625,0.01761186309158802
plant_11373,11373,00,11373,rgb,0.001172016840428114,0.0005390754085965455,0.0006329414318315685,0.904052734375,0.4852294921875,0.019649039953947067
plant_11373,11373,00,11373,depth,0.001027449732646346,0.0004473587905522436,0.000580090971197933,0.869384765625,0.39599609375,0.017730887979269028
plant_11373,11373,00,11373,ref,0.001274884445592761,0.0005716395098716021,0.000703244935721159,0.858154296875,0.431884765625,0.018409915268421173
plant_11382,11382,00,11382,rgb,0.001078166184015572,0.0005588683416135609,0.0005192979006096721,0.787109375,0.3211669921875,0.01540926843881607
plant_11382,11382,00,11382,depth,0.0009878231212496758,0.0005704027134925127,0.0004174203786533326,0.7943115234375,0.2869873046875,0.015153114683926105
plant_11382,11382,00,11382,ref,0.0011993786320090294,0.0007683914736844599,0.00043098710011690855,0.766357421875,0.3028564453125,0.014934487640857697
plant_11384,11384,00,11384,rgb,0.0018268346320837736,0.0010687046451494098,0.0007581299869343638,0.910888671875,0.5596923828125,0.02145434357225895
plant_11384,11384,00,11384,depth,0.002223309362307191,0.0014266666257753968,0.0007966427365317941,0.9229736328125,0.612060546875,0.022887593135237694
plant_11384,11384,00,11384,ref,0.0016679847612977028,0.0008877303916960955,0.0007802543113939464,0.89599609375,0.6370849609375,0.023887425661087036
plant_11386,11386,00,11386,rgb,0.0007828606758266687,0.00041599207906983793,0.00036686856765300035,0.735107421875,0.2384033203125,0.014233583584427834
plant_11386,11386,00,11386,depth,0.0008467152947559953,0.0005072480998933315,0.00033946719486266375,0.736328125,0.2373046875,0.014089114032685757
plant_11386,11386,00,11386,ref,0.0008689046371728182,0.00036011950578540564,0.0005087851313874125,0.65283203125,0.2763671875,0.013474165461957455
plant_11400,11400,00,11400,rgb,0.0020385137759149075,0.0012548186350613832,0.0007836951990611851,0.8880615234375,0.5306396484375,0.020880797877907753
plant_11400,11400,00,11400,depth,0.0020709275268018246,0.0012059458531439304,0.0008649815572425723,0.9239501953125,0.5772705078125,0.022185998037457466
plant_11400,11400,00,11400,ref,0.002291107550263405,0.0014723280910402536,0.0008187794010154903,0.870849609375,0.4730224609375,0.01918485388159752
plant_11401,11401,00,11401,rgb,0.002484310185536742,0.001718106446787715,0.0007662037969566882,0.8758544921875,0.4766845703125,0.01938929408788681
plant_11401,11401,00,11401,depth,0.002607236849144101,0.001867988146841526,0.0007392486440949142,0.8956298828125,0.56787109375,0.021830474957823753
plant_11401,11401,00,11401,ref,0.0007003443315625191,0.0003542693448252976,0.0003460749867372215,0.701171875,0.1817626953125,0.012814340181648731
plant_11402,11402,00,11402,rgb,0.0017036242643371224,0.0007820819737389684,0.0009215422905981541,0.897216796875,0.4691162109375,0.01922578737139702
plant_11402,11402,00,11402,depth,0.0014380558859556913,0.0006955902208574116,0.0007424657233059406,0.879638671875,0.4512939453125,0.018755167722702026
plant_11402,11402,00,11402,ref,0.0014077001251280308,0.0006254399195313454,0.0007822603220120072,0.8656005859375,0.371337890625,0.017374910414218903
plant_11408,11408,00,11408,rgb,0.002991216955706477,0.002286838600412011,0.0007043782388791442,0.89501953125,0.4947509765625,0.019880739971995354
plant_11408,11408,00,11408,depth,0.0038948224391788244,0.0031637116335332394,0.0007311105728149414,0.899169921875,0.487060546875,0.01974283717572689
plant_11408,11408,00,11408,ref,0.0018706242553889751,0.0009739610832184553,0.0008966631721705198,0.9007568359375,0.566650390625,0.021827608346939087
plant_11412,11412,00,11412,rgb,0.003494841977953911,0.002523617120459676,0.0009712247992865741,0.9295654296875,0.5626220703125,0.0214996337890625
plant_11412,11412,00,11412,depth,0.002216028980910778,0.0014591336948797107,0.0007568950532004237,0.908935546875,0.5511474609375,0.02115030772984028
plant_11412,11412,00,11412,ref,0.0017653100658208132,0.0011776500614359975,0.0005876600043848157,0.8802490234375,0.464111328125,0.01926499977707863
plant_11418,11418,00,11418,rgb,0.001625914592295885,0.0006539165042340755,0.0009719981462694705,0.9190673828125,0.6199951171875,0.023765580728650093
plant_11418,11418,00,11418,depth,0.0016081515932455659,0.0006340974941849709,0.000974054157268256,0.8985595703125,0.5684814453125,0.021970555186271667
plant_11418,11418,00,11418,ref,0.0012991363182663918,0.0005125768366269767,0.0007865595398470759,0.8809814453125,0.5311279296875,0.020938672125339508
plant_11428,11428,00,11428,rgb,0.0009120210888795555,0.0003611962602008134,0.0005508248577825725,0.84033203125,0.3548583984375,0.016927948221564293
plant_11428,11428,00,11428,depth,0.0009100382449105382,0.0003605634265113622,0.0005494748475030065,0.8221435546875,0.3599853515625,0.016586432233452797
plant_11428,11428,00,11428,ref,0.001135465456172824,0.00047093851026147604,0.000664526887703687,0.84375,0.4552001953125,0.018856430426239967
plant_11431,11431,00,11431,rgb,0.0014162242878228426,0.0006283312686719,0.0007878930773586035,0.8741455078125,0.453125,0.018821416422724724
plant_11431,11431,00,11431,depth,0.0016474570147693157,0.0007173089543357491,0.0009301480604335666,0.8807373046875,0.4630126953125,0.019166190177202225
plant_11431,11431,00,11431,ref,0.0011336826719343662,0.0005110938800498843,0.000622588733676821,0.8089599609375,0.3453369140625,0.0161062590777874
plant_11447,11447,00,11447,rgb,0.0007727650227025151,0.0003564213402569294,0.0004163437115494162,0.7503662109375,0.2860107421875,0.014501593075692654
plant_11447,11447,00,11447,depth,0.0008939860272221267,0.00037919252645224333,0.0005147935007698834,0.781494140625,0.357177734375,0.01563352346420288
plant_11447,11447,00,11447,ref,0.0008919761166907847,0.000348430301528424,0.0005435457569546998,0.78955078125,0.393310546875,0.01699274592101574
plant_11448,11448,00,11448,rgb,0.0008913491619750857,0.0003296605427749455,0.0005616886774078012,0.8294677734375,0.32958984375,0.016366789117455482
plant_11448,11448,00,11448,depth,0.0008530435152351856,0.0003067946236114949,0.0005462488625198603,0.8206787109375,0.311767578125,0.015921883285045624
plant_11448,11448,00,11448,ref,0.0015011581126600504,0.0005571364308707416,0.0009440216235816479,0.8875732421875,0.55224609375,0.021625474095344543
plant_1145,1145,00,1145,rgb,0.0018678740598261356,0.0009689554572105408,0.000898918544407934,0.9052734375,0.5865478515625,0.022265886887907982
plant_1145,1145,00,1145,depth,0.0018816525116562843,0.0010376855498179793,0.0008439669036306441,0.9013671875,0.570556640625,0.022011326625943184
plant_1145,1145,00,1145,ref,0.001964947208762169,0.0008482534904032946,0.0011166936019435525,0.9013671875,0.5675048828125,0.021814243867993355
plant_11450,11450,00,11450,rgb,0.001334163942374289,0.0006311279721558094,0.0007030359702184796,0.86669921875,0.4205322265625,0.017991311848163605
plant_11450,11450,00,11450,depth,0.0013040543999522924,0.0007037604227662086,0.0006002940353937447,0.85498046875,0.4140625,0.018042752519249916
plant_11450,11450,00,11450,ref,0.0011256939033046365,0.00042622792534530163,0.0006994659779593349,0.8037109375,0.3944091796875,0.01677512936294079
plant_11452,11452,00,11452,rgb,0.002153140027076006,0.001040562754496932,0.001112577272579074,0.8902587890625,0.55419921875,0.022538715973496437
plant_11452,11452,00,11452,depth,0.0014199154684320092,0.000779610825702548,0.0006403045845218003,0.8663330078125,0.459228515625,0.018698014318943024
plant_11452,11452,00,11452,ref,0.0007374078268185258,0.0003911410749424249,0.0003462667518761009,0.7052001953125,0.27197265625,0.014210411347448826
plant_11457,11457,00,11457,rgb,0.0034007993526756763,0.001757244928739965,0.001643554656766355,0.7984619140625,0.5845947265625,0.02383972704410553
plant_11457,11457,00,11457,depth,0.0029763183556497097,0.0015757239889353514,0.0014005942502990365,0.8212890625,0.5504150390625,0.02231900952756405
plant_11457,11457,00,11457,ref,0.000612943375017494,0.0002883574925363064,0.0003245858533773571,0.7021484375,0.2279052734375,0.013549122959375381
plant_11460,11460,00,11460,rgb,0.0008782803197391331,0.0005557455006055534,0.00032253487734124064,0.7662353515625,0.243896484375,0.014482405968010426
plant_11460,11460,00,11460,depth,0.0014012902975082397,0.0009251006413251162,0.0004761895979754627,0.8284912109375,0.311279296875,0.016082657501101494
plant_11460,11460,00,11460,ref,0.0008636454585939646,0.0005466379225254059,0.0003170075360685587,0.7452392578125,0.22705078125,0.014150522649288177
plant_11461,11461,00,11461,rgb,0.0008112375508062541,0.0003545791551005095,0.00045665836660191417,0.8453369140625,0.3505859375,0.016784613952040672
plant_11461,11461,00,11461,depth,0.0008728090906515718,0.0003879074938595295,0.0004849015676882118,0.841064453125,0.35693359375,0.01680346205830574
plant_11461,11461,00,11461,ref,0.0008298405446112156,0.000284465349977836,0.0005453751655295491,0.80859375,0.34521484375,0.01641963981091976
plant_11471,11471,00,11471,rgb,0.0008302162168547511,0.000443450640887022,0.00038676554686389863,0.667724609375,0.221923828125,0.012524602934718132
plant_11471,11471,00,11471,depth,0.0007245092419907451,0.00041364089702256024,0.0003108683740720153,0.7215576171875,0.1925048828125,0.013290714472532272
plant_11471,11471,00,11471,ref,0.0010019317269325256,0.00048292847350239754,0.0005190031952224672,0.7960205078125,0.38623046875,0.017054881900548935
plant_11480,11480,00,11480,rgb,0.001716067548841238,0.0007999420631676912,0.0009161254274658859,0.90771484375,0.5665283203125,0.022143898531794548
plant_11480,11480,00,11480,depth,0.0020509702153503895,0.0009518176084384322,0.0010991524904966354,0.916015625,0.6170654296875,0.023911070078611374
plant_11480,11480,00,11480,ref,0.0012439086567610502,0.0005394858308136463,0.0007044228259474039,0.8590087890625,0.4771728515625,0.019358869642019272
plant_11485,11485,00,11485,rgb,0.0010040514171123505,0.00044118970981799066,0.0005628617363981903,0.6199951171875,0.261962890625,0.012422031722962856
plant_11485,11485,00,11485,depth,0.0010880783665925264,0.00045481178676709533,0.0006332665798254311,0.6400146484375,0.2420654296875,0.01254939567297697
plant_11485,11485,00,11485,ref,0.0008252081461250782,0.00026227306807413697,0.0005629350780509412,0.59130859375,0.235107421875,0.012006926350295544
plant_11487,11487,00,11487,rgb,0.0026367998216301203,0.002161603420972824,0.0004751964006572962,0.8759765625,0.350341796875,0.017163347452878952
plant_11487,11487,00,11487,depth,0.001827573636546731,0.001398452208377421,0.00042912131175398827,0.818359375,0.32275390625,0.016163211315870285
plant_11487,11487,00,11487,ref,0.0014537537936121225,0.0009260504739359021,0.0005277032614685595,0.7872314453125,0.355712890625,0.016225112602114677
plant_11492,11492,00,11492,rgb,0.004387876018881798,0.0028487874660640955,0.0015390882035717368,0.9144287109375,0.7265625,0.030218541622161865
plant_11492,11492,00,11492,depth,0.0033003753051161766,0.002231490332633257,0.0010688849724829197,0.902587890625,0.64599609375,0.0245661623775959
plant_11492,11492,00,11492,ref,0.001534786424599588,0.0006344224675558507,0.0009003640152513981,0.6495361328125,0.3756103515625,0.01513796765357256
plant_11494,11494,00,11494,rgb,0.0013682269491255283,0.0006950720562599599,0.0006731550674885511,0.8740234375,0.4393310546875,0.018584512174129486
plant_11494,11494,00,11494,depth,0.0011839463841170073,0.0006139258621260524,0.0005700206384062767,0.8394775390625,0.37890625,0.01698828861117363
plant_11494,11494,00,11494,ref,0.0005385078256949782,0.0002300901396665722,0.0003084177151322365,0.713623046875,0.2054443359375,0.013677511364221573
plant_11495,11495,00,11495,rgb,0.0011947783641517162,0.0005140728317201138,0.0006807055324316025,0.800537109375,0.3662109375,0.016432039439678192
plant_11495,11495,00,11495,depth,0.0012910894583910704,0.0005302820354700089,0.0007608074229210615,0.7880859375,0.373291015625,0.016465958207845688
plant_11495,11495,00,11495,ref,0.0012027269694954157,0.0004929921124130487,0.000709734798874706,0.8470458984375,0.5240478515625,0.020650498569011688
plant_11524,11524,00,11524,rgb,0.0029158038087189198,0.0019514362793415785,0.0009643675293773413,0.921630859375,0.5927734375,0.022528178989887238
plant_11524,11524,00,11524,depth,0.0028121070936322212,0.0016703851288184524,0.0011417220812290907,0.931884765625,0.634521484375,0.023686759173870087
plant_11524,11524,00,11524,ref,0.003211122704669833,0.0017188279889523983,0.0014922947157174349,0.8907470703125,0.6416015625,0.026673000305891037
plant_11528,11528,00,11528,rgb,0.0008384629618376493,0.000544399197679013,0.0002940637350548059,0.77001953125,0.1907958984375,0.014126122929155827
plant_11528,11528,00,11528,depth,0.0009689934668131173,0.0006270189769566059,0.00034197448985651135,0.818115234375,0.2418212890625,0.015201607719063759
plant_11528,11528,00,11528,ref,0.0009313194896094501,0.0005192264216020703,0.00041209306800737977,0.76416015625,0.280517578125,0.014720328152179718
plant_11537,11537,00,11537,rgb,0.0009858140256255865,0.000609695678576827,0.0003761183761525899,0.772705078125,0.290771484375,0.015187243930995464
plant_11537,11537,00,11537,depth,0.001036712434142828,0.0006351614720188081,0.0004015509912278503,0.78759765625,0.2960205078125,0.015634233132004738
plant_11537,11537,00,11537,ref,0.0009434196399524808,0.0004513942403718829,0.0004920253995805979,0.6470947265625,0.32763671875,0.014112393371760845
plant_11538,11538,00,11538,rgb,0.0020060022361576557,0.0011269249953329563,0.0008790772408246994,0.894775390625,0.484130859375,0.01959245465695858
plant_11538,11538,00,11538,depth,0.002012572018429637,0.0011246918002143502,0.0008878801017999649,0.9105224609375,0.520751953125,0.020441804081201553
plant_11538,11538,00,11538,ref,0.0014384277164936066,0.0007587866857647896,0.0006796409725211561,0.866455078125,0.3936767578125,0.017762010917067528
plant_11547,11547,00,11547,rgb,0.0004774305853061378,0.00027961350861005485,0.00019781707669608295,0.613525390625,0.1251220703125,0.011600036174058914
plant_11547,11547,00,11547,depth,0.0005058710812591016,0.0003077600267715752,0.0001981110399356112,0.6182861328125,0.116455078125,0.011651403270661831
plant_11547,11547,00,11547,ref,0.0004570449818857014,0.0002049143658950925,0.00025213061599060893,0.58203125,0.1878662109375,0.011534281075000763
plant_11548,11548,00,11548,rgb,0.0009499655570834875,0.000472951476695016,0.0004770140803884715,0.8599853515625,0.35205078125,0.01693090796470642
plant_11548,11548,00,11548,depth,0.0008555470267310739,0.0004096971533726901,0.00044584990246221423,0.85595703125,0.3310546875,0.016606805846095085
plant_11548,11548,00,11548,ref,0.007101519498974085,0.0018134439596906304,0.005288075655698776,0.9854736328125,0.902099609375,0.045285388827323914
plant_11550,11550,00,11550,rgb,0.001313013955950737,0.0006775897345505655,0.0006354242214001715,0.8831787109375,0.4332275390625,0.018561221659183502
plant_11550,11550,00,11550,depth,0.0014920290559530258,0.0006938629667274654,0.0007981660310178995,0.89501953125,0.4735107421875,0.01931200735270977
plant_11550,11550,00,11550,ref,0.002004981506615877,0.001236639334820211,0.0007683420553803444,0.8699951171875,0.3978271484375,0.01755327731370926
plant_11557,11557,00,11557,rgb,0.0005866038263775408,0.0002990461071021855,0.00028755771927535534,0.7607421875,0.194580078125,0.014220618642866611
plant_11557,11557,00,11557,depth,0.0005994538078084588,0.00028617525822483003,0.0003132785495836288,0.7623291015625,0.22412109375,0.014513186179101467
plant_11557,11557,00,11557,ref,0.0007066248217597604,0.0003617382317315787,0.00034488659002818167,0.7169189453125,0.233154296875,0.014041278511285782
plant_1156,1156,00,1156,rgb,0.0011329862754791975,0.000576326681766659,0.0005566595355048776,0.8109130859375,0.3424072265625,0.016419215127825737
plant_1156,1156,00,1156,depth,0.0011267164954915643,0.0006372180068865418,0.0004894984886050224,0.81640625,0.3594970703125,0.016825301572680473
plant_1156,1156,00,1156,ref,0.0011502329725772142,0.0006480772281065583,0.0005021558026783168,0.818115234375,0.372802734375,0.017032131552696228
plant_11562,11562,00,11562,rgb,0.0014635419938713312,0.0005352636217139661,0.0009282783139497042,0.8656005859375,0.4283447265625,0.017966672778129578
plant_11562,11562,00,11562,depth,0.0013313175877556205,0.0005025265854783356,0.0008287910604849458,0.8516845703125,0.3978271484375,0.017326930537819862
plant_11562,11562,00,11562,ref,0.001216178061440587,0.0005500349216163158,0.0006661430816166103,0.8502197265625,0.391357421875,0.017716601490974426
plant_11568,11568,00,11568,rgb,0.001152357435785234,0.0006107555236667395,0.0005416019121184945,0.8369140625,0.3736572265625,0.016809595748782158
plant_11568,11568,00,11568,depth,0.0011402692180126905,0.0005355854518711567,0.0006046837661415339,0.84375,0.3951416015625,0.01748451218008995
plant_11568,11568,00,11568,ref,0.0011072229826822877,0.0005194063996896148,0.0005878165829926729,0.8260498046875,0.4327392578125,0.018159883096814156
plant_11576,11576,00,11576,rgb,0.0016272746725007892,0.0009542914340272546,0.0006729832384735346,0.8907470703125,0.458984375,0.01907208561897278
plant_11576,11576,00,11576,depth,0.001194194657728076,0.0006545801879838109,0.0005396144697442651,0.8466796875,0.387939453125,0.017410079017281532
plant_11576,11576,00,11576,ref,0.0009273482719436288,0.0004839410830754787,0.00044340721797198057,0.8167724609375,0.3443603515625,0.016675952821969986
plant_11580,11580,00,11580,rgb,0.0028386057820171118,0.0018775779753923416,0.0009610278066247702,0.9053955078125,0.4635009765625,0.019274121150374413
plant_11580,11580,00,11580,depth,0.003223465522751212,0.0022521293722093105,0.0009713363251648843,0.9136962890625,0.499755859375,0.019996603950858116
plant_11580,11580,00,11580,ref,0.0014526293380185962,0.000785360811278224,0.0006672685267403722,0.8880615234375,0.426025390625,0.018190650269389153
plant_11584,11584,00,11584,rgb,0.0021832522470504045,0.0007412695558741689,0.0014419826911762357,0.930908203125,0.649169921875,0.025303814560174942
plant_11584,11584,00,11584,depth,0.002958251629024744,0.0009824939770624042,0.001975757535547018,0.935791015625,0.7032470703125,0.0296297837048769
plant_11584,11584,00,11584,ref,0.0013418234884738922,0.0004705842293333262,0.0008712392882443964,0.857666015625,0.4547119140625,0.01872555911540985
plant_11590,11590,00,11590,rgb,0.002215930260717869,0.0011428132420405746,0.0010731170186772943,0.8988037109375,0.5379638671875,0.02085844799876213
plant_11590,11590,00,11590,depth,0.001589965308085084,0.0008106135064736009,0.0007793517434038222,0.8809814453125,0.4290771484375,0.018380306661128998
plant_11590,11590,00,11590,ref,0.0005732147255912423,0.0002878253872040659,0.00028538936749100685,0.72900390625,0.1688232421875,0.013437501154839993
plant_11599,11599,00,11599,rgb,0.001992716221138835,0.0008295694133266807,0.0011631468078121543,0.89990234375,0.5008544921875,0.02002013847231865
plant_11599,11599,00,11599,depth,0.0015288719441741705,0.0007565543637610972,0.0007723176386207342,0.8739013671875,0.4361572265625,0.01851869933307171
plant_11599,11599,00,11599,ref,0.0015534250997006893,0.00047819624887779355,0.0010752289090305567,0.932373046875,0.6510009765625,0.02460649609565735
plant_1160,1160,00,1160,rgb,0.0026347902603447437,0.0015402877470478415,0.001094502629712224,0.947265625,0.6392822265625,0.023898009210824966
plant_1160,1160,00,1160,depth,0.0027011437341570854,0.0016206930158659816,0.0010804508347064257,0.937255859375,0.661376953125,0.02492723986506462
plant_1160,1160,00,1160,ref,0.0017838438507169485,0.0007749662618152797,0.0010088775306940079,0.8594970703125,0.54736328125,0.02177811786532402
plant_11602,11602,00,11602,rgb,0.0006690493319183588,0.00033261292264796793,0.00033643635106272995,0.7108154296875,0.204833984375,0.013701134361326694
plant_11602,11602,00,11602,depth,0.0006922480533830822,0.00038510357262566686,0.0003071444807574153,0.738037109375,0.195068359375,0.013487848453223705
plant_11602,11602,00,11602,ref,0.0009199009509757161,0.0003764114517252892,0.0005434895283542573,0.6680908203125,0.2635498046875,0.013374528847634792
plant_11604,11604,00,11604,rgb,0.001972327008843422,0.0007900402415543795,0.0011822867672890425,0.898193359375,0.49365234375,0.019816366955637932
plant_11604,11604,00,11604,depth,0.0020081778056919575,0.0006520847091451287,0.0013560930965468287,0.8953857421875,0.5181884765625,0.02056785859167576
plant_11604,11604,00,11604,ref,0.001730009214952588,0.0010394350392743945,0.0006905741174705327,0.8829345703125,0.4368896484375,0.01855732500553131
plant_11605,11605,00,11605,rgb,0.001300260191783309,0.0005374468164518476,0.0007628133753314614,0.909423828125,0.5281982421875,0.020606735721230507
plant_11605,11605,00,11605,depth,0.0010204375721514225,0.0005243050400167704,0.0004961324739269912,0.872314453125,0.4388427734375,0.018642770126461983
plant_11605,11605,00,11605,ref,0.0006923581240698695,0.0003702934773173183,0.0003220646467525512,0.8004150390625,0.2562255859375,0.015279793180525303
plant_11606,11606,00,11606,rgb,0.0010748738422989845,0.00046590084093622863,0.0006089729722589254,0.7103271484375,0.3055419921875,0.014536583796143532
plant_11606,11606,00,11606,depth,0.0013269759947434068,0.0005835181218571961,0.0007434578728862107,0.8170166015625,0.353271484375,0.016274886205792427
plant_11606,11606,00,11606,ref,0.0008669831440784037,0.0004078855854459107,0.00045909761684015393,0.7662353515625,0.3094482421875,0.015427240170538425
plant_11614,11614,00,11614,rgb,0.0018354959320276976,0.0005319322808645666,0.00130356359295547,0.9078369140625,0.5799560546875,0.02296784520149231
plant_11614,11614,00,11614,depth,0.0014783288352191448,0.0004908684059046209,0.000987460371106863,0.9036865234375,0.533447265625,0.021012356504797935
plant_11614,11614,00,11614,ref,0.0008840652881190181,0.0003172034048475325,0.0005668618832714856,0.821533203125,0.4163818359375,0.017737235873937607
plant_11616,11616,00,11616,rgb,0.001561714569106698,0.0006575974985025823,0.0009041170123964548,0.89501953125,0.58203125,0.022296374663710594
plant_11616,11616,00,11616,depth,0.0011263185879215598,0.0005222332547418773,0.0006040852749720216,0.8685302734375,0.47314453125,0.01932555064558983
plant_11616,11616,00,11616,ref,0.0005977535620331764,0.00028852387913502753,0.00030922971200197935,0.7626953125,0.23095703125,0.014365676790475845
plant_11619,11619,00,11619,rgb,0.0017694267444312572,0.0008432905306108296,0.0009261362138204277,0.91162109375,0.599365234375,0.02346116304397583
plant_11619,11619,00,11619,depth,0.0013107480481266975,0.0006527355872094631,0.0006580124609172344,0.82861328125,0.4434814453125,0.018335191532969475
plant_11619,11619,00,11619,ref,0.0007587583968415856,0.0003375307423993945,0.0004212276544421911,0.73095703125,0.248779296875,0.01362715195864439
plant_1162,1162,00,1162,rgb,0.0020775413140654564,0.0011237580329179764,0.00095378328114748,0.8929443359375,0.4898681640625,0.01977655477821827
plant_1162,1162,00,1162,depth,0.001299151568673551,0.0007212992059066892,0.0005778523627668619,0.8411865234375,0.332763671875,0.016542578116059303
plant_1162,1162,00,1162,ref,0.001653216895647347,0.0008718285826034844,0.0007813883712515235,0.874267578125,0.541259765625,0.021235499531030655
plant_11621,11621,00,11621,rgb,0.0035426733084023,0.0030442355200648308,0.0004984379047527909,0.8524169921875,0.3433837890625,0.016437940299510956
plant_11621,11621,00,11621,depth,0.0026957551017403603,0.002150285756215453,0.0005454692291095853,0.899658203125,0.4052734375,0.018093137070536613
plant_11621,11621,00,11621,ref,0.0008256882429122925,0.00039893665234558284,0.0004267515614628792,0.841796875,0.31396484375,0.016374321654438972
plant_11626,11626,00,11626,rgb,0.016795780509710312,0.015216375701129436,0.0015794038772583008,0.95849609375,0.7265625,0.02797441929578781
plant_11626,11626,00,11626,depth,0.0019177969079464674,0.0010363204637542367,0.0008814764441922307,0.9368896484375,0.6585693359375,0.024285556748509407
plant_11626,11626,00,11626,ref,0.0026328391395509243,0.0014393051387742162,0.00119353411719203,0.9176025390625,0.6265869140625,0.02374282293021679
plant_11627,11627,00,11627,rgb,0.0012972129043191671,0.0004707667394541204,0.0008264461066573858,0.906494140625,0.59423828125,0.022901643067598343
plant_11627,11627,00,11627,depth,0.0014645431656390429,0.0006165873492136598,0.0008479557582177222,0.9102783203125,0.6185302734375,0.02371387556195259
plant_11627,11627,00,11627,ref,0.001105475821532309,0.00038664304884150624,0.0007188327726908028,0.8602294921875,0.4906005859375,0.019734524190425873
plant_11630,11630,00,11630,rgb,0.0010750256478786469,0.00042129549547098577,0.0006537301233038306,0.8592529296875,0.4219970703125,0.018126007169485092
plant_11630,11630,00,11630,depth,0.0010707660112529993,0.0004343019681982696,0.0006364640430547297,0.874267578125,0.452392578125,0.01877591758966446
plant_11630,11630,00,11630,ref,0.0007939389906823635,0.0003460107836872339,0.00044792817789129913,0.794921875,0.3719482421875,0.017034288495779037
plant_11635,11635,00,11635,rgb,0.00170948076993227,0.0011099751573055983,0.0005995056708343327,0.8834228515625,0.4378662109375,0.018676213920116425
plant_11635,11635,00,11635,depth,0.0014360329369083047,0.0009576958836987615,0.00047833702410571277,0.8638916015625,0.3792724609375,0.017450405284762383
plant_11635,11635,00,11635,ref,0.0010655478108674288,0.0006301830289885402,0.0004353647236712277,0.8270263671875,0.3687744140625,0.016984717920422554
plant_11636,11636,00,11636,rgb,0.0029033906757831573,0.0023530330508947372,0.0005503576248884201,0.8597412109375,0.4312744140625,0.018270045518875122
plant_11636,11636,00,11636,depth,0.0027619684115052223,0.002246264135465026,0.0005157042760401964,0.850341796875,0.4359130859375,0.018156856298446655
plant_11636,11636,00,11636,ref,0.0010025447700172663,0.0007168923621065915,0.00028565243701450527,0.7835693359375,0.1925048828125,0.014084531925618649
plant_11640,11640,00,11640,rgb,0.001896470319479704,0.0010840820614248514,0.0008123882580548525,0.8634033203125,0.5313720703125,0.02106950245797634
plant_11640,11640,00,11640,depth,0.0021489067003130913,0.001135771395638585,0.0010131353046745062,0.8778076171875,0.563232421875,0.02183585613965988
plant_11640,11640,00,11640,ref,0.0005233364645391703,0.00023681350285187364,0.00028652296168729663,0.6903076171875,0.1644287109375,0.012716441415250301
plant_11646,11646,00,11646,rgb,0.001139610423706472,0.0005098815890960395,0.0006297288928180933,0.872314453125,0.412353515625,0.017917634919285774
plant_11646,11646,00,11646,depth,0.0012251378502696753,0.0005367364501580596,0.0006884015165269375,0.8822021484375,0.4444580078125,0.018752189353108406
plant_11646,11646,00,11646,ref,0.0009077731519937515,0.0004152752517256886,0.0004924979293718934,0.843505859375,0.3707275390625,0.01706109195947647
plant_11672,11672,00,11672,rgb,0.0008423839462921023,0.0004793166881427169,0.0003630672872532159,0.8201904296875,0.2650146484375,0.015664732083678246
plant_11672,11672,00,11672,depth,0.0008994257659651339,0.0004953176830895245,0.0004041081410832703,0.8175048828125,0.2889404296875,0.015608461573719978
plant_11672,11672,00,11672,ref,0.0008901658584363759,0.00045988542842678726,0.00043028045911341906,0.815185546875,0.27880859375,0.015530376695096493
plant_11687,11687,00,11687,rgb,0.0014326353557407856,0.0006819344707764685,0.0007507008849643171,0.7894287109375,0.36865234375,0.016280295327305794
plant_11687,11687,00,11687,depth,0.00127635826356709,0.0006236803601495922,0.0006526779034174979,0.767333984375,0.3427734375,0.015424681827425957
plant_11687,11687,00,11687,ref,0.00047930554137565196,0.0002326933026779443,0.00024661223869770765,0.5867919921875,0.1650390625,0.011593020521104336
plant_11688,11688,00,11688,rgb,0.0026936684735119343,0.0016409747768193483,0.001052693696692586,0.7633056640625,0.4224853515625,0.01715117320418358
plant_11688,11688,00,11688,depth,0.0020251686219125986,0.0012353728525340557,0.000789795711170882,0.7333984375,0.3238525390625,0.014775440096855164
plant_11688,11688,00,11688,ref,0.0011639855802059174,0.0005027272272855043,0.000661258352920413,0.624267578125,0.2857666015625,0.01227116771042347
plant_11703,11703,00,11703,rgb,0.0006003523012623191,0.0003390492347534746,0.0002613030665088445,0.6798095703125,0.1929931640625,0.013140353374183178
plant_11703,11703,00,11703,depth,0.0006356313242577016,0.0003583986544981599,0.00027723266975954175,0.7047119140625,0.2099609375,0.013962691649794579
plant_11703,11703,00,11703,ref,0.001012380002066493,0.0005030249594710767,0.0005093549843877554,0.712646484375,0.2928466796875,0.01453147828578949
plant_11704,11704,00,11704,rgb,0.0015901336446404457,0.0005651258979924023,0.0010250078048557043,0.842529296875,0.413818359375,0.017687011510133743
plant_11704,11704,00,11704,depth,0.0016547988634556532,0.0006823399453423917,0.0009724589763209224,0.8846435546875,0.5350341796875,0.020946402102708817
plant_11704,11704,00,11704,ref,0.000857425038702786,0.0003081191098317504,0.0005493059288710356,0.707763671875,0.2227783203125,0.013205345720052719
plant_11718,11718,00,11718,rgb,0.0013548096176236868,0.0008233600528910756,0.000531449681147933,0.8699951171875,0.408203125,0.018067607656121254
plant_11718,11718,00,11718,depth,0.0011844794498756528,0.0007417442975565791,0.00044273518142290413,0.850830078125,0.3587646484375,0.017234092578291893
plant_11718,11718,00,11718,ref,0.0007383421179838479,0.00042392127215862274,0.00031442087492905557,0.7705078125,0.218505859375,0.014382077381014824
plant_11721,11721,00,11721,rgb,0.0014946636511012912,0.0008429930894635618,0.0006516706198453903,0.8558349609375,0.3941650390625,0.017566364258527756
plant_11721,11721,00,11721,depth,0.001598019152879715,0.0008567690965719521,0.000741249998100102,0.8778076171875,0.4434814453125,0.018548032268881798
plant_11721,11721,00,11721,ref,0.000486403179820627,0.0002282237255712971,0.00025817943969741464,0.673828125,0.1387939453125,0.012568123638629913
plant_11731,11731,00,11731,rgb,0.0013516515027731657,0.000714471738319844,0.0006371797062456608,0.878173828125,0.4556884765625,0.018780024722218513
plant_11731,11731,00,11731,depth,0.0011652547400444746,0.0006408284534700215,0.0005244262283667922,0.883544921875,0.4580078125,0.018999258056282997
plant_11731,11731,00,11731,ref,0.001064013340510428,0.00042416166979819536,0.0006398516707122326,0.8023681640625,0.47216796875,0.01925387792289257
plant_11735,11735,00,11735,rgb,0.0004918700433336198,0.00021505652694031596,0.00027681351639330387,0.6767578125,0.1434326171875,0.012531490996479988
plant_11735,11735,00,11735,depth,0.0004814938292838633,0.00024249956186395139,0.00023899426741991192,0.670654296875,0.1334228515625,0.012338473461568356
plant_11735,11735,00,11735,ref,0.0007646072772331536,0.00039406822179444134,0.00037053905543871224,0.7293701171875,0.2344970703125,0.01369964424520731
plant_1174,1174,00,1174,rgb,0.0030476294923573732,0.0015386146260425448,0.0015090148663148284,0.9495849609375,0.76513671875,0.029113372787833214
plant_1174,1174,00,1174,depth,0.0027374536730349064,0.001558305462822318,0.0011791482102125883,0.9344482421875,0.705078125,0.026203125715255737
plant_1174,1174,00,1174,ref,0.0019859853200614452,0.0010041201021522284,0.000981865101493895,0.9107666015625,0.594482421875,0.022756360471248627
plant_11741,11741,00,11741,rgb,0.0010826681973412633,0.0006274020997807384,0.0004552659811452031,0.8218994140625,0.2396240234375,0.015394511632621288
plant_11741,11741,00,11741,depth,0.001545397681184113,0.0008435471681877971,0.000701850512996316,0.845703125,0.34912109375,0.01666887104511261
plant_11741,11741,00,11741,ref,0.0010219888063147664,0.0004728954518213868,0.0005490933544933796,0.7313232421875,0.231201171875,0.013319944962859154
plant_11742,11742,00,11742,rgb,0.0010375435231253505,0.0005200657760724425,0.0005174778052605689,0.7802734375,0.298828125,0.014744429849088192
plant_11742,11742,00,11742,depth,0.0010420411126688123,0.0005226079374551773,0.000519433175213635,0.755126953125,0.291259765625,0.01437027845531702
plant_11742,11742,00,11742,ref,0.001567828468978405,0.0005157432751730084,0.0010520851938053966,0.830322265625,0.4627685546875,0.018688367679715157
plant_11746,11746,00,11746,rgb,0.0011561603751033545,0.0004506554687395692,0.0007055048481561244,0.88671875,0.492431640625,0.01975821703672409
plant_11746,11746,00,11746,depth,0.0014193898532539606,0.0005406967247836292,0.0008786930702626705,0.875732421875,0.48876953125,0.019684884697198868
plant_11746,11746,00,11746,ref,0.0006477343267761171,0.0002781171351671219,0.0003696171916089952,0.768310546875,0.2877197265625,0.015516724437475204
plant_11748,11748,00,11748,rgb,0.0011001136153936386,0.0005227104993537068,0.0005774031160399318,0.8277587890625,0.3702392578125,0.016898876056075096
plant_11748,11748,00,11748,depth,0.0012729894369840622,0.0006505904020741582,0.0006223991513252258,0.837890625,0.4134521484375,0.017668794840574265
plant_11748,11748,00,11748,ref,0.0008928762981668115,0.0003583220241125673,0.0005345542449504137,0.812744140625,0.3526611328125,0.01646486110985279
plant_11776,11776,00,11776,rgb,0.0010605035349726677,0.0004526504490058869,0.0006078530568629503,0.863037109375,0.43408203125,0.018382854759693146
plant_11776,11776,00,11776,depth,0.0007244646549224854,0.0003611020219977945,0.00036336263292469084,0.7979736328125,0.276123046875,0.01563088223338127
plant_11776,11776,00,11776,ref,0.0011871011229231954,0.000530685530975461,0.0006564155919477344,0.87939453125,0.466552734375,0.019152332097291946
plant_11783,11783,00,11783,rgb,0.0010342745808884501,0.0006464871112257242,0.00038778744055889547,0.818115234375,0.305419921875,0.015882760286331177
plant_11783,11783,00,11783,depth,0.0009715966880321503,0.0005922504351474345,0.00037934628198854625,0.83203125,0.283935546875,0.015807924792170525
plant_11783,11783,00,11783,ref,0.0010036079911515117,0.0005253498675301671,0.00047825812362134457,0.806884765625,0.320556640625,0.01571701467037201
plant_11793,11793,00,11793,rgb,0.001519569894298911,0.0010486829560250044,0.00047088696737773716,0.86376953125,0.4178466796875,0.018040716648101807
plant_11793,11793,00,11793,depth,0.0015672760782763362,0.0010724690509960055,0.0004948070272803307,0.86328125,0.432861328125,0.018446292728185654
plant_11793,11793,00,11793,ref,0.0017492217011749744,0.0011063843267038465,0.000642837374471128,0.8975830078125,0.4974365234375,0.01993337646126747
plant_11797,11797,00,11797,rgb,0.0022903229109942913,0.0011170393554493785,0.001173283439129591,0.87890625,0.5233154296875,0.02072388306260109
plant_11797,11797,00,11797,depth,0.009919365867972374,0.007889547385275364,0.0020298180170357227,0.9595947265625,0.724609375,0.02794930897653103
plant_11797,11797,00,11797,ref,0.0028287784662097692,0.001954542938619852,0.0008742355857975781,0.916259765625,0.595458984375,0.022477757185697556
plant_11808,11808,00,11808,rgb,0.0036564823240041733,0.0030261476058512926,0.0006303347181528807,0.918212890625,0.5235595703125,0.020568368956446648
plant_11808,11808,00,11808,depth,0.0036734926979988813,0.003020067699253559,0.0006534250569529831,0.925048828125,0.5400390625,0.02097681164741516
plant_11808,11808,00,11808,ref,0.0026427030097693205,0.001592753455042839,0.0010499495547264814,0.9141845703125,0.6546630859375,0.02567194029688835
plant_11809,11809,00,11809,rgb,0.0006284997798502445,0.00028166151605546474,0.0003468382637947798,0.6953125,0.188720703125,0.013028777204453945
plant_11809,11809,00,11809,depth,0.0007500846986658871,0.00034608118585310876,0.0004040036001242697,0.730224609375,0.2412109375,0.01393626444041729
plant_11809,11809,00,11809,ref,0.0006303758709691465,0.0002562113222666085,0.000374164548702538,0.580078125,0.2139892578125,0.01167437806725502
plant_11812,11812,00,11812,rgb,0.001592549029737711,0.0006645518587902188,0.0009279971709474921,0.9024658203125,0.572509765625,0.021952595561742783
plant_11812,11812,00,11812,depth,0.0014590941136702895,0.0005684631178155541,0.0008906309958547354,0.8646240234375,0.4752197265625,0.01935501955449581
plant_11812,11812,00,11812,ref,0.0011854793410748243,0.0005226416396908462,0.0006628377013839781,0.853759765625,0.4246826171875,0.01827591471374035
plant_1183,1183,00,1183,rgb,0.0009278088109567761,0.00037059286842122674,0.0005572159425355494,0.78564453125,0.3961181640625,0.016527540981769562
plant_1183,1183,00,1183,depth,0.0005305669037625194,0.0002313225850230083,0.00029924430418759584,0.6751708984375,0.1357421875,0.012276687659323215
plant_1183,1183,00,1183,ref,0.0013675907393917441,0.0006517465808428824,0.0007158441585488617,0.80859375,0.4007568359375,0.016985967755317688
plant_11832,11832,00,11832,rgb,0.00211079278960824,0.000761514762416482,0.00134927814360708,0.8162841796875,0.39892578125,0.017039086669683456
plant_11832,11832,00,11832,depth,0.0020803366787731647,0.0007469853153452277,0.0013333512470126152,0.8375244140625,0.4263916015625,0.017693161964416504
plant_11832,11832,00,11832,ref,0.0014857304049655795,0.0005326428799889982,0.0009530875249765813,0.8140869140625,0.4517822265625,0.01878560520708561
plant_11833,11833,00,11833,rgb,0.0006461151642724872,0.0002780036302283406,0.0003681115049403161,0.697509765625,0.1829833984375,0.013014374300837517
plant_11833,11833,00,11833,depth,0.0007150066085159779,0.0003286327118985355,0.0003863739548251033,0.706787109375,0.2012939453125,0.01325011532753706
plant_11833,11833,00,11833,ref,0.0005497806705534458,0.0002412298636045307,0.0003085508360527456,0.6173095703125,0.196533203125,0.011883878149092197
plant_11839,11839,00,11839,rgb,0.0015984363853931427,0.0008378276252187788,0.000760608643759042,0.8975830078125,0.518798828125,0.020516185089945793
plant_11839,11839,00,11839,depth,0.0018632551655173302,0.0009782270062714815,0.0008850279846228659,0.8851318359375,0.475830078125,0.019367292523384094
plant_11839,11839,00,11839,ref,0.0016927041579037905,0.0007032662397250533,0.0009894378017634153,0.852294921875,0.4296875,0.017924103885889053
plant_11847,11847,00,11847,rgb,0.006154690869152546,0.004968401975929737,0.0011862888932228088,0.9395751953125,0.568115234375,0.02143707312643528
plant_11847,11847,00,11847,depth,0.0054090884514153,0.004125621169805527,0.0012834672816097736,0.9649658203125,0.717529296875,0.025819240137934685
plant_11847,11847,00,11847,ref,0.0039005656726658344,0.0025886630173772573,0.001311902655288577,0.9547119140625,0.7540283203125,0.02852371521294117
plant_11852,11852,00,11852,rgb,0.0025350728537887335,0.0015972075052559376,0.0009378654067404568,0.9276123046875,0.6148681640625,0.02381286397576332
plant_11852,11852,00,11852,depth,0.002461075782775879,0.001665931660681963,0.0007951441803015769,0.918701171875,0.55126953125,0.021326735615730286
plant_11852,11852,00,11852,ref,0.0010395664721727371,0.0005381247610785067,0.0005014417693018913,0.860595703125,0.3994140625,0.017974061891436577
plant_11875,11875,00,11875,rgb,0.0014444279950112104,0.0005076865199953318,0.0009367414750158787,0.8829345703125,0.485107421875,0.019605563953518867
plant_11875,11875,00,11875,depth,0.001493173884227872,0.0005484023131430149,0.000944771571084857,0.8807373046875,0.49365234375,0.019860802218317986
plant_11875,11875,00,11875,ref,0.0009516662685200572,0.00033590648672543466,0.0006157597526907921,0.800048828125,0.4066162109375,0.017803307622671127
plant_11889,11889,00,11889,rgb,0.0010515371104702353,0.0005613451357930899,0.0004901919746771455,0.856201171875,0.4034423828125,0.017884735018014908
plant_11889,11889,00,11889,depth,0.0009308770531788468,0.000506343028973788,0.0004245340242050588,0.8089599609375,0.315673828125,0.01612686738371849
plant_11889,11889,00,11889,ref,0.0008388129062950611,0.0004134248592890799,0.00042538801790215075,0.785888671875,0.3255615234375,0.016174431890249252
plant_1189,1189,00,1189,rgb,0.000455434899777174,0.00022679446556139737,0.00022864043421577662,0.654296875,0.1474609375,0.012434137985110283
plant_1189,1189,00,1189,depth,0.00046377736725844443,0.00023494826746173203,0.0002288290997967124,0.6407470703125,0.1383056640625,0.012184621766209602
plant_1189,1189,00,1189,ref,0.0016053880099207163,0.0005731116398237646,0.0010322763118892908,0.8306884765625,0.646240234375,0.028295444324612617
plant_11890,11890,00,11890,rgb,0.0007348099024966359,0.00031976611353456974,0.0004150437889620662,0.800048828125,0.2718505859375,0.015503752045333385
plant_11890,11890,00,11890,depth,0.0007528334972448647,0.00031350183417089283,0.00043933166307397187,0.818115234375,0.3385009765625,0.01646038331091404
plant_11890,11890,00,11890,ref,0.0006029393989592791,0.000248883938184008,0.0003540554898791015,0.7503662109375,0.2159423828125,0.014096885919570923
plant_11892,11892,00,11892,rgb,0.0022049618419259787,0.0013902722857892513,0.0008146895561367273,0.820556640625,0.4263916015625,0.017598619684576988
plant_11892,11892,00,11892,depth,0.0015413907822221518,0.000896998040843755,0.0006443926831707358,0.78857421875,0.3731689453125,0.016274232417345047
plant_11892,11892,00,11892,ref,0.0012691863812506199,0.000655786250717938,0.0006134000141173601,0.8673095703125,0.39208984375,0.017369288951158524
plant_1190,1190,00,1190,rgb,0.0013221539556980133,0.0007673531072214246,0.0005548009066842496,0.8795166015625,0.406494140625,0.017820214852690697
plant_1190,1190,00,1190,depth,0.0013592801988124847,0.0008234260021708906,0.0005358541966415942,0.8748779296875,0.431396484375,0.018274392932653427
plant_1190,1190,00,1190,ref,0.0008531943312846124,0.00043729215394705534,0.00041590211912989616,0.831298828125,0.288330078125,0.015885015949606895
plant_11901,11901,00,11901,rgb,0.0008931801421567798,0.0003860961878672242,0.0005070839542895555,0.787353515625,0.3450927734375,0.016194786876440048
plant_11901,11901,00,11901,depth,0.0010237789247184992,0.00039629192906431854,0.0006274869665503502,0.782470703125,0.43115234375,0.017523113638162613
plant_11901,11901,00,11901,ref,0.0011200211010873318,0.00040315440855920315,0.0007168667507357895,0.828857421875,0.4306640625,0.018084093928337097
plant_11903,11903,00,11903,rgb,0.0012838417897000909,0.0006957025034353137,0.0005881392862647772,0.8516845703125,0.3824462890625,0.017205867916345596
plant_11903,11903,00,11903,depth,0.001117256935685873,0.0006096852594055235,0.0005075717344880104,0.8355712890625,0.3424072265625,0.01644236221909523
plant_11903,11903,00,11903,ref,0.0009415708482265472,0.00045147357741370797,0.0004900972126051784,0.7935791015625,0.291015625,0.015210653655230999
plant_11905,11905,00,11905,rgb,0.0017198075074702501,0.0007075159810483456,0.0010122914100065827,0.883056640625,0.592529296875,0.02281409502029419
plant_11905,11905,00,11905,depth,0.0016615837812423706,0.0007598199299536645,0.0009017637930810452,0.9022216796875,0.60107421875,0.02297462709248066
plant_11905,11905,00,11905,ref,0.0010111568262800574,0.0004519294889178127,0.0005592273082584143,0.8277587890625,0.395751953125,0.017516830936074257
plant_11906,11906,00,11906,rgb,0.0012317621149122715,0.0006380231352522969,0.0005937389214523137,0.806640625,0.4228515625,0.018027333542704582
plant_11906,11906,00,11906,depth,0.001162741449661553,0.0006189390551298857,0.0005438024527393281,0.78955078125,0.3519287109375,0.016575586050748825
plant_11906,11906,00,11906,ref,0.000928178895264864,0.0004477786715142429,0.0004804002237506211,0.7886962890625,0.3477783203125,0.01604139432311058
plant_1191,1191,00,1191,rgb,0.0015105819329619408,0.0010515237227082253,0.00045905823935754597,0.826904296875,0.3651123046875,0.017123021185398102
plant_1191,1191,00,1191,depth,0.0015892249066382647,0.0011833729222416878,0.00040585201350040734,0.83251953125,0.321044921875,0.01700768619775772
plant_1191,1191,00,1191,ref,0.0006939164595678449,0.00029129235190339386,0.000402624107664451,0.7872314453125,0.2410888671875,0.014591667801141739
plant_11914,11914,00,11914,rgb,0.0015257775085046887,0.0008846161072142422,0.0006411614012904465,0.87841796875,0.461669921875,0.018997639417648315
plant_11914,11914,00,11914,depth,0.0014680559979751706,0.0008843995747156441,0.0005836564232595265,0.864990234375,0.45556640625,0.01887699030339718
plant_11914,11914,00,11914,ref,0.0017370242858305573,0.0007643084973096848,0.0009727157885208726,0.8963623046875,0.559814453125,0.021678514778614044
plant_11918,11918,00,11918,rgb,0.0009930008091032505,0.0005044569843448699,0.0004885437665507197,0.80029296875,0.2633056640625,0.015120511874556541
plant_11918,11918,00,11918,depth,0.0019291078206151724,0.0009649768471717834,0.0009641309734433889,0.880126953125,0.526123046875,0.020709466189146042
plant_11918,11918,00,11918,ref,0.000992927816696465,0.0003626833204180002,0.0006302444962784648,0.7850341796875,0.3155517578125,0.015758085995912552
plant_1192,1192,00,1192,rgb,0.0020791441202163696,0.0007172975456342101,0.0013618465745821595,0.9066162109375,0.552001953125,0.02162175253033638
plant_1192,1192,00,1192,depth,0.0020404851529747248,0.0006520021706819534,0.0013884828658774495,0.927001953125,0.5986328125,0.02311982400715351
plant_1192,1192,00,1192,ref,0.0013689312618225813,0.0006861912552267313,0.00068274000659585,0.8895263671875,0.4381103515625,0.018625905737280846
plant_11923,11923,00,11923,rgb,0.001673318212851882,0.000978013384155929,0.0006953048286959529,0.8797607421875,0.4984130859375,0.019961541518568993
plant_11923,11923,00,11923,depth,0.0018577462760731578,0.0011300912592560053,0.0007276549586094916,0.8995361328125,0.5267333984375,0.020718377083539963
plant_11923,11923,00,11923,ref,0.0004307393101043999,0.0001846886007115245,0.000246050680289045,0.6768798828125,0.1463623046875,0.012707563117146492
plant_11932,11932,00,11932,rgb,0.0019131896551698446,0.001093224622309208,0.0008199649746529758,0.8914794921875,0.4959716796875,0.019889550283551216
plant_11932,11932,00,11932,depth,0.002326689660549164,0.001271083834581077,0.001055605709552765,0.9150390625,0.594970703125,0.023502690717577934
plant_11932,11932,00,11932,ref,0.0010105834808200598,0.0005097156390547752,0.0005008678417652845,0.828857421875,0.3350830078125,0.016017667949199677
plant_11933,11933,00,11933,rgb,0.0013731662184000015,0.0007432528655044734,0.0006299133528955281,0.8472900390625,0.3992919921875,0.017389340326189995
plant_11933,11933,00,11933,depth,0.001385819516144693,0.0008062573033384979,0.0005795621545985341,0.78173828125,0.3543701171875,0.01582380384206772
plant_11933,11933,00,11933,ref,0.002352344337850809,0.0008879966917447746,0.0014643474714830518,0.793701171875,0.5126953125,0.020506372675299644
plant_11935,11935,00,11935,rgb,0.002776829991489649,0.0009206583490595222,0.0018561715260148048,0.9420166015625,0.646728515625,0.02450045384466648
plant_11935,11935,00,11935,depth,0.0027847052551805973,0.0013093616580590606,0.0014753437135368586,0.950927734375,0.648681640625,0.023948293179273605
plant_11935,11935,00,11935,ref,0.0016556461341679096,0.0009812001371756196,0.00067444599699229,0.9268798828125,0.6068115234375,0.02248825877904892
plant_11945,11945,00,11945,rgb,0.0006491672247648239,0.0002924003347288817,0.00035676691913977265,0.7645263671875,0.2410888671875,0.01456538401544094
plant_11945,11945,00,11945,depth,0.0008540286798961461,0.0003439183929003775,0.0005101103452034295,0.840576171875,0.3485107421875,0.01649833656847477
plant_11945,11945,00,11945,ref,0.0010741263395175338,0.00044791612890549004,0.0006262101815082133,0.77392578125,0.45849609375,0.018765568733215332
plant_11950,11950,00,11950,rgb,0.013471015729010105,0.012530447915196419,0.0009405689197592437,0.9359130859375,0.6297607421875,0.023642506450414658
plant_11950,11950,00,11950,depth,0.0089052002876997,0.008096935227513313,0.0008082647691480815,0.935546875,0.6405029296875,0.023969467729330063
plant_11950,11950,00,11950,ref,0.0031714164651930332,0.00211729877628386,0.0010541175724938512,0.91064453125,0.5802001953125,0.02206900343298912
plant_1196,1196,00,1196,rgb,0.0012931455858051777,0.0006436547846533358,0.000649490742944181,0.8592529296875,0.4154052734375,0.01799011416733265
plant_1196,1196,00,1196,depth,0.0009484348702244461,0.0005216686986386776,0.0004267662006895989,0.836669921875,0.3314208984375,0.016382208094000816
plant_1196,1196,00,1196,ref,0.0009707267163321376,0.0004469391715247184,0.0005237875157035887,0.802734375,0.2923583984375,0.015606106258928776
plant_11970,11970,00,11970,rgb,0.0005415725754573941,0.0002453606575727463,0.0002962119469884783,0.7266845703125,0.216552734375,0.013575123623013496
plant_11970,11970,00,11970,depth,0.0005621922900900245,0.0002608080976642668,0.00030138419242575765,0.7274169921875,0.216552734375,0.013734638690948486
plant_11970,11970,00,11970,ref,0.001050056191161275,0.00035925605334341526,0.0006908001378178596,0.7686767578125,0.4154052734375,0.017665881663560867
plant_11978,11978,00,11978,rgb,0.0011017551878467202,0.0006187778199091554,0.0004829774552490562,0.8499755859375,0.3814697265625,0.01742374524474144
plant_11978,11978,00,11978,depth,0.0018285834230482578,0.001131417229771614,0.0006971663096919656,0.881591796875,0.4593505859375,0.019071239978075027
plant_11978,11978,00,11978,ref,0.0009589329129084945,0.0004355061682872474,0.000523426802828908,0.8968505859375,0.4935302734375,0.019847912713885307
plant_11980,11980,00,11980,rgb,0.0009138310560956597,0.00035519758239388466,0.0005586334737017751,0.8333740234375,0.377685546875,0.016675183549523354
plant_11980,11980,00,11980,depth,0.0008789972052909434,0.00036607118090614676,0.0005129260243847966,0.8228759765625,0.3729248046875,0.016741996631026268
plant_11980,11980,00,11980,ref,0.001009856816381216,0.00037936968146823347,0.0006304871058091521,0.850341796875,0.4261474609375,0.01816093735396862
plant_11981,11981,00,11981,rgb,0.0013852614210918546,0.0004754990222863853,0.0009097624570131302,0.87890625,0.4935302734375,0.019828300923109055
plant_11981,11981,00,11981,depth,0.0009540754836052656,0.00038025795947760344,0.0005738175241276622,0.86279296875,0.423828125,0.018377913162112236
plant_11981,11981,00,11981,ref,0.0008142476435750723,0.0003512957482598722,0.00046295192441903055,0.77783203125,0.3311767578125,0.016221119090914726
plant_11986,11986,00,11986,rgb,0.0011302975472062826,0.0004920671926811337,0.0006382304127328098,0.8482666015625,0.3782958984375,0.017346259206533432
plant_11986,11986,00,11986,depth,0.0010996847413480282,0.0005053597851656377,0.0005943248979747295,0.861328125,0.396240234375,0.0176759772002697
plant_11986,11986,00,11986,ref,0.0013870997354388237,0.0005418662331067026,0.0008452334441244602,0.8741455078125,0.4620361328125,0.018930034711956978
plant_11988,11988,00,11988,rgb,0.0011566905304789543,0.0006460000295192003,0.000510690500959754,0.8431396484375,0.373046875,0.017436115071177483
plant_11988,11988,00,11988,depth,0.0013303193263709545,0.0008105047745630145,0.0005198146100156009,0.8494873046875,0.3865966796875,0.017784681171178818
plant_11988,11988,00,11988,ref,0.00111017981544137,0.0005590207292698324,0.0005511589115485549,0.78515625,0.31787109375,0.015744565054774284
plant_11996,11996,00,11996,rgb,0.0030758101493120193,0.002468225546181202,0.0006075847195461392,0.838134765625,0.4140625,0.01763686165213585
plant_11996,11996,00,11996,depth,0.0020277099683880806,0.0014556653331965208,0.0005720447516068816,0.8287353515625,0.4248046875,0.01793741062283516
plant_11996,11996,00,11996,ref,0.0016794637776911259,0.0009321552352048457,0.0007473084842786193,0.8375244140625,0.437744140625,0.01830144226551056
plant_12001,12001,00,12001,rgb,0.0006659404607489705,0.0003455666883382946,0.0003203737724106759,0.6917724609375,0.2288818359375,0.013184484094381332
plant_12001,12001,00,12001,depth,0.00078718236181885,0.0003977357118856162,0.0003894466208294034,0.7650146484375,0.2757568359375,0.014438983052968979
plant_12001,12001,00,12001,ref,0.0006773556815460324,0.0002995446848217398,0.0003778110258281231,0.6712646484375,0.2916259765625,0.014491376467049122
plant_12003,12003,00,12003,rgb,0.0028418279252946377,0.0009543221676722169,0.001887505641207099,0.9403076171875,0.6441650390625,0.025102034211158752
plant_12003,12003,00,12003,depth,0.002722290577366948,0.0008642930770292878,0.0018579973839223385,0.9420166015625,0.651123046875,0.02603251114487648
plant_12003,12003,00,12003,ref,0.0023394646123051643,0.0011085649020969868,0.0012308998266234994,0.92724609375,0.6051025390625,0.022752834483981133
plant_12004,12004,00,12004,rgb,0.001089035882614553,0.0006366569432429969,0.0004523789102677256,0.8016357421875,0.3341064453125,0.015565608628094196
plant_12004,12004,00,12004,depth,0.0010286051547154784,0.0006166069069877267,0.0004119982768315822,0.796142578125,0.3087158203125,0.015307710506021976
plant_12004,12004,00,12004,ref,0.0006149440305307508,0.0002510581980459392,0.000363885861588642,0.734619140625,0.2703857421875,0.014270645566284657
plant_12022,12022,00,12022,rgb,0.0015793783823028207,0.0007202074630185962,0.0008591710356995463,0.8621826171875,0.4879150390625,0.019637076184153557
plant_12022,12022,00,12022,depth,0.0009878515265882015,0.0004693441733252257,0.0005185073241591454,0.8076171875,0.3436279296875,0.0159746203571558
plant_12022,12022,00,12022,ref,0.0008589737117290497,0.00032761835609562695,0.0005313553265295923,0.7779541015625,0.311279296875,0.015039277262985706
plant_1203,1203,00,1203,rgb,0.0015846053138375282,0.0009490929078310728,0.0006355124642141163,0.9169921875,0.5364990234375,0.02082783915102482
plant_1203,1203,00,1203,depth,0.00204158341512084,0.001231810892932117,0.0008097724639810622,0.93603515625,0.6165771484375,0.022956250235438347
plant_1203,1203,00,1203,ref,0.002174877095967531,0.0013019691687077284,0.0008729080436751246,0.913330078125,0.546630859375,0.02102041430771351
plant_12033,12033,00,12033,rgb,0.0012870647478848696,0.0007691853679716587,0.0005178794381208718,0.855224609375,0.413818359375,0.018052391707897186
plant_12033,12033,00,12033,depth,0.001360014546662569,0.0008120465790852904,0.0005479679675772786,0.872802734375,0.4390869140625,0.018804242834448814
plant_12033,12033,00,12033,ref,0.0010251450585201383,0.0005500284023582935,0.0004751165979541838,0.8316650390625,0.395263671875,0.017273884266614914
plant_12041,12041,00,12041,rgb,0.0009983450872823596,0.0003972767444793135,0.0006010682554915547,0.8482666015625,0.3603515625,0.01667303778231144
plant_12041,12041,00,12041,depth,0.0011312433052808046,0.00043755845399573445,0.0006936849094927311,0.8629150390625,0.404052734375,0.01761072315275669
plant_12041,12041,00,12041,ref,0.0018139409366995096,0.0007059884374029934,0.001107952673919499,0.928955078125,0.7027587890625,0.026835350319743156
plant_12065,12065,00,12065,rgb,0.0006700835656374693,0.0003291690081823617,0.000340914586558938,0.757080078125,0.227294921875,0.01424534060060978
plant_12065,12065,00,12065,depth,0.0008011665195226669,0.00037192017771303654,0.0004292463418096304,0.8082275390625,0.3109130859375,0.015997329726815224
plant_12065,12065,00,12065,ref,0.0008354448946192861,0.0003676371998153627,0.0004678076657000929,0.740966796875,0.2808837890625,0.014665087684988976
plant_12066,12066,00,12066,rgb,0.0012640045024454594,0.0006967388326302171,0.0005672656698152423,0.8818359375,0.431884765625,0.01852467469871044
plant_12066,12066,00,12066,depth,0.0016840421594679356,0.0008392009767703712,0.0008448410080745816,0.8953857421875,0.5169677734375,0.020514894276857376
plant_12066,12066,00,12066,ref,0.0008757338509894907,0.0003626145189628005,0.0005131193902343512,0.8380126953125,0.36279296875,0.017027297988533974
plant_12076,12076,00,12076,rgb,0.0015274062752723694,0.0006963745690882206,0.0008310317061841488,0.871337890625,0.4820556640625,0.01947537623345852
plant_12076,12076,00,12076,depth,0.0013297318946570158,0.0006116092554293573,0.0007181226974353194,0.865234375,0.454833984375,0.01882847212255001
plant_12076,12076,00,12076,ref,0.0011701805051416159,0.0005495917866937816,0.0006205887184478343,0.9095458984375,0.48681640625,0.019697481766343117
plant_12078,12078,00,12078,rgb,0.0006711031892336905,0.0003062618779949844,0.0003648413112387061,0.7822265625,0.2667236328125,0.015175046399235725
plant_12078,12078,00,12078,depth,0.0008029345190152526,0.0003241910308133811,0.0004787434882018715,0.8253173828125,0.341064453125,0.01664319448173046
plant_12078,12078,00,12078,ref,0.0006317778024822474,0.00023607198090758175,0.0003957058070227504,0.710693359375,0.2685546875,0.014396809041500092
plant_12087,12087,00,12087,rgb,0.002128327265381813,0.0011725586373358965,0.0009557687444612384,0.8870849609375,0.5201416015625,0.020595528185367584
plant_12087,12087,00,12087,depth,0.0026655166875571012,0.0014891424216330051,0.001176374265924096,0.8978271484375,0.561767578125,0.021978698670864105
plant_12087,12087,00,12087,ref,0.0009645213140174747,0.0004698328557424247,0.0004946885164827108,0.8189697265625,0.27734375,0.015621080994606018
plant_1209,1209,00,1209,rgb,0.0008725490188226104,0.00048054667422547936,0.00039200237370096147,0.8043212890625,0.2904052734375,0.016048012301325798
plant_1209,1209,00,1209,depth,0.0009318885277025402,0.0005369273712858558,0.0003949610982090235,0.8118896484375,0.3212890625,0.01650984026491642
plant_1209,1209,00,1209,ref,0.0008665131754241884,0.0004975396441295743,0.0003689735312946141,0.775634765625,0.2801513671875,0.015290282666683197
plant_12098,12098,00,12098,rgb,0.0008178113494068384,0.00029880923102609813,0.0005190020892769098,0.8275146484375,0.326416015625,0.01616394706070423
plant_12098,12098,00,12098,depth,0.0009430429199710488,0.0003906351048499346,0.0005524078151211143,0.8333740234375,0.37744140625,0.0169327761977911
plant_12098,12098,00,12098,ref,0.0009571200935170054,0.000408378429710865,0.0005487416638061404,0.809814453125,0.3614501953125,0.016788100823760033
plant_12102,12102,00,12102,rgb,0.0010306939948350191,0.0006748540326952934,0.0003558399621397257,0.8223876953125,0.270751953125,0.01563294418156147
plant_12102,12102,00,12102,depth,0.0014052671613171697,0.0009341756231151521,0.00047109153820201755,0.832763671875,0.3292236328125,0.016324639320373535
plant_12102,12102,00,12102,ref,0.0021212215069681406,0.0012429174967110157,0.000878303952049464,0.8748779296875,0.421630859375,0.018164770677685738
plant_12103,12103,00,12103,rgb,0.0012587775709107518,0.0006945038912817836,0.0005642736796289682,0.844970703125,0.4132080078125,0.017856484279036522
plant_12103,12103,00,12103,depth,0.0011706537334248424,0.000735406472813338,0.00043524723150767386,0.8360595703125,0.304443359375,0.016048645600676537
plant_12103,12103,00,12103,ref,0.0011220058659091592,0.0006406899774447083,0.00048131588846445084,0.8236083984375,0.3397216796875,0.016403982415795326
plant_1211,1211,00,1211,rgb,0.0010655527003109455,0.00046685629058629274,0.0005986964679323137,0.84326171875,0.387939453125,0.017586393281817436
plant_1211,1211,00,1211,depth,0.0011179340071976185,0.0005128193297423422,0.0006051146774552763,0.826171875,0.3792724609375,0.017338737845420837
plant_1211,1211,00,1211,ref,0.0009257051860913634,0.0004557696229312569,0.00046993556316010654,0.7578125,0.320068359375,0.015438483096659184
plant_12119,12119,00,12119,rgb,0.0028889342211186886,0.0016988314455375075,0.0011901028919965029,0.83740234375,0.4742431640625,0.019212281331419945
plant_12119,12119,00,12119,depth,0.003764948807656765,0.0021614162251353264,0.0016035328153520823,0.8868408203125,0.5274658203125,0.02091298997402191
plant_12119,12119,00,12119,ref,0.003071078099310398,0.0011483426205813885,0.0019227354787290096,0.845458984375,0.5380859375,0.0216072928160429
plant_12129,12129,00,12129,rgb,0.0012818083632737398,0.0008597120177000761,0.00042209631646983325,0.8043212890625,0.3404541015625,0.016634494066238403
plant_12129,12129,00,12129,depth,0.001316069858148694,0.0008926571463234723,0.00042341265361756086,0.8287353515625,0.3797607421875,0.017662322148680687
plant_12129,12129,00,12129,ref,0.0009706129203550518,0.0004989234730601311,0.0004716895055025816,0.68701171875,0.3197021484375,0.014600896276533604
plant_12133,12133,00,12133,rgb,0.0033673178404569626,0.0012830201303586364,0.0020842975936830044,0.842529296875,0.5689697265625,0.02227947860956192
plant_12133,12133,00,12133,depth,0.004252368118613958,0.00157921330537647,0.00267315492965281,0.89306640625,0.630859375,0.02462277002632618
plant_12133,12133,00,12133,ref,0.003971456550061703,0.0020746064838021994,0.0018968500662595034,0.8355712890625,0.5938720703125,0.025880400091409683
plant_12141,12141,00,12141,rgb,0.001022728392854333,0.00044657321996055543,0.0005761552602052689,0.83544921875,0.3623046875,0.016950376331806183
plant_12141,12141,00,12141,depth,0.0010148974834010005,0.0005028854357078671,0.0005120120476931334,0.8590087890625,0.391845703125,0.017566494643688202
plant_12141,12141,00,12141,ref,0.0009073394467122853,0.00030606758082285523,0.0006012718076817691,0.7608642578125,0.318359375,0.01550509687513113
plant_12160,12160,00,12160,rgb,0.0006200067000463605,0.0002802823146339506,0.0003397243854124099,0.7738037109375,0.2523193359375,0.014903387986123562
plant_12160,12160,00,12160,depth,0.0005359805654734373,0.0002473676868248731,0.00028861284954473376,0.721435546875,0.1990966796875,0.01387482788413763
plant_12160,12160,00,12160,ref,0.0009398647816851735,0.0004365955537650734,0.0005032691988162696,0.8138427734375,0.3287353515625,0.016151027753949165
plant_12165,12165,00,12165,rgb,0.0013937554322183132,0.0005433502374216914,0.0008504052530042827,0.7843017578125,0.3629150390625,0.016377968713641167
plant_12165,12165,00,12165,depth,0.0014299775939434767,0.0005405727424658835,0.0008894048514775932,0.784912109375,0.36767578125,0.016595635563135147
plant_12165,12165,00,12165,ref,0.0015357456868514419,0.0005851091118529439,0.000950636574998498,0.8668212890625,0.5308837890625,0.02098936215043068
plant_12176,12176,00,12176,rgb,0.0008160241413861513,0.00033874428481794894,0.00047727988567203283,0.850341796875,0.3809814453125,0.017266739159822464
plant_12176,12176,00,12176,depth,0.0008558485424146056,0.0003568889806047082,0.0004989595618098974,0.8524169921875,0.387939453125,0.017381081357598305
plant_12176,12176,00,12176,ref,0.0007913503213785589,0.0003263635444454849,0.000464986776933074,0.8048095703125,0.32470703125,0.015942296013236046
plant_12178,12178,00,12178,rgb,0.0006443202146328986,0.0003168552357237786,0.0003274649498052895,0.722412109375,0.201416015625,0.013508366420865059
plant_12178,12178,00,12178,depth,0.0005807516281493008,0.00027178062009625137,0.00030897100805304945,0.6915283203125,0.1907958984375,0.013091374188661575
plant_12178,12178,00,12178,ref,0.0008084437577053905,0.00036779040237888694,0.0004406533553265035,0.7691650390625,0.305419921875,0.015420651994645596
plant_12180,12180,00,12180,rgb,0.004011824727058411,0.0016115100588649511,0.0024003146681934595,0.941162109375,0.70849609375,0.030252695083618164
plant_12180,12180,00,12180,depth,0.00731666199862957,0.0022932838182896376,0.005023378413170576,0.95849609375,0.814697265625,0.04477116838097572
plant_12180,12180,00,12180,ref,0.0012496821582317352,0.000666640349663794,0.0005830418667756021,0.8260498046875,0.3572998046875,0.01694282703101635
plant_12182,12182,00,12182,rgb,0.002010293770581484,0.0013635291252285242,0.0006467647617682815,0.906982421875,0.542236328125,0.021059835329651833
plant_12182,12182,00,12182,depth,0.002006473718211055,0.0012924415059387684,0.0007140320376493037,0.903564453125,0.5523681640625,0.02140544168651104
plant_12182,12182,00,12182,ref,0.002461351454257965,0.0017236240673810244,0.0007377273286692798,0.8809814453125,0.5162353515625,0.020516427233815193
plant_12188,12188,00,12188,rgb,0.0010403377236798406,0.0006358150858432055,0.0004045226378366351,0.830322265625,0.360107421875,0.016917603090405464
plant_12188,12188,00,12188,depth,0.0015550715615972877,0.0009659122442826629,0.0005891593173146248,0.843017578125,0.395263671875,0.01731736958026886
plant_12188,12188,00,12188,ref,0.0008297133608721197,0.00047969038132578135,0.0003500229795463383,0.7779541015625,0.2598876953125,0.014860985800623894
plant_12189,12189,00,12189,rgb,0.000590490351896733,0.0002712028508540243,0.00031928750104270875,0.75732421875,0.1920166015625,0.013802595436573029
plant_12189,12189,00,12189,depth,0.0005605279584415257,0.00026426580734550953,0.0002962621219921857,0.739013671875,0.17236328125,0.013650430366396904
plant_12189,12189,00,12189,ref,0.0006614255253225565,0.00031794043025001884,0.00034348503686487675,0.759033203125,0.2386474609375,0.01467758510261774
plant_1220,1220,00,1220,rgb,0.0012134166900068521,0.0006811076309531927,0.0005323090008459985,0.83544921875,0.3082275390625,0.016165878623723984
plant_1220,1220,00,1220,depth,0.00120442861225456,0.0006178662297315896,0.0005865623243153095,0.8287353515625,0.3092041015625,0.016072502359747887
plant_1220,1220,00,1220,ref,0.0018864896846935153,0.00087750144302845,0.0010089882416650653,0.8138427734375,0.3873291015625,0.01691177859902382
plant_12214,12214,00,12214,rgb,0.002814175095409155,0.0012169282417744398,0.001597246970050037,0.893798828125,0.5167236328125,0.02065505087375641
plant_12214,12214,00,12214,depth,0.003078087465837598,0.0018418757244944572,0.0012362117413431406,0.8887939453125,0.4912109375,0.019707391038537025
plant_12214,12214,00,12214,ref,0.0022113369777798653,0.0009004082530736923,0.0013109288411214948,0.8970947265625,0.5101318359375,0.02030910924077034
plant_12219,12219,00,12219,rgb,0.0014705779030919075,0.0007166564464569092,0.0007539214566349983,0.8494873046875,0.4578857421875,0.01895742304623127
plant_12219,12219,00,12219,depth,0.006607329938560724,0.0019427009392529726,0.004664628766477108,0.9102783203125,0.70166015625,0.029629353433847427
plant_12219,12219,00,12219,ref,0.0006621484644711018,0.00030470863566733897,0.0003574398288037628,0.6522216796875,0.23291015625,0.012948844581842422
plant_1222,1222,00,1222,rgb,0.0007473394507542253,0.000334174488671124,0.00041316499118693173,0.807861328125,0.3250732421875,0.0159489493817091
plant_1222,1222,00,1222,depth,0.0008049646858125925,0.00037157407496124506,0.000433390581747517,0.8175048828125,0.33544921875,0.016076313331723213
plant_1222,1222,00,1222,ref,0.001096582505851984,0.00044775675632990897,0.0006488256622105837,0.8033447265625,0.3873291015625,0.01667989045381546
plant_12223,12223,00,12223,rgb,0.002180719282478094,0.001386165269650519,0.0007945542456582189,0.9111328125,0.517578125,0.02040804922580719
plant_12223,12223,00,12223,depth,0.0015537580475211143,0.0009790640324354172,0.0005746940150856972,0.8670654296875,0.414306640625,0.018306350335478783
plant_12223,12223,00,12223,ref,0.0009392061620019376,0.0003969790996052325,0.0005422270623967052,0.775390625,0.3148193359375,0.015371127985417843
plant_12224,12224,00,12224,rgb,0.003918933216482401,0.00123831897508353,0.002680614124983549,0.9190673828125,0.587158203125,0.022945960983633995
plant_12224,12224,00,12224,depth,0.0033442596904933453,0.0010982375824823976,0.002246021991595626,0.9105224609375,0.5390625,0.02103353850543499
plant_12224,12224,00,12224,ref,0.001511809998191893,0.0007524412358179688,0.0007593687623739243,0.905029296875,0.488037109375,0.019781040027737617
plant_12230,12230,00,12230,rgb,0.0009333716006949544,0.0005378118366934359,0.0003955597640015185,0.8087158203125,0.2611083984375,0.01511293649673462
plant_12230,12230,00,12230,depth,0.0009740141686052084,0.000584918016102165,0.0003890961525030434,0.8309326171875,0.27294921875,0.015738746151328087
plant_12230,12230,00,12230,ref,0.0010356669081375003,0.0005626708152703941,0.00047299600555561483,0.8028564453125,0.2899169921875,0.014927088283002377
plant_12232,12232,00,12232,rgb,0.0011572164949029684,0.0005510791088454425,0.0006061373860575259,0.8421630859375,0.34619140625,0.016487382352352142
plant_12232,12232,00,12232,depth,0.0011428255820646882,0.0005504675209522247,0.0005923580029048026,0.81005859375,0.31494140625,0.015757286921143532
plant_12232,12232,00,12232,ref,0.0005017566727474332,0.00026016999618150294,0.00024158667656593025,0.692138671875,0.144287109375,0.012837102636694908
plant_12243,12243,00,12243,rgb,0.0008171338122338057,0.0003699111402966082,0.0004472227592486888,0.8359375,0.3660888671875,0.01674140989780426
plant_12243,12243,00,12243,depth,0.0006723760743625462,0.00029419330530799925,0.00037818276905454695,0.8037109375,0.291015625,0.015401597134768963
plant_12243,12243,00,12243,ref,0.0008740350604057312,0.0003620873612817377,0.0005119476700201631,0.8441162109375,0.3753662109375,0.017149969935417175
plant_12245,12245,00,12245,rgb,0.0031650501769036055,0.002301786793395877,0.0008632636745460331,0.9345703125,0.615478515625,0.023096181452274323
plant_12245,12245,00,12245,depth,0.0032056807540357113,0.0022826767526566982,0.0009230039431713521,0.9349365234375,0.61767578125,0.02325424924492836
plant_12245,12245,00,12245,ref,0.002167545026168227,0.0009325522114522755,0.0012349928729236126,0.8974609375,0.52734375,0.020803367719054222
plant_1225,1225,00,1225,rgb,0.0023287651129066944,0.0015177681343629956,0.0008109969785436988,0.91064453125,0.584228515625,0.022330136969685555
plant_1225,1225,00,1225,depth,0.0021837293170392513,0.0015027043409645557,0.0006810249760746956,0.9039306640625,0.53955078125,0.021049633622169495
plant_1225,1225,00,1225,ref,0.0020185352768749,0.001014392590150237,0.0010041426867246628,0.913330078125,0.58740234375,0.023507438600063324
plant_12251,12251,00,12251,rgb,0.0009933358523994684,0.0005661094910465181,0.0004272263031452894,0.8350830078125,0.326171875,0.016346557065844536
plant_12251,12251,00,12251,depth,0.0008111087372526526,0.00047139657544903457,0.0003397121326997876,0.775390625,0.22314453125,0.014514767564833164
plant_12251,12251,00,12251,ref,0.0005106611642986536,0.00024805686553008854,0.00026260435697622597,0.7626953125,0.1697998046875,0.013786056078970432
plant_12254,12254,00,12254,rgb,0.003642452647909522,0.001871401909738779,0.0017710506217554212,0.9180908203125,0.7078857421875,0.02933136746287346
plant_12254,12254,00,12254,depth,0.004417973104864359,0.001999701838940382,0.002418271265923977,0.9281005859375,0.7667236328125,0.033361777663230896
plant_12254,12254,00,12254,ref,0.0011056935181841254,0.00047054709284566343,0.0006351464544422925,0.739013671875,0.357421875,0.01591246947646141
plant_12262,12262,00,12262,rgb,0.000988736399449408,0.0005454766214825213,0.00044325977796688676,0.8455810546875,0.349609375,0.0166549701243639
plant_12262,12262,00,12262,depth,0.0010535975452512503,0.0005943963769823313,0.00045920113916508853,0.835693359375,0.369873046875,0.016941392794251442
plant_12262,12262,00,12262,ref,0.001498113851994276,0.000681572942994535,0.0008165409089997411,0.903564453125,0.4698486328125,0.019214728847146034
plant_12270,12270,00,12270,rgb,0.0006809987244196236,0.00038573730853386223,0.00029526144498959184,0.7691650390625,0.1968994140625,0.014240680262446404
plant_12270,12270,00,12270,depth,0.0006029809592291713,0.0003466352354735136,0.0002563456946518272,0.7484130859375,0.1571044921875,0.013570203445851803
plant_12270,12270,00,12270,ref,0.0006609471747651696,0.0003287910367362201,0.00033215610892511904,0.7525634765625,0.202880859375,0.013666754588484764
plant_12272,12272,00,12272,rgb,0.0030967730563133955,0.0018783037085086107,0.0012184693478047848,0.8365478515625,0.523193359375,0.021113157272338867
plant_12272,12272,00,12272,depth,0.0018418239196762443,0.0012473658425733447,0.0005944580771028996,0.7998046875,0.422607421875,0.017908385023474693
plant_12272,12272,00,12272,ref,0.0007276613032445312,0.0003618233313318342,0.0003658379428088665,0.6844482421875,0.26904296875,0.013729829341173172
plant_12273,12273,00,12273,rgb,0.000734541448764503,0.000385336228646338,0.000349205220118165,0.7249755859375,0.2032470703125,0.013445110991597176
plant_12273,12273,00,12273,depth,0.0006792416679672897,0.0003452165110502392,0.00033402518602088094,0.708251953125,0.185302734375,0.013290319591760635
plant_12273,12273,00,12273,ref,0.0019346124026924372,0.0006004385650157928,0.0013341737212613225,0.87451171875,0.5860595703125,0.024159373715519905
plant_12281,12281,00,12281,rgb,0.0010692032519727945,0.0006314286729320884,0.00043777457904070616,0.81494140625,0.256591796875,0.015067421831190586
plant_12281,12281,00,12281,depth,0.000807632808573544,0.00046002937597222626,0.0003476034617051482,0.7574462890625,0.185546875,0.013640446588397026
plant_12281,12281,00,12281,ref,0.0013251039199531078,0.000593711796682328,0.0007313921814784408,0.8673095703125,0.46875,0.019300714135169983
plant_12282,12282,00,12282,rgb,0.0008274562424048781,0.0004575093917082995,0.0003699468798004091,0.8251953125,0.2806396484375,0.01568383164703846
plant_12282,12282,00,12282,depth,0.0009831523057073355,0.0005254694842733443,0.0004576828796416521,0.8521728515625,0.360595703125,0.01701498031616211
plant_12282,12282,00,12282,ref,0.0005818381905555725,0.0002849800221156329,0.0002968581684399396,0.800048828125,0.2225341796875,0.014930754899978638
plant_12285,12285,00,12285,rgb,0.0025004413910210133,0.001453079399652779,0.0010473619913682342,0.9188232421875,0.6005859375,0.02304013818502426
plant_12285,12285,00,12285,depth,0.0022476259618997574,0.001355777494609356,0.0008918485254980624,0.9075927734375,0.548583984375,0.021280653774738312
plant_12285,12285,00,12285,ref,0.003932460211217403,0.0016434118151664734,0.00228904839605093,0.9498291015625,0.701904296875,0.02952052839100361
plant_12300,12300,00,12300,rgb,0.0008077793172560632,0.00042404510895721614,0.0003837342082988471,0.78857421875,0.263427734375,0.015375742688775063
plant_12300,12300,00,12300,depth,0.0007751532830297947,0.0004059358616359532,0.0003692174213938415,0.766845703125,0.2811279296875,0.015323152765631676
plant_12300,12300,00,12300,ref,0.0007431665435433388,0.0003640228242147714,0.00037914369022473693,0.7608642578125,0.267578125,0.014635042287409306
plant_12313,12313,00,12313,rgb,0.0011257287114858627,0.0005473289056681097,0.0005783997476100922,0.868896484375,0.4119873046875,0.018075767904520035
plant_12313,12313,00,12313,depth,0.001257142866961658,0.0006064114859327674,0.0006507313810288906,0.88623046875,0.4556884765625,0.01904909871518612
plant_12313,12313,00,12313,ref,0.0021607684902846813,0.0012655566679313779,0.0008952115895226598,0.8974609375,0.5213623046875,0.020574690774083138
plant_12326,12326,00,12326,rgb,0.002614570315927267,0.0018601628253236413,0.0007544074906036258,0.865478515625,0.4063720703125,0.017880070954561234
plant_12326,12326,00,12326,depth,0.002529941964894533,0.0017891832394525409,0.0007407588418573141,0.8577880859375,0.401611328125,0.017786959186196327
plant_12326,12326,00,12326,ref,0.0013551180018112063,0.0006760768010281026,0.0006790412007831037,0.7484130859375,0.4476318359375,0.018078165128827095
plant_12337,12337,00,12337,rgb,0.0055822329595685005,0.003903609234839678,0.001678623491898179,0.9547119140625,0.73779296875,0.032276004552841187
plant_12337,12337,00,12337,depth,0.005828165449202061,0.004284575115889311,0.0015435910318046808,0.960693359375,0.750244140625,0.02996985800564289
plant_12337,12337,00,12337,ref,0.0023972238413989544,0.0013931503053754568,0.0010040735360234976,0.934326171875,0.650634765625,0.023840390145778656
plant_12348,12348,00,12348,rgb,0.0008213605615310371,0.00042609445517882705,0.00039526610635221004,0.8074951171875,0.276123046875,0.015436109155416489
plant_12348,12348,00,12348,depth,0.0010350459488108754,0.0005286232917569578,0.0005064226570539176,0.839111328125,0.3228759765625,0.016260890290141106
plant_12348,12348,00,12348,ref,0.0013221995905041695,0.0005006092833355069,0.0008215903653763235,0.786865234375,0.4283447265625,0.017857389524579048
plant_12357,12357,00,12357,rgb,0.0005631337990052998,0.00029190824716351926,0.000271225580945611,0.7386474609375,0.1761474609375,0.01379317231476307
plant_12357,12357,00,12357,depth,0.000482551142340526,0.000248413736699149,0.00023413739108946174,0.726318359375,0.1253662109375,0.013194195926189423
plant_12357,12357,00,12357,ref,0.0005746806273236871,0.0003281471726950258,0.00024653348373249173,0.6533203125,0.1661376953125,0.012631732039153576
plant_12372,12372,00,12372,rgb,0.001221950980834663,0.0007255160599015653,0.0004964349209330976,0.8587646484375,0.426513671875,0.018463123589754105
plant_12372,12372,00,12372,depth,0.0011684559285640717,0.0007532929885201156,0.0004151629691477865,0.85205078125,0.3446044921875,0.016999777406454086
plant_12372,12372,00,12372,ref,0.0019484299700707197,0.001021726755425334,0.0009267031564377248,0.8922119140625,0.5703125,0.022393010556697845
plant_12382,12382,00,12382,rgb,0.0020684036426246166,0.0013027465902268887,0.000765657052397728,0.8570556640625,0.3975830078125,0.017762387171387672
plant_12382,12382,00,12382,depth,0.0016966663533821702,0.0012136615114286542,0.000483004841953516,0.8380126953125,0.3662109375,0.017173239961266518
plant_12382,12382,00,12382,ref,0.0010975203476846218,0.0005601172451861203,0.0005374030442908406,0.777587890625,0.2783203125,0.015377852134406567
plant_12386,12386,00,12386,rgb,0.0033935692626982927,0.0010889640543609858,0.002304605208337307,0.9449462890625,0.71435546875,0.02881382778286934
plant_12386,12386,00,12386,depth,0.003986691124737263,0.0012662183726206422,0.0027204726357012987,0.93994140625,0.712158203125,0.03055322729051113
plant_12386,12386,00,12386,ref,0.005117124877870083,0.0038539888337254524,0.001263136393390596,0.95947265625,0.7337646484375,0.02699531428515911
plant_12414,12414,00,12414,rgb,0.003262386191636324,0.0025169462896883488,0.000745440018363297,0.9205322265625,0.544677734375,0.020990455523133278
plant_12414,12414,00,12414,depth,0.004016985185444355,0.003140486776828766,0.0008764984668232501,0.9482421875,0.6578369140625,0.024093814194202423
plant_12414,12414,00,12414,ref,0.003988346550613642,0.0029912125319242477,0.0009971343679353595,0.9375,0.685546875,0.025842910632491112
plant_12416,12416,00,12416,rgb,0.0011083735153079033,0.0005161099834367633,0.0005922635900788009,0.8365478515625,0.392578125,0.017365669831633568
plant_12416,12416,00,12416,depth,0.0009446302428841591,0.00046618867781944573,0.00047844156506471336,0.7928466796875,0.297607421875,0.015444775111973286
plant_12416,12416,00,12416,ref,0.0010025787632912397,0.0004541316884569824,0.0005484470166265965,0.779296875,0.3619384765625,0.01619727350771427
plant_12425,12425,00,12425,rgb,0.003097128588706255,0.0016900261398404837,0.0014071025652810931,0.8763427734375,0.5787353515625,0.02250067889690399
plant_12425,12425,00,12425,depth,0.0018427306786179543,0.0012683168752118945,0.0005744138034060597,0.806396484375,0.3973388671875,0.017286477610468864
plant_12425,12425,00,12425,ref,0.0020000352524220943,0.0008385208202525973,0.001161514432169497,0.8399658203125,0.4727783203125,0.019081588834524155
plant_12426,12426,00,12426,rgb,0.000990009866654873,0.0004814306739717722,0.0005085791926831007,0.802978515625,0.3297119140625,0.01610596664249897
plant_12426,12426,00,12426,depth,0.0006557812448590994,0.00032456376357004046,0.0003312175103928894,0.737548828125,0.2362060546875,0.014273550361394882
plant_12426,12426,00,12426,ref,0.0009299981174990535,0.00046641798689961433,0.0004635801014956087,0.8419189453125,0.3568115234375,0.016842162236571312
plant_12436,12436,00,12436,rgb,0.005191616714000702,0.004170008935034275,0.0010216077789664268,0.9371337890625,0.57763671875,0.022355040535330772
plant_12436,12436,00,12436,depth,0.00393668981269002,0.00325046107172966,0.0006862286827526987,0.9342041015625,0.537109375,0.02081332728266716
plant_12436,12436,00,12436,ref,0.0016197325894609094,0.0009582909988239408,0.0006614414742216468,0.8365478515625,0.391357421875,0.0171139407902956
plant_12458,12458,00,12458,rgb,0.002075228374451399,0.0013781966408714652,0.0006970318499952555,0.8807373046875,0.4521484375,0.018856380134820938
plant_12458,12458,00,12458,depth,0.001811288995668292,0.0010001620976254344,0.0008111268980428576,0.8970947265625,0.4952392578125,0.019881704822182655
plant_12458,12458,00,12458,ref,0.0016577317146584392,0.0009208337869495153,0.0007368979277089238,0.9134521484375,0.48779296875,0.019757019355893135
plant_1247,1247,00,1247,rgb,0.0006776100490242243,0.00031505367951467633,0.0003625563404057175,0.72705078125,0.256103515625,0.014242970384657383
plant_1247,1247,00,1247,depth,0.0008953357464633882,0.0005075599765405059,0.0003877757699228823,0.766357421875,0.250732421875,0.014517556875944138
plant_1247,1247,00,1247,ref,0.0012603593058884144,0.0005858466029167175,0.0006745126447640359,0.716064453125,0.322509765625,0.015117914415895939
plant_12481,12481,00,12481,rgb,0.002327695721760392,0.0014328777324408293,0.0008948180475272238,0.864013671875,0.4365234375,0.018315427005290985
plant_12481,12481,00,12481,depth,0.0017482166877016425,0.0011250196257606149,0.0006231970619410276,0.829833984375,0.358642578125,0.016656484454870224
plant_12481,12481,00,12481,ref,0.0016454129945486784,0.000981751480139792,0.0006636613979935646,0.8321533203125,0.45556640625,0.018571915104985237
plant_12486,12486,00,12486,rgb,0.0008094182703644037,0.0003655729815363884,0.00044384525972418487,0.791748046875,0.2884521484375,0.015350050292909145
plant_12486,12486,00,12486,depth,0.0007609224412590265,0.00035637710243463516,0.0004045453097205609,0.8133544921875,0.2928466796875,0.015986356884241104
plant_12486,12486,00,12486,ref,0.0007948967395350337,0.00028772783116437495,0.0005071688210591674,0.8634033203125,0.447998046875,0.01891333982348442
plant_12496,12496,00,12496,rgb,0.0030479412525892258,0.0019295455422252417,0.001118395710363984,0.883544921875,0.5677490234375,0.023054316639900208
plant_12496,12496,00,12496,depth,0.00309372809715569,0.0021025612950325012,0.000991166802123189,0.892578125,0.55029296875,0.02159869857132435
plant_12496,12496,00,12496,ref,0.0010974418837577105,0.0005687301745638251,0.0005287117091938853,0.8057861328125,0.31884765625,0.01566016487777233
plant_12504,12504,00,12504,rgb,0.0005144970491528511,0.00021369836758822203,0.00030079862335696816,0.737548828125,0.166259765625,0.013317094184458256
plant_12504,12504,00,12504,depth,0.0007650445913895965,0.0003857921692542732,0.00037925245123915374,0.795654296875,0.248291015625,0.01503612007945776
plant_12504,12504,00,12504,ref,0.0005488521419465542,0.0002470938488841057,0.00030175832216627896,0.7021484375,0.2017822265625,0.01333084236830473
plant_12505,12505,00,12505,rgb,0.0031012690160423517,0.0012272506719455123,0.0018740184605121613,0.95947265625,0.7916259765625,0.03388070687651634
plant_12505,12505,00,12505,depth,0.003474113065749407,0.0017444072291254997,0.0017297057202085853,0.962890625,0.7694091796875,0.03039749711751938
plant_12505,12505,00,12505,ref,0.0017489243764430285,0.0009802223648875952,0.0007687020115554333,0.9278564453125,0.634765625,0.02326059527695179
plant_12508,12508,00,12508,rgb,0.002448171377182007,0.0012935221893712878,0.0011546493042260408,0.9244384765625,0.6021728515625,0.02249649167060852
plant_12508,12508,00,12508,depth,0.0025532881263643503,0.0011980094714090228,0.0013552787713706493,0.935791015625,0.6446533203125,0.024151189252734184
plant_12508,12508,00,12508,ref,0.0020828014239668846,0.0011555057717487216,0.000927295652218163,0.9285888671875,0.59423828125,0.022364061325788498
plant_12515,12515,00,12515,rgb,0.006671137176454067,0.005171535070985556,0.0014996023382991552,0.9351806640625,0.6475830078125,0.02466096542775631
plant_12515,12515,00,12515,depth,0.011779858730733395,0.009967298246920109,0.0018125606002286077,0.9429931640625,0.6993408203125,0.026967249810695648
plant_12515,12515,00,12515,ref,0.005580157972872257,0.0027649682015180588,0.002815189305692911,0.9468994140625,0.7275390625,0.030313968658447266
plant_12516,12516,00,12516,rgb,0.0012200847268104553,0.0005914387875236571,0.0006286459974944592,0.8402099609375,0.42919921875,0.01809876598417759
plant_12516,12516,00,12516,depth,0.001028173603117466,0.0004738573043141514,0.0005543162696994841,0.834228515625,0.3765869140625,0.017072061076760292
plant_12516,12516,00,12516,ref,0.0008292495040223002,0.00040755176451057196,0.00042169771040789783,0.7957763671875,0.3072509765625,0.01557805947959423
plant_12517,12517,00,12517,rgb,0.0030332840979099274,0.0015163408825173974,0.0015169433318078518,0.945068359375,0.697265625,0.02573109045624733
plant_12517,12517,00,12517,depth,0.002569192089140415,0.0014928205637261271,0.0010763716418296099,0.9356689453125,0.642578125,0.023767175152897835
plant_12517,12517,00,12517,ref,0.002077033743262291,0.0012455895775929093,0.000831443932838738,0.9019775390625,0.55126953125,0.021454110741615295
plant_12526,12526,00,12526,rgb,0.000575308920815587,0.0002896350051742047,0.0002856739447452128,0.667724609375,0.1510009765625,0.012113351374864578
plant_12526,12526,00,12526,depth,0.0007411804399453104,0.00038495412445627153,0.0003562263445928693,0.6944580078125,0.207275390625,0.013037232682108879
plant_12526,12526,00,12526,ref,0.0007814096170477569,0.00037579378113150597,0.00040561589412391186,0.79443359375,0.3260498046875,0.015440735965967178
plant_1253,1253,00,1253,rgb,0.0017097771633416414,0.0008964907028712332,0.0008132863440550864,0.8369140625,0.44091796875,0.018202384933829308
plant_1253,1253,00,1253,depth,0.0017057110089808702,0.0009750528261065483,0.0007306581828743219,0.847900390625,0.4501953125,0.01846560835838318
plant_1253,1253,00,1253,ref,0.0025448487140238285,0.001657087355852127,0.0008877613581717014,0.9180908203125,0.5865478515625,0.022115033119916916
plant_12532,12532,00,12532,rgb,0.0030221336055547,0.0020740812178701162,0.0009480522712692618,0.857666015625,0.51611328125,0.020453209057450294
plant_12532,12532,00,12532,depth,0.00328995194286108,0.0020003856625407934,0.001289566163904965,0.91748046875,0.6588134765625,0.025527603924274445
plant_12532,12532,00,12532,ref,0.0006980281323194504,0.0004008485411759466,0.0002971795911435038,0.6827392578125,0.1805419921875,0.012872577644884586
plant_12536,12536,00,12536,rgb,0.0010766538325697184,0.000504528870806098,0.0005721250199712813,0.78515625,0.3302001953125,0.015621813014149666
plant_12536,12536,00,12536,depth,0.0009477732237428427,0.0004932545707561076,0.0004545186529867351,0.7537841796875,0.259521484375,0.014481393620371819
plant_12536,12536,00,12536,ref,0.0009239886421710253,0.0003782623098231852,0.0005457263323478401,0.767578125,0.3416748046875,0.015653502196073532
plant_1254,1254,00,1254,rgb,0.002223375253379345,0.0006953309057280421,0.001528044231235981,0.9033203125,0.5853271484375,0.02246146649122238
plant_1254,1254,00,1254,depth,0.002062006387859583,0.0006371359340846539,0.0014248703373596072,0.8992919921875,0.5535888671875,0.02158401720225811
plant_1254,1254,00,1254,ref,0.001211477443575859,0.0004673417715821415,0.0007441356428898871,0.887451171875,0.541748046875,0.021184271201491356
plant_12550,12550,00,12550,rgb,0.0014110051561146975,0.0006281039677560329,0.0007829011883586645,0.865234375,0.4468994140625,0.018626408651471138
plant_12550,12550,00,12550,depth,0.0012617422034963965,0.0006109008681960404,0.0006508413353003561,0.846923828125,0.4024658203125,0.017813878133893013
plant_12550,12550,00,12550,ref,0.0008623796165920794,0.0003720858949236572,0.0004902937798760831,0.8040771484375,0.3580322265625,0.016788925975561142
plant_12551,12551,00,12551,rgb,0.0033549668733030558,0.0014244960620999336,0.0019304708112031221,0.939453125,0.655517578125,0.025050869211554527
plant_12551,12551,00,12551,depth,0.0027512984815984964,0.0012751456815749407,0.0014761528000235558,0.9376220703125,0.6314697265625,0.024192431941628456
plant_12551,12551,00,12551,ref,0.0018431269563734531,0.00097691232804209,0.0008662146865390241,0.93408203125,0.6014404296875,0.022714290767908096
plant_12558,12558,00,12558,rgb,0.0047003962099552155,0.003502923296764493,0.0011974731460213661,0.92138671875,0.5863037109375,0.022239040583372116
plant_12558,12558,00,12558,depth,0.004270687233656645,0.0031574764288961887,0.0011132106883451343,0.935302734375,0.645751953125,0.02399241365492344
plant_12558,12558,00,12558,ref,0.0024060425348579884,0.0015052891103550792,0.0009007533662952483,0.8587646484375,0.42626953125,0.017988037317991257
plant_12559,12559,00,12559,rgb,0.003127218224108219,0.00202366104349494,0.001103557413443923,0.8681640625,0.5340576171875,0.021196946501731873
plant_12559,12559,00,12559,depth,0.0035455378238111734,0.0021909126080572605,0.001354625215753913,0.8695068359375,0.5970458984375,0.023681137710809708
plant_12559,12559,00,12559,ref,0.0009595621377229691,0.0005658280570060015,0.0003937340516131371,0.705810546875,0.22314453125,0.013336405158042908
plant_12562,12562,00,12562,rgb,0.0026285988278687,0.001467460417188704,0.001161138410679996,0.9271240234375,0.5855712890625,0.02212091162800789
plant_12562,12562,00,12562,depth,0.002483779564499855,0.00147956982254982,0.0010042096255347133,0.925048828125,0.5751953125,0.02207733877003193
plant_12562,12562,00,12562,ref,0.0020673167891800404,0.0011256156722083688,0.0009417011169716716,0.8902587890625,0.4931640625,0.019829286262392998
plant_12569,12569,00,12569,rgb,0.0013127619167789817,0.0007628899766132236,0.0005498719401657581,0.8634033203125,0.42333984375,0.018381500616669655
plant_12569,12569,00,12569,depth,0.0015630954876542091,0.0009252656018361449,0.0006378298276104033,0.8741455078125,0.469970703125,0.019329316914081573
plant_12569,12569,00,12569,ref,0.0008675435092300177,0.00041914964094758034,0.00044839383917860687,0.85107421875,0.385498046875,0.017509913071990013
plant_12577,12577,00,12577,rgb,0.0011816051555797458,0.0005269168759696186,0.0006546883378177881,0.83740234375,0.3875732421875,0.017228759825229645
plant_12577,12577,00,12577,depth,0.0010427318047732115,0.00048147395136766136,0.0005612578243017197,0.839111328125,0.3538818359375,0.016753677278757095
plant_12577,12577,00,12577,ref,0.0012463866733014584,0.0005101886345073581,0.0007361980970017612,0.8197021484375,0.43212890625,0.01810881868004799
plant_12587,12587,00,12587,rgb,0.0010493071749806404,0.0005846619606018066,0.00046464521437883377,0.77685546875,0.296142578125,0.014744890853762627
plant_12587,12587,00,12587,depth,0.0009442699374631047,0.0005143268499523401,0.0004299430875107646,0.7696533203125,0.264404296875,0.014324570074677467
plant_12587,12587,00,12587,ref,0.0006702911341562867,0.00029453798197209835,0.0003757531230803579,0.6954345703125,0.2559814453125,0.013765480369329453
plant_12588,12588,00,12588,rgb,0.0028438791632652283,0.0018557587172836065,0.0009881204459816217,0.9345703125,0.622802734375,0.023807445541024208
plant_12588,12588,00,12588,depth,0.0028317333199083805,0.0019483126234263182,0.0008834206382744014,0.92236328125,0.59033203125,0.022465448826551437
plant_12588,12588,00,12588,ref,0.0020585525780916214,0.001218193443492055,0.0008403590181842446,0.93701171875,0.6580810546875,0.0237126424908638
plant_12591,12591,00,12591,rgb,0.002610676223412156,0.0015474779065698385,0.0010631983168423176,0.9114990234375,0.60546875,0.02350737154483795
plant_12591,12591,00,12591,depth,0.0022324237506836653,0.0013247703900560737,0.0009076533606275916,0.919189453125,0.61328125,0.023013034835457802
plant_12591,12591,00,12591,ref,0.001698172651231289,0.0009062584722414613,0.0007919141207821667,0.89404296875,0.56298828125,0.021715838462114334
plant_12597,12597,00,12597,rgb,0.0025734908413141966,0.0016084478702396154,0.0009650429710745811,0.8748779296875,0.53076171875,0.02112612873315811
plant_12597,12597,00,12597,depth,0.002422474790364504,0.0017455118941143155,0.0006769628380425274,0.865966796875,0.4927978515625,0.01979377120733261
plant_12597,12597,00,12597,ref,0.0014209756627678871,0.0007261318387463689,0.0006948437658138573,0.89306640625,0.494384765625,0.019853023812174797
plant_12606,12606,00,12606,rgb,0.0008279047906398773,0.00037552372668869793,0.00045238109305500984,0.8328857421875,0.3724365234375,0.01703249104321003
plant_12606,12606,00,12606,depth,0.0006663620006293058,0.00031164829852059484,0.0003547137603163719,0.8116455078125,0.2728271484375,0.015699395909905434
plant_12606,12606,00,12606,ref,0.000614086864516139,0.00027684480301104486,0.00033724209060892463,0.771728515625,0.2635498046875,0.01541699469089508
plant_12615,12615,00,12615,rgb,0.0012008617632091045,0.0006395626114681363,0.0005612991517409682,0.8494873046875,0.4080810546875,0.017804699018597603
plant_12615,12615,00,12615,depth,0.001627031248062849,0.0007197435479611158,0.0009072877001017332,0.848388671875,0.430419921875,0.018127499148249626
plant_12615,12615,00,12615,ref,0.0008626828202977777,0.00046618166379630566,0.00039650118560530245,0.8126220703125,0.3502197265625,0.016770578920841217
plant_12626,12626,00,12626,rgb,0.0030891969799995422,0.0017117151292040944,0.0013774818507954478,0.9227294921875,0.6005859375,0.02363095059990883
plant_12626,12626,00,12626,depth,0.0032382234930992126,0.0020202752202749252,0.0012179481564089656,0.9273681640625,0.58642578125,0.023012226447463036
plant_12626,12626,00,12626,ref,0.0025617245119065046,0.0014047003351151943,0.0011570241767913103,0.9246826171875,0.6187744140625,0.02424573339521885
plant_12629,12629,00,12629,rgb,0.0032289624214172363,0.00241313548758626,0.000815826584585011,0.906982421875,0.5404052734375,0.021182337775826454
plant_12629,12629,00,12629,depth,0.00396909611299634,0.0027068322524428368,0.001262263860553503,0.92724609375,0.6546630859375,0.02637024223804474
plant_12629,12629,00,12629,ref,0.0016496091848239303,0.0011202407767996192,0.0005293683498166502,0.8353271484375,0.400390625,0.01747974194586277
plant_12634,12634,00,12634,rgb,0.0018067165510728955,0.00090753473341465,0.0008991818176582456,0.8973388671875,0.5592041015625,0.02146856114268303
plant_12634,12634,00,12634,depth,0.002972209360450506,0.0021479299757629633,0.0008242795011028647,0.90771484375,0.574951171875,0.021836096420884132
plant_12634,12634,00,12634,ref,0.0020580014679580927,0.001306405058130622,0.0007515964098274708,0.9178466796875,0.593017578125,0.02229946106672287
plant_12638,12638,00,12638,rgb,0.0012051846133545041,0.0005767251132056117,0.0006284595001488924,0.88525390625,0.4671630859375,0.019199365749955177
plant_12638,12638,00,12638,depth,0.001394345541484654,0.0006943644257262349,0.0006999810575507581,0.8671875,0.4622802734375,0.019021889194846153
plant_12638,12638,00,12638,ref,0.001204741420224309,0.000680972880218178,0.0005237685982137918,0.8206787109375,0.4088134765625,0.01779814437031746
plant_12648,12648,00,12648,rgb,0.0010010559344664216,0.0005869341548532248,0.00041412183782085776,0.7955322265625,0.285400390625,0.015440026298165321
plant_12648,12648,00,12648,depth,0.0009704985423013568,0.0005791023140773177,0.0003913961991202086,0.7562255859375,0.2796630859375,0.014863894321024418
plant_12648,12648,00,12648,ref,0.0008986089378595352,0.0004968209541402757,0.0004017878673039377,0.7620849609375,0.26318359375,0.014541499316692352
plant_12649,12649,00,12649,rgb,0.0011702338233590126,0.000867015914991498,0.0003032178501598537,0.6778564453125,0.19482421875,0.01291568111628294
plant_12649,12649,00,12649,depth,0.0007405933574773371,0.000490819860715419,0.00024977349676191807,0.651611328125,0.14501953125,0.012332371436059475
plant_12649,12649,00,12649,ref,0.000596075551584363,0.00030028889887034893,0.00029578665271401405,0.591552734375,0.1243896484375,0.011085697449743748
plant_12653,12653,00,12653,rgb,0.0036946635227650404,0.0016728232149034739,0.0020218403078615665,0.918701171875,0.576171875,0.022179340943694115
plant_12653,12653,00,12653,depth,0.002605871297419071,0.0016169057926163077,0.0009889655048027635,0.91796875,0.5531005859375,0.021256910637021065
plant_12653,12653,00,12653,ref,0.0008948868489824235,0.00035516341449692845,0.0005397234344854951,0.766845703125,0.32373046875,0.015587135218083858
plant_12665,12665,00,12665,rgb,0.004709452390670776,0.0034470532555133104,0.0012623989023268223,0.9398193359375,0.6536865234375,0.02463044784963131
plant_12665,12665,00,12665,depth,0.002943457569926977,0.002099242527037859,0.0008442150428891182,0.9189453125,0.5816650390625,0.02236473374068737
plant_12665,12665,00,12665,ref,0.004862731322646141,0.0031608561985194683,0.0017018751241266727,0.9425048828125,0.642822265625,0.024322381243109703
plant_12668,12668,00,12668,rgb,0.0022490681149065495,0.0009656713809818029,0.0012833967339247465,0.9180908203125,0.609130859375,0.023027101531624794
plant_12668,12668,00,12668,depth,0.002366776578128338,0.0011977278627455235,0.0011690488317981362,0.92333984375,0.6407470703125,0.024285733699798584
plant_12668,12668,00,12668,ref,0.0019505502423271537,0.0010747750056907535,0.0008757751202210784,0.9315185546875,0.6434326171875,0.023465903475880623
plant_12677,12677,00,12677,rgb,0.0005782574880868196,0.0003216182813048363,0.0002566392067819834,0.7430419921875,0.1812744140625,0.013841642998158932
plant_12677,12677,00,12677,depth,0.0005307843093760312,0.00028761837165802717,0.00024316598137374967,0.73583984375,0.1456298828125,0.013547098264098167
plant_12677,12677,00,12677,ref,0.0006506884237751365,0.0003522279439494014,0.0002984604216180742,0.7867431640625,0.2154541015625,0.014722023159265518
plant_12679,12679,00,12679,rgb,0.001165407127700746,0.0007285230094566941,0.00043688411824405193,0.72802734375,0.2530517578125,0.014083064161241055
plant_12679,12679,00,12679,depth,0.0015933598624542356,0.0009191192220896482,0.0006742406403645873,0.8201904296875,0.3018798828125,0.01567840576171875
plant_12679,12679,00,12679,ref,0.0004850476107094437,0.00023822710500098765,0.00024682050570845604,0.54248046875,0.1910400390625,0.010925470851361752
plant_12699,12699,00,12699,rgb,0.003041523043066263,0.0021097795106470585,0.0009317434742115438,0.8726806640625,0.4737548828125,0.01925918459892273
plant_12699,12699,00,12699,depth,0.0037467004731297493,0.002027439884841442,0.0017192605882883072,0.9356689453125,0.750244140625,0.032096412032842636
plant_12699,12699,00,12699,ref,0.002775311004370451,0.0021116130519658327,0.0006636978359892964,0.8585205078125,0.4766845703125,0.019369354471564293
plant_12700,12700,00,12700,rgb,0.001290366519242525,0.0006006998592056334,0.0006896665436215699,0.8408203125,0.4442138671875,0.018026724457740784
plant_12700,12700,00,12700,depth,0.0014684200286865234,0.0006713786860927939,0.0007970412843860686,0.836181640625,0.46923828125,0.018900372087955475
plant_12700,12700,00,12700,ref,0.0011898705270141363,0.0003913755645044148,0.0007984949625097215,0.6953125,0.24365234375,0.013640335761010647
plant_12721,12721,00,12721,rgb,0.0007906510727480054,0.000441965414211154,0.00034868568764068186,0.75634765625,0.2525634765625,0.014508784748613834
plant_12721,12721,00,12721,depth,0.0009876566473394632,0.0005574630340561271,0.00043019355507567525,0.746826171875,0.2572021484375,0.014311609789729118
plant_12721,12721,00,12721,ref,0.0009515137644484639,0.0005153811071068048,0.0004361326864454895,0.7593994140625,0.26806640625,0.014651204459369183
plant_12723,12723,00,12723,rgb,0.0010156409116461873,0.0003880540607497096,0.0006275868508964777,0.760986328125,0.3326416015625,0.01496995147317648
plant_12723,12723,00,12723,depth,0.000957732554525137,0.00038663067971356213,0.0005711019039154053,0.770263671875,0.3026123046875,0.014835016801953316
plant_12723,12723,00,12723,ref,0.0006288937875069678,0.00023050505842547864,0.00039838877273723483,0.6822509765625,0.281982421875,0.01365678571164608
plant_12728,12728,00,12728,rgb,0.007458312436938286,0.0066694049164652824,0.000788907753303647,0.9124755859375,0.5052490234375,0.02010200545191765
plant_12728,12728,00,12728,depth,0.00678862351924181,0.005755485966801643,0.0010331374360248446,0.922119140625,0.5294189453125,0.020610736683011055
plant_12728,12728,00,12728,ref,0.002191140316426754,0.0012282516108825803,0.0009628887055441737,0.939697265625,0.6669921875,0.024447472766041756
plant_1273,1273,00,1273,rgb,0.0005233598058111966,0.0002521940041333437,0.00027116580167785287,0.747802734375,0.1827392578125,0.013878886587917805
plant_1273,1273,00,1273,depth,0.0005917113157920539,0.0003143713402096182,0.0002773400046862662,0.7684326171875,0.1798095703125,0.014068540185689926
plant_1273,1273,00,1273,ref,0.0007004813523963094,0.00030252139549702406,0.0003979598986916244,0.8316650390625,0.2740478515625,0.015804318711161613
plant_12731,12731,00,12731,rgb,0.0016023595817387104,0.0007639797986485064,0.0008383798412978649,0.91796875,0.5869140625,0.022345775738358498
plant_12731,12731,00,12731,depth,0.0015883618034422398,0.0009023234015330672,0.0006860384019091725,0.9254150390625,0.5889892578125,0.02195591852068901
plant_12731,12731,00,12731,ref,0.0025705527514219284,0.001433048048056662,0.0011375044705346227,0.95263671875,0.6724853515625,0.02508319541811943
plant_12735,12735,00,12735,rgb,0.0016805895138531923,0.0012176481541246176,0.0004629413888324052,0.8494873046875,0.313720703125,0.016425786539912224
plant_12735,12735,00,12735,depth,0.0014609579229727387,0.0009300519013777375,0.0005309060215950012,0.834228515625,0.340087890625,0.016558095812797546
plant_12735,12735,00,12735,ref,0.0007593759801238775,0.00041418784530833364,0.00034518816391937435,0.7230224609375,0.2286376953125,0.013974295929074287
plant_12736,12736,00,12736,rgb,0.0021044628228992224,0.0007970896549522877,0.0013073731679469347,0.916748046875,0.64990234375,0.025348642840981483
plant_12736,12736,00,12736,depth,0.0017488575540482998,0.0006999305915087461,0.0010489269625395536,0.8988037109375,0.57177734375,0.02264195680618286
plant_12736,12736,00,12736,ref,0.0024252193979918957,0.0007256059907376766,0.0016996131744235754,0.9320068359375,0.750732421875,0.03305856138467789
plant_12745,12745,00,12745,rgb,0.0013331694062799215,0.0007105725235305727,0.0006225969409570098,0.8914794921875,0.4974365234375,0.019952774047851562
plant_12745,12745,00,12745,depth,0.0013842175249010324,0.0007205684087239206,0.000663649057969451,0.905029296875,0.531494140625,0.020779894664883614
plant_12745,12745,00,12745,ref,0.0011234284611418843,0.0006323387497104704,0.0004910897114314139,0.8692626953125,0.4090576171875,0.017884744331240654
plant_12753,12753,00,12753,rgb,0.001059352420270443,0.0006300369859673083,0.00042931546340696514,0.8258056640625,0.3482666015625,0.016556551679968834
plant_12753,12753,00,12753,depth,0.0010662677232176065,0.0006499650771729648,0.0004163025878369808,0.8056640625,0.2928466796875,0.015803366899490356
plant_12753,12753,00,12753,ref,0.0008495773072354496,0.0005362716619856656,0.000313305645249784,0.795654296875,0.2093505859375,0.014622895047068596
plant_12756,12756,00,12756,rgb,0.00117728509940207,0.00046497193397954106,0.0007123131072148681,0.86474609375,0.407470703125,0.017969336360692978
plant_12756,12756,00,12756,depth,0.0009488434880040586,0.0004037894250359386,0.0005450540920719504,0.8214111328125,0.3323974609375,0.016364656388759613
plant_12756,12756,00,12756,ref,0.0009309041779488325,0.00041390422848053277,0.0005169999203644693,0.7882080078125,0.3447265625,0.01601770520210266
plant_12765,12765,00,12765,rgb,0.004128405824303627,0.0022745525930076838,0.0018538532312959433,0.9510498046875,0.7177734375,0.030004682019352913
plant_12765,12765,00,12765,depth,0.005894761066883802,0.004503138363361359,0.0013916227035224438,0.947509765625,0.7193603515625,0.028109131380915642
plant_12765,12765,00,12765,ref,0.001898013288155198,0.001113868784159422,0.0007841443293727934,0.915771484375,0.6510009765625,0.024122992530465126
plant_12769,12769,00,12769,rgb,0.001176820369437337,0.00043078733142465353,0.0007460329798050225,0.7957763671875,0.406494140625,0.017356013879179955
plant_12769,12769,00,12769,depth,0.001331109320744872,0.00050866708625108,0.000822442292701453,0.8111572265625,0.435791015625,0.018086813390254974
plant_12769,12769,00,12769,ref,0.0010112032759934664,0.0004238242981955409,0.0005873790360055864,0.7890625,0.3983154296875,0.016978222876787186
plant_1277,1277,00,1277,rgb,0.0006921329768374562,0.0003073376137763262,0.0003847953339572996,0.6126708984375,0.168212890625,0.011594044044613838
plant_1277,1277,00,1277,depth,0.0007711336947977543,0.0002925808366853744,0.00047855282900854945,0.6280517578125,0.17333984375,0.011973218992352486
plant_1277,1277,00,1277,ref,0.0008414326002821326,0.00035056445631198585,0.0004908681148663163,0.65283203125,0.1943359375,0.012486045248806477
plant_12774,12774,00,12774,rgb,0.001392114325426519,0.0009558874880895019,0.0004362268664408475,0.86865234375,0.400146484375,0.017918813973665237
plant_12774,12774,00,12774,depth,0.001554548041895032,0.0011254565324634314,0.00042909153853543103,0.8487548828125,0.390380859375,0.017551425844430923
plant_12774,12774,00,12774,ref,0.0010205041617155075,0.0006493526743724942,0.0003711515455506742,0.7806396484375,0.232421875,0.014483820647001266
plant_12787,12787,00,12787,rgb,0.0024724523536860943,0.0016433184500783682,0.0008291337871924043,0.910888671875,0.526123046875,0.020510446280241013
plant_12787,12787,00,12787,depth,0.0032357736490666866,0.0021387306042015553,0.0010970431612804532,0.9180908203125,0.573974609375,0.021942438557744026
plant_12787,12787,00,12787,ref,0.0009318029042333364,0.00037502095801755786,0.0005567819462157786,0.8126220703125,0.32373046875,0.016039488837122917
plant_12789,12789,00,12789,rgb,0.001322307507507503,0.000714100431650877,0.000608207075856626,0.86865234375,0.4080810546875,0.018129223957657814
plant_12789,12789,00,12789,depth,0.0011544107692316175,0.000677731353789568,0.0004766794154420495,0.839599609375,0.320068359375,0.016655784100294113
plant_12789,12789,00,12789,ref,0.0016025202348828316,0.0009289118461310863,0.0006736083887517452,0.8067626953125,0.4556884765625,0.018677491694688797
plant_12793,12793,00,12793,rgb,0.001948932884261012,0.0007410880061797798,0.0012078449362888932,0.9189453125,0.6103515625,0.023648887872695923
plant_12793,12793,00,12793,depth,0.0018496413249522448,0.0007454417645931244,0.0011041995603591204,0.8551025390625,0.563232421875,0.022640328854322433
plant_12793,12793,00,12793,ref,0.001183590036816895,0.0005555685493163764,0.0006280215457081795,0.8763427734375,0.5159912109375,0.02048684097826481
plant_1280,1280,00,1280,rgb,0.005357084795832634,0.004502021707594395,0.0008550630882382393,0.881103515625,0.4100341796875,0.017906099557876587
plant_1280,1280,00,1280,depth,0.004405197221785784,0.003676563035696745,0.0007286340114660561,0.8359375,0.3607177734375,0.016529584303498268
plant_1280,1280,00,1280,ref,0.000822463829535991,0.0005145049653947353,0.0003079588641412556,0.7369384765625,0.204345703125,0.013727379962801933
plant_12805,12805,00,12805,rgb,0.001721812761388719,0.0008394779288209975,0.0008823348907753825,0.8231201171875,0.4493408203125,0.018118897452950478
plant_12805,12805,00,12805,depth,0.0017220984445884824,0.0008178721182048321,0.0009042263845913112,0.837646484375,0.449462890625,0.01839197799563408
plant_12805,12805,00,12805,ref,0.0008391191950067878,0.00044847882236354053,0.00039064037264324725,0.6319580078125,0.1776123046875,0.01179527398198843
plant_12807,12807,00,12807,rgb,0.0011079789837822318,0.0005659490707330406,0.0005420299130491912,0.805419921875,0.32177734375,0.015970326960086823
plant_12807,12807,00,12807,depth,0.0011534576769918203,0.0005847167340107262,0.0005687409429810941,0.822998046875,0.340576171875,0.016604166477918625
plant_12807,12807,00,12807,ref,0.0005416264757514,0.0002060145779978484,0.00033561186864972115,0.645263671875,0.180908203125,0.012598485685884953
plant_12808,12808,00,12808,rgb,0.0011199229629710317,0.0005332251894287765,0.0005866977735422552,0.8553466796875,0.3206787109375,0.016138439998030663
plant_12808,12808,00,12808,depth,0.0013431194238364697,0.0006889424403198063,0.0006541769253090024,0.85302734375,0.356201171875,0.016880881041288376
plant_12808,12808,00,12808,ref,0.0009335434879176319,0.0003834617091342807,0.0005500817787833512,0.8211669921875,0.3516845703125,0.01680396869778633
plant_12849,12849,00,12849,rgb,0.003062713425606489,0.0020340706687420607,0.0010286427568644285,0.9248046875,0.6124267578125,0.023529304191470146
plant_12849,12849,00,12849,depth,0.0043470473028719425,0.0035811946727335453,0.0007658526883460581,0.909912109375,0.5372314453125,0.020937969908118248
plant_12849,12849,00,12849,ref,0.0029973320197314024,0.0017410621512681246,0.0012562698684632778,0.936767578125,0.6842041015625,0.026277950033545494
plant_1285,1285,00,1285,rgb,0.0016111822333186865,0.0009451982332393527,0.0006659840582869947,0.9271240234375,0.53076171875,0.020602095872163773
plant_1285,1285,00,1285,depth,0.0017261803150177002,0.0010919192573055625,0.0006342610577121377,0.9068603515625,0.537841796875,0.020921915769577026
plant_1285,1285,00,1285,ref,0.0025144724640995264,0.0016665651928633451,0.0008479072130285203,0.9102783203125,0.51171875,0.020257748663425446
plant_12852,12852,00,12852,rgb,0.0012406131718307734,0.0005949423066340387,0.0006456708651967347,0.846435546875,0.40966796875,0.017935452982783318
plant_12852,12852,00,12852,depth,0.0013751927763223648,0.0005913661443628371,0.0007838265737518668,0.8675537109375,0.4488525390625,0.01861049421131611
plant_12852,12852,00,12852,ref,0.0010329035576432943,0.0004341996100265533,0.0005987039767205715,0.8416748046875,0.34130859375,0.016448233276605606
plant_1286,1286,00,1286,rgb,0.0006058409926481545,0.0003155608428642154,0.0002902801497839391,0.7557373046875,0.2037353515625,0.014110594056546688
plant_1286,1286,00,1286,depth,0.0005639821756631136,0.00028489751275628805,0.0002790846338029951,0.7701416015625,0.199462890625,0.014296858571469784
plant_1286,1286,00,1286,ref,0.000699535186868161,0.00032974392524920404,0.00036979123251512647,0.733642578125,0.2548828125,0.014552627690136433
plant_12872,12872,00,12872,rgb,0.0031117135658860207,0.002282748930156231,0.0008289645775221288,0.906005859375,0.5374755859375,0.021310683339834213
plant_12872,12872,00,12872,depth,0.006457753479480743,0.005881885997951031,0.0005758671904914081,0.875,0.4627685546875,0.019167330116033554
plant_12872,12872,00,12872,ref,0.0011823030654340982,0.0007515571778640151,0.00043074582936242223,0.759033203125,0.2965087890625,0.014761784113943577
plant_12899,12899,00,12899,rgb,0.0008339146734215319,0.0004593563498929143,0.00037455829442478716,0.7801513671875,0.294921875,0.015465679578483105
plant_12899,12899,00,12899,depth,0.0006011863006278872,0.000338894926244393,0.00026229137438349426,0.7249755859375,0.1829833984375,0.013592208735644817
plant_12899,12899,00,12899,ref,0.0008254920830950141,0.0003876372938975692,0.0004378548765089363,0.706787109375,0.2374267578125,0.013659433461725712
plant_1290,1290,00,1290,rgb,0.00551277119666338,0.0045028673484921455,0.0010099033825099468,0.932373046875,0.6031494140625,0.02306233160197735
plant_1290,1290,00,1290,depth,0.00698143569752574,0.005945136304944754,0.001036299392580986,0.9520263671875,0.6583251953125,0.024137884378433228
plant_1290,1290,00,1290,ref,0.002874438650906086,0.0017935516079887748,0.0010808870429173112,0.930419921875,0.5728759765625,0.022028127685189247
plant_12905,12905,00,12905,rgb,0.0007113023893907666,0.00034935586154460907,0.00036194658605381846,0.7203369140625,0.193115234375,0.01357095967978239
plant_12905,12905,00,12905,depth,0.0006605808157473803,0.00031226457213051617,0.0003483162436168641,0.719482421875,0.1866455078125,0.013469451107084751
plant_12905,12905,00,12905,ref,0.0008700374746695161,0.00046316770021803677,0.00040686974534764886,0.722900390625,0.3167724609375,0.013912584632635117
plant_1291,1291,00,1291,rgb,0.002485270146280527,0.001060132053680718,0.0014251380925998092,0.8970947265625,0.6038818359375,0.024099064990878105
plant_1291,1291,00,1291,depth,0.0013770193327218294,0.0007625437574461102,0.0006144755752757192,0.8787841796875,0.460693359375,0.01906922459602356
plant_1291,1291,00,1291,ref,0.0007236237870529294,0.00032718497095629573,0.0003964387869928032,0.7431640625,0.2991943359375,0.015308257192373276
plant_12916,12916,00,12916,rgb,0.001165763009339571,0.0005710838595405221,0.0005946790333837271,0.791259765625,0.3302001953125,0.015534484758973122
plant_12916,12916,00,12916,depth,0.002030204050242901,0.001031082822009921,0.0009991212282329798,0.8671875,0.518798828125,0.02073812298476696
plant_12916,12916,00,12916,ref,0.00081270543159917,0.00043303685379214585,0.0003796685778070241,0.7471923828125,0.25146484375,0.013929578475654125
plant_12924,12924,00,12924,rgb,0.000783828436397016,0.0003321425465401262,0.00045168588985688984,0.7896728515625,0.3148193359375,0.015682565048336983
plant_12924,12924,00,12924,depth,0.0007112774765118957,0.00030002903076820076,0.00041124847484752536,0.7919921875,0.284423828125,0.015116972848773003
plant_12924,12924,00,12924,ref,0.0007144786068238318,0.0002990693028550595,0.00041540927486494184,0.7774658203125,0.278076171875,0.014775816351175308
plant_12932,12932,00,12932,rgb,0.004052523523569107,0.0013660367112606764,0.0026864868123084307,0.9420166015625,0.71728515625,0.034436147660017014
plant_12932,12932,00,12932,depth,0.004806668497622013,0.001608233549632132,0.003198435064405203,0.9339599609375,0.71826171875,0.036300357431173325
plant_12932,12932,00,12932,ref,0.0013045025989413261,0.0006017936393618584,0.0007027089595794678,0.894775390625,0.462646484375,0.019136201590299606
plant_12942,12942,00,12942,rgb,0.002108080545440316,0.0010264916345477104,0.0010815889108926058,0.8880615234375,0.5985107421875,0.023821216076612473
plant_12942,12942,00,12942,depth,0.0022482844069600105,0.0012448047054931521,0.0010034795850515366,0.913818359375,0.5860595703125,0.022636516019701958
plant_12942,12942,00,12942,ref,0.0007135493797250092,0.0003754344070330262,0.000338114972691983,0.656005859375,0.17431640625,0.012256956659257412
plant_12945,12945,00,12945,rgb,0.0015119932359084487,0.0008596202824264765,0.0006523728952743113,0.88818359375,0.481689453125,0.019624415785074234
plant_12945,12945,00,12945,depth,0.0015939981676638126,0.0009473628597334027,0.0006466353661380708,0.903076171875,0.53857421875,0.020839523524045944
plant_12945,12945,00,12945,ref,0.0011649375082924962,0.0006090362439863384,0.0005559013225138187,0.776123046875,0.3720703125,0.01676303893327713
plant_12946,12946,00,12946,rgb,0.0008160665747709572,0.00043914400157518685,0.00037692260229960084,0.803466796875,0.2818603515625,0.015069432556629181
plant_12946,12946,00,12946,depth,0.000762609182856977,0.0004077349731232971,0.00035487418062984943,0.7916259765625,0.26318359375,0.01463217381387949
plant_12946,12946,00,12946,ref,0.00040417234413325787,0.00018085494230035692,0.00022331740183290094,0.6834716796875,0.1370849609375,0.012396139092743397
plant_12951,12951,00,12951,rgb,0.0022414815612137318,0.0009489097283221781,0.0012925718910992146,0.8477783203125,0.55615234375,0.02254669740796089
plant_12951,12951,00,12951,depth,0.001342948293313384,0.000696846516802907,0.000646101834718138,0.8043212890625,0.414794921875,0.01743808202445507
plant_12951,12951,00,12951,ref,0.0009202355868183076,0.00045772449811920524,0.0004625111469067633,0.7440185546875,0.3763427734375,0.01658976636826992
plant_12968,12968,00,12968,rgb,0.0011728012468665838,0.00048815400805324316,0.0006846471806056798,0.8326416015625,0.415771484375,0.01782951131463051
plant_12968,12968,00,12968,depth,0.0012116217985749245,0.0005338026094250381,0.0006778192473575473,0.848876953125,0.4271240234375,0.018309833481907845
plant_12968,12968,00,12968,ref,0.0008775459718890488,0.00035650667268782854,0.0005210392409935594,0.803955078125,0.3875732421875,0.017196988686919212
plant_12972,12972,00,12972,rgb,0.0015447002369910479,0.0007237129029817879,0.0008209873340092599,0.8699951171875,0.4481201171875,0.01883675344288349
plant_12972,12972,00,12972,depth,0.005915844812989235,0.0021436582319438457,0.003772186813876033,0.9429931640625,0.6900634765625,0.029344353824853897
plant_12972,12972,00,12972,ref,0.001530566718429327,0.0007524933898821473,0.0007780732703395188,0.908203125,0.5223388671875,0.020585669204592705
plant_12973,12973,00,12973,rgb,0.0011913354974240065,0.0007823100313544273,0.0004090254660695791,0.87939453125,0.37744140625,0.017824232578277588
plant_12973,12973,00,12973,depth,0.0013956149341538548,0.0009499163134023547,0.00044569867895916104,0.8641357421875,0.3775634765625,0.017508750781416893
plant_12973,12973,00,12973,ref,0.0015870213974267244,0.000922807608731091,0.0006642139633186162,0.918701171875,0.5230712890625,0.02046797052025795
plant_12983,12983,00,12983,rgb,0.0006892663659527898,0.00039802739047445357,0.0002912389754783362,0.7757568359375,0.2220458984375,0.014522294513881207
plant_12983,12983,00,12983,depth,0.0007460744818672538,0.000431452295742929,0.0003146221861243248,0.7802734375,0.2445068359375,0.01471648272126913
plant_12983,12983,00,12983,ref,0.000614433316513896,0.00030572741525247693,0.0003087058721575886,0.727783203125,0.2156982421875,0.013976034708321095
plant_12985,12985,00,12985,rgb,0.0028853558469563723,0.002308574737980962,0.0005767810507677495,0.8504638671875,0.4342041015625,0.018525440245866776
plant_12985,12985,00,12985,depth,0.002476818859577179,0.0019443266792222857,0.0005324920639395714,0.8480224609375,0.40625,0.017935914918780327
plant_12985,12985,00,12985,ref,0.0008810487925074995,0.00037760904524475336,0.0005034397472627461,0.693359375,0.2994384765625,0.014498470351099968
plant_12986,12986,00,12986,rgb,0.0006991787231527269,0.0003660447255242616,0.0003331339976284653,0.77880859375,0.2015380859375,0.014553814195096493
plant_12986,12986,00,12986,depth,0.0006675903568975627,0.00032358462340198457,0.00034400573349557817,0.7877197265625,0.1959228515625,0.014361710287630558
plant_12986,12986,00,12986,ref,0.001161686610430479,0.0004893327131867409,0.0006723538972437382,0.8876953125,0.4898681640625,0.01971239596605301
plant_12987,12987,00,12987,rgb,0.0017924299463629723,0.0008190344669856131,0.0009733954211696982,0.8524169921875,0.560791015625,0.022664599120616913
plant_12987,12987,00,12987,depth,0.0018836387898772955,0.0009727169526740909,0.0009109217789955437,0.8248291015625,0.5086669921875,0.020295746624469757
plant_12987,12987,00,12987,ref,0.0009707637364044785,0.0005010112654417753,0.0004697525000665337,0.8052978515625,0.3944091796875,0.01748153194785118
plant_12988,12988,00,12988,rgb,0.00446349335834384,0.0033937410917133093,0.0010697519173845649,0.8662109375,0.4249267578125,0.018103623762726784
plant_12988,12988,00,12988,depth,0.0036986633203923702,0.0028014415875077248,0.0008972218492999673,0.8553466796875,0.377685546875,0.01717548258602619
plant_12988,12988,00,12988,ref,0.0018492902163416147,0.0010298523120582104,0.0008194380206987262,0.7777099609375,0.3857421875,0.016495028510689735
plant_12993,12993,00,12993,rgb,0.0026591243222355843,0.0021684374660253525,0.00049068673979491,0.87939453125,0.4140625,0.017974384129047394
plant_12993,12993,00,12993,depth,0.002272528363391757,0.0018691867589950562,0.00040334166260436177,0.861328125,0.3475341796875,0.01676880195736885
plant_12993,12993,00,12993,ref,0.0010107067646458745,0.0005581708392128348,0.00045253592543303967,0.801025390625,0.29345703125,0.015614363364875317
plant_13000,13000,00,13000,rgb,0.00514578353613615,0.0032945293933153152,0.0018512540264055133,0.865966796875,0.529296875,0.02153868041932583
plant_13000,13000,00,13000,depth,0.0045817941427230835,0.002850908786058426,0.001730885123834014,0.87646484375,0.5860595703125,0.024018900468945503
plant_13000,13000,00,13000,ref,0.0005231006070971489,0.0002167293569073081,0.00030637127929367125,0.685302734375,0.222412109375,0.013215715065598488
plant_13001,13001,00,13001,rgb,0.0006216587498784065,0.0003177484613843262,0.00030391025939024985,0.7882080078125,0.1971435546875,0.014572887681424618
plant_13001,13001,00,13001,depth,0.0006758325616829097,0.0003492583055049181,0.00032657425617799163,0.79541015625,0.218994140625,0.0149229122325778
plant_13001,13001,00,13001,ref,0.0005734757287427783,0.00027919348212890327,0.0002942822175100446,0.769287109375,0.1832275390625,0.014326289296150208
plant_13009,13009,00,13009,rgb,0.0009039142169058323,0.00031643378315493464,0.0005874804337508976,0.8065185546875,0.332275390625,0.015871115028858185
plant_13009,13009,00,13009,depth,0.0007516142213717103,0.00031820571166463196,0.0004334084806032479,0.7491455078125,0.255126953125,0.014130244962871075
plant_13009,13009,00,13009,ref,0.000961423444095999,0.0004025115631520748,0.0005589118809439242,0.8038330078125,0.3114013671875,0.014915085397660732
plant_13010,13010,00,13010,rgb,0.0005575637333095074,0.0002797251509036869,0.00027783855330199003,0.7335205078125,0.17822265625,0.013704068027436733
plant_13010,13010,00,13010,depth,0.0007658561808057129,0.00037122174398973584,0.0003946344368159771,0.78759765625,0.297607421875,0.01520544197410345
plant_13010,13010,00,13010,ref,0.0005243877531029284,0.0002168570354115218,0.0003075307176914066,0.640869140625,0.18701171875,0.012395311146974564
plant_13027,13027,00,13027,rgb,0.0006681064842268825,0.00032910960726439953,0.000338996818754822,0.8052978515625,0.2451171875,0.015057413838803768
plant_13027,13027,00,13027,depth,0.0005614770343527198,0.0002687643573153764,0.0002927126479335129,0.77490234375,0.1876220703125,0.014074567705392838
plant_13027,13027,00,13027,ref,0.0007381549803540111,0.0002686868829187006,0.0004694681556429714,0.7762451171875,0.271240234375,0.014914640225470066
plant_13029,13029,00,13029,rgb,0.0009563993662595749,0.0004753208195324987,0.00048107857583090663,0.8443603515625,0.3455810546875,0.01704028807580471
plant_13029,13029,00,13029,depth,0.0011927064042538404,0.0005782993393950164,0.0006144071230664849,0.8726806640625,0.423828125,0.018298011273145676
plant_13029,13029,00,13029,ref,0.0007389207603409886,0.0003594229929149151,0.00037949776742607355,0.766357421875,0.291748046875,0.015188648365437984
plant_1303,1303,00,1303,rgb,0.0012857192195951939,0.0006986074731685221,0.0005871116882190108,0.873291015625,0.4727783203125,0.019374758005142212
plant_1303,1303,00,1303,depth,0.0013591411989182234,0.0007070386200211942,0.0006521026371046901,0.8704833984375,0.494384765625,0.01985936611890793
plant_1303,1303,00,1303,ref,0.0010723609011620283,0.0006181280477903783,0.00045423285337165,0.8543701171875,0.392578125,0.017543848603963852
plant_13035,13035,00,13035,rgb,0.0048971837386488914,0.002433272311463952,0.0024639111943542957,0.926513671875,0.7020263671875,0.03344586864113808
plant_13035,13035,00,13035,depth,0.004086154513061047,0.002232734579592943,0.0018534197006374598,0.919921875,0.687255859375,0.031207971274852753
plant_13035,13035,00,13035,ref,0.0012653520097956061,0.0006821528077125549,0.0005831990856677294,0.8905029296875,0.4366455078125,0.018516037613153458
plant_13043,13043,00,13043,rgb,0.0022998752538114786,0.0017847084673121572,0.0005151665536686778,0.88525390625,0.40576171875,0.018031351268291473
plant_13043,13043,00,13043,depth,0.0013616704382002354,0.0009962404146790504,0.0003654300235211849,0.8563232421875,0.2862548828125,0.016136959195137024
plant_13043,13043,00,13043,ref,0.0011894506169483066,0.0007070332067087293,0.0004824174102395773,0.8780517578125,0.3751220703125,0.01760868728160858
plant_13049,13049,00,13049,rgb,0.002008171519264579,0.0015699946088716388,0.00043817696860060096,0.8543701171875,0.3564453125,0.016978148370981216
plant_13049,13049,00,13049,depth,0.001957888249307871,0.001523204380646348,0.0004346838395576924,0.85888671875,0.3446044921875,0.01685774140059948
plant_13049,13049,00,13049,ref,0.0018189476104453206,0.000955413852352649,0.0008635338163003325,0.9376220703125,0.6534423828125,0.02419665828347206
plant_13054,13054,00,13054,rgb,0.002168727573007345,0.0014578213449567556,0.0007109063444659114,0.9091796875,0.5120849609375,0.02026686817407608
plant_13054,13054,00,13054,depth,0.0027636962477117777,0.0018726574489846826,0.000891038856934756,0.9266357421875,0.617919921875,0.02384294383227825
plant_13054,13054,00,13054,ref,0.0021356232464313507,0.0014235404087230563,0.0007120827212929726,0.8551025390625,0.4671630859375,0.01921088621020317
plant_1307,1307,00,1307,rgb,0.0026116464287042618,0.0013813870027661324,0.0012302593095228076,0.78662109375,0.4908447265625,0.019551021978259087
plant_1307,1307,00,1307,depth,0.0018918775022029877,0.0010378812439739704,0.0008539962000213563,0.7767333984375,0.486328125,0.019424842670559883
plant_1307,1307,00,1307,ref,0.0010249912738800049,0.000505992560647428,0.0005189987132325768,0.666015625,0.2816162109375,0.013606668449938297
plant_13075,13075,00,13075,rgb,0.0010901328641921282,0.0005871908506378531,0.000502942071761936,0.8472900390625,0.392333984375,0.017917005345225334
plant_13075,13075,00,13075,depth,0.001039194641634822,0.0005404260009527206,0.0004987686406821012,0.8702392578125,0.4437255859375,0.01881427876651287
plant_13075,13075,00,13075,ref,0.0008875112980604172,0.00035043939715251327,0.0005370719009079039,0.842041015625,0.4237060546875,0.01808682456612587
plant_13076,13076,00,13076,rgb,0.0019932659342885017,0.0010311090154573321,0.0009621569770388305,0.8857421875,0.536865234375,0.02110634371638298
plant_13076,13076,00,13076,depth,0.002065202919766307,0.0010731009533628821,0.0009921019664034247,0.888427734375,0.5579833984375,0.02169368416070938
plant_13076,13076,00,13076,ref,0.0005841191741637886,0.0002716825401876122,0.0003124366339761764,0.6697998046875,0.197998046875,0.012788120657205582
plant_13077,13077,00,13077,rgb,0.0041849613189697266,0.002254471182823181,0.001930490368977189,0.91748046875,0.6455078125,0.026894446462392807
plant_13077,13077,00,13077,depth,0.0039024152792990208,0.002437794581055641,0.0014646209310740232,0.9136962890625,0.640869140625,0.026284614577889442
plant_13077,13077,00,13077,ref,0.0016598838847130537,0.0012100230669602752,0.00044986081775277853,0.84228515625,0.3314208984375,0.016041982918977737
plant_13082,13082,00,13082,rgb,0.0023781710769981146,0.0011460691457614303,0.0012321018148213625,0.91796875,0.6121826171875,0.023828931152820587
plant_13082,13082,00,13082,depth,0.0022258691024035215,0.0011219056323170662,0.0011039634700864553,0.9171142578125,0.58544921875,0.022892236709594727
plant_13082,13082,00,13082,ref,0.001229363027960062,0.0005618019495159388,0.0006675610784441233,0.8704833984375,0.4681396484375,0.019276831299066544
plant_13091,13091,00,13091,rgb,0.0022130366414785385,0.0017750400584191084,0.0004379964666441083,0.8463134765625,0.3143310546875,0.016179561614990234
plant_13091,13091,00,13091,depth,0.0013060669880360365,0.0008072108030319214,0.0004988561267964542,0.8428955078125,0.33203125,0.01656258851289749
plant_13091,13091,00,13091,ref,0.0011910697212442756,0.0007111735758371651,0.00047989611630328,0.775390625,0.2860107421875,0.01480112038552761
plant_13092,13092,00,13092,rgb,0.0011223764158785343,0.0006844084127806127,0.00043796797399409115,0.8199462890625,0.31103515625,0.015918880701065063
plant_13092,13092,00,13092,depth,0.0010962873930111527,0.000652926042675972,0.00044336135033518076,0.7921142578125,0.3092041015625,0.015348396264016628
plant_13092,13092,00,13092,ref,0.0009246148401871324,0.0004243366711307317,0.0005002781981602311,0.751708984375,0.445556640625,0.018031632527709007
plant_13094,13094,00,13094,rgb,0.0008329604752361774,0.00046199612552300096,0.00037096432060934603,0.728515625,0.2958984375,0.015070571564137936
plant_13094,13094,00,13094,depth,0.0006811892380937934,0.00036625529173761606,0.00031493394635617733,0.7144775390625,0.2235107421875,0.014062842354178429
plant_13094,13094,00,13094,ref,0.0009167094831354916,0.00043865040061064065,0.0004780590534210205,0.71826171875,0.4068603515625,0.016862763091921806
plant_13123,13123,00,13123,rgb,0.0008045800495892763,0.0004198366077616811,0.00038474344182759523,0.791259765625,0.286865234375,0.015249228104948997
plant_13123,13123,00,13123,depth,0.0007148542208597064,0.00035944345290772617,0.0003554107970558107,0.727783203125,0.2176513671875,0.013375731185078621
plant_13123,13123,00,13123,ref,0.0008054969366639853,0.0004115454212296754,0.0003939516027458012,0.7420654296875,0.267822265625,0.014256282709538937
plant_13136,13136,00,13136,rgb,0.0017722900956869125,0.0008472423069179058,0.0009250478469766676,0.8831787109375,0.5294189453125,0.02084057405591011
plant_13136,13136,00,13136,depth,0.0016322077717632055,0.000815192237496376,0.0008170154760591686,0.883056640625,0.513427734375,0.020354118198156357
plant_13136,13136,00,13136,ref,0.0010746485786512494,0.0005853472976014018,0.0004893012810498476,0.8577880859375,0.3572998046875,0.016945073381066322
plant_13139,13139,00,13139,rgb,0.0005023889825679362,0.000270304357400164,0.00023208461061585695,0.67919921875,0.13623046875,0.01287609338760376
plant_13139,13139,00,13139,depth,0.0005264946375973523,0.0002825839910656214,0.00024391063197981566,0.695556640625,0.140869140625,0.013093673624098301
plant_13139,13139,00,13139,ref,0.0006673913449048996,0.0003634111490100622,0.0003039802541024983,0.70654296875,0.2313232421875,0.013984748162329197
plant_13143,13143,00,13143,rgb,0.0010210485197603703,0.00046187263797037303,0.0005591758526861668,0.8448486328125,0.3250732421875,0.016558440402150154
plant_13143,13143,00,13143,depth,0.0010398628655821085,0.0004994318587705493,0.0005404310068115592,0.8228759765625,0.3350830078125,0.016368398442864418
plant_13143,13143,00,13143,ref,0.0016120672225952148,0.000688676256686449,0.0009233909659087658,0.8314208984375,0.5701904296875,0.02248269133269787
plant_13148,13148,00,13148,rgb,0.0008754751179367304,0.0004950854345224798,0.0003803896834142506,0.806396484375,0.2667236328125,0.015268526040017605
plant_13148,13148,00,13148,depth,0.0010409498354420066,0.0005482077249325812,0.0004927421105094254,0.8214111328125,0.3209228515625,0.01590755209326744
plant_13148,13148,00,13148,ref,0.0008742362260818481,0.00048293950385414064,0.00039129675133153796,0.7674560546875,0.2283935546875,0.01456693559885025
plant_13149,13149,00,13149,rgb,0.0017531856428831816,0.0010746687185019255,0.0006785169243812561,0.883056640625,0.4466552734375,0.018850790336728096
plant_13149,13149,00,13149,depth,0.0017777313478291035,0.0009527580696158111,0.0008249734528362751,0.8746337890625,0.4578857421875,0.019014647230505943
plant_13149,13149,00,13149,ref,0.0008598626591265202,0.00039943758747540414,0.00046042510075494647,0.77392578125,0.296142578125,0.015211052261292934
plant_13150,13150,00,13150,rgb,0.0013574049808084965,0.0006892237579450011,0.0006681811646558344,0.833740234375,0.421875,0.017936551943421364
plant_13150,13150,00,13150,depth,0.002905569039285183,0.001250430941581726,0.001655137981288135,0.888671875,0.606689453125,0.024435551837086678
plant_13150,13150,00,13150,ref,0.0007743482710793614,0.00036550674121826887,0.0004088415880687535,0.735107421875,0.2239990234375,0.014174439944326878
plant_13160,13160,00,13160,rgb,0.0019754664972424507,0.00079627416562289,0.001179192215204239,0.8809814453125,0.61083984375,0.02469119057059288
plant_13160,13160,00,13160,depth,0.0024362727999687195,0.0010370136005803943,0.0013992590829730034,0.9239501953125,0.690185546875,0.02775445580482483
plant_13160,13160,00,13160,ref,0.000983300618827343,0.0004260982386767864,0.0005572023801505566,0.7503662109375,0.4117431640625,0.017373912036418915
plant_13168,13168,00,13168,rgb,0.0018240590579807758,0.0007231995114125311,0.0011008594883605838,0.9090576171875,0.5810546875,0.0224909707903862
plant_13168,13168,00,13168,depth,0.002013262826949358,0.0008463950362056494,0.0011668677907437086,0.9122314453125,0.602783203125,0.023317869752645493
plant_13168,13168,00,13168,ref,0.0014360721688717604,0.0005752990837208927,0.0008607730269432068,0.909912109375,0.60595703125,0.022934693843126297
plant_13169,13169,00,13169,rgb,0.0018509377259761095,0.0012605709489434958,0.0005903667188249528,0.84912109375,0.4295654296875,0.018345627933740616
plant_13169,13169,00,13169,depth,0.0030712122097611427,0.002153790555894375,0.0009174215374514461,0.893798828125,0.5433349609375,0.021183399483561516
plant_13169,13169,00,13169,ref,0.0018016831018030643,0.0008010102901607752,0.0010006728116422892,0.8138427734375,0.4327392578125,0.01778479479253292
plant_13170,13170,00,13170,rgb,0.003254575189203024,0.0016168454894796014,0.0016377298161387444,0.946044921875,0.7225341796875,0.02797953598201275
plant_13170,13170,00,13170,depth,0.0033445751760154963,0.0014465752756223083,0.001897999900393188,0.9398193359375,0.7213134765625,0.02728094346821308
plant_13170,13170,00,13170,ref,0.003613114356994629,0.0018860097043216228,0.0017271045362576842,0.9573974609375,0.8216552734375,0.033215250819921494
plant_13172,13172,00,13172,rgb,0.0023608743213117123,0.0015563007909804583,0.000804573530331254,0.84033203125,0.4111328125,0.017246661707758904
plant_13172,13172,00,13172,depth,0.004135257564485073,0.0028064993675798178,0.0013287583133205771,0.87353515625,0.4835205078125,0.019475018605589867
plant_13172,13172,00,13172,ref,0.0010279885027557611,0.0005760092753916979,0.0004519791982602328,0.8304443359375,0.3043212890625,0.016006123274564743
plant_13173,13173,00,13173,rgb,0.0008415089105255902,0.0004170127504039556,0.0004244961601216346,0.79443359375,0.3348388671875,0.016014328226447105
plant_13173,13173,00,13173,depth,0.0009519500308670104,0.0005194674013182521,0.00043248262954875827,0.781494140625,0.328369140625,0.015631768852472305
plant_13173,13173,00,13173,ref,0.0005697108572348952,0.00023487862199544907,0.0003348322061356157,0.69775390625,0.22412109375,0.013710042461752892
plant_13186,13186,00,13186,rgb,0.0007660075789317489,0.0003984810318797827,0.00036752657615579665,0.8009033203125,0.2359619140625,0.014763874001801014
plant_13186,13186,00,13186,depth,0.0008598812855780125,0.0005069745238870382,0.00035290681989863515,0.812255859375,0.224609375,0.014597848989069462
plant_13186,13186,00,13186,ref,0.0010953398887068033,0.0005595093825832009,0.0005358304479159415,0.802734375,0.3555908203125,0.016609635204076767
plant_13194,13194,00,13194,rgb,0.0008252247935160995,0.0003655039763543755,0.0004597207880578935,0.79833984375,0.3233642578125,0.015818988904356956
plant_13194,13194,00,13194,depth,0.0006550573743879795,0.00029471321613527834,0.0003603441291488707,0.733642578125,0.241943359375,0.014213934540748596
plant_13194,13194,00,13194,ref,0.0010623508132994175,0.0004926346591673791,0.0005697161541320384,0.7911376953125,0.3731689453125,0.016552036628127098
plant_13196,13196,00,13196,rgb,0.0008142750011757016,0.00045497657265514135,0.0003592983994167298,0.8299560546875,0.2481689453125,0.015879128128290176
plant_13196,13196,00,13196,depth,0.0007319209398701787,0.0004151723114773631,0.00031674865749664605,0.7757568359375,0.2005615234375,0.014548408798873425
plant_13196,13196,00,13196,ref,0.000716745387762785,0.000317405560053885,0.0003993398277089,0.739501953125,0.2060546875,0.013634287752211094
plant_13234,13234,00,13234,rgb,0.0018038473790511489,0.001097806147299707,0.000706041231751442,0.863037109375,0.5107421875,0.020366428419947624
plant_13234,13234,00,13234,depth,0.0027709519490599632,0.002006705617532134,0.0007642462733201683,0.844482421875,0.5108642578125,0.020362678915262222
plant_13234,13234,00,13234,ref,0.0025814794935286045,0.0014929937897250056,0.001088485587388277,0.8775634765625,0.6644287109375,0.02843186818063259
plant_13246,13246,00,13246,rgb,0.0018192764837294817,0.0010382587788626552,0.0007810176466591656,0.7740478515625,0.3914794921875,0.01632380299270153
plant_13246,13246,00,13246,depth,0.002305195899680257,0.0011835984187200665,0.0011215974809601903,0.79638671875,0.43310546875,0.017829010263085365
plant_13246,13246,00,13246,ref,0.0008808723650872707,0.00038854870945215225,0.0004923236556351185,0.7059326171875,0.237548828125,0.01325388252735138
plant_13254,13254,00,13254,rgb,0.0012475550174713135,0.0006230828003026545,0.0006244722753763199,0.910888671875,0.494873046875,0.01988895609974861
plant_13254,13254,00,13254,depth,0.0012557420413941145,0.0006955896387808025,0.000560152402613312,0.8822021484375,0.4327392578125,0.01864950731396675
plant_13254,13254,00,13254,ref,0.0009247463312931359,0.0004455829912330955,0.00047916334006004035,0.8851318359375,0.435791015625,0.018704263493418694
plant_13256,13256,00,13256,rgb,0.0013987913262099028,0.0010415876749902964,0.0003572035930119455,0.8009033203125,0.2742919921875,0.01534736342728138
plant_13256,13256,00,13256,depth,0.001099693006835878,0.0006683841347694397,0.0004313088720664382,0.8201904296875,0.3726806640625,0.016901636496186256
plant_13256,13256,00,13256,ref,0.0012615325395017862,0.000741757801733911,0.0005197747377678752,0.8380126953125,0.3582763671875,0.016191409900784492
plant_13279,13279,00,13279,rgb,0.0017288761446252465,0.0009987731464207172,0.0007301029982045293,0.877197265625,0.530517578125,0.020893555134534836
plant_13279,13279,00,13279,depth,0.0018303117249161005,0.0011316039599478245,0.000698707764968276,0.8792724609375,0.510986328125,0.02028784714639187
plant_13279,13279,00,13279,ref,0.0004955226322636008,0.00026451528538018465,0.00023100734688341618,0.621826171875,0.1534423828125,0.0120156891644001
plant_13282,13282,00,13282,rgb,0.0019967341795563698,0.0009575142757967114,0.0010392199037596583,0.893310546875,0.5457763671875,0.0216005090624094
plant_13282,13282,00,13282,depth,0.002033545635640621,0.001038332819007337,0.000995212816633284,0.889404296875,0.5419921875,0.021264510229229927
plant_13282,13282,00,13282,ref,0.0010592491598799825,0.0005196521524339914,0.000539597007445991,0.81103515625,0.37744140625,0.01710781268775463
plant_13288,13288,00,13288,rgb,0.002733928617089987,0.0014911039033904672,0.0012428245972841978,0.91845703125,0.575439453125,0.022482652217149734
plant_13288,13288,00,13288,depth,0.002495416672900319,0.0014405702240765095,0.0010548464488238096,0.9251708984375,0.5745849609375,0.022116102278232574
plant_13288,13288,00,13288,ref,0.002686383668333292,0.0013436675071716309,0.0013427160447463393,0.92626953125,0.6195068359375,0.023318074643611908
plant_13299,13299,00,13299,rgb,0.0009288931032642722,0.0004412955604493618,0.0004875975428149104,0.8382568359375,0.390625,0.017283933237195015
plant_13299,13299,00,13299,depth,0.0007572184549644589,0.00034221811802126467,0.00041500033694319427,0.7987060546875,0.330810546875,0.015752948820590973
plant_13299,13299,00,13299,ref,0.0007112713647074997,0.0003079207963310182,0.00040335056837648153,0.7655029296875,0.300048828125,0.01523854024708271
plant_13305,13305,00,13305,rgb,0.0008775614551268518,0.0004571056051645428,0.000420455849962309,0.7332763671875,0.208251953125,0.013837533071637154
plant_13305,13305,00,13305,depth,0.0009829015471041203,0.0005337788606993854,0.00044912262819707394,0.7919921875,0.2047119140625,0.01440812461078167
plant_13305,13305,00,13305,ref,0.0007874181028455496,0.0003837675612885505,0.00040365051245316863,0.7220458984375,0.2691650390625,0.014391656965017319
plant_13320,13320,00,13320,rgb,0.0007451014243997633,0.00027700181817635894,0.0004680996062234044,0.7408447265625,0.2900390625,0.014799429103732109
plant_13320,13320,00,13320,depth,0.0008374169701710343,0.00031043964554555714,0.0005269772955216467,0.729248046875,0.3167724609375,0.01490957010537386
plant_13320,13320,00,13320,ref,0.0009066975326277316,0.00040123763028532267,0.0005054599023424089,0.7315673828125,0.3365478515625,0.015824299305677414
plant_13328,13328,00,13328,rgb,0.0009413876687176526,0.0006469031213782728,0.00029448451823554933,0.815185546875,0.2138671875,0.01476262230426073
plant_13328,13328,00,13328,depth,0.0015505010960623622,0.0011775107122957706,0.00037299038376659155,0.8348388671875,0.2889404296875,0.01586991548538208
plant_13328,13328,00,13328,ref,0.0007064894307404757,0.00040146580431610346,0.00030502359732054174,0.777099609375,0.244873046875,0.01499063428491354
plant_13330,13330,00,13330,rgb,0.0016912933206185699,0.0011979746632277966,0.0004933186573907733,0.8070068359375,0.3336181640625,0.01610969565808773
plant_13330,13330,00,13330,depth,0.0016370280645787716,0.0011688850354403257,0.00046814308734610677,0.8203125,0.3270263671875,0.016103634610772133
plant_13330,13330,00,13330,ref,0.00136874383315444,0.0009262714302167296,0.0004424724611453712,0.83935546875,0.34814453125,0.016556302085518837
plant_13335,13335,00,13335,rgb,0.0017500133253633976,0.0005689143436029553,0.0011810989817604423,0.8984375,0.583984375,0.023071574047207832
plant_13335,13335,00,13335,depth,0.0016488810069859028,0.0005596781265921891,0.0010892028221860528,0.9022216796875,0.59033203125,0.023262374103069305
plant_13335,13335,00,13335,ref,0.0009240707149729133,0.00031880996539257467,0.000605260778684169,0.876708984375,0.4637451171875,0.019062595441937447
plant_13347,13347,00,13347,rgb,0.00283135287463665,0.001740252715535462,0.0010911001591011882,0.93359375,0.6239013671875,0.023577701300382614
plant_13347,13347,00,13347,depth,0.0026060715317726135,0.0017487650038674474,0.0008573064696975052,0.9293212890625,0.6072998046875,0.022917157039046288
plant_13347,13347,00,13347,ref,0.002190756145864725,0.0011888700537383556,0.0010018860921263695,0.9288330078125,0.60107421875,0.022326486185193062
plant_13348,13348,00,13348,rgb,0.0007000804762355983,0.0004058196791447699,0.0002942607970908284,0.7000732421875,0.2158203125,0.013524153269827366
plant_13348,13348,00,13348,depth,0.0007124828989617527,0.0004060134233441204,0.00030646947561763227,0.7030029296875,0.235107421875,0.013853893615305424
plant_13348,13348,00,13348,ref,0.0009660407667979598,0.00039180266321636736,0.000574238074477762,0.76708984375,0.3519287109375,0.015666315332055092
plant_13352,13352,00,13352,rgb,0.0014778441982343793,0.0006450050859712064,0.0008328391122631729,0.86181640625,0.452880859375,0.018665947020053864
plant_13352,13352,00,13352,depth,0.0009593735449016094,0.0004233905056025833,0.0005359830101951957,0.7950439453125,0.32421875,0.015877798199653625
plant_13352,13352,00,13352,ref,0.0008694008574821055,0.00032594497315585613,0.0005434558843262494,0.7857666015625,0.347412109375,0.016252540051937103
plant_13359,13359,00,13359,rgb,0.0010176252108067274,0.0005377327906899154,0.0004798924783244729,0.8072509765625,0.2860107421875,0.015504970215260983
plant_13359,13359,00,13359,depth,0.0012431044597178698,0.0007697107503190637,0.0004733936220873147,0.8651123046875,0.3594970703125,0.017227573320269585
plant_13359,13359,00,13359,ref,0.0011573886731639504,0.00041093811159953475,0.0007464505615644157,0.8125,0.3839111328125,0.017006857320666313
plant_13368,13368,00,13368,rgb,0.004947659559547901,0.002649870468303561,0.00229778909124434,0.9383544921875,0.710693359375,0.029594188556075096
plant_13368,13368,00,13368,depth,0.004346790723502636,0.0025886548683047295,0.0017581356223672628,0.910888671875,0.614501953125,0.024734126403927803
plant_13368,13368,00,13368,ref,0.001447900664061308,0.0006065798224881291,0.0008413209579885006,0.7481689453125,0.4837646484375,0.018925657495856285
plant_13396,13396,00,13396,rgb,0.0019293546210974455,0.001049536862410605,0.0008798178168945014,0.9254150390625,0.6026611328125,0.023172475397586823
plant_13396,13396,00,13396,depth,0.0018539901357144117,0.0010259177070111036,0.0008280724287033081,0.928466796875,0.6021728515625,0.022907031700015068
plant_13396,13396,00,13396,ref,0.0014103216817602515,0.0005334594170562923,0.0008768622064962983,0.86181640625,0.4158935546875,0.01816762611269951
plant_13401,13401,00,13401,rgb,0.0025153858587145805,0.0019003718625754118,0.0006150139379315078,0.875732421875,0.391357421875,0.01765412651002407
plant_13401,13401,00,13401,depth,0.0027138739824295044,0.001933528808876872,0.0007803451153449714,0.8988037109375,0.47607421875,0.019416548311710358
plant_13401,13401,00,13401,ref,0.0006497571594081819,0.00035787755041383207,0.0002918795798905194,0.71484375,0.1884765625,0.013265981338918209
plant_13421,13421,00,13421,rgb,0.0014898162335157394,0.0006501539028249681,0.0008396622142754495,0.90380859375,0.54931640625,0.021289091557264328
plant_13421,13421,00,13421,depth,0.0016890672268345952,0.0007391517283394933,0.0009499156149104238,0.90380859375,0.5833740234375,0.02260756678879261
plant_13421,13421,00,13421,ref,0.0010981690138578415,0.0006449887296184897,0.00045318034244701266,0.871337890625,0.373046875,0.017496416345238686
plant_13423,13423,00,13423,rgb,0.0011107901809737086,0.0005896496586501598,0.0005211405223235488,0.8824462890625,0.4461669921875,0.01879086345434189
plant_13423,13423,00,13423,depth,0.0009333062916994095,0.00042457616655156016,0.0005087301251478493,0.8619384765625,0.4322509765625,0.018429294228553772
plant_13423,13423,00,13423,ref,0.0010965628316625953,0.0004487672995310277,0.000647795561235398,0.8406982421875,0.4725341796875,0.019265493378043175
plant_13426,13426,00,13426,rgb,0.0009188237600028515,0.0004643206484615803,0.00045450314064510167,0.8292236328125,0.3026123046875,0.01602691225707531
plant_13426,13426,00,13426,depth,0.000911192037165165,0.0005095009692013264,0.0004016910388600081,0.8026123046875,0.250732421875,0.0150052634999156
plant_13426,13426,00,13426,ref,0.0011745250085368752,0.0005210419185459614,0.0006534830899909139,0.8714599609375,0.401611328125,0.017642240971326828
plant_13429,13429,00,13429,rgb,0.0025718342512845993,0.0016574172768741846,0.0009144169162027538,0.87353515625,0.58447265625,0.022848885506391525
plant_13429,13429,00,13429,depth,0.0021102402824908495,0.0014916292857378721,0.0006186110549606383,0.842041015625,0.4364013671875,0.01849256455898285
plant_13429,13429,00,13429,ref,0.000808614888228476,0.0004034686426166445,0.0004051462165080011,0.671875,0.2713623046875,0.014009137637913227
plant_13430,13430,00,13430,rgb,0.0006192809087224305,0.00035820348421111703,0.0002610774536151439,0.711669921875,0.1680908203125,0.013017469085752964
plant_13430,13430,00,13430,depth,0.0006384025327861309,0.00035637503606267273,0.0002820274676196277,0.7181396484375,0.1868896484375,0.013252130709588528
plant_13430,13430,00,13430,ref,0.0008125920430757105,0.0003416138933971524,0.0004709781496785581,0.7901611328125,0.3780517578125,0.016725704073905945
plant_13439,13439,00,13439,rgb,0.003203301690518856,0.0025300132110714912,0.0006732884212397039,0.8131103515625,0.4427490234375,0.018405752256512642
plant_13439,13439,00,13439,depth,0.0030350997112691402,0.002451344858855009,0.0005837548524141312,0.7945556640625,0.3427734375,0.01633484847843647
plant_13439,13439,00,13439,ref,0.0027256289031356573,0.0020301940385252237,0.0006954349228180945,0.9053955078125,0.5013427734375,0.02002670243382454
plant_13441,13441,00,13441,rgb,0.002936436329036951,0.0011927592568099499,0.0017436770722270012,0.935546875,0.719970703125,0.02948969602584839
plant_13441,13441,00,13441,depth,0.0019983244128525257,0.0007527865236625075,0.0012455376563593745,0.905029296875,0.5809326171875,0.02291800267994404
plant_13441,13441,00,13441,ref,0.0013959330972284079,0.0005274040158838034,0.0008685290231369436,0.9156494140625,0.6402587890625,0.024822533130645752
plant_13442,13442,00,13442,rgb,0.0011674126144498587,0.0005945588345639408,0.000572853721678257,0.86767578125,0.417724609375,0.017974624410271645
plant_13442,13442,00,13442,depth,0.0010493104346096516,0.0005863814149051905,0.0004629290197044611,0.866943359375,0.37939453125,0.01737559773027897
plant_13442,13442,00,13442,ref,0.0008322469657287002,0.0003920692251995206,0.0004401777114253491,0.8375244140625,0.3316650390625,0.016589516773819923
plant_1345,1345,00,1345,rgb,0.0005788556300103664,0.0002972905640490353,0.00028156506596133113,0.70458984375,0.1767578125,0.01302627008408308
plant_1345,1345,00,1345,depth,0.0005590842920355499,0.0002816302003338933,0.0002774540917016566,0.71484375,0.1658935546875,0.0134033914655447
plant_1345,1345,00,1345,ref,0.0008767545805312693,0.0003816948737949133,0.000495059706736356,0.812744140625,0.4010009765625,0.01728169061243534
plant_13463,13463,00,13463,rgb,0.002009717281907797,0.0014726434601470828,0.0005370737053453922,0.8353271484375,0.3050537109375,0.016237320378422737
plant_13463,13463,00,13463,depth,0.0020940068643540144,0.001489930204115808,0.0006040766602382064,0.85302734375,0.384521484375,0.017602261155843735
plant_13463,13463,00,13463,ref,0.0008203278994187713,0.0004455035668797791,0.00037482433253899217,0.744384765625,0.245361328125,0.014107500202953815
plant_13464,13464,00,13464,rgb,0.000813752762041986,0.0003711762255989015,0.0004425765364430845,0.8082275390625,0.29150390625,0.01564507745206356
plant_13464,13464,00,13464,depth,0.0008115418604575098,0.00038513424806296825,0.0004264076123945415,0.792236328125,0.2911376953125,0.015424693003296852
plant_13464,13464,00,13464,ref,0.0006469613872468472,0.0003131541598122567,0.00033380719833076,0.71435546875,0.2181396484375,0.013687222264707088
plant_13465,13465,00,13465,rgb,0.0014690564712509513,0.00088693224824965,0.0005821241065859795,0.8094482421875,0.3795166015625,0.01711796224117279
plant_13465,13465,00,13465,depth,0.0014905716525390744,0.0009873212547972798,0.0005032503977417946,0.8028564453125,0.3089599609375,0.015766514465212822
plant_13465,13465,00,13465,ref,0.0015530320815742016,0.0007610892644152045,0.0007919427589513361,0.845458984375,0.4102783203125,0.01729065552353859
plant_13471,13471,00,13471,rgb,0.0009645010577514768,0.000396738265408203,0.0005677627632394433,0.851806640625,0.394287109375,0.017631595954298973
plant_13471,13471,00,13471,depth,0.0010552981402724981,0.00044568191515281796,0.0006096161669120193,0.8724365234375,0.438232421875,0.01864965260028839
plant_13471,13471,00,13471,ref,0.0011296684388071299,0.0005924745928496122,0.0005371938459575176,0.868408203125,0.37158203125,0.01729913428425789
plant_13473,13473,00,13473,rgb,0.0019663944840431213,0.0014959471300244331,0.00047044712118804455,0.8409423828125,0.3328857421875,0.016858583316206932
plant_13473,13473,00,13473,depth,0.0014013510663062334,0.000805583200417459,0.0005957677494734526,0.857177734375,0.4110107421875,0.017994867637753487
plant_13473,13473,00,13473,ref,0.0009267638670280576,0.0004626524168998003,0.0004641114501282573,0.838134765625,0.3028564453125,0.016500847414135933
plant_13477,13477,00,13477,rgb,0.0018696191255003214,0.0006464734324254096,0.0012231457512825727,0.8912353515625,0.5382080078125,0.02107161097228527
plant_13477,13477,00,13477,depth,0.0016491771675646305,0.0006219157949090004,0.0010272613726556301,0.8572998046875,0.521728515625,0.020642489194869995
plant_13477,13477,00,13477,ref,0.0005688736564479768,0.00021424204169306904,0.000354631629306823,0.73486328125,0.2694091796875,0.014175457879900932
plant_13492,13492,00,13492,rgb,0.0013857305748388171,0.0005739309126511216,0.0008117996621876955,0.841064453125,0.3511962890625,0.016400272026658058
plant_13492,13492,00,13492,depth,0.0013360718730837107,0.0005733768339268863,0.0007626950391568244,0.837646484375,0.328125,0.01627650484442711
plant_13492,13492,00,13492,ref,0.0009896697010844946,0.00048412950127385557,0.0005055401707068086,0.8238525390625,0.343505859375,0.016229934990406036
plant_13494,13494,00,13494,rgb,0.0004976378404535353,0.00024956840206868947,0.0002480694674886763,0.6922607421875,0.172607421875,0.013262818567454815
plant_13494,13494,00,13494,depth,0.000640417099930346,0.00030301741207949817,0.0003373997169546783,0.7481689453125,0.2677001953125,0.014572135172784328
plant_13494,13494,00,13494,ref,0.0013114250032231212,0.0006088101072236896,0.0007026148959994316,0.78076171875,0.4854736328125,0.01959034986793995
plant_13499,13499,00,13499,rgb,0.0013802831526845694,0.0005580228753387928,0.0008222602773457766,0.897216796875,0.5133056640625,0.02040296420454979
plant_13499,13499,00,13499,depth,0.0012260701041668653,0.0005957618704997003,0.0006303081754595041,0.896240234375,0.509521484375,0.02025085687637329
plant_13499,13499,00,13499,ref,0.0012578670866787434,0.0005191368982195854,0.0007387301884591579,0.8861083984375,0.533203125,0.020831787958741188
plant_13506,13506,00,13506,rgb,0.0018552776891738176,0.0009219717467203736,0.0009333058842457831,0.841064453125,0.4310302734375,0.01763349212706089
plant_13506,13506,00,13506,depth,0.001974281156435609,0.0009680711082182825,0.0010062099900096655,0.8682861328125,0.48388671875,0.019470611587166786
plant_13506,13506,00,13506,ref,0.0004960157675668597,0.0002529604244045913,0.0002430553431622684,0.692138671875,0.143798828125,0.01270352117717266
plant_13511,13511,00,13511,rgb,0.0010008790995925665,0.00042381513048894703,0.0005770639982074499,0.823486328125,0.3663330078125,0.01691778376698494
plant_13511,13511,00,13511,depth,0.0010058123152703047,0.0004705935425590724,0.0005352188018150628,0.7979736328125,0.3607177734375,0.01659582182765007
plant_13511,13511,00,13511,ref,0.0007367069483734667,0.0003106672374997288,0.00042603971087373793,0.7657470703125,0.314453125,0.01577744632959366
plant_13514,13514,00,13514,rgb,0.0008142971200868487,0.0005055886576883495,0.00030870846239849925,0.761474609375,0.2200927734375,0.014407518319785595
plant_13514,13514,00,13514,depth,0.0009308711159974337,0.0005969873745925725,0.0003338837414048612,0.792236328125,0.23681640625,0.01496674120426178
plant_13514,13514,00,13514,ref,0.001441579544916749,0.000758655252866447,0.0006829242338426411,0.8082275390625,0.481201171875,0.019524354487657547
plant_13517,13517,00,13517,rgb,0.0009645803365856409,0.00048770743887871504,0.0004768728686030954,0.8348388671875,0.3487548828125,0.016645589843392372
plant_13517,13517,00,13517,depth,0.0010420712642371655,0.0005316761671565473,0.0005103950388729572,0.8565673828125,0.361328125,0.0171915702521801
plant_13517,13517,00,13517,ref,0.0010170736350119114,0.0004996689385734499,0.0005174046382308006,0.855224609375,0.3597412109375,0.017140215262770653
plant_13518,13518,00,13518,rgb,0.0024988423101603985,0.0012897656997665763,0.001209076726809144,0.91162109375,0.6390380859375,0.02474621869623661
plant_13518,13518,00,13518,depth,0.0035628192126750946,0.0017657699063420296,0.0017970491899177432,0.9368896484375,0.725341796875,0.031586214900016785
plant_13518,13518,00,13518,ref,0.0007516155601479113,0.00046938424929976463,0.0002822313108481467,0.6796875,0.1591796875,0.012496273964643478
plant_13523,13523,00,13523,rgb,0.0027491271030157804,0.002313280012458563,0.0004358470905572176,0.8680419921875,0.3365478515625,0.016868023201823235
plant_13523,13523,00,13523,depth,0.0028857989236712456,0.0023374869488179684,0.0005483118002302945,0.8787841796875,0.4464111328125,0.018773982301354408
plant_13523,13523,00,13523,ref,0.0038709044456481934,0.001944860676303506,0.0019260436529293656,0.901123046875,0.479248046875,0.019430572167038918
plant_13535,13535,00,13535,rgb,0.001195571618154645,0.0004209903418086469,0.000774581334553659,0.8714599609375,0.51513671875,0.020506402477622032
plant_13535,13535,00,13535,depth,0.0011536066886037588,0.0004149397136643529,0.000738666916731745,0.8768310546875,0.507568359375,0.0201740600168705
plant_13535,13535,00,13535,ref,0.0013022496132180095,0.0004925037501379848,0.0008097458630800247,0.825439453125,0.4737548828125,0.019288823008537292
plant_13536,13536,00,13536,rgb,0.0020403710659593344,0.0008016196079552174,0.001238751458004117,0.90478515625,0.575439453125,0.022319164127111435
plant_13536,13536,00,13536,depth,0.0013993335887789726,0.0006862696027383208,0.0007130639278329909,0.8841552734375,0.510986328125,0.020314570516347885
plant_13536,13536,00,13536,ref,0.0013975065667182207,0.0006377912359312177,0.000759715388994664,0.88916015625,0.5029296875,0.020061558112502098
plant_13538,13538,00,13538,rgb,0.0015594890573993325,0.0004872078716289252,0.0010722811566665769,0.880126953125,0.462646484375,0.018862400203943253
plant_13538,13538,00,13538,depth,0.001538318581879139,0.00047223991714417934,0.0010660786647349596,0.87451171875,0.5042724609375,0.020161684602499008
plant_13538,13538,00,13538,ref,0.0013771163066849113,0.0005695908912457526,0.0008075254736468196,0.8529052734375,0.433349609375,0.017963089048862457
plant_13551,13551,00,13551,rgb,0.0010374024277552962,0.00031481130281463265,0.0007225911831483245,0.7919921875,0.401611328125,0.016663933172822
plant_13551,13551,00,13551,depth,0.0008389274007640779,0.0003175833844579756,0.0005213440745137632,0.7899169921875,0.35791015625,0.016213297843933105
plant_13551,13551,00,13551,ref,0.000907772802747786,0.0004053777956869453,0.0005023949779570103,0.8045654296875,0.3477783203125,0.016071822494268417
plant_13563,13563,00,13563,rgb,0.0012800229014828801,0.0006866346811875701,0.0005933883367106318,0.8470458984375,0.415771484375,0.017790935933589935
plant_13563,13563,00,13563,depth,0.0013618782395496964,0.000740561168640852,0.0006213170709088445,0.8614501953125,0.4415283203125,0.018611354753375053
plant_13563,13563,00,13563,ref,0.0011510559124872088,0.0004373557458166033,0.0007137001375667751,0.8236083984375,0.3525390625,0.016461405903100967
plant_13573,13573,00,13573,rgb,0.0014731918927282095,0.0009710061131045222,0.0005021856632083654,0.8399658203125,0.337158203125,0.01646157167851925
plant_13573,13573,00,13573,depth,0.001443831599317491,0.0009361905977129936,0.0005076409433968365,0.8463134765625,0.330810546875,0.016481034457683563
plant_13573,13573,00,13573,ref,0.0011231127427890897,0.00048508966574445367,0.000638023077044636,0.735107421875,0.2720947265625,0.014146268367767334
plant_13584,13584,00,13584,rgb,0.0031242738477885723,0.0012144800275564194,0.0019097939366474748,0.9552001953125,0.7900390625,0.032009515911340714
plant_13584,13584,00,13584,depth,0.0024343603290617466,0.001010505366139114,0.0014238548465073109,0.927001953125,0.673583984375,0.02602023258805275
plant_13584,13584,00,13584,ref,0.001117549603804946,0.00041544297710061073,0.0007021065684966743,0.7926025390625,0.4478759765625,0.018492117524147034
plant_13586,13586,00,13586,rgb,0.0008319931803271174,0.00033702608197927475,0.0004949670401401818,0.7806396484375,0.3267822265625,0.015632834285497665
plant_13586,13586,00,13586,depth,0.0009942741598933935,0.0003673849278129637,0.000626889115665108,0.7933349609375,0.332763671875,0.015861887484788895
plant_13586,13586,00,13586,ref,0.0008629664080217481,0.000420587370172143,0.0004423790087457746,0.8143310546875,0.3082275390625,0.015783822163939476
plant_13588,13588,00,13588,rgb,0.0016780267469584942,0.0005228329682722688,0.0011551937786862254,0.8861083984375,0.5810546875,0.023307589814066887
plant_13588,13588,00,13588,depth,0.0016067842952907085,0.0005594193935394287,0.0010473649017512798,0.8961181640625,0.5638427734375,0.022420359775424004
plant_13588,13588,00,13588,ref,0.0010860007023438811,0.00045929200132377446,0.0006267086137086153,0.8319091796875,0.396240234375,0.01745457574725151
plant_13590,13590,00,13590,rgb,0.000686048180796206,0.000335563876433298,0.00035048427525907755,0.74658203125,0.19873046875,0.013968776911497116
plant_13590,13590,00,13590,depth,0.000773079926148057,0.00034101348137483,0.000432066444773227,0.76953125,0.25048828125,0.014584907330572605
plant_13590,13590,00,13590,ref,0.00037595065077766776,0.00015136023284867406,0.00022459038882516325,0.591552734375,0.134521484375,0.011260033585131168
plant_13598,13598,00,13598,rgb,0.0009801723062992096,0.0005564588936977088,0.0004237134417053312,0.83642578125,0.32763671875,0.016530532389879227
plant_13598,13598,00,13598,depth,0.001071734121069312,0.0005770589923486114,0.0004946751869283617,0.866943359375,0.3707275390625,0.017248764634132385
plant_13598,13598,00,13598,ref,0.0011253589764237404,0.0005380050861276686,0.0005873538902960718,0.8697509765625,0.398193359375,0.017870763316750526
plant_13605,13605,00,13605,rgb,0.0006230993894860148,0.00030854952638037503,0.00031454989220947027,0.748291015625,0.24853515625,0.014508571475744247
plant_13605,13605,00,13605,depth,0.0006208975682966411,0.0003002752491738647,0.0003206223191227764,0.75537109375,0.2294921875,0.014432757161557674
plant_13605,13605,00,13605,ref,0.0009789601899683475,0.0005445118295028806,0.00043444838956929743,0.814697265625,0.333984375,0.016198430210351944
plant_13606,13606,00,13606,rgb,0.0015789635945111513,0.0006759733660146594,0.0009029902284964919,0.8800048828125,0.518310546875,0.020589789375662804
plant_13606,13606,00,13606,depth,0.0016022993950173259,0.0007696491666138172,0.0008326502284035087,0.914306640625,0.543212890625,0.02128865011036396
plant_13606,13606,00,13606,ref,0.001097366213798523,0.0006165981758385897,0.00048076797975227237,0.846923828125,0.3782958984375,0.01703546941280365
plant_13609,13609,00,13609,rgb,0.0014345517847687006,0.0009232772863470018,0.0005112744402140379,0.8128662109375,0.30712890625,0.015486218966543674
plant_13609,13609,00,13609,depth,0.0012117003789171576,0.0007662433199584484,0.00044545705895870924,0.8172607421875,0.2982177734375,0.01584305241703987
plant_13609,13609,00,13609,ref,0.0005710367695428431,0.0002880408428609371,0.000282995926681906,0.6802978515625,0.1702880859375,0.01237165741622448
plant_13611,13611,00,13611,rgb,0.0018878512782976031,0.0014708120143041015,0.0004170392930973321,0.77734375,0.3206787109375,0.015662778168916702
plant_13611,13611,00,13611,depth,0.0018449914641678333,0.0014206792693585157,0.0004243121948093176,0.7637939453125,0.35595703125,0.016100110486149788
plant_13611,13611,00,13611,ref,0.0014223064063116908,0.0006305674323812127,0.0007917389739304781,0.71728515625,0.3760986328125,0.01571880839765072
plant_13613,13613,00,13613,rgb,0.0005172169767320156,0.0002399881195742637,0.0002772288862615824,0.693359375,0.174072265625,0.012963572517037392
plant_13613,13613,00,13613,depth,0.0006191841093823314,0.00030034894007258117,0.0003188352275174111,0.7109375,0.20458984375,0.013323638588190079
plant_13613,13613,00,13613,ref,0.0007463512010872364,0.00034475396387279034,0.0004015972081106156,0.7557373046875,0.3258056640625,0.015660787001252174
plant_13626,13626,00,13626,rgb,0.001032942091114819,0.00047487023402936757,0.000558071827981621,0.833740234375,0.36572265625,0.01705249957740307
plant_13626,13626,00,13626,depth,0.0011318110628053546,0.0005964033771306276,0.000535407685674727,0.860107421875,0.3974609375,0.017732888460159302
plant_13626,13626,00,13626,ref,0.0023837105836719275,0.0013552331365644932,0.0010284774471074343,0.9439697265625,0.649169921875,0.024310162290930748
plant_13629,13629,00,13629,rgb,0.0008793669403530657,0.0004639062681235373,0.00041546067222952843,0.8387451171875,0.3223876953125,0.016648199409246445
plant_13629,13629,00,13629,depth,0.0009090607054531574,0.0005249615642242134,0.0003840991121251136,0.8194580078125,0.3143310546875,0.016366897150874138
plant_13629,13629,00,13629,ref,0.0007419903995469213,0.00042349554132670164,0.0003184948582202196,0.802978515625,0.2445068359375,0.015324327163398266
plant_13632,13632,00,13632,rgb,0.0006305553251877427,0.00028054305585101247,0.00035001226933673024,0.754638671875,0.2210693359375,0.014057235792279243
plant_13632,13632,00,13632,depth,0.0006212969892658293,0.0002701191115193069,0.0003511779068503529,0.72998046875,0.1993408203125,0.013436877168715
plant_13632,13632,00,13632,ref,0.0005624275654554367,0.0002434618363622576,0.00031896575819700956,0.699951171875,0.2181396484375,0.01359868235886097
plant_13648,13648,00,13648,rgb,0.0009004105813801289,0.000493833445943892,0.0004065771063324064,0.8028564453125,0.271484375,0.015398865565657616
plant_13648,13648,00,13648,depth,0.0010728745255619287,0.0006430919747799635,0.00042978255078196526,0.8043212890625,0.3192138671875,0.015852492302656174
plant_13648,13648,00,13648,ref,0.0008702178602106869,0.00041047375998459756,0.00045974410022608936,0.775146484375,0.2994384765625,0.015381940640509129
plant_13653,13653,00,13653,rgb,0.0009238054044544697,0.0004582855326589197,0.00046551987179555,0.816650390625,0.369140625,0.017153723165392876
plant_13653,13653,00,13653,depth,0.0008828093414194882,0.00044504296965897083,0.00043776637176051736,0.7972412109375,0.3541259765625,0.01665514148771763
plant_13653,13653,00,13653,ref,0.0008752875728532672,0.000433255365351215,0.0004420322075020522,0.8173828125,0.3515625,0.01637895032763481
plant_13654,13654,00,13654,rgb,0.0020338394679129124,0.0010824012570083141,0.0009514383273199201,0.8779296875,0.50048828125,0.020015383139252663
plant_13654,13654,00,13654,depth,0.002012244425714016,0.001149007468484342,0.000863236899022013,0.8851318359375,0.4871826171875,0.01966165378689766
plant_13654,13654,00,13654,ref,0.0007378836162388325,0.00038059402140788734,0.0003572895657271147,0.75927734375,0.2318115234375,0.014115212485194206
plant_13656,13656,00,13656,rgb,0.002622452098876238,0.0012979378225281835,0.0013245143927633762,0.8837890625,0.571533203125,0.02244068682193756
plant_13656,13656,00,13656,depth,0.0015382806304842234,0.0008527851314283907,0.0006854955572634935,0.8511962890625,0.4761962890625,0.019338496029376984
plant_13656,13656,00,13656,ref,0.000912355724722147,0.00040472066029906273,0.0005076350644230843,0.762939453125,0.31201171875,0.015364290215075016
plant_13661,13661,00,13661,rgb,0.000945237756241113,0.0005260307225398719,0.000419207033701241,0.755859375,0.277099609375,0.014798049814999104
plant_13661,13661,00,13661,depth,0.0009743336122483015,0.0005670586251653731,0.0004072750161867589,0.76904296875,0.28662109375,0.015103097073733807
plant_13661,13661,00,13661,ref,0.0022632996551692486,0.0012979407329112291,0.0009653588058426976,0.8421630859375,0.399658203125,0.017307065427303314
plant_13675,13675,00,13675,rgb,0.0018068808130919933,0.0009161842172034085,0.0008906966540962458,0.9063720703125,0.511474609375,0.02029595896601677
plant_13675,13675,00,13675,depth,0.0025286816526204348,0.0012626989046111703,0.0012659827480092645,0.9293212890625,0.5810546875,0.022517874836921692
plant_13675,13675,00,13675,ref,0.001048769918270409,0.0004418452735990286,0.0006069245282560587,0.8175048828125,0.3043212890625,0.015845492482185364
plant_1368,1368,00,1368,rgb,0.0007490419666282833,0.00029865693068131804,0.0004503850359469652,0.7705078125,0.244873046875,0.014438278041779995
plant_1368,1368,00,1368,depth,0.0008834491018205881,0.0003837343247141689,0.0004997147480025887,0.7943115234375,0.2872314453125,0.015072762966156006
plant_1368,1368,00,1368,ref,0.0015155670698732138,0.0008366481051780283,0.0006789190229028463,0.870361328125,0.4425048828125,0.018543114885687828
plant_13685,13685,00,13685,rgb,0.0017431583255529404,0.00113106204662472,0.0006120962207205594,0.8118896484375,0.352294921875,0.016430288553237915
plant_13685,13685,00,13685,depth,0.001953554106876254,0.0012525415513664484,0.0007010126137174666,0.87060546875,0.45703125,0.018910519778728485
plant_13685,13685,00,13685,ref,0.0006871689110994339,0.000307286944007501,0.0003798819670919329,0.59619140625,0.2386474609375,0.01213959138840437
plant_13686,13686,00,13686,rgb,0.0021179518662393093,0.0011904009152203798,0.0009275509510189295,0.9080810546875,0.5472412109375,0.021474329754710197
plant_13686,13686,00,13686,depth,0.0015900168800726533,0.0009629544802010059,0.0006270623416639864,0.8590087890625,0.447998046875,0.01863248459994793
plant_13686,13686,00,13686,ref,0.0021286241244524717,0.0013680466217920184,0.0007605776190757751,0.9090576171875,0.505615234375,0.020160647109150887
plant_1369,1369,00,1369,rgb,0.0009388511534780264,0.0005436676437966526,0.00039518350968137383,0.8001708984375,0.3436279296875,0.016535023227334023
plant_1369,1369,00,1369,depth,0.0008590439101681113,0.0005066440207883716,0.00035239997669123113,0.8013916015625,0.2896728515625,0.01598326861858368
plant_1369,1369,00,1369,ref,0.0007881658966653049,0.000380884506739676,0.0004072813899256289,0.743896484375,0.322509765625,0.016076816245913506
plant_13695,13695,00,13695,rgb,0.0016825490165501833,0.0007745080511085689,0.0009080409654416144,0.8782958984375,0.44921875,0.018796954303979874
plant_13695,13695,00,13695,depth,0.002079081255942583,0.00106145441532135,0.0010176269570365548,0.90087890625,0.522216796875,0.020610500127077103
plant_13695,13695,00,13695,ref,0.001559674390591681,0.0007464052177965641,0.0008132691727951169,0.8841552734375,0.496337890625,0.019894760102033615
plant_1370,1370,00,1370,rgb,0.0017497583758085966,0.0012158799218013883,0.0005338784540072083,0.86669921875,0.4833984375,0.019617220386862755
plant_1370,1370,00,1370,depth,0.0015655721072107553,0.0010912722209468484,0.00047429994447156787,0.8350830078125,0.41845703125,0.01800559088587761
plant_1370,1370,00,1370,ref,0.0011867072898894548,0.0006271543679758906,0.0005595529219135642,0.8245849609375,0.4385986328125,0.018276993185281754
plant_13704,13704,00,13704,rgb,0.0009392786305397749,0.00044321283348836005,0.0004960657679475844,0.83203125,0.3426513671875,0.016484422609210014
plant_13704,13704,00,13704,depth,0.0008824598626233637,0.0004087788984179497,0.00047368096420541406,0.80810546875,0.3115234375,0.01576465740799904
plant_13704,13704,00,13704,ref,0.0007593184127472341,0.00030699215130880475,0.0004523262323345989,0.791748046875,0.2783203125,0.014951962046325207
plant_13707,13707,00,13707,rgb,0.0011536391684785485,0.0006824488518759608,0.00047119034570641816,0.8507080078125,0.3819580078125,0.01741846650838852
plant_13707,13707,00,13707,depth,0.000698466319590807,0.0003969936806242913,0.0003014726098626852,0.7222900390625,0.1978759765625,0.013707585632801056
plant_13707,13707,00,13707,ref,0.0006051204400137067,0.00031643404508940876,0.0002886864240281284,0.6595458984375,0.175048828125,0.01253728847950697
plant_13716,13716,00,13716,rgb,0.0008736270247027278,0.0003279424854554236,0.0005456845392473042,0.8408203125,0.38037109375,0.017389709129929543
plant_13716,13716,00,13716,depth,0.0007606830913573503,0.00031336359097622335,0.000447319500381127,0.814453125,0.3045654296875,0.015830036252737045
plant_13716,13716,00,13716,ref,0.0007132108439691365,0.00030153492116369307,0.00041167589370161295,0.7449951171875,0.255859375,0.014785032719373703
plant_13717,13717,00,13717,rgb,0.0024761883541941643,0.001173891592770815,0.0013022966450080276,0.9283447265625,0.6478271484375,0.024654144421219826
plant_13717,13717,00,13717,depth,0.0013917963951826096,0.0006669793510809541,0.0007248170441016555,0.904052734375,0.490478515625,0.01977328397333622
plant_13717,13717,00,13717,ref,0.0009954320266842842,0.0004493456508498639,0.0005460863467305899,0.858642578125,0.39697265625,0.017830556258559227
plant_13724,13724,00,13724,rgb,0.0010408726520836353,0.0005318183684721589,0.0005090542836114764,0.8800048828125,0.416015625,0.018284711986780167
plant_13724,13724,00,13724,depth,0.0010009424295276403,0.0004983310354873538,0.0005026113940402865,0.87255859375,0.4200439453125,0.01836021989583969
plant_13724,13724,00,13724,ref,0.0008172381203621626,0.0003980924084316939,0.00041914574103429914,0.826904296875,0.320556640625,0.016128545626997948
plant_13726,13726,00,13726,rgb,0.0013420430477708578,0.000572065357118845,0.0007699777488596737,0.88525390625,0.469482421875,0.019272014498710632
plant_13726,13726,00,13726,depth,0.0013793115504086018,0.0005954819498583674,0.0007838296005502343,0.884765625,0.4896240234375,0.019681742414832115
plant_13726,13726,00,13726,ref,0.001258055679500103,0.0004941140650771558,0.0007639416726306081,0.81884765625,0.5211181640625,0.020692020654678345
plant_13733,13733,00,13733,rgb,0.0027999451849609613,0.0015437158290296793,0.001256229355931282,0.9259033203125,0.5782470703125,0.022301722317934036
plant_13733,13733,00,13733,depth,0.0025999941863119602,0.00164391053840518,0.0009560837061144412,0.930908203125,0.6524658203125,0.024342242628335953
plant_13733,13733,00,13733,ref,0.005594177171587944,0.0039036525413393974,0.0016905246302485466,0.953857421875,0.68359375,0.026124387979507446
plant_13743,13743,00,13743,rgb,0.0007972700987011194,0.00041447323746979237,0.00038279691943898797,0.802734375,0.3021240234375,0.01574588753283024
plant_13743,13743,00,13743,depth,0.0009909148793667555,0.0005923653370700777,0.00039854960050433874,0.81884765625,0.3096923828125,0.01591554656624794
plant_13743,13743,00,13743,ref,0.0008145428728312254,0.00044434674782678485,0.00037019612500444055,0.8170166015625,0.298828125,0.016108684241771698
plant_13745,13745,00,13745,rgb,0.0005893049528822303,0.000313015392748639,0.00027628953102976084,0.670166015625,0.2178955078125,0.013241645880043507
plant_13745,13745,00,13745,depth,0.0007256441749632359,0.0003888263017870486,0.0003368178440723568,0.677001953125,0.2386474609375,0.013692837208509445
plant_13745,13745,00,13745,ref,0.0004853208374697715,0.00021420299890451133,0.00027111783856526017,0.587646484375,0.2005615234375,0.011822215281426907
plant_13754,13754,00,13754,rgb,0.0014520647237077355,0.0005247494555078447,0.0009273152681998909,0.89501953125,0.4840087890625,0.019535398110747337
plant_13754,13754,00,13754,depth,0.001432906836271286,0.0005549038178287446,0.0008780029602348804,0.9061279296875,0.49755859375,0.019949642941355705
plant_13754,13754,00,13754,ref,0.001342930132523179,0.00065046944655478,0.000692460685968399,0.891845703125,0.5045166015625,0.02013224922120571
plant_13765,13765,00,13765,rgb,0.003298235824331641,0.002740301191806793,0.000557934632524848,0.8997802734375,0.446533203125,0.018845725804567337
plant_13765,13765,00,13765,depth,0.0023507303558290005,0.0017585051245987415,0.000592225173022598,0.9012451171875,0.492919921875,0.019860131666064262
plant_13765,13765,00,13765,ref,0.00298141548410058,0.001790378475561738,0.001191037124954164,0.9215087890625,0.6448974609375,0.024648629128932953
plant_13766,13766,00,13766,rgb,0.0008387574926018715,0.0005425465060397983,0.00029621098656207323,0.737060546875,0.1837158203125,0.01352277398109436
plant_13766,13766,00,13766,depth,0.0008217415888793766,0.0005399461952038109,0.00028179536457173526,0.777587890625,0.1727294921875,0.01394565962255001
plant_13766,13766,00,13766,ref,0.0007111537270247936,0.00039569009095430374,0.0003154636360704899,0.68701171875,0.2093505859375,0.012968717142939568
plant_13776,13776,00,13776,rgb,0.0020078723318874836,0.0007757139974273741,0.0012321581598371267,0.8643798828125,0.47265625,0.01882934756577015
plant_13776,13776,00,13776,depth,0.0015720997471362352,0.0006466442719101906,0.0009254555334337056,0.849365234375,0.4447021484375,0.01796855963766575
plant_13776,13776,00,13776,ref,0.000832445512060076,0.0003783667925745249,0.0004540787194855511,0.716064453125,0.2216796875,0.012921876274049282
plant_13790,13790,00,13790,rgb,0.001009918749332428,0.00046192744048312306,0.0005479913670569658,0.8583984375,0.3978271484375,0.017876265570521355
plant_13790,13790,00,13790,depth,0.001107126590795815,0.0004879714106209576,0.0006191551219671965,0.886474609375,0.4619140625,0.019004229456186295
plant_13790,13790,00,13790,ref,0.0010290839709341526,0.0005311890272423625,0.000497895001899451,0.8863525390625,0.4197998046875,0.01826990768313408
plant_13797,13797,00,13797,rgb,0.0020108914468437433,0.0011730976402759552,0.000837793864775449,0.91650390625,0.57373046875,0.022422965615987778
plant_13797,13797,00,13797,depth,0.003816181095317006,0.0030276814941316843,0.0007884996593929827,0.9241943359375,0.599365234375,0.02272755093872547
plant_13797,13797,00,13797,ref,0.0022245144937187433,0.0007326247286982834,0.001491889706812799,0.90966796875,0.600341796875,0.02423427812755108
plant_1380,1380,00,1380,rgb,0.0013960234355181456,0.0008141460712067783,0.0005818774225190282,0.8699951171875,0.41357421875,0.01813208870589733
plant_1380,1380,00,1380,depth,0.0012914851540699601,0.0007618864765390754,0.0005295986193232238,0.869140625,0.425537109375,0.018385784700512886
plant_1380,1380,00,1380,ref,0.0008488243911415339,0.0004740995937027037,0.0003747248265426606,0.7862548828125,0.2806396484375,0.015463225543498993
plant_13802,13802,00,13802,rgb,0.0026072333566844463,0.0014344260562211275,0.001172807184047997,0.922119140625,0.585693359375,0.02229383960366249
plant_13802,13802,00,13802,depth,0.0024862107820808887,0.0014467398868873715,0.001039471011608839,0.90966796875,0.570068359375,0.02182241901755333
plant_13802,13802,00,13802,ref,0.0007717801490798593,0.00038451547152362764,0.00038726464845240116,0.7945556640625,0.2811279296875,0.015286330133676529
plant_13811,13811,00,13811,rgb,0.0016441451152786613,0.0010415976867079735,0.0006025474285706878,0.9202880859375,0.5458984375,0.020914101973176003
plant_13811,13811,00,13811,depth,0.001832767971791327,0.0011663158657029271,0.0006664521060883999,0.9271240234375,0.5992431640625,0.022582322359085083
plant_13811,13811,00,13811,ref,0.002107770647853613,0.0013631184119731188,0.0007446522358804941,0.9267578125,0.6148681640625,0.022734705358743668
plant_13812,13812,00,13812,rgb,0.0005704120267182589,0.00028884128550998867,0.00028157077031210065,0.7493896484375,0.166259765625,0.013513642363250256
plant_13812,13812,00,13812,depth,0.0007540241349488497,0.00039019621908664703,0.0003638279449660331,0.784912109375,0.23583984375,0.014791245572268963
plant_13812,13812,00,13812,ref,0.0006912709213793278,0.00032017927151173353,0.0003710916207637638,0.83837890625,0.3155517578125,0.016459526494145393
plant_13815,13815,00,13815,rgb,0.002251714002341032,0.001273355446755886,0.0009783586720004678,0.9033203125,0.5716552734375,0.021887734532356262
plant_13815,13815,00,13815,depth,0.002131755230948329,0.0012300820089876652,0.000901673105545342,0.9100341796875,0.5699462890625,0.022019637748599052
plant_13815,13815,00,13815,ref,0.0021410153713077307,0.00113974348641932,0.0010012718848884106,0.901123046875,0.5537109375,0.021766459569334984
plant_13824,13824,00,13824,rgb,0.0013424428179860115,0.0006331378244794905,0.0007093050517141819,0.8927001953125,0.4796142578125,0.019510649144649506
plant_13824,13824,00,13824,depth,0.0013682607095688581,0.0006394096417352557,0.0007288510678336024,0.9000244140625,0.484375,0.019543765112757683
plant_13824,13824,00,13824,ref,0.001724981819279492,0.0005821072263643146,0.0011428745929151773,0.8843994140625,0.668212890625,0.025690801441669464
plant_13828,13828,00,13828,rgb,0.0013620560057461262,0.00045883317943662405,0.0009032228263095021,0.89111328125,0.517822265625,0.020589999854564667
plant_13828,13828,00,13828,depth,0.001219392055645585,0.0004477000911720097,0.0007716920226812363,0.8900146484375,0.4859619140625,0.019549954682588577
plant_13828,13828,00,13828,ref,0.0011405461700633168,0.00041212188079953194,0.0007284242892637849,0.8740234375,0.5074462890625,0.020211542025208473
plant_13839,13839,00,13839,rgb,0.00957502517849207,0.006777853239327669,0.0027971717063337564,0.9725341796875,0.803466796875,0.03336109220981598
plant_13839,13839,00,13839,depth,0.009134024381637573,0.007080740761011839,0.0020532822236418724,0.974609375,0.795654296875,0.031084075570106506
plant_13839,13839,00,13839,ref,0.0035733215045183897,0.002767502563074231,0.0008058189414441586,0.9327392578125,0.58447265625,0.02234724350273609
plant_13842,13842,00,13842,rgb,0.004852974787354469,0.0023484150879085064,0.0025045599322766066,0.90283203125,0.6591796875,0.03048301674425602
plant_13842,13842,00,13842,depth,0.004760546609759331,0.002358631929382682,0.002401914680376649,0.939208984375,0.7449951171875,0.035756513476371765
plant_13842,13842,00,13842,ref,0.002602050546556711,0.0018882711883634329,0.0007137792999856174,0.8939208984375,0.541748046875,0.02130800299346447
plant_1386,1386,00,1386,rgb,0.0005824070540256798,0.00028287182794883847,0.00029953522607684135,0.7479248046875,0.223876953125,0.014321531169116497
plant_1386,1386,00,1386,depth,0.0007591457106173038,0.00039458414539694786,0.00036456159432418644,0.7919921875,0.2850341796875,0.015316004864871502
plant_1386,1386,00,1386,ref,0.0014026702847331762,0.0007835971191525459,0.0006190731655806303,0.880615234375,0.426025390625,0.018283052369952202
plant_13864,13864,00,13864,rgb,0.0009102764306589961,0.0006141038029454648,0.00029617256950587034,0.801025390625,0.2294921875,0.015040066093206406
plant_13864,13864,00,13864,depth,0.001025356468744576,0.0006747962906956673,0.0003505601780489087,0.8533935546875,0.2864990234375,0.016311220824718475
plant_13864,13864,00,13864,ref,0.0008695692522451282,0.0004538916109595448,0.00041567772859707475,0.7789306640625,0.356689453125,0.016763614490628242
plant_13865,13865,00,13865,rgb,0.001320813549682498,0.0009282861137762666,0.0003925274359062314,0.824462890625,0.3092041015625,0.01616598106920719
plant_13865,13865,00,13865,depth,0.0008883510017767549,0.0005909494939260185,0.0002974015660583973,0.7274169921875,0.197021484375,0.013891218230128288
plant_13865,13865,00,13865,ref,0.0007840645266696811,0.0004292143858037889,0.00035485014086589217,0.714599609375,0.204833984375,0.013074474409222603
plant_13867,13867,00,13867,rgb,0.0011006909189745784,0.0003818161494564265,0.0007188747404143214,0.8338623046875,0.436279296875,0.018064487725496292
plant_13867,13867,00,13867,depth,0.0012975073186680675,0.0004012208082713187,0.0008962865686044097,0.853271484375,0.4505615234375,0.01855427399277687
plant_13867,13867,00,13867,ref,0.001344956923276186,0.0006919984007254243,0.0006529585225507617,0.8265380859375,0.4573974609375,0.01885192282497883
plant_13870,13870,00,13870,rgb,0.005440392531454563,0.0022228453308343887,0.0032175472006201744,0.9468994140625,0.8143310546875,0.041696034371852875
plant_13870,13870,00,13870,depth,0.004593300633132458,0.0019702378194779158,0.002623062813654542,0.9473876953125,0.822265625,0.04002760723233223
plant_13870,13870,00,13870,ref,0.0008803352830000222,0.0003897158312611282,0.000490619451738894,0.7593994140625,0.3336181640625,0.015966836363077164
plant_13875,13875,00,13875,rgb,0.0023041050881147385,0.0016368478536605835,0.0006672571180388331,0.9149169921875,0.5408935546875,0.02098296396434307
plant_13875,13875,00,13875,depth,0.003113433485850692,0.002346884226426482,0.0007665492012165487,0.949462890625,0.6844482421875,0.024117130786180496
plant_13875,13875,00,13875,ref,0.0018909500213339925,0.0012148995883762836,0.0006760503747500479,0.91015625,0.4859619140625,0.01966806687414646
plant_13878,13878,00,13878,rgb,0.0011131627252325416,0.00042057246901094913,0.0006925902562215924,0.867431640625,0.4139404296875,0.017859842628240585
plant_13878,13878,00,13878,depth,0.0011483109556138515,0.0004335441626608372,0.0007147667929530144,0.8721923828125,0.40771484375,0.017813153564929962
plant_13878,13878,00,13878,ref,0.0021872506476938725,0.0006151968846097589,0.0015720538794994354,0.85986328125,0.569091796875,0.022592071443796158
plant_13880,13880,00,13880,rgb,0.0032897628843784332,0.002288754330947995,0.0010010084370151162,0.940185546875,0.645751953125,0.024198608472943306
plant_13880,13880,00,13880,depth,0.002900522667914629,0.002187708392739296,0.0007128143915906549,0.8944091796875,0.552734375,0.02141357958316803
plant_13880,13880,00,13880,ref,0.0015058249700814486,0.0011712779523804784,0.00033454704680480063,0.6865234375,0.2291259765625,0.012585889548063278
plant_13882,13882,00,13882,rgb,0.0011797090992331505,0.0006165228551253676,0.0005631863605231047,0.9058837890625,0.5330810546875,0.020720284432172775
plant_13882,13882,00,13882,depth,0.0011826117988675833,0.000581773929297924,0.0006008378113619983,0.88720703125,0.50732421875,0.02018015645444393
plant_13882,13882,00,13882,ref,0.0012206952087581158,0.0005517600802704692,0.0006689351284876466,0.8865966796875,0.507568359375,0.020238231867551804
plant_13898,13898,00,13898,rgb,0.0019684871658682823,0.001000405172817409,0.0009680819348432124,0.861572265625,0.3551025390625,0.01678474247455597
plant_13898,13898,00,13898,depth,0.0016658199019730091,0.0010373999830335379,0.0006284199189394712,0.8753662109375,0.402099609375,0.01771005429327488
plant_13898,13898,00,13898,ref,0.001408618176355958,0.000677642528899014,0.0007309755892492831,0.9007568359375,0.512939453125,0.020322000607848167
plant_13901,13901,00,13901,rgb,0.0030913399532437325,0.0025778505951166153,0.0005134898819960654,0.8753662109375,0.405517578125,0.018039116635918617
plant_13901,13901,00,13901,depth,0.0025231074541807175,0.002015461213886738,0.0005076461238786578,0.8748779296875,0.427001953125,0.01836019940674305
plant_13901,13901,00,13901,ref,0.0014651513192802668,0.0007879706099629402,0.0006771807675249875,0.7142333984375,0.3634033203125,0.015470135025680065
plant_13904,13904,00,13904,rgb,0.0016651430632919073,0.0007418550667352974,0.0009232880547642708,0.9140625,0.59619140625,0.02281644195318222
plant_13904,13904,00,13904,depth,0.001581369899213314,0.0007393142441287637,0.0008420557132922113,0.90625,0.5565185546875,0.021560048684477806
plant_13904,13904,00,13904,ref,0.0015081139281392097,0.0008083362481556833,0.0006997777381911874,0.905517578125,0.5238037109375,0.020565414801239967
plant_13914,13914,00,13914,rgb,0.0013205069117248058,0.0007109343423508108,0.0006095725693739951,0.8929443359375,0.4842529296875,0.01957353763282299
plant_13914,13914,00,13914,depth,0.0010044998489320278,0.0005854340270161629,0.00041906588012352586,0.8702392578125,0.3602294921875,0.01729484274983406
plant_13914,13914,00,13914,ref,0.0005587938358075917,0.0002714844886213541,0.0002873093471862376,0.703125,0.1888427734375,0.013589310459792614
plant_13932,13932,00,13932,rgb,0.001269940985366702,0.0006823722505941987,0.0005875687929801643,0.7896728515625,0.35400390625,0.01609368436038494
plant_13932,13932,00,13932,depth,0.0019579813815653324,0.0009336910443380475,0.001024290220811963,0.8284912109375,0.4205322265625,0.01769988052546978
plant_13932,13932,00,13932,ref,0.0011198576539754868,0.0007314949762076139,0.0003883626777678728,0.7857666015625,0.271484375,0.014655588194727898
plant_1394,1394,00,1394,rgb,0.0004798946902155876,0.00021001991990488023,0.0002698748139664531,0.693115234375,0.182373046875,0.0130697600543499
plant_1394,1394,00,1394,depth,0.0005679670721292496,0.0002876727667171508,0.00028029430541209877,0.719482421875,0.1697998046875,0.013184771873056889
plant_1394,1394,00,1394,ref,0.0005259271711111069,0.0002544878516346216,0.00027143931947648525,0.695068359375,0.1527099609375,0.012799891643226147
plant_13940,13940,00,13940,rgb,0.0006529305828735232,0.0002929520851466805,0.0003599784686230123,0.690185546875,0.1551513671875,0.012778999283909798
plant_13940,13940,00,13940,depth,0.0005503986030817032,0.0002494460786692798,0.00030095252441242337,0.679443359375,0.158935546875,0.012752361595630646
plant_13940,13940,00,13940,ref,0.0005737531464546919,0.0002507738827262074,0.00032297929283231497,0.6334228515625,0.198486328125,0.012363535352051258
plant_13944,13944,00,13944,rgb,0.0007846126100048423,0.0004529680300038308,0.0003316445800010115,0.796142578125,0.22998046875,0.014815065078437328
plant_13944,13944,00,13944,depth,0.0007297092815861106,0.0004105361003894359,0.00031917321030050516,0.8111572265625,0.22998046875,0.015012419782578945
plant_13944,13944,00,13944,ref,0.0008510978659614921,0.00041144987335428596,0.00043964802171103656,0.8360595703125,0.316650390625,0.01605282537639141
plant_13952,13952,00,13952,rgb,0.002033527009189129,0.0010739228455349803,0.0009596040472388268,0.9073486328125,0.5816650390625,0.022410618141293526
plant_13952,13952,00,13952,depth,0.002039079088717699,0.0010406932560727,0.000998385832644999,0.9141845703125,0.586181640625,0.022533321753144264
plant_13952,13952,00,13952,ref,0.001465109526179731,0.0007570591988041997,0.0007080503855831921,0.8175048828125,0.5159912109375,0.020541423931717873
plant_13959,13959,00,13959,rgb,0.0030478592962026596,0.002204134128987789,0.0008437251672148705,0.9200439453125,0.5625,0.021466776728630066
plant_13959,13959,00,13959,depth,0.003189076203852892,0.0024533369578421116,0.0007357393624261022,0.9183349609375,0.571044921875,0.02165648154914379
plant_13959,13959,00,13959,ref,0.0027572717517614365,0.0014017719076946378,0.0013554997276514769,0.89697265625,0.672119140625,0.025920812040567398
plant_13962,13962,00,13962,rgb,0.0025643426924943924,0.0017207141499966383,0.0008436285424977541,0.8724365234375,0.5430908203125,0.021484309807419777
plant_13962,13962,00,13962,depth,0.0024107585195451975,0.0016533376183360815,0.0007574208430014551,0.8848876953125,0.5264892578125,0.020686710253357887
plant_13962,13962,00,13962,ref,0.0005802664090879261,0.000303503533359617,0.0002767629048321396,0.7138671875,0.16552734375,0.013154002837836742
plant_13965,13965,00,13965,rgb,0.0009175905142910779,0.00041509856237098575,0.0005024919519200921,0.8685302734375,0.36376953125,0.017219699919223785
plant_13965,13965,00,13965,depth,0.0010311017977073789,0.0004608659364748746,0.0005702358903363347,0.867431640625,0.431884765625,0.018433451652526855
plant_13965,13965,00,13965,ref,0.0027014983352273703,0.000864307046867907,0.0018371912883594632,0.9300537109375,0.754150390625,0.03424125537276268
plant_13983,13983,00,13983,rgb,0.0014771606074646115,0.0007943211239762604,0.0006828394834883511,0.8846435546875,0.5169677734375,0.020396744832396507
plant_13983,13983,00,13983,depth,0.0013211255427449942,0.0006470029475167394,0.0006741226534359157,0.8466796875,0.4752197265625,0.019439684227108955
plant_13983,13983,00,13983,ref,0.0014341905480250716,0.0007356574642471969,0.0006985330837778747,0.856689453125,0.5487060546875,0.021292010322213173
plant_14005,14005,00,14005,rgb,0.0005334971938282251,0.00023081758990883827,0.00030267954571172595,0.7869873046875,0.2138671875,0.014544987119734287
plant_14005,14005,00,14005,depth,0.0005761843640357256,0.0002563988964539021,0.0003197854966856539,0.8089599609375,0.2364501953125,0.015122422948479652
plant_14005,14005,00,14005,ref,0.0007215983932837844,0.00031429732916876674,0.00040730106411501765,0.805419921875,0.3192138671875,0.01597491465508938
plant_14007,14007,00,14007,rgb,0.0011627937201410532,0.0005244663334451616,0.0006383273284882307,0.8143310546875,0.3712158203125,0.016364026814699173
plant_14007,14007,00,14007,depth,0.000930342823266983,0.00046530674444511533,0.00046503610792569816,0.796875,0.3111572265625,0.015305574052035809
plant_14007,14007,00,14007,ref,0.0004990566521883011,0.00023879625950939953,0.000260260421782732,0.6148681640625,0.163818359375,0.011931016109883785
plant_14011,14011,00,14011,rgb,0.0018260693177580833,0.0013452711282297969,0.00048079813132062554,0.8685302734375,0.33935546875,0.01685444265604019
plant_14011,14011,00,14011,depth,0.002054530195891857,0.0015139714814722538,0.0005405587726272643,0.8597412109375,0.395751953125,0.017516642808914185
plant_14011,14011,00,14011,ref,0.000933305942453444,0.00047392380656674504,0.00045938213588669896,0.872314453125,0.4095458984375,0.01813005469739437
plant_14017,14017,00,14017,rgb,0.0010971794836223125,0.0004222298157401383,0.0006749496096745133,0.822021484375,0.356689453125,0.01661188341677189
plant_14017,14017,00,14017,depth,0.0011549561750143766,0.0004795721615664661,0.0006753840134479105,0.811279296875,0.34130859375,0.016118675470352173
plant_14017,14017,00,14017,ref,0.0009017849224619567,0.00035477965138852596,0.0005470052710734308,0.8338623046875,0.3619384765625,0.016793042421340942
plant_14018,14018,00,14018,rgb,0.001836756244301796,0.0009323882986791432,0.0009043679456226528,0.8890380859375,0.541015625,0.021097393706440926
plant_14018,14018,00,14018,depth,0.004304750822484493,0.0018152932170778513,0.0024894580710679293,0.9388427734375,0.70458984375,0.030150050297379494
plant_14018,14018,00,14018,ref,0.0010275987442582846,0.0005628990475088358,0.0004646996967494488,0.862548828125,0.3441162109375,0.016990389674901962
plant_14029,14029,00,14029,rgb,0.0010165737476199865,0.0005413663457147777,0.0004752073436975479,0.8023681640625,0.3203125,0.015425660647451878
plant_14029,14029,00,14029,depth,0.0008732040296308696,0.0004993265029042959,0.0003738775849342346,0.759033203125,0.2523193359375,0.014208930544555187
plant_14029,14029,00,14029,ref,0.0009895197581499815,0.0003739688836503774,0.0006155509618110955,0.751953125,0.3359375,0.015291505493223667
plant_14030,14030,00,14030,rgb,0.004830603022128344,0.0016838725423440337,0.003146730363368988,0.905029296875,0.730712890625,0.03463929146528244
plant_14030,14030,00,14030,depth,0.005116801708936691,0.001766348723322153,0.0033504527527838945,0.950927734375,0.82666015625,0.04320334643125534
plant_14030,14030,00,14030,ref,0.001356855034828186,0.0005751107819378376,0.0007817443110980093,0.7122802734375,0.3341064453125,0.014459183439612389
plant_14047,14047,00,14047,rgb,0.0020637745037674904,0.0008007123251445591,0.0012630621204152703,0.86865234375,0.5264892578125,0.02121616154909134
plant_14047,14047,00,14047,depth,0.0019642782863229513,0.0007423234055750072,0.001221954938955605,0.880615234375,0.5579833984375,0.022283174097537994
plant_14047,14047,00,14047,ref,0.00046664330875501037,0.00021281609951984137,0.0002538272237870842,0.619873046875,0.1710205078125,0.012139455415308475
plant_14050,14050,00,14050,rgb,0.0014936486259102821,0.0007566987187601626,0.0007369498489424586,0.873291015625,0.4605712890625,0.018898019567131996
plant_14050,14050,00,14050,depth,0.0018784451531246305,0.0009062545723281801,0.0009721905807964504,0.8909912109375,0.5330810546875,0.020965922623872757
plant_14050,14050,00,14050,ref,0.0007910510175861418,0.0003465944610070437,0.00044445652747526765,0.81396484375,0.3050537109375,0.015886574983596802
plant_14053,14053,00,14053,rgb,0.002087645698338747,0.001072410144843161,0.0010152356699109077,0.873779296875,0.496826171875,0.019908543676137924
plant_14053,14053,00,14053,depth,0.0021103783510625362,0.0010339287109673023,0.001076449523679912,0.870361328125,0.50830078125,0.020375879481434822
plant_14053,14053,00,14053,ref,0.0006158502073958516,0.00028115222812630236,0.0003346980083733797,0.707275390625,0.21435546875,0.013255096040666103
plant_14056,14056,00,14056,rgb,0.001815982162952423,0.0008000038214959204,0.0010159783996641636,0.9168701171875,0.577392578125,0.021913066506385803
plant_14056,14056,00,14056,depth,0.002579148393124342,0.0013611168833449483,0.0012180315097793937,0.93359375,0.638671875,0.024198761209845543
plant_14056,14056,00,14056,ref,0.0028118640184402466,0.0016134692123159766,0.0011983946897089481,0.92431640625,0.5999755859375,0.022603001445531845
plant_14068,14068,00,14068,rgb,0.0030943588353693485,0.0012301532551646233,0.0018642053473740816,0.931396484375,0.684326171875,0.029161782935261726
plant_14068,14068,00,14068,depth,0.0025098146870732307,0.0011081104166805744,0.0014017043868079782,0.9166259765625,0.6015625,0.023448722437024117
plant_14068,14068,00,14068,ref,0.0013346429914236069,0.0005477872909978032,0.0007868557004258037,0.9107666015625,0.5611572265625,0.02168440632522106
plant_14069,14069,00,14069,rgb,0.0005080830305814743,0.0002159485302399844,0.00029213452944532037,0.740966796875,0.180908203125,0.0137135349214077
plant_14069,14069,00,14069,depth,0.00043323409045115113,0.00018074300896842033,0.00025249109603464603,0.703125,0.140625,0.012970938347280025
plant_14069,14069,00,14069,ref,0.0005260971956886351,0.00019887700909748673,0.0003272202447988093,0.7626953125,0.2142333984375,0.014177313074469566
plant_14072,14072,00,14072,rgb,0.002083444269374013,0.001374486950226128,0.0007089572609402239,0.9144287109375,0.5596923828125,0.021510573104023933
plant_14072,14072,00,14072,depth,0.0020777618046849966,0.0013752584345638752,0.0007025033701211214,0.914306640625,0.5743408203125,0.022092057392001152
plant_14072,14072,00,14072,ref,0.0011563269654288888,0.000617064768448472,0.0005392621969804168,0.8338623046875,0.356689453125,0.01650620438158512
plant_14079,14079,00,14079,rgb,0.0017844012472778559,0.0011085574515163898,0.0006758438539691269,0.79736328125,0.359130859375,0.016108853742480278
plant_14079,14079,00,14079,depth,0.0017395804170519114,0.0010808383813127875,0.0006587419775314629,0.798828125,0.3597412109375,0.015895137563347816
plant_14079,14079,00,14079,ref,0.0006532176630571485,0.00036059925332665443,0.00029261838062666357,0.6920166015625,0.2135009765625,0.013464380986988544
plant_14081,14081,00,14081,rgb,0.001991717843338847,0.001135816564783454,0.0008559012785553932,0.8372802734375,0.4088134765625,0.017394358292222023
plant_14081,14081,00,14081,depth,0.0011350614950060844,0.000631878909189254,0.0005031826440244913,0.78662109375,0.326171875,0.015340983867645264
plant_14081,14081,00,14081,ref,0.000732181069906801,0.00036410713801160455,0.00036807393189519644,0.7113037109375,0.248779296875,0.013750322163105011
plant_14086,14086,00,14086,rgb,0.0017323604552075267,0.000619482365436852,0.0011128780897706747,0.913818359375,0.596435546875,0.022900648415088654
plant_14086,14086,00,14086,depth,0.0012357947416603565,0.0004805957723874599,0.000755199056584388,0.8819580078125,0.509033203125,0.02026377245783806
plant_14086,14086,00,14086,ref,0.0010952602606266737,0.00034268718445673585,0.0007525730179622769,0.8509521484375,0.5535888671875,0.02143922634422779
plant_14091,14091,00,14091,rgb,0.0032141567207872868,0.001863271463662386,0.0013508853735402226,0.91650390625,0.6767578125,0.028416935354471207
plant_14091,14091,00,14091,depth,0.003808492561802268,0.0019670873880386353,0.0018414049409329891,0.9144287109375,0.669677734375,0.028747301548719406
plant_14091,14091,00,14091,ref,0.0010039103217422962,0.0004655041848309338,0.0005384061951190233,0.77392578125,0.364501953125,0.016337594017386436
plant_14094,14094,00,14094,rgb,0.0017055518692359328,0.0011172113008797169,0.000588340568356216,0.840087890625,0.394775390625,0.017039287835359573
plant_14094,14094,00,14094,depth,0.0018212669529020786,0.0012509322259575129,0.0005703347269445658,0.8446044921875,0.3984375,0.017474474385380745
plant_14094,14094,00,14094,ref,0.000647843349725008,0.0003830455243587494,0.0002647978544700891,0.643798828125,0.134765625,0.011860915459692478
plant_14098,14098,00,14098,rgb,0.0008845411357469857,0.0005587650230154395,0.0003257761709392071,0.7822265625,0.2330322265625,0.014935319311916828
plant_14098,14098,00,14098,depth,0.0007773314137011766,0.0004770811938215047,0.0003002502489835024,0.769287109375,0.21142578125,0.01423080638051033
plant_14098,14098,00,14098,ref,0.0006677493802271783,0.00037734094075858593,0.0002904084394685924,0.7095947265625,0.23779296875,0.014162306673824787
plant_14099,14099,00,14099,rgb,0.0010261237621307373,0.0004798173322342336,0.0005463064298965037,0.8543701171875,0.4161376953125,0.01801704242825508
plant_14099,14099,00,14099,depth,0.001078605535440147,0.0004856552986893803,0.0005929502658545971,0.864990234375,0.46728515625,0.019203368574380875
plant_14099,14099,00,14099,ref,0.0010307602351531386,0.00033890476333908737,0.0006918554427102208,0.8123779296875,0.3907470703125,0.01740569993853569
plant_14121,14121,00,14121,rgb,0.0008367401896975935,0.0004134461050853133,0.00042329408461228013,0.77392578125,0.217041015625,0.014435498043894768
plant_14121,14121,00,14121,depth,0.000747595215216279,0.00040002065361477435,0.00034757459070533514,0.754150390625,0.2098388671875,0.014020457863807678
plant_14121,14121,00,14121,ref,0.0007351947133429348,0.0002947876346297562,0.00044040707871317863,0.7611083984375,0.2711181640625,0.014671401120722294
plant_14124,14124,00,14124,rgb,0.0011182152666151524,0.0004569825541693717,0.0006612327415496111,0.877685546875,0.4375,0.018480684608221054
plant_14124,14124,00,14124,depth,0.0010949508287012577,0.0004303312744013965,0.0006646194960922003,0.8685302734375,0.42529296875,0.018060220405459404
plant_14124,14124,00,14124,ref,0.0008203044417314231,0.00033874670043587685,0.00048155771219171584,0.7967529296875,0.3023681640625,0.015474684536457062
plant_14129,14129,00,14129,rgb,0.0007471346762031317,0.0003730442840605974,0.0003740904212463647,0.816162109375,0.25244140625,0.015354987233877182
plant_14129,14129,00,14129,depth,0.0008879037341102958,0.0004191256011836231,0.0004687781329266727,0.8189697265625,0.304931640625,0.015772324055433273
plant_14129,14129,00,14129,ref,0.0008934150682762265,0.00045464630238711834,0.00043876870768144727,0.822265625,0.3096923828125,0.016038503497838974
plant_14138,14138,00,14138,rgb,0.001993920188397169,0.0012796116061508656,0.0007143086986616254,0.789306640625,0.47314453125,0.019074000418186188
plant_14138,14138,00,14138,depth,0.0019263523863628507,0.0013132113963365555,0.000613141106441617,0.79296875,0.43798828125,0.018128585070371628
plant_14138,14138,00,14138,ref,0.0009160854388028383,0.0005265206564217806,0.0003895648114848882,0.705322265625,0.3388671875,0.015282000415027142
plant_14139,14139,00,14139,rgb,0.0013853430282324553,0.0005290430854074657,0.0008563000010326505,0.795166015625,0.452880859375,0.018281027674674988
plant_14139,14139,00,14139,depth,0.001497952500358224,0.0005500599509105086,0.0009478926076553762,0.736572265625,0.4058837890625,0.016270624473690987
plant_14139,14139,00,14139,ref,0.0005430079181678593,0.00023427621636074036,0.0003087316872552037,0.7252197265625,0.20458984375,0.01363379880785942
plant_14153,14153,00,14153,rgb,0.001703376299701631,0.0007990594021975994,0.0009043168975040317,0.9052734375,0.49072265625,0.01978323794901371
plant_14153,14153,00,14153,depth,0.001649555517360568,0.0008457092335447669,0.0008038462838158011,0.906494140625,0.49560546875,0.01988551951944828
plant_14153,14153,00,14153,ref,0.002089219866320491,0.001153692719526589,0.000935527088586241,0.9130859375,0.5115966796875,0.020285585895180702
plant_14156,14156,00,14156,rgb,0.001063280156813562,0.0006590383709408343,0.00040424178587272763,0.8521728515625,0.338623046875,0.01699117198586464
plant_14156,14156,00,14156,depth,0.0011588556226342916,0.0007098314235918224,0.00044902419904246926,0.8662109375,0.374755859375,0.017494020983576775
plant_14156,14156,00,14156,ref,0.0015892153605818748,0.0007587627042084932,0.0008304525399580598,0.875244140625,0.554931640625,0.022163255140185356
plant_14160,14160,00,14160,rgb,0.0012676995247602463,0.0007794590783305466,0.0004882404755335301,0.77685546875,0.2947998046875,0.014840025454759598
plant_14160,14160,00,14160,depth,0.0016650783363729715,0.001067451317794621,0.0005976270767860115,0.807373046875,0.3551025390625,0.016174664720892906
plant_14160,14160,00,14160,ref,0.000718537310604006,0.0003662040107883513,0.00035233329981565475,0.6778564453125,0.2255859375,0.013330440036952496
plant_14161,14161,00,14161,rgb,0.0020105603616684675,0.0013384645571932197,0.0006720958044752479,0.8067626953125,0.4122314453125,0.017078591510653496
plant_14161,14161,00,14161,depth,0.00241597811691463,0.0014423346146941185,0.0009736435604281723,0.8199462890625,0.4945068359375,0.019792405888438225
plant_14161,14161,00,14161,ref,0.0006347757298499346,0.0002453541674185544,0.0003894215915352106,0.6021728515625,0.20166015625,0.011625541374087334
plant_14164,14164,00,14164,rgb,0.0036050351336598396,0.0015219426713883877,0.002083092462271452,0.9263916015625,0.6527099609375,0.026179715991020203
plant_14164,14164,00,14164,depth,0.006530234590172768,0.002313154051080346,0.004217080771923065,0.95947265625,0.776611328125,0.042020782828330994
plant_14164,14164,00,14164,ref,0.0014952004421502352,0.0005579381249845028,0.0009372623753733933,0.9013671875,0.5496826171875,0.02162740007042885
plant_14168,14168,00,14168,rgb,0.0020684730261564255,0.0008995686075650156,0.0011689044767990708,0.8773193359375,0.5299072265625,0.02085771970450878
plant_14168,14168,00,14168,depth,0.0018554197158664465,0.0007776187849231064,0.0010778008727356791,0.8653564453125,0.505859375,0.020129268988966942
plant_14168,14168,00,14168,ref,0.0009160590707324445,0.0004605152935255319,0.00045554377720691264,0.8067626953125,0.3389892578125,0.016563065350055695
plant_14187,14187,00,14187,rgb,0.000811454257927835,0.00033833913039416075,0.0004731151566375047,0.72216796875,0.253662109375,0.01373817678540945
plant_14187,14187,00,14187,depth,0.0007232635980471969,0.00033005946897901595,0.00039320409996435046,0.7188720703125,0.227294921875,0.013592598028481007
plant_14187,14187,00,14187,ref,0.0008379733772017062,0.0002789137070067227,0.0005590596701949835,0.689697265625,0.307373046875,0.014690503478050232
plant_1419,1419,00,1419,rgb,0.0007087526610121131,0.000396695570088923,0.0003120571200270206,0.7431640625,0.1898193359375,0.013541740365326405
plant_1419,1419,00,1419,depth,0.0007779549341648817,0.0004221724229864776,0.00035578254028223455,0.73291015625,0.2059326171875,0.01359521970152855
plant_1419,1419,00,1419,ref,0.000570389092899859,0.00028914064751006663,0.0002812484744936228,0.6343994140625,0.13818359375,0.011934910900890827
plant_14193,14193,00,14193,rgb,0.0019328291527926922,0.0010117010679095984,0.0009211281430907547,0.896728515625,0.49560546875,0.01987737976014614
plant_14193,14193,00,14193,depth,0.0018277107737958431,0.001049980171956122,0.0007777305436320603,0.8662109375,0.477294921875,0.019410645589232445
plant_14193,14193,00,14193,ref,0.0015691942535340786,0.0009230753057636321,0.0006461188895627856,0.872802734375,0.46875,0.019183114171028137
plant_14194,14194,00,14194,rgb,0.0016062783543020487,0.0009767769370228052,0.0006295014172792435,0.8824462890625,0.473876953125,0.019300200045108795
plant_14194,14194,00,14194,depth,0.0015743211843073368,0.0009858887642621994,0.0005884324782527983,0.877685546875,0.4561767578125,0.018895315006375313
plant_14194,14194,00,14194,ref,0.0007125467527657747,0.0003029992803931236,0.0004095474723726511,0.802001953125,0.26513671875,0.015072252601385117
plant_14204,14204,00,14204,rgb,0.001954334322363138,0.001443302957341075,0.0005110315978527069,0.89599609375,0.4635009765625,0.019169922918081284
plant_14204,14204,00,14204,depth,0.0020188521593809128,0.001554023940116167,0.00046482839388772845,0.8890380859375,0.3974609375,0.01806209422647953
plant_14204,14204,00,14204,ref,0.0017241768073290586,0.0011582756415009499,0.0005659012240357697,0.87744140625,0.4129638671875,0.018007582053542137
plant_14212,14212,00,14212,rgb,0.0011074537178501487,0.0005332300206646323,0.0005742236971855164,0.858642578125,0.446044921875,0.018696246668696404
plant_14212,14212,00,14212,depth,0.0016072496073320508,0.0006980493781156838,0.0009092001710087061,0.9013671875,0.5816650390625,0.02245328016579151
plant_14212,14212,00,14212,ref,0.0008458101656287909,0.00040020071901381016,0.0004456094466149807,0.781494140625,0.32373046875,0.01570049114525318
plant_14219,14219,00,14219,rgb,0.0010855072177946568,0.0005260481266304851,0.0005594590911641717,0.8590087890625,0.392333984375,0.017512068152427673
plant_14219,14219,00,14219,depth,0.0017035931814461946,0.0007372342515736818,0.000966358813457191,0.87158203125,0.499755859375,0.0199888963252306
plant_14219,14219,00,14219,ref,0.0008596513653174043,0.0003889721119776368,0.000470679224235937,0.82275390625,0.3380126953125,0.016320763155817986
plant_14220,14220,00,14220,rgb,0.0020112316124141216,0.0008620392763987184,0.001149192452430725,0.874267578125,0.4697265625,0.019019320607185364
plant_14220,14220,00,14220,depth,0.0014322627102956176,0.0007724742172285914,0.0006597884930670261,0.880126953125,0.4769287109375,0.019367361441254616
plant_14220,14220,00,14220,ref,0.0007669191109016538,0.00039564460166729987,0.00037127448013052344,0.8101806640625,0.28271484375,0.015529904514551163
plant_14225,14225,00,14225,rgb,0.0007489260751754045,0.00038275905535556376,0.00036616699071601033,0.815673828125,0.3114013671875,0.01595109887421131
plant_14225,14225,00,14225,depth,0.0008699020254425704,0.0004730530781671405,0.0003968490054830909,0.823974609375,0.3148193359375,0.016061218455433846
plant_14225,14225,00,14225,ref,0.0015281732194125652,0.0008682279149070382,0.0006599452462978661,0.85498046875,0.3963623046875,0.017569277435541153
plant_14234,14234,00,14234,rgb,0.0016182791441679,0.0008131182985380292,0.0008051608456298709,0.843994140625,0.482421875,0.01947961002588272
plant_14234,14234,00,14234,depth,0.0016591142630204558,0.0007959285285323858,0.00086318573448807,0.8480224609375,0.4976806640625,0.01993761956691742
plant_14234,14234,00,14234,ref,0.0007563701365143061,0.0003608536790125072,0.0003955164866056293,0.6705322265625,0.25,0.01334184780716896
plant_14237,14237,00,14237,rgb,0.0013307677581906319,0.0004607042938005179,0.0008700634352862835,0.8323974609375,0.4747314453125,0.019203169271349907
plant_14237,14237,00,14237,depth,0.0010815648129209876,0.00045568501809611917,0.0006258797366172075,0.82568359375,0.4376220703125,0.018348848447203636
plant_14237,14237,00,14237,ref,0.0010047900723293424,0.0003021192387677729,0.0007026708335615695,0.7930908203125,0.3924560546875,0.01662229187786579
plant_14241,14241,00,14241,rgb,0.001657773507758975,0.0007917095208540559,0.0008660639869049191,0.9268798828125,0.59375,0.022445425391197205
plant_14241,14241,00,14241,depth,0.0024945992045104504,0.0011481845285743475,0.0013464147923514247,0.94677734375,0.7060546875,0.02687503583729267
plant_14241,14241,00,14241,ref,0.0019999926444143057,0.0009336161310784519,0.001066376455128193,0.9383544921875,0.6846923828125,0.02603106200695038
plant_14242,14242,00,14242,rgb,0.0008887515868991613,0.00037611700827255845,0.000512634520418942,0.8338623046875,0.335693359375,0.016275806352496147
plant_14242,14242,00,14242,depth,0.0011523484718054533,0.0005528731271624565,0.0005994753446429968,0.8704833984375,0.4232177734375,0.018174495548009872
plant_14242,14242,00,14242,ref,0.0013881620252504945,0.000584188150241971,0.0008039738750085235,0.785400390625,0.425537109375,0.017865896224975586
plant_14249,14249,00,14249,rgb,0.0006770830950699747,0.0003854664973914623,0.0002916165394708514,0.7655029296875,0.2130126953125,0.014332537539303303
plant_14249,14249,00,14249,depth,0.0008086253073997796,0.00036943587474524975,0.00043918940355069935,0.8236083984375,0.3203125,0.015965761616826057
plant_14249,14249,00,14249,ref,0.0008035176433622837,0.0003691111342050135,0.0004344065091572702,0.8214111328125,0.33935546875,0.01619109697639942
plant_14253,14253,00,14253,rgb,0.0024677703622728586,0.0018267410341650248,0.0006410295027308166,0.759033203125,0.322021484375,0.015325515531003475
plant_14253,14253,00,14253,depth,0.002944289706647396,0.0023219382856041193,0.0006223515374585986,0.787841796875,0.36083984375,0.01619747467339039
plant_14253,14253,00,14253,ref,0.0025365264154970646,0.0009873727103695273,0.001549153821542859,0.7982177734375,0.3658447265625,0.01590607687830925
plant_14258,14258,00,14258,rgb,0.0010048496769741178,0.0005743541987612844,0.00043049550731666386,0.8045654296875,0.3277587890625,0.016064442694187164
plant_14258,14258,00,14258,depth,0.001268594991415739,0.0007213886710815132,0.0005472063203342259,0.8175048828125,0.3575439453125,0.01620013639330864
plant_14258,14258,00,14258,ref,0.0003410245117265731,0.0001689956698101014,0.00017202885646838695,0.625732421875,0.0650634765625,0.011540088802576065
plant_14260,14260,00,14260,rgb,0.0007683506119064987,0.00038525465060956776,0.00038309593219310045,0.784912109375,0.2691650390625,0.014950448647141457
plant_14260,14260,00,14260,depth,0.000823270296677947,0.00039477634709328413,0.00042849400779232383,0.7904052734375,0.3089599609375,0.015495605766773224
plant_14260,14260,00,14260,ref,0.0009274248732253909,0.0004768421349581331,0.00045058276737108827,0.7939453125,0.357177734375,0.01658712700009346
plant_14261,14261,00,14261,rgb,0.0019656687509268522,0.0012057609856128693,0.0007599078235216439,0.8992919921875,0.5250244140625,0.020674273371696472
plant_14261,14261,00,14261,depth,0.001953094732016325,0.001181151601485908,0.000771943072322756,0.89794921875,0.5279541015625,0.02080485038459301
plant_14261,14261,00,14261,ref,0.0016784148756414652,0.0008689488749951124,0.0008094658842310309,0.898681640625,0.517822265625,0.020457085222005844
plant_14262,14262,00,14262,rgb,0.022134089842438698,0.0206290315836668,0.0015050580259412527,0.9517822265625,0.6883544921875,0.025404566898941994
plant_14262,14262,00,14262,depth,0.029401611536741257,0.02762812003493309,0.0017734922003000975,0.9569091796875,0.7281494140625,0.028459781780838966
plant_14262,14262,00,14262,ref,0.0021522585302591324,0.0014286834048107266,0.0007235752418637276,0.9080810546875,0.55615234375,0.021210454404354095
plant_14263,14263,00,14263,rgb,0.001765082124620676,0.0006088782683946192,0.0011562039144337177,0.89208984375,0.5362548828125,0.021239597350358963
plant_14263,14263,00,14263,depth,0.0017200824804604053,0.0005875951028428972,0.0011324873194098473,0.8994140625,0.5316162109375,0.02112080529332161
plant_14263,14263,00,14263,ref,0.0008068109164014459,0.0003560541954357177,0.0004507567500695586,0.8280029296875,0.357421875,0.016685038805007935
plant_14266,14266,00,14266,rgb,0.0018521976890042424,0.001408871728926897,0.00044332598918117583,0.8450927734375,0.3572998046875,0.01717052049934864
plant_14266,14266,00,14266,depth,0.0028446828946471214,0.002170586958527565,0.0006740961689502001,0.9017333984375,0.57861328125,0.021907713264226913
plant_14266,14266,00,14266,ref,0.0015285122208297253,0.0010282521834596992,0.0005002599791623652,0.8616943359375,0.4019775390625,0.01791028492152691
plant_1427,1427,00,1427,rgb,0.0030702610965818167,0.0009764222195371985,0.00209383899345994,0.9215087890625,0.633056640625,0.02561529166996479
plant_1427,1427,00,1427,depth,0.002946022432297468,0.000887530273757875,0.0020584920421242714,0.9017333984375,0.601806640625,0.023696428164839745
plant_1427,1427,00,1427,ref,0.001475103897973895,0.0006326776347123086,0.0008424263214692473,0.91162109375,0.599853515625,0.022756323218345642
plant_14279,14279,00,14279,rgb,0.0009349531028419733,0.000573636731132865,0.00036131631350144744,0.804931640625,0.2996826171875,0.01597152091562748
plant_14279,14279,00,14279,depth,0.0008875698549672961,0.0005458518862724304,0.0003417179686948657,0.796875,0.2728271484375,0.01568630523979664
plant_14279,14279,00,14279,ref,0.0011851461604237556,0.0006565097719430923,0.0005286363884806633,0.8321533203125,0.4600830078125,0.019043542444705963
plant_14291,14291,00,14291,rgb,0.0005413710605353117,0.0002617478894535452,0.00027962314197793603,0.6700439453125,0.154052734375,0.012624572031199932
plant_14291,14291,00,14291,depth,0.0006246579578146338,0.0003085897187702358,0.0003160682681482285,0.681884765625,0.1851806640625,0.012988763861358166
plant_14291,14291,00,14291,ref,0.0008615199476480484,0.0004526749544311315,0.0004088450223207474,0.7972412109375,0.3223876953125,0.015832263976335526
plant_14308,14308,00,14308,rgb,0.002131799701601267,0.0010655291844159365,0.0010662704007700086,0.9119873046875,0.5439453125,0.021270403638482094
plant_14308,14308,00,14308,depth,0.002438511000946164,0.0012107481015846133,0.0012277628993615508,0.9378662109375,0.660400390625,0.025177421048283577
plant_14308,14308,00,14308,ref,0.002268406795337796,0.001382543588988483,0.0008858630899339914,0.916748046875,0.5631103515625,0.021733786910772324
plant_14309,14309,00,14309,rgb,0.002010355005040765,0.00045480646076612175,0.0015555485151708126,0.9036865234375,0.5584716796875,0.02238011732697487
plant_14309,14309,00,14309,depth,0.0019516353495419025,0.0005012535839341581,0.0014503817074000835,0.90966796875,0.56103515625,0.02233872376382351
plant_14309,14309,00,14309,ref,0.0011583094019442797,0.0003818627155851573,0.0007764467154629529,0.8551025390625,0.402587890625,0.017846066504716873
plant_14324,14324,00,14324,rgb,0.0006915214471518993,0.00039809380541555583,0.00029342761263251305,0.785888671875,0.2064208984375,0.014562414959073067
plant_14324,14324,00,14324,depth,0.000638771743979305,0.00033167708897963166,0.00030709465499967337,0.794677734375,0.2415771484375,0.015068556182086468
plant_14324,14324,00,14324,ref,0.0011384815443307161,0.0006098724552430212,0.000528609030880034,0.8702392578125,0.441650390625,0.018675852566957474
plant_14330,14330,00,14330,rgb,0.002905714325606823,0.0013028071261942387,0.001602907432243228,0.938720703125,0.7393798828125,0.032409194856882095
plant_14330,14330,00,14330,depth,0.002710043452680111,0.0012451250804588199,0.001464918488636613,0.949951171875,0.759033203125,0.028887081891298294
plant_14330,14330,00,14330,ref,0.0015202073846012354,0.0006618861807510257,0.0008583212620578706,0.9039306640625,0.5201416015625,0.020505497232079506
plant_1434,1434,00,1434,rgb,0.0008394230389967561,0.00044734901166521013,0.00039207408553920686,0.79248046875,0.271728515625,0.015406513586640358
plant_1434,1434,00,1434,depth,0.0011551561765372753,0.0006249763537198305,0.0005301798228174448,0.834716796875,0.3555908203125,0.016793062910437584
plant_1434,1434,00,1434,ref,0.0004972448805347085,0.0002155091060558334,0.00028173578903079033,0.6427001953125,0.147705078125,0.01234943512827158
plant_14340,14340,00,14340,rgb,0.0017857772763818502,0.001247695996426046,0.0005380813381634653,0.862060546875,0.387939453125,0.017696905881166458
plant_14340,14340,00,14340,depth,0.0021537544671446085,0.0014584489399567246,0.0006953055271878839,0.8817138671875,0.452880859375,0.018823346123099327
plant_14340,14340,00,14340,ref,0.0008860464440658689,0.0003735888749361038,0.000512457569129765,0.73486328125,0.2791748046875,0.014545170590281487
plant_14347,14347,00,14347,rgb,0.0008493528002873063,0.0004265265306457877,0.00042282629874534905,0.8284912109375,0.2835693359375,0.015707235783338547
plant_14347,14347,00,14347,depth,0.000886672583874315,0.000436226197052747,0.000450446386821568,0.8262939453125,0.2969970703125,0.01598963513970375
plant_14347,14347,00,14347,ref,0.0009340947144664824,0.0003279640222899616,0.0006061306921765208,0.7965087890625,0.307861328125,0.015808476135134697
plant_14352,14352,00,14352,rgb,0.0011240257881581783,0.0006935463170520961,0.0004304795293137431,0.7857666015625,0.2564697265625,0.014663202688097954
plant_14352,14352,00,14352,depth,0.0011437057983130217,0.0007040476775728166,0.00043965812074020505,0.789794921875,0.2564697265625,0.01471321564167738
plant_14352,14352,00,14352,ref,0.001106511102989316,0.0005166055052541196,0.0005899054813198745,0.7877197265625,0.436279296875,0.018044862896203995
plant_14367,14367,00,14367,rgb,0.001260237069800496,0.0005307657993398607,0.0007294713286682963,0.833251953125,0.3363037109375,0.01644584909081459
plant_14367,14367,00,14367,depth,0.001057828776538372,0.00048715423326939344,0.0005706745432689786,0.8070068359375,0.3143310546875,0.015683230012655258
plant_14367,14367,00,14367,ref,0.0017538117244839668,0.0007124340627342463,0.0010413776617497206,0.864013671875,0.3924560546875,0.017194438725709915
plant_14370,14370,00,14370,rgb,0.0012980098836123943,0.00038525910349562764,0.0009127508383244276,0.870361328125,0.47509765625,0.019128873944282532
plant_14370,14370,00,14370,depth,0.001207436784170568,0.0004112396854907274,0.0007961970986798406,0.865234375,0.45947265625,0.01882922276854515
plant_14370,14370,00,14370,ref,0.0009971038671210408,0.0003740368701983243,0.000623066967818886,0.868896484375,0.439453125,0.01863524317741394
plant_14372,14372,00,14372,rgb,0.0019415230490267277,0.0007140199304558337,0.001227503176778555,0.9033203125,0.5694580078125,0.022603537887334824
plant_14372,14372,00,14372,depth,0.0018025559838861227,0.0006844318122602999,0.0011181241134181619,0.9041748046875,0.5467529296875,0.02142668329179287
plant_14372,14372,00,14372,ref,0.0009435011306777596,0.000343579362379387,0.0005999217974022031,0.766845703125,0.357177734375,0.015585249289870262
plant_14376,14376,00,14376,rgb,0.001575998729094863,0.0010182744590565562,0.0005577242700383067,0.8868408203125,0.45361328125,0.01875000074505806
plant_14376,14376,00,14376,depth,0.001739472383633256,0.0011315166484564543,0.0006079558515921235,0.8819580078125,0.4720458984375,0.019372761249542236
plant_14376,14376,00,14376,ref,0.0016552158631384373,0.0011439890367910266,0.0005112267681397498,0.8546142578125,0.4163818359375,0.018006592988967896
plant_14386,14386,00,14386,rgb,0.004225742071866989,0.0030677325557917356,0.0011580092832446098,0.91455078125,0.5894775390625,0.022536441683769226
plant_14386,14386,00,14386,depth,0.0049230000004172325,0.0035861660726368427,0.0013368333457037807,0.923828125,0.610595703125,0.023229598999023438
plant_14386,14386,00,14386,ref,0.004701320547610521,0.0029481803067028522,0.001753140240907669,0.9541015625,0.7298583984375,0.028657691553235054
plant_14391,14391,00,14391,rgb,0.0014787371037527919,0.0007924411329440773,0.0006862960290163755,0.84033203125,0.451171875,0.01874888502061367
plant_14391,14391,00,14391,depth,0.0017519952962175012,0.0008936715312302113,0.0008583237649872899,0.845947265625,0.4459228515625,0.018487736582756042
plant_14391,14391,00,14391,ref,0.0012030903017148376,0.0005201590829528868,0.0006829312187619507,0.8438720703125,0.3934326171875,0.01710566133260727
plant_14393,14393,00,14393,rgb,0.0025994526222348213,0.0017480242531746626,0.0008514284272678196,0.8773193359375,0.5250244140625,0.020621508359909058
plant_14393,14393,00,14393,depth,0.0029547212179750204,0.0021006055176258087,0.0008541157585568726,0.921875,0.58984375,0.02219671756029129
plant_14393,14393,00,14393,ref,0.00419738981872797,0.0016524819657206535,0.002544908318668604,0.9605712890625,0.7587890625,0.036603108048439026
plant_14394,14394,00,14394,rgb,0.0007355090929195285,0.00035065042902715504,0.000384858634788543,0.725830078125,0.1990966796875,0.013591933064162731
plant_14394,14394,00,14394,depth,0.0007346628699451685,0.00034562687505967915,0.0003890360239893198,0.755615234375,0.23193359375,0.014561764895915985
plant_14394,14394,00,14394,ref,0.0009143446222878993,0.0003557989839464426,0.0005585456383414567,0.7542724609375,0.314697265625,0.01529103983193636
plant_14397,14397,00,14397,rgb,0.0016635212814435363,0.0007480036001652479,0.0009155176812782884,0.8883056640625,0.4842529296875,0.019558997824788094
plant_14397,14397,00,14397,depth,0.0017763925716280937,0.000797406246419996,0.0009789864998310804,0.8817138671875,0.476318359375,0.019279565662145615
plant_14397,14397,00,14397,ref,0.001428792136721313,0.0005342205986380577,0.0008945715380832553,0.8302001953125,0.358154296875,0.016509227454662323
plant_1440,1440,00,1440,rgb,0.0021163425408303738,0.0011096453526988626,0.0010066975373774767,0.864990234375,0.544677734375,0.021547948941588402
plant_1440,1440,00,1440,depth,0.002212339546531439,0.0011088440660387278,0.001103495480492711,0.8936767578125,0.52587890625,0.02086818218231201
plant_1440,1440,00,1440,ref,0.0013629102613776922,0.0006696276250295341,0.0006932825781404972,0.77294921875,0.248291015625,0.014124339446425438
plant_1441,1441,00,1441,rgb,0.007074418477714062,0.0027614275459200144,0.004312990698963404,0.953369140625,0.79833984375,0.037154316902160645
plant_1441,1441,00,1441,depth,0.005946450866758823,0.002587682567536831,0.0033587682992219925,0.9503173828125,0.7308349609375,0.030655812472105026
plant_1441,1441,00,1441,ref,0.002236517146229744,0.001022758544422686,0.0012137586018070579,0.9024658203125,0.6021728515625,0.023212822154164314
plant_14410,14410,00,14410,rgb,0.0010143491672351956,0.0005627833306789398,0.0004515658656600863,0.779296875,0.3048095703125,0.015801239758729935
plant_14410,14410,00,14410,depth,0.0011171053629368544,0.0006538963643833995,0.00046320888213813305,0.8062744140625,0.3609619140625,0.016987649723887444
plant_14410,14410,00,14410,ref,0.001029402599669993,0.00040041268221102655,0.0006289899465627968,0.70263671875,0.3565673828125,0.015654148533940315
plant_14413,14413,00,14413,rgb,0.0011435861233621836,0.0004991572350263596,0.000644428888335824,0.8173828125,0.3905029296875,0.01675662025809288
plant_14413,14413,00,14413,depth,0.0014846529811620712,0.0007361696916632354,0.0007484832894988358,0.84521484375,0.4219970703125,0.01758873462677002
plant_14413,14413,00,14413,ref,0.0009708528523333371,0.0004576276405714452,0.0005132252117618918,0.763916015625,0.239013671875,0.014325505122542381
plant_1442,1442,00,1442,rgb,0.0004961915547028184,0.000235891027841717,0.0002603005850687623,0.7021484375,0.1534423828125,0.012910893186926842
plant_1442,1442,00,1442,depth,0.0005316613242030144,0.00026351536507718265,0.0002681459882296622,0.7276611328125,0.174560546875,0.01371508464217186
plant_1442,1442,00,1442,ref,0.0008113828371278942,0.00034958255128003657,0.0004618002858478576,0.67822265625,0.2374267578125,0.013477078638970852
plant_14426,14426,00,14426,rgb,0.0009576891898177564,0.0005946759483776987,0.00036301318323239684,0.844482421875,0.2882080078125,0.016392577439546585
plant_14426,14426,00,14426,depth,0.0009087976068258286,0.0005826615961268544,0.0003261359815951437,0.832763671875,0.260498046875,0.015640994533896446
plant_14426,14426,00,14426,ref,0.0007200258551165462,0.0003790712507907301,0.0003409546334296465,0.7440185546875,0.2091064453125,0.01392765436321497
plant_14430,14430,00,14430,rgb,0.000840415246784687,0.0003791539929807186,0.0004612612829077989,0.7730712890625,0.265380859375,0.014836366288363934
plant_14430,14430,00,14430,depth,0.001335684210062027,0.0006634339224547148,0.0006722502876073122,0.8223876953125,0.3067626953125,0.0158604234457016
plant_14430,14430,00,14430,ref,0.001385164214298129,0.0009942188626155257,0.00039094540989026427,0.82275390625,0.308837890625,0.015927791595458984
plant_14434,14434,00,14434,rgb,0.0010587204014882445,0.0004112671304028481,0.000647453241981566,0.84619140625,0.39111328125,0.017403163015842438
plant_14434,14434,00,14434,depth,0.0016133585013449192,0.0007282355800271034,0.0008851229795254767,0.8770751953125,0.45263671875,0.018763232976198196
plant_14434,14434,00,14434,ref,0.00137076317332685,0.0004812037805095315,0.0008895593346096575,0.8394775390625,0.4195556640625,0.017824266105890274
plant_14440,14440,00,14440,rgb,0.001538410666398704,0.0009758096421137452,0.0005626010242849588,0.823486328125,0.3092041015625,0.016126761212944984
plant_14440,14440,00,14440,depth,0.0018063988536596298,0.0012125479988753796,0.0005938507965765893,0.836181640625,0.3575439453125,0.016979463398456573
plant_14440,14440,00,14440,ref,0.0011449232697486877,0.000555950275156647,0.0005889729945920408,0.8394775390625,0.3172607421875,0.016415050253272057
plant_14446,14446,00,14446,rgb,0.003263493999838829,0.002154278103262186,0.0011092157801613212,0.8848876953125,0.61474609375,0.02425660938024521
plant_14446,14446,00,14446,depth,0.002274411031976342,0.0015460783615708351,0.0007283329614438117,0.85986328125,0.505615234375,0.020141659304499626
plant_14446,14446,00,14446,ref,0.0009561700280755758,0.0005037998780608177,0.0004523701500147581,0.76220703125,0.304931640625,0.015323672443628311
plant_14459,14459,00,14459,rgb,0.0011451452737674117,0.0005960013368166983,0.0005491439369507134,0.869140625,0.4803466796875,0.01943334750831127
plant_14459,14459,00,14459,depth,0.001196206547319889,0.0006341264233924448,0.0005620801239274442,0.8909912109375,0.4569091796875,0.018998734652996063
plant_14459,14459,00,14459,ref,0.0014363853260874748,0.0004901343490928411,0.0009462509187869728,0.9129638671875,0.630615234375,0.024024024605751038
plant_14470,14470,00,14470,rgb,0.0011551507050171494,0.0006414557574316859,0.0005136949475854635,0.8287353515625,0.3739013671875,0.016786623746156693
plant_14470,14470,00,14470,depth,0.0009400008711963892,0.000560914573725313,0.0003790863265749067,0.76953125,0.2740478515625,0.014727538451552391
plant_14470,14470,00,14470,ref,0.0012225625105202198,0.0007266137399710715,0.0004959486541338265,0.80126953125,0.361083984375,0.016494182869791985
plant_14472,14472,00,14472,rgb,0.0022086333483457565,0.0014342991635203362,0.0007743343594484031,0.8372802734375,0.4429931640625,0.01844543218612671
plant_14472,14472,00,14472,depth,0.0017362857470288873,0.0012025609612464905,0.000533724669367075,0.822265625,0.40234375,0.017793232575058937
plant_14472,14472,00,14472,ref,0.0029029189608991146,0.0017841081134974957,0.001118810847401619,0.89892578125,0.56787109375,0.02234436571598053
plant_14475,14475,00,14475,rgb,0.0005670661921612918,0.00030576236895285547,0.0002613038523122668,0.71142578125,0.1397705078125,0.012945589609444141
plant_14475,14475,00,14475,depth,0.0006506534991785884,0.0003803203289862722,0.0002703331701923162,0.722412109375,0.14453125,0.013349211774766445
plant_14475,14475,00,14475,ref,0.0004994770861230791,0.00022512327996082604,0.00027435377705842257,0.68359375,0.1534423828125,0.013018526136875153
plant_14477,14477,00,14477,rgb,0.0006971638649702072,0.0002941336133517325,0.0004030302807223052,0.7723388671875,0.2762451171875,0.015285671688616276
plant_14477,14477,00,14477,depth,0.0006422061123885214,0.0002734459994826466,0.00036876011290587485,0.7628173828125,0.2633056640625,0.014971429482102394
plant_14477,14477,00,14477,ref,0.0010402550688013434,0.00038304549525491893,0.000657209544442594,0.7635498046875,0.29443359375,0.01475339662283659
plant_14478,14478,00,14478,rgb,0.0011587388580664992,0.00046383345033973455,0.0006949053495191038,0.785400390625,0.3328857421875,0.015620681457221508
plant_14478,14478,00,14478,depth,0.0012352783232927322,0.0005136050749570131,0.0007216731901280582,0.7696533203125,0.3350830078125,0.015325922518968582
plant_14478,14478,00,14478,ref,0.0010107674170285463,0.00038029212737455964,0.0006304752896539867,0.8304443359375,0.5267333984375,0.020726723596453667
plant_14480,14480,00,14480,rgb,0.0012186921667307615,0.0006509784143418074,0.0005677137523889542,0.8026123046875,0.328125,0.01609410159289837
plant_14480,14480,00,14480,depth,0.0015328777953982353,0.0008656686404719949,0.0006672091549262404,0.8367919921875,0.3797607421875,0.016955982893705368
plant_14480,14480,00,14480,ref,0.0015536800492554903,0.00044954364420846105,0.0011041363468393683,0.778076171875,0.525146484375,0.020842915400862694
plant_14512,14512,00,14512,rgb,0.0008981131250038743,0.00035389504046179354,0.0005442181136459112,0.83349609375,0.3631591796875,0.016627280041575432
plant_14512,14512,00,14512,depth,0.0009577402379363775,0.00035032667801715434,0.0006074135308153927,0.842041015625,0.3812255859375,0.01712142489850521
plant_14512,14512,00,14512,ref,0.0006910170777700841,0.0002778323250822723,0.00041318475268781185,0.822265625,0.2808837890625,0.015711354091763496
plant_14513,14513,00,14513,rgb,0.002809906378388405,0.0019295633537694812,0.0008803429082036018,0.8790283203125,0.459228515625,0.01908162422478199
plant_14513,14513,00,14513,depth,0.003006748389452696,0.0019967197440564632,0.0010100286453962326,0.8817138671875,0.47412109375,0.019394071772694588
plant_14513,14513,00,14513,ref,0.0030423030257225037,0.0014035836793482304,0.0016387193463742733,0.900146484375,0.6773681640625,0.027491498738527298
plant_14516,14516,00,14516,rgb,0.0021254306193441153,0.0013750384096056223,0.000750392209738493,0.8525390625,0.4095458984375,0.018077274784445763
plant_14516,14516,00,14516,depth,0.0021833048667758703,0.001419246313162148,0.0007640586118213832,0.8555908203125,0.4727783203125,0.019279783591628075
plant_14516,14516,00,14516,ref,0.002220829715952277,0.0016681472770869732,0.0005526822642423213,0.88232421875,0.434814453125,0.018535815179347992
plant_14517,14517,00,14517,rgb,0.000899100792594254,0.0003835662209894508,0.0005155346007086337,0.8255615234375,0.3494873046875,0.016763105988502502
plant_14517,14517,00,14517,depth,0.0009333614143542945,0.0003667437704280019,0.0005666176439262927,0.818115234375,0.3758544921875,0.01701187901198864
plant_14517,14517,00,14517,ref,0.001134960213676095,0.000429841922596097,0.0007051183492876589,0.8585205078125,0.5208740234375,0.02053764835000038
plant_14521,14521,00,14521,rgb,0.009335058741271496,0.00790053978562355,0.0014345189556479454,0.946533203125,0.665283203125,0.025353217497467995
plant_14521,14521,00,14521,depth,0.007577517069876194,0.006162035744637251,0.001415481441654265,0.9156494140625,0.563720703125,0.021970100700855255
plant_14521,14521,00,14521,ref,0.00542581407353282,0.003270534100010991,0.0021552799735218287,0.9039306640625,0.571044921875,0.02222670428454876
plant_14522,14522,00,14522,rgb,0.0012602590722963214,0.0005210860981605947,0.0007391730323433876,0.891845703125,0.4931640625,0.019832517951726913
plant_14522,14522,00,14522,depth,0.001298869727179408,0.0004551810270640999,0.0008436886128038168,0.85302734375,0.4530029296875,0.018782302737236023
plant_14522,14522,00,14522,ref,0.0011345257516950369,0.0004828748351428658,0.0006516509456560016,0.805908203125,0.32421875,0.01571645960211754
plant_14526,14526,00,14526,rgb,0.002725574653595686,0.00133712706156075,0.0013884477084502578,0.917236328125,0.649658203125,0.025963421911001205
plant_14526,14526,00,14526,depth,0.0018928376957774162,0.0008961634594015777,0.0009966741781681776,0.88671875,0.514892578125,0.020415768027305603
plant_14526,14526,00,14526,ref,0.0021946788765490055,0.0008828591671772301,0.0013118195347487926,0.90380859375,0.5916748046875,0.023297062143683434
plant_14564,14564,00,14564,rgb,0.0017401229124516249,0.0013075999449938536,0.00043252293835394084,0.8687744140625,0.3277587890625,0.016675323247909546
plant_14564,14564,00,14564,depth,0.00151677371468395,0.001084465067833662,0.00043230867595411837,0.85595703125,0.348876953125,0.016940753906965256
plant_14564,14564,00,14564,ref,0.0011789444833993912,0.0006443490856327116,0.0005345953395590186,0.8399658203125,0.367919921875,0.017042608931660652
plant_14566,14566,00,14566,rgb,0.002115527167916298,0.0013598076766356826,0.0007557193748652935,0.8861083984375,0.4658203125,0.019046958535909653
plant_14566,14566,00,14566,depth,0.0018020605202764273,0.0011709060054272413,0.000631154456641525,0.870849609375,0.4365234375,0.018297579139471054
plant_14566,14566,00,14566,ref,0.001040103379637003,0.00044080009683966637,0.0005993032245896757,0.859375,0.4361572265625,0.01842506043612957
plant_14572,14572,00,14572,rgb,0.0007310000946745276,0.00042148030479438603,0.00030951981898397207,0.7584228515625,0.2425537109375,0.014469516463577747
plant_14572,14572,00,14572,depth,0.0006909102667123079,0.00039412794285453856,0.0002967823529615998,0.7547607421875,0.213134765625,0.014270815998315811
plant_14572,14572,00,14572,ref,0.0006158079486340284,0.0002749382983893156,0.00034086970845237374,0.7044677734375,0.198486328125,0.013100679963827133
plant_14576,14576,00,14576,rgb,0.001130438526161015,0.0007751185330562294,0.00035532008041627705,0.8004150390625,0.2567138671875,0.015120920725166798
plant_14576,14576,00,14576,depth,0.0011373943416401744,0.0007458509644493461,0.0003915433771908283,0.8118896484375,0.2689208984375,0.015345610678195953
plant_14576,14576,00,14576,ref,0.0008014938794076443,0.0004539715882856399,0.0003475223493296653,0.6798095703125,0.1988525390625,0.012861722148954868
plant_14578,14578,00,14578,rgb,0.0013588760048151016,0.0005510019836947322,0.0008078739047050476,0.8482666015625,0.465576171875,0.018858609721064568
plant_14578,14578,00,14578,depth,0.0013310430804267526,0.0005301953060552478,0.0008008477161638439,0.8411865234375,0.4405517578125,0.01806124486029148
plant_14578,14578,00,14578,ref,0.001102490583434701,0.00041797658195719123,0.0006845140014775097,0.89208984375,0.515380859375,0.020392300561070442
plant_14581,14581,00,14581,rgb,0.001267758896574378,0.0006251779850572348,0.0006425809697248042,0.8297119140625,0.348388671875,0.016597844660282135
plant_14581,14581,00,14581,depth,0.0010682923020794988,0.0005389326252043247,0.000529359676875174,0.8179931640625,0.3206787109375,0.016202230006456375
plant_14581,14581,00,14581,ref,0.0023921539541333914,0.0013740707654505968,0.0010180831886827946,0.89599609375,0.595947265625,0.02344782091677189
plant_14582,14582,00,14582,rgb,0.0013895297888666391,0.0010067580733448267,0.0003827717446256429,0.8216552734375,0.29150390625,0.01568669266998768
plant_14582,14582,00,14582,depth,0.0012605704832822084,0.0009038748685270548,0.00035669555654749274,0.75439453125,0.275390625,0.014772198162972927
plant_14582,14582,00,14582,ref,0.0021306793205440044,0.0013376108836382627,0.0007930685533210635,0.9139404296875,0.5833740234375,0.02287937141954899
plant_14583,14583,00,14583,rgb,0.002470759442076087,0.0017266959184780717,0.0007440634071826935,0.875732421875,0.5067138671875,0.020176371559500694
plant_14583,14583,00,14583,depth,0.002976596588268876,0.0021689054556190968,0.0008076910744421184,0.88916015625,0.50634765625,0.02014715038239956
plant_14583,14583,00,14583,ref,0.0035900447983294725,0.002053423784673214,0.0015366210136562586,0.8865966796875,0.5059814453125,0.020167898386716843
plant_14586,14586,00,14586,rgb,0.001725064474157989,0.000881606712937355,0.0008434578194282949,0.8975830078125,0.560302734375,0.021501023322343826
plant_14586,14586,00,14586,depth,0.0015354736242443323,0.0007610205211676657,0.0007744531030766666,0.897216796875,0.538818359375,0.0210463497787714
plant_14586,14586,00,14586,ref,0.0019762669689953327,0.001036376808770001,0.0009398901602253318,0.921142578125,0.597900390625,0.022721195593476295
plant_14587,14587,00,14587,rgb,0.0032698693685233593,0.001759075908921659,0.0015107935760170221,0.830810546875,0.55224609375,0.022206464782357216
plant_14587,14587,00,14587,depth,0.0034093689173460007,0.0018236713949590921,0.0015856974059715867,0.8260498046875,0.5650634765625,0.0232575461268425
plant_14587,14587,00,14587,ref,0.0008779835188761353,0.00040530087426304817,0.0004726826446130872,0.703125,0.3446044921875,0.015279109589755535
plant_14594,14594,00,14594,rgb,0.002513222163543105,0.0015709145227447152,0.000942307582590729,0.9168701171875,0.564453125,0.02156585454940796
plant_14594,14594,00,14594,depth,0.0030304326210170984,0.002120438264682889,0.0009099944145418704,0.917236328125,0.5745849609375,0.02168920449912548
plant_14594,14594,00,14594,ref,0.001968023367226124,0.0007263717707246542,0.0012416515965014696,0.94970703125,0.6973876953125,0.024943217635154724
plant_14597,14597,00,14597,rgb,0.0012071484234184027,0.00042538263369351625,0.0007817657315172255,0.8681640625,0.456787109375,0.018725832924246788
plant_14597,14597,00,14597,depth,0.0008327446412295103,0.00034939951729029417,0.0004833450948353857,0.83935546875,0.34228515625,0.016650017350912094
plant_14597,14597,00,14597,ref,0.0009004835155792534,0.00041933186003006995,0.0004811516555491835,0.815673828125,0.301513671875,0.015796396881341934
plant_14600,14600,00,14600,rgb,0.0023030152078717947,0.0016469968250021338,0.0006560184410773218,0.8206787109375,0.4888916015625,0.01960289292037487
plant_14600,14600,00,14600,depth,0.0020319088362157345,0.001451360178180039,0.0005805485416203737,0.7943115234375,0.4197998046875,0.017537785694003105
plant_14600,14600,00,14600,ref,0.0010581144597381353,0.0005502698477357626,0.0005078445537947118,0.729736328125,0.3614501953125,0.015495426021516323
plant_14606,14606,00,14606,rgb,0.0010391646064817905,0.0003618868940975517,0.0006772776832804084,0.8160400390625,0.3277587890625,0.016283133998513222
plant_14606,14606,00,14606,depth,0.0009222110966220498,0.000365488842362538,0.0005567222251556814,0.799072265625,0.30859375,0.015900220721960068
plant_14606,14606,00,14606,ref,0.0009739058441482484,0.00030428357422351837,0.0006696221535094082,0.77587890625,0.3367919921875,0.0158354714512825
plant_1462,1462,00,1462,rgb,0.0029680028092116117,0.0009325647260993719,0.00203543808311224,0.921142578125,0.6417236328125,0.027830440551042557
plant_1462,1462,00,1462,depth,0.0025826182682067156,0.0008311595884151757,0.0017514587379992008,0.912109375,0.619873046875,0.02536083571612835
plant_1462,1462,00,1462,ref,0.0017140950076282024,0.000764950760640204,0.0009491441887803376,0.9298095703125,0.56494140625,0.021570421755313873
plant_14620,14620,00,14620,rgb,0.0007336591952480376,0.00027633484569378197,0.0004573243495542556,0.8411865234375,0.3485107421875,0.016482941806316376
plant_14620,14620,00,14620,depth,0.000738977687433362,0.000270699558313936,0.000468278129119426,0.8326416015625,0.332275390625,0.01622726395726204
plant_14620,14620,00,14620,ref,0.0006886314949952066,0.00023465223785024136,0.00045397921348921955,0.7760009765625,0.320556640625,0.015589378774166107
plant_14627,14627,00,14627,rgb,0.0038956650532782078,0.003576229326426983,0.00031943549402058125,0.8167724609375,0.218505859375,0.014990235678851604
plant_14627,14627,00,14627,depth,0.0031716187950223684,0.0028318020049482584,0.00033981658634729683,0.8382568359375,0.291259765625,0.01617330312728882
plant_14627,14627,00,14627,ref,0.0008380249491892755,0.0005046026199124753,0.00033342232927680016,0.710693359375,0.218017578125,0.013402876444160938
plant_14629,14629,00,14629,rgb,0.0013868107926100492,0.0007885415107011795,0.0005982693401165307,0.8426513671875,0.4114990234375,0.017830515280365944
plant_14629,14629,00,14629,depth,0.0019870782271027565,0.0010881564812734723,0.0008989218040369451,0.8802490234375,0.513671875,0.02036290057003498
plant_14629,14629,00,14629,ref,0.0015824901638552547,0.000676396070048213,0.0009060940938070416,0.8369140625,0.380615234375,0.017038630321621895
plant_14631,14631,00,14631,rgb,0.000929126632399857,0.0003803051367867738,0.0005488215247169137,0.8076171875,0.33349609375,0.01624283380806446
plant_14631,14631,00,14631,depth,0.0007811856921762228,0.00032733549596741796,0.00045385019620880485,0.7510986328125,0.279052734375,0.014901750721037388
plant_14631,14631,00,14631,ref,0.000999383395537734,0.0004994941409677267,0.0004998892545700073,0.7752685546875,0.3076171875,0.015289475210011005
plant_14643,14643,00,14643,rgb,0.0017647420754656196,0.0011008017463609576,0.0006639403291046619,0.8707275390625,0.3985595703125,0.017440328374505043
plant_14643,14643,00,14643,depth,0.0024086039047688246,0.0016114244936034083,0.0007971794111654162,0.885498046875,0.48046875,0.01948978751897812
plant_14643,14643,00,14643,ref,0.0015266335103660822,0.0007882915087975562,0.000738342001568526,0.8427734375,0.5159912109375,0.020500728860497475
plant_14646,14646,00,14646,rgb,0.0011901441030204296,0.0007080234354361892,0.0004821206093765795,0.7830810546875,0.3284912109375,0.01564539037644863
plant_14646,14646,00,14646,depth,0.0011643833713606,0.00070258101914078,0.00046180232311598957,0.77490234375,0.328369140625,0.015698855742812157
plant_14646,14646,00,14646,ref,0.0011235888814553618,0.0004389929526951164,0.0006845960160717368,0.682373046875,0.36962890625,0.015182874165475368
plant_14656,14656,00,14656,rgb,0.001254455535672605,0.0008108123438432813,0.00044364319182932377,0.7802734375,0.2930908203125,0.015387947671115398
plant_14656,14656,00,14656,depth,0.0011905370047315955,0.0007739037973806262,0.00041663323645479977,0.8009033203125,0.33349609375,0.016222858801484108
plant_14656,14656,00,14656,ref,0.001937698107212782,0.0009107551304623485,0.0010269429767504334,0.818359375,0.435302734375,0.017946358770132065
plant_14662,14662,00,14662,rgb,0.002523777075111866,0.0005895054782740772,0.001934271422214806,0.85888671875,0.4775390625,0.019343208521604538
plant_14662,14662,00,14662,depth,0.002319471212103963,0.0006295265047810972,0.0016899447655305266,0.8673095703125,0.481689453125,0.019498080015182495
plant_14662,14662,00,14662,ref,0.0010275931563228369,0.00043170739081688225,0.0005958857946097851,0.8270263671875,0.36572265625,0.01685156300663948
plant_14667,14667,00,14667,rgb,0.0029234755784273148,0.0016220328398048878,0.001301442738622427,0.855224609375,0.495361328125,0.019879667088389397
plant_14667,14667,00,14667,depth,0.00207119039259851,0.0012126804795116186,0.0008585099130868912,0.8096923828125,0.381591796875,0.016838746145367622
plant_14667,14667,00,14667,ref,0.000864644069224596,0.00041050504660233855,0.00045413902262225747,0.67431640625,0.294921875,0.014053753577172756
plant_14682,14682,00,14682,rgb,0.0019008934032171965,0.0013045124942436814,0.000596380967181176,0.83203125,0.333984375,0.016657350584864616
plant_14682,14682,00,14682,depth,0.003232292365282774,0.0027005812153220177,0.0005317110335454345,0.8916015625,0.45703125,0.01915263757109642
plant_14682,14682,00,14682,ref,0.001504549290984869,0.0009150809491984546,0.0005894682835787535,0.826416015625,0.3997802734375,0.017265764996409416
plant_14683,14683,00,14683,rgb,0.0057282159104943275,0.003586395177990198,0.0021418204996734858,0.9639892578125,0.787109375,0.03175773471593857
plant_14683,14683,00,14683,depth,0.0048737237229943275,0.0028670888859778643,0.0020066348370164633,0.9647216796875,0.7750244140625,0.030100667849183083
plant_14683,14683,00,14683,ref,0.003873473033308983,0.002965307328850031,0.0009081658790819347,0.93798828125,0.6376953125,0.02365018241107464
plant_14684,14684,00,14684,rgb,0.001808000961318612,0.00132867565844208,0.0004793253028765321,0.904296875,0.4599609375,0.019155394285917282
plant_14684,14684,00,14684,depth,0.0019416583236306906,0.0014348399126902223,0.0005068184691481292,0.9178466796875,0.4852294921875,0.019715137779712677
plant_14684,14684,00,14684,ref,0.0012576881563290954,0.0006670604925602674,0.0005906276637688279,0.8580322265625,0.4908447265625,0.019787674769759178
plant_14685,14685,00,14685,rgb,0.001192157156765461,0.0005471131298691034,0.0006450439686886966,0.8150634765625,0.4176025390625,0.017751595005393028
plant_14685,14685,00,14685,depth,0.0012549577513709664,0.0006681510712951422,0.0005868066800758243,0.8387451171875,0.3409423828125,0.01635933853685856
plant_14685,14685,00,14685,ref,0.0009806209709495306,0.0004389959794934839,0.0005416249041445553,0.7628173828125,0.2952880859375,0.01503006275743246
plant_1469,1469,00,1469,rgb,0.0008889532182365656,0.0005974022205919027,0.00029155099764466286,0.7691650390625,0.2069091796875,0.014362690970301628
plant_1469,1469,00,1469,depth,0.0012977967271581292,0.0009085963247343898,0.00038920040242373943,0.8172607421875,0.3055419921875,0.016015976667404175
plant_1469,1469,00,1469,ref,0.000877808895893395,0.0003836765536107123,0.0004941324004903436,0.83154296875,0.3748779296875,0.01724456250667572
plant_14706,14706,00,14706,rgb,0.000879764324054122,0.00045334792230278254,0.00042641640175133944,0.87158203125,0.375,0.017691094428300858
plant_14706,14706,00,14706,depth,0.0009108553640544415,0.0004315295082051307,0.00047932585584931076,0.8792724609375,0.4171142578125,0.01831854321062565
plant_14706,14706,00,14706,ref,0.0008748816326260567,0.00040882802568376064,0.0004660536360461265,0.8538818359375,0.355712890625,0.017079399898648262
plant_14715,14715,00,14715,rgb,0.0012356155784800649,0.00078307103831321,0.0004525445110630244,0.8199462890625,0.36962890625,0.01709136739373207
plant_14715,14715,00,14715,depth,0.0012692292220890522,0.0008152422378771007,0.0004539870424196124,0.8275146484375,0.38427734375,0.017493415623903275
plant_14715,14715,00,14715,ref,0.00231506722047925,0.001066636061295867,0.001248431159183383,0.84912109375,0.5872802734375,0.024246416985988617
plant_14718,14718,00,14718,rgb,0.0007644343422725797,0.00030902266735211015,0.0004554116749204695,0.804443359375,0.3115234375,0.015775790438055992
plant_14718,14718,00,14718,depth,0.0007420041365548968,0.0003344619181007147,0.00040754221845418215,0.7945556640625,0.304443359375,0.01558750495314598
plant_14718,14718,00,14718,ref,0.0007305158069357276,0.0003512882976792753,0.0003792274510487914,0.760009765625,0.2459716796875,0.014467942528426647
plant_14729,14729,00,14729,rgb,0.002711476758122444,0.0017452493775635958,0.0009662274969741702,0.9024658203125,0.58837890625,0.023389630019664764
plant_14729,14729,00,14729,depth,0.003595175454393029,0.0026428699493408203,0.0009523053886368871,0.913818359375,0.59521484375,0.02338252402842045
plant_14729,14729,00,14729,ref,0.001274363836273551,0.0007738132262602448,0.0005005506682209671,0.8455810546875,0.3905029296875,0.017270462587475777
plant_1473,1473,00,1473,rgb,0.0006375548546202481,0.0003247808199375868,0.00031277406378649175,0.73974609375,0.1981201171875,0.01364339143037796
plant_1473,1473,00,1473,depth,0.0017139660194516182,0.0008137283148244023,0.0009002377628348768,0.8197021484375,0.4171142578125,0.017640898004174232
plant_1473,1473,00,1473,ref,0.0006434381357394159,0.00027519429568201303,0.00036824384005740285,0.6956787109375,0.2725830078125,0.013751355931162834
plant_14734,14734,00,14734,rgb,0.001551937311887741,0.0007117903442122042,0.000840146909467876,0.8917236328125,0.484619140625,0.01959039829671383
plant_14734,14734,00,14734,depth,0.0013256066013127565,0.0006999894976615906,0.000625617045443505,0.887451171875,0.4176025390625,0.018254484981298447
plant_14734,14734,00,14734,ref,0.0012923266040161252,0.0005589055363088846,0.0007334210094995797,0.8681640625,0.4989013671875,0.019974004477262497
plant_14736,14736,00,14736,rgb,0.0015208425465971231,0.0006140152690932155,0.0009068273357115686,0.892578125,0.562744140625,0.02164420671761036
plant_14736,14736,00,14736,depth,0.0017203893512487411,0.0006049247458577156,0.0011154646053910255,0.896484375,0.5692138671875,0.022073131054639816
plant_14736,14736,00,14736,ref,0.0009110029204748571,0.0003691448946483433,0.0005418580258265138,0.849609375,0.36962890625,0.017140137031674385
plant_14739,14739,00,14739,rgb,0.0010859258472919464,0.0004035677411593497,0.0006823580479249358,0.8155517578125,0.3778076171875,0.016946040093898773
plant_14739,14739,00,14739,depth,0.0010910584824159741,0.00040513055864721537,0.0006859278655610979,0.810302734375,0.3519287109375,0.016331713646650314
plant_14739,14739,00,14739,ref,0.0011168220080435276,0.0004961096565239131,0.0006207124097272754,0.88134765625,0.4578857421875,0.018933936953544617
plant_14740,14740,00,14740,rgb,0.002416434930637479,0.0011628868523985147,0.001253548194654286,0.9068603515625,0.58984375,0.023133857175707817
plant_14740,14740,00,14740,depth,0.0016199981328099966,0.0008806790574453771,0.0007393190753646195,0.8719482421875,0.44189453125,0.018400156870484352
plant_14740,14740,00,14740,ref,0.0009974819840863347,0.0004124325350858271,0.0005850494490005076,0.830078125,0.3668212890625,0.01672394387423992
plant_14742,14742,00,14742,rgb,0.001268408726900816,0.0006140789482742548,0.0006543298368342221,0.833740234375,0.34765625,0.01652444340288639
plant_14742,14742,00,14742,depth,0.0009420788264833391,0.0004900452331639826,0.00045203359331935644,0.787109375,0.2735595703125,0.015129300765693188
plant_14742,14742,00,14742,ref,0.0008401479572057724,0.0004194428911432624,0.00042070509516634047,0.7987060546875,0.289794921875,0.01542266458272934
plant_14747,14747,00,14747,rgb,0.0025107981637120247,0.0013449135003611445,0.0011658851290121675,0.9053955078125,0.58203125,0.02301381714642048
plant_14747,14747,00,14747,depth,0.0028706397861242294,0.0014701278414577246,0.0014005119446665049,0.90966796875,0.5928955078125,0.024042300879955292
plant_14747,14747,00,14747,ref,0.0010701599530875683,0.0004827258817385882,0.0005874341004528105,0.8031005859375,0.4371337890625,0.018119437620043755
plant_14749,14749,00,14749,rgb,0.0014950158074498177,0.0007266844040714204,0.0007683314033783972,0.8758544921875,0.4163818359375,0.018164468929171562
plant_14749,14749,00,14749,depth,0.001512828515842557,0.0007735048420727253,0.0007393235573545098,0.8878173828125,0.4388427734375,0.018589338287711143
plant_14749,14749,00,14749,ref,0.0008741756901144981,0.000413427478633821,0.00046074821148067713,0.8302001953125,0.3758544921875,0.017348768189549446
plant_14751,14751,00,14751,rgb,0.005879677832126617,0.004868806339800358,0.001010871259495616,0.8731689453125,0.4697265625,0.019118767231702805
plant_14751,14751,00,14751,depth,0.005736947990953922,0.004852628335356712,0.0008843194227665663,0.89111328125,0.4320068359375,0.018269198015332222
plant_14751,14751,00,14751,ref,0.0006466486374847591,0.0003356757224537432,0.0003109729150310159,0.536376953125,0.18994140625,0.010690135881304741
plant_14755,14755,00,14755,rgb,0.000882060150615871,0.0004098394711036235,0.0004722207668237388,0.74658203125,0.263671875,0.014168071560561657
plant_14755,14755,00,14755,depth,0.0008492497727274895,0.0003995355509687215,0.0004497141926549375,0.6983642578125,0.2677001953125,0.013603348284959793
plant_14755,14755,00,14755,ref,0.0005207494250498712,0.0002709974069148302,0.000249752018135041,0.61328125,0.150146484375,0.011636062525212765
plant_1476,1476,00,1476,rgb,0.0006570410914719105,0.00039804502739571035,0.0002589960931800306,0.7322998046875,0.17578125,0.013500435277819633
plant_1476,1476,00,1476,depth,0.000725488003809005,0.00043065883801318705,0.00029482916579581797,0.7554931640625,0.203125,0.014091857708990574
plant_1476,1476,00,1476,ref,0.0008640087908133864,0.00040815805550664663,0.0004558506770990789,0.8204345703125,0.3662109375,0.016949646174907684
plant_14778,14778,00,14778,rgb,0.002627110807225108,0.001767570385709405,0.0008595403633080423,0.8541259765625,0.4251708984375,0.01789913699030876
plant_14778,14778,00,14778,depth,0.00260433298535645,0.0018378660315647721,0.000766466953791678,0.8997802734375,0.474365234375,0.019370289519429207
plant_14778,14778,00,14778,ref,0.0007183265406638384,0.00040562066715210676,0.0003127058735117316,0.79052734375,0.2244873046875,0.014889824204146862
plant_1478,1478,00,1478,rgb,0.0009818030521273613,0.0004420159966684878,0.0005397869972512126,0.83740234375,0.36279296875,0.01674031838774681
plant_1478,1478,00,1478,depth,0.001206741202622652,0.0005864340346306562,0.0006203071679919958,0.8607177734375,0.400146484375,0.017277060076594353
plant_1478,1478,00,1478,ref,0.0009526836220175028,0.0005077861715108156,0.0004448974796105176,0.790283203125,0.2530517578125,0.014781752601265907
plant_14784,14784,00,14784,rgb,0.0011172801023349166,0.0005148728960193694,0.0006024072063155472,0.8079833984375,0.371826171875,0.016931621357798576
plant_14784,14784,00,14784,depth,0.001013407250866294,0.0004756606067530811,0.0005377467023208737,0.7906494140625,0.295166015625,0.015566014684736729
plant_14784,14784,00,14784,ref,0.0009348796447739005,0.0004789705853909254,0.0004559090593829751,0.78564453125,0.3092041015625,0.015615804120898247
plant_14785,14785,00,14785,rgb,0.0029593068175017834,0.0023661251179873943,0.0005931815248914063,0.8289794921875,0.311279296875,0.015838608145713806
plant_14785,14785,00,14785,depth,0.0037305918522179127,0.002803867682814598,0.0009267240529879928,0.8385009765625,0.463623046875,0.018884137272834778
plant_14785,14785,00,14785,ref,0.0004828430828638375,0.00023371401766780764,0.0002491291088517755,0.505859375,0.126220703125,0.010095342062413692
plant_14787,14787,00,14787,rgb,0.0018923295428976417,0.0013055293820798397,0.0005868002190254629,0.89794921875,0.485595703125,0.019657224416732788
plant_14787,14787,00,14787,depth,0.001955312443897128,0.0014354664599522948,0.0005198460421524942,0.8865966796875,0.4844970703125,0.019591309130191803
plant_14787,14787,00,14787,ref,0.001972439233213663,0.0010857201414182782,0.0008867191500030458,0.9107666015625,0.5262451171875,0.020722361281514168
plant_14788,14788,00,14788,rgb,0.003966545686125755,0.003153411438688636,0.0008131340146064758,0.853759765625,0.4957275390625,0.019865814596414566
plant_14788,14788,00,14788,depth,0.0037679451052099466,0.0026995670050382614,0.0010683783330023289,0.879638671875,0.460693359375,0.018998926505446434
plant_14788,14788,00,14788,ref,0.0032520685344934464,0.0008879854576662183,0.0023640829604119062,0.664794921875,0.3388671875,0.014558988623321056
plant_14809,14809,00,14809,rgb,0.0009908881038427353,0.0005407542921602726,0.00045013369526714087,0.8348388671875,0.337646484375,0.01646500639617443
plant_14809,14809,00,14809,depth,0.0008672273252159357,0.0004853949067182839,0.00038183238939382136,0.7962646484375,0.2867431640625,0.015359323471784592
plant_14809,14809,00,14809,ref,0.0006240624934434891,0.00033265812089666724,0.00029140437254682183,0.75341796875,0.210205078125,0.014349387027323246
plant_14810,14810,00,14810,rgb,0.0037704724818468094,0.0023916903883218765,0.0013787822099402547,0.914794921875,0.533935546875,0.020919645205140114
plant_14810,14810,00,14810,depth,0.0037529682740569115,0.0025518392212688923,0.0012011288199573755,0.9227294921875,0.567138671875,0.021799422800540924
plant_14810,14810,00,14810,ref,0.002103579929098487,0.0012892811791971326,0.0008142987499013543,0.837890625,0.5482177734375,0.02126992866396904
plant_14812,14812,00,14812,rgb,0.00211161095649004,0.0012548747472465038,0.0008567363256588578,0.8671875,0.4949951171875,0.01981895975768566
plant_14812,14812,00,14812,depth,0.0011254698038101196,0.0007077844347804785,0.000417685485444963,0.8228759765625,0.288818359375,0.015736432746052742
plant_14812,14812,00,14812,ref,0.000777561916038394,0.00031998296617530286,0.00045757897896692157,0.7265625,0.3258056640625,0.015570671297609806
plant_14813,14813,00,14813,rgb,0.0010869367979466915,0.0005766836693510413,0.0005102531285956502,0.8260498046875,0.3236083984375,0.01591487042605877
plant_14813,14813,00,14813,depth,0.0011232641991227865,0.0005969795165583491,0.0005262846825644374,0.8597412109375,0.35498046875,0.01686672493815422
plant_14813,14813,00,14813,ref,0.0005928764003328979,0.00031567082623951137,0.00027720557409338653,0.6851806640625,0.16357421875,0.012775345705449581
plant_14819,14819,00,14819,rgb,0.0005736465682275593,0.0002349869319004938,0.00033865965087898076,0.7520751953125,0.193115234375,0.01395268365740776
plant_14819,14819,00,14819,depth,0.0005925856530666351,0.00022724232985638082,0.00036534335231408477,0.7490234375,0.21337890625,0.014264828525483608
plant_14819,14819,00,14819,ref,0.0010552096646279097,0.0004838770837523043,0.0005713325226679444,0.8123779296875,0.3751220703125,0.017051517963409424
plant_14820,14820,00,14820,rgb,0.0009089926606975496,0.00035791945992968976,0.0005510732298716903,0.8011474609375,0.3350830078125,0.015752717852592468
plant_14820,14820,00,14820,depth,0.0009017949923872948,0.00037142817745916545,0.0005303667858242989,0.7989501953125,0.3321533203125,0.015906255692243576
plant_14820,14820,00,14820,ref,0.0007677956600673497,0.0003033574321307242,0.000464438198832795,0.7659912109375,0.2838134765625,0.015063170343637466
plant_14822,14822,00,14822,rgb,0.0013930192217230797,0.0006308481097221375,0.0007621711120009422,0.83251953125,0.3270263671875,0.01626070961356163
plant_14822,14822,00,14822,depth,0.0008011764148250222,0.00042855157516896725,0.000372624839656055,0.7916259765625,0.2625732421875,0.015384548343718052
plant_14822,14822,00,14822,ref,0.000999728566966951,0.0004980862140655518,0.0005016423529013991,0.8111572265625,0.3978271484375,0.017141064628958702
plant_14825,14825,00,14825,rgb,0.000999576412141323,0.00048134796088561416,0.0005182284512557089,0.8240966796875,0.3841552734375,0.016990091651678085
plant_14825,14825,00,14825,depth,0.0010304852621629834,0.00048335231258533895,0.000547132920473814,0.815185546875,0.3662109375,0.016582507640123367
plant_14825,14825,00,14825,ref,0.0005117099499329925,0.0002442115801386535,0.00026749836979433894,0.6795654296875,0.1673583984375,0.012515323236584663
plant_14826,14826,00,14826,rgb,0.002092029433697462,0.001481907325796783,0.0006101222243160009,0.8955078125,0.539794921875,0.021166622638702393
plant_14826,14826,00,14826,depth,0.002048068679869175,0.001370933256112039,0.0006771355401724577,0.8961181640625,0.5675048828125,0.022018427029252052
plant_14826,14826,00,14826,ref,0.0018374808132648468,0.0011654015397652984,0.0006720792734995484,0.8818359375,0.491943359375,0.019814494997262955
plant_14831,14831,00,14831,rgb,0.002276735845953226,0.001229961053468287,0.0010467746760696173,0.9244384765625,0.7095947265625,0.0270317941904068
plant_14831,14831,00,14831,depth,0.004050779156386852,0.0022309396881610155,0.001819839235395193,0.9161376953125,0.7470703125,0.03286706656217575
plant_14831,14831,00,14831,ref,0.0022090375423431396,0.0012341513065621257,0.0009748860611580312,0.944091796875,0.6226806640625,0.02341722510755062
plant_14840,14840,00,14840,rgb,0.0017965580336749554,0.0010948101989924908,0.0007017477764748037,0.9034423828125,0.5499267578125,0.021321672946214676
plant_14840,14840,00,14840,depth,0.0018582695629447699,0.0011709538521245122,0.0006873157690279186,0.9102783203125,0.5777587890625,0.022197851911187172
plant_14840,14840,00,14840,ref,0.0011910232715308666,0.0006277468637563288,0.0005632764077745378,0.875,0.4180908203125,0.01806904561817646
plant_14844,14844,00,14844,rgb,0.0005887736333534122,0.0002967303153127432,0.0002920433471444994,0.712646484375,0.17431640625,0.013227490708231926
plant_14844,14844,00,14844,depth,0.0005469011957757175,0.0002483382704667747,0.0002985629253089428,0.7037353515625,0.163818359375,0.013131082989275455
plant_14844,14844,00,14844,ref,0.0007010562112554908,0.00033160930615849793,0.0003694469342008233,0.6549072265625,0.2115478515625,0.012815485708415508
plant_14850,14850,00,14850,rgb,0.0008088811300694942,0.00031853801920078695,0.0004903430817648768,0.77734375,0.319091796875,0.015385579317808151
plant_14850,14850,00,14850,depth,0.0006471665110439062,0.00028224883135408163,0.00036491770879365504,0.679931640625,0.2247314453125,0.013388716615736485
plant_14850,14850,00,14850,ref,0.0013370481319725513,0.0007401375914923847,0.0005969104822725058,0.794189453125,0.4483642578125,0.018314894288778305
plant_14852,14852,00,14852,rgb,0.0013135457411408424,0.0005097253597341478,0.0008038203231990337,0.8314208984375,0.42724609375,0.017505092546343803
plant_14852,14852,00,14852,depth,0.0017493829363957047,0.0007052079308778048,0.0010441750055179,0.8533935546875,0.47607421875,0.019123733043670654
plant_14852,14852,00,14852,ref,0.00111562036909163,0.0004900261992588639,0.0006255941116251051,0.839599609375,0.3919677734375,0.017168119549751282
plant_14855,14855,00,14855,rgb,0.0025669620372354984,0.0015705737750977278,0.0009963883785530925,0.924560546875,0.54638671875,0.021110301837325096
plant_14855,14855,00,14855,depth,0.002975484821945429,0.0019601143430918455,0.0010153705952689052,0.9302978515625,0.5819091796875,0.022435007616877556
plant_14855,14855,00,14855,ref,0.0023465524427592754,0.0013512930599972606,0.0009952594991773367,0.9268798828125,0.5977783203125,0.023128913715481758
plant_14881,14881,00,14881,rgb,0.0023761498741805553,0.0012147717643529177,0.0011613779934123158,0.8890380859375,0.51318359375,0.020408840849995613
plant_14881,14881,00,14881,depth,0.002163107041269541,0.0010899740736931562,0.0010731330839917064,0.884765625,0.47119140625,0.01919776014983654
plant_14881,14881,00,14881,ref,0.0009101424366235733,0.00037406437331810594,0.0005360781215131283,0.7314453125,0.2716064453125,0.01462440937757492
plant_14890,14890,00,14890,rgb,0.0019286073511466384,0.0012052515521645546,0.0007233560318127275,0.941650390625,0.6260986328125,0.022927550598978996
plant_14890,14890,00,14890,depth,0.0017228720244020224,0.0009891664376482368,0.0007337055867537856,0.9346923828125,0.5679931640625,0.021477777510881424
plant_14890,14890,00,14890,ref,0.0028159841895103455,0.0013848188100382686,0.0014311656123027205,0.9317626953125,0.6298828125,0.02383177913725376
plant_14892,14892,00,14892,rgb,0.0014273563865572214,0.0008464280981570482,0.0005809282301925123,0.8349609375,0.3868408203125,0.017525464296340942
plant_14892,14892,00,14892,depth,0.0045683677308261395,0.002472752472385764,0.0020956152584403753,0.9241943359375,0.6954345703125,0.02900090627372265
plant_14892,14892,00,14892,ref,0.0019943774677813053,0.0009241736843250692,0.0010702037252485752,0.8165283203125,0.5609130859375,0.022155702114105225
plant_14895,14895,00,14895,rgb,0.0018046027980744839,0.0011201786110177636,0.0006844241288490593,0.7425537109375,0.3311767578125,0.015495133586227894
plant_14895,14895,00,14895,depth,0.0023456313647329807,0.0013902094215154648,0.0009554218268021941,0.7982177734375,0.4561767578125,0.018558576703071594
plant_14895,14895,00,14895,ref,0.0006110956892371178,0.0003337424132041633,0.0002773533051367849,0.4825439453125,0.197265625,0.009532629512250423
plant_14909,14909,00,14909,rgb,0.001814363058656454,0.0011245269561186433,0.0006898360443301499,0.9261474609375,0.5577392578125,0.02143183909356594
plant_14909,14909,00,14909,depth,0.0014699529856443405,0.000960117147769779,0.0005098358960822225,0.903564453125,0.50732421875,0.020187513902783394
plant_14909,14909,00,14909,ref,0.0012642608489841223,0.0006502342876046896,0.0006140265613794327,0.9002685546875,0.501953125,0.020039040595293045
plant_14912,14912,00,14912,rgb,0.0010768254287540913,0.000491344602778554,0.0005854808259755373,0.853759765625,0.413818359375,0.017900049686431885
plant_14912,14912,00,14912,depth,0.0006945112254470587,0.00033787748543545604,0.0003566337691154331,0.780029296875,0.2408447265625,0.015074972063302994
plant_14912,14912,00,14912,ref,0.0006685972330160439,0.00029781897319480777,0.00037077825982123613,0.7481689453125,0.21728515625,0.014089956879615784
plant_14913,14913,00,14913,rgb,0.0008749378030188382,0.00044091977179050446,0.0004340180894359946,0.78662109375,0.2918701171875,0.015382715500891209
plant_14913,14913,00,14913,depth,0.0009371990454383194,0.0005232482217252254,0.00041395079460926354,0.7806396484375,0.29931640625,0.015443899668753147
plant_14913,14913,00,14913,ref,0.0005499600665643811,0.00022475809964817017,0.0003252018941566348,0.7066650390625,0.2325439453125,0.013708570972084999
plant_14919,14919,00,14919,rgb,0.0023656098637729883,0.0016992907039821148,0.0006663192179985344,0.8092041015625,0.4371337890625,0.018154684454202652
plant_14919,14919,00,14919,depth,0.0023274742998182774,0.0016466148663312197,0.0006808593170717359,0.824462890625,0.4588623046875,0.018652893602848053
plant_14919,14919,00,14919,ref,0.005745597183704376,0.002898713806644082,0.002846883377060294,0.9320068359375,0.660400390625,0.027258651331067085
plant_14926,14926,00,14926,rgb,0.0006989827379584312,0.0003490748058538884,0.0003499079612083733,0.7581787109375,0.2203369140625,0.014085245318710804
plant_14926,14926,00,14926,depth,0.0006766276201233268,0.00035655326792038977,0.000320074352202937,0.7894287109375,0.21923828125,0.014474240131676197
plant_14926,14926,00,14926,ref,0.002067643217742443,0.000637250195723027,0.0014303931966423988,0.9024658203125,0.596435546875,0.023134538903832436
plant_14929,14929,00,14929,rgb,0.0006628275150433183,0.00031176776974461973,0.000351059774402529,0.73486328125,0.2550048828125,0.01435574796050787
plant_14929,14929,00,14929,depth,0.0009136790176853538,0.000548642361536622,0.0003650366561487317,0.7529296875,0.2740478515625,0.014598564244806767
plant_14929,14929,00,14929,ref,0.0015973803820088506,0.000714664813131094,0.0008827155688777566,0.8319091796875,0.5316162109375,0.021280735731124878
plant_14937,14937,00,14937,rgb,0.002125159138813615,0.0013642620760947466,0.0007608971791341901,0.897216796875,0.4722900390625,0.01930614374577999
plant_14937,14937,00,14937,depth,0.0019170062150806189,0.0012623664224520326,0.0006546397926285863,0.89453125,0.4349365234375,0.018510082736611366
plant_14937,14937,00,14937,ref,0.0012468881905078888,0.0007223028806038201,0.0005245853681117296,0.7926025390625,0.3692626953125,0.016639631241559982
plant_14942,14942,00,14942,rgb,0.001235629664734006,0.0008056663791649044,0.00042996331467293203,0.845947265625,0.34521484375,0.016907162964344025
plant_14942,14942,00,14942,depth,0.0011709677055478096,0.0007054613088257611,0.00046550636761821806,0.872314453125,0.3759765625,0.017613118514418602
plant_14942,14942,00,14942,ref,0.0006469279760494828,0.0003797664539888501,0.00026716155116446316,0.7457275390625,0.174072265625,0.013542893342673779
plant_14946,14946,00,14946,rgb,0.0009507299982942641,0.0005150794750079513,0.0004356505523901433,0.7891845703125,0.3001708984375,0.015455198474228382
plant_14946,14946,00,14946,depth,0.0014962550485506654,0.0007360008312389255,0.0007602542173117399,0.851318359375,0.4482421875,0.018435189500451088
plant_14946,14946,00,14946,ref,0.001144778449088335,0.0005113501101732254,0.0006334282807074487,0.8070068359375,0.40673828125,0.017305200919508934
plant_14950,14950,00,14950,rgb,0.0013541870284825563,0.0006554969004355371,0.0006986901280470192,0.831787109375,0.3895263671875,0.01716296561062336
plant_14950,14950,00,14950,depth,0.0014891615137457848,0.000812913931440562,0.0006762476987205446,0.8482666015625,0.4093017578125,0.01792944222688675
plant_14950,14950,00,14950,ref,0.0008084961446002126,0.0003757749800570309,0.00043272116454318166,0.7030029296875,0.2816162109375,0.01452197041362524
plant_14952,14952,00,14952,rgb,0.0009076183778233826,0.0005535734235309064,0.0003540449542924762,0.7364501953125,0.2059326171875,0.013464057818055153
plant_14952,14952,00,14952,depth,0.0010612718760967255,0.0007252413197420537,0.00033603061456233263,0.744140625,0.1881103515625,0.013559471815824509
plant_14952,14952,00,14952,ref,0.001249084249138832,0.0006282625254243612,0.0006208217819221318,0.7467041015625,0.3463134765625,0.01570523902773857
plant_14953,14953,00,14953,rgb,0.0016579012153670192,0.0010253090877085924,0.0006325921276584268,0.8973388671875,0.4422607421875,0.0186252910643816
plant_14953,14953,00,14953,depth,0.0021062963642179966,0.0014005834236741066,0.0007057129987515509,0.9305419921875,0.553955078125,0.02119600400328636
plant_14953,14953,00,14953,ref,0.0006560238543897867,0.000318805017741397,0.0003372187493368983,0.8189697265625,0.2283935546875,0.015373263508081436
plant_14958,14958,00,14958,rgb,0.002230363432317972,0.0013295762473717332,0.0009007872431538999,0.89697265625,0.5079345703125,0.020187528803944588
plant_14958,14958,00,14958,depth,0.0021349003072828054,0.0014310990227386355,0.0007038012845441699,0.9100341796875,0.5318603515625,0.020658383145928383
plant_14958,14958,00,14958,ref,0.0008407055865973234,0.0003571368579287082,0.00048356869956478477,0.7637939453125,0.267822265625,0.01445812825113535
plant_14963,14963,00,14963,rgb,0.0016335989348590374,0.0006332194898277521,0.0010003794450312853,0.894287109375,0.479248046875,0.019493767991662025
plant_14963,14963,00,14963,depth,0.003177786013111472,0.0012435318203642964,0.0019342543091624975,0.94482421875,0.65869140625,0.025573618710041046
plant_14963,14963,00,14963,ref,0.0009769352618604898,0.0004718900891020894,0.0005050451145507395,0.8123779296875,0.37353515625,0.017087120562791824
plant_14964,14964,00,14964,rgb,0.001816130941733718,0.0009014809038490057,0.0009146499796770513,0.825439453125,0.46630859375,0.018777204677462578
plant_14964,14964,00,14964,depth,0.0027391763869673014,0.0011498465901240706,0.0015893297968432307,0.8924560546875,0.65673828125,0.029037753120064735
plant_14964,14964,00,14964,ref,0.0013143891701474786,0.0004985195701010525,0.0008158696000464261,0.69580078125,0.2669677734375,0.01351490430533886
plant_14973,14973,00,14973,rgb,0.001546145649626851,0.000661357247736305,0.000884788460098207,0.867919921875,0.4818115234375,0.019295532256364822
plant_14973,14973,00,14973,depth,0.0014218559954315424,0.0006320785032585263,0.000789777550380677,0.8675537109375,0.46240234375,0.018735943362116814
plant_14973,14973,00,14973,ref,0.0007022492936812341,0.0003137645253445953,0.00038848473923280835,0.776611328125,0.22265625,0.014303608797490597
plant_14977,14977,00,14977,rgb,0.0017501404508948326,0.0006390910712070763,0.0011110494378954172,0.90771484375,0.5931396484375,0.023369651287794113
plant_14977,14977,00,14977,depth,0.0017060672398656607,0.0006248390418477356,0.0010812280233949423,0.910400390625,0.60888671875,0.02355012483894825
plant_14977,14977,00,14977,ref,0.0016479636542499065,0.0007027764804661274,0.0009451871737837791,0.885498046875,0.503662109375,0.020093576982617378
plant_1509,1509,00,1509,rgb,0.001882295124232769,0.0015016708057373762,0.0003806242602877319,0.837646484375,0.28955078125,0.01602562703192234
plant_1509,1509,00,1509,depth,0.0021461499854922295,0.0016345377080142498,0.0005116121610626578,0.8739013671875,0.39892578125,0.018089715391397476
plant_1509,1509,00,1509,ref,0.0008428965229541063,0.00039813295006752014,0.0004447635728865862,0.7811279296875,0.2708740234375,0.015163198113441467
plant_1516,1516,00,1516,rgb,0.0006725320126861334,0.0002983045415021479,0.00037422735476866364,0.773681640625,0.28173828125,0.015187629498541355
plant_1516,1516,00,1516,depth,0.000882362830452621,0.0004008692631032318,0.00048149353824555874,0.835205078125,0.3878173828125,0.017553171142935753
plant_1516,1516,00,1516,ref,0.001644860953092575,0.0006316768703982234,0.0010131839662790298,0.8380126953125,0.55908203125,0.02261652983725071
plant_1518,1518,00,1518,rgb,0.0008608676725998521,0.0005120381829328835,0.0003488294896669686,0.7886962890625,0.239990234375,0.014688356779515743
plant_1518,1518,00,1518,depth,0.0007637940580025315,0.0004427898093126714,0.00032100427779369056,0.7825927734375,0.2138671875,0.01461770012974739
plant_1518,1518,00,1518,ref,0.0008991208160296082,0.0003978814056608826,0.0005012393812648952,0.79833984375,0.315185546875,0.015709299594163895
plant_1527,1527,00,1527,rgb,0.0014084940776228905,0.0010029715485870838,0.00040552258724346757,0.872314453125,0.317626953125,0.016709616407752037
plant_1527,1527,00,1527,depth,0.0011870729504153132,0.0007899007759988308,0.0003971722035203129,0.873046875,0.3262939453125,0.016872061416506767
plant_1527,1527,00,1527,ref,0.0014435475459322333,0.0008358247578144073,0.000607722788117826,0.8798828125,0.4180908203125,0.01804186962544918
plant_1532,1532,00,1532,rgb,0.0013416316360235214,0.0008999732090160251,0.0004416584561113268,0.8687744140625,0.4063720703125,0.018016960471868515
plant_1532,1532,00,1532,depth,0.0011855433695018291,0.0007658405229449272,0.0004197028756607324,0.845947265625,0.3717041015625,0.01732526160776615
plant_1532,1532,00,1532,ref,0.0014249526429921389,0.0007372146937996149,0.0006877378327772021,0.8673095703125,0.507080078125,0.020207474008202553
plant_1551,1551,00,1551,rgb,0.0013937214389443398,0.0008524372824467719,0.0005412842147052288,0.8023681640625,0.3763427734375,0.01717183366417885
plant_1551,1551,00,1551,depth,0.0009293850744143128,0.0006464051548391581,0.0002829799195751548,0.70556640625,0.193359375,0.013323638588190079
plant_1551,1551,00,1551,ref,0.0008019134984351695,0.0004450736159924418,0.00035683985333889723,0.602294921875,0.2269287109375,0.012281901203095913
plant_1553,1553,00,1553,rgb,0.0005480767576955259,0.00025006671785376966,0.0002980100689455867,0.7757568359375,0.202392578125,0.014588451012969017
plant_1553,1553,00,1553,depth,0.0007100874208845198,0.00034481799229979515,0.00036526942858472466,0.805908203125,0.274658203125,0.01552036963403225
plant_1553,1553,00,1553,ref,0.0011465986026450992,0.0006011129589751363,0.0005454857018776238,0.856201171875,0.4525146484375,0.0187038853764534
plant_1570,1570,00,1570,rgb,0.006110012996941805,0.0055451774969697,0.0005648344522342086,0.7635498046875,0.3660888671875,0.016091957688331604
plant_1570,1570,00,1570,depth,0.0059289997443556786,0.005356705281883478,0.0005722944624722004,0.7452392578125,0.3211669921875,0.015193261206150055
plant_1570,1570,00,1570,ref,0.003783730324357748,0.0029954537749290466,0.0007882768986746669,0.720947265625,0.4365234375,0.01735609769821167
plant_1573,1573,00,1573,rgb,0.001039564493112266,0.0004070029826834798,0.0006325615104287863,0.81982421875,0.4111328125,0.01746758632361889
plant_1573,1573,00,1573,depth,0.0012510832166299224,0.0005350771825760603,0.0007160060340538621,0.854248046875,0.4423828125,0.01847076043486595
plant_1573,1573,00,1573,ref,0.0007598779629915953,0.00035787111846730113,0.0004020068154204637,0.73876953125,0.3153076171875,0.015316871926188469
plant_1576,1576,00,1576,rgb,0.0007981407688930631,0.00041225715540349483,0.00038588361348956823,0.802001953125,0.2476806640625,0.014644400216639042
plant_1576,1576,00,1576,depth,0.0009183733491227031,0.00046139484038576484,0.0004569784505292773,0.7999267578125,0.261474609375,0.014857066795229912
plant_1576,1576,00,1576,ref,0.0006993936840444803,0.00037158941267989576,0.00032780427136458457,0.8060302734375,0.2314453125,0.014740138314664364
plant_1581,1581,00,1581,rgb,0.0022277850657701492,0.0010219443356618285,0.0012058406136929989,0.930419921875,0.6396484375,0.024972422048449516
plant_1581,1581,00,1581,depth,0.0020708972588181496,0.0010651026386767626,0.0010057945037260652,0.926025390625,0.6551513671875,0.02444225363433361
plant_1581,1581,00,1581,ref,0.0017616499681025743,0.0009757491061463952,0.0007859009201638401,0.91259765625,0.542724609375,0.021257679909467697
plant_1582,1582,00,1582,rgb,0.0007057141629047692,0.00031976873287931085,0.00038594543002545834,0.8084716796875,0.266845703125,0.015311673283576965
plant_1582,1582,00,1582,depth,0.0006442472222261131,0.0003009568026755005,0.000343290448654443,0.7906494140625,0.2359619140625,0.014907406643033028
plant_1582,1582,00,1582,ref,0.0013930777786299586,0.0008463511476293206,0.000546726631000638,0.8914794921875,0.4129638671875,0.018258921802043915
plant_1588,1588,00,1588,rgb,0.000605602515861392,0.00029047566931694746,0.000315126875648275,0.7044677734375,0.18115234375,0.012975318357348442
plant_1588,1588,00,1588,depth,0.0005909448955208063,0.00028341932920739055,0.0003075255954172462,0.7017822265625,0.1650390625,0.012884403578937054
plant_1588,1588,00,1588,ref,0.0011136422399431467,0.0003716420033015311,0.0007420002366416156,0.73583984375,0.265625,0.014093397185206413
plant_1592,1592,00,1592,rgb,0.0011504960712045431,0.0006554664578288794,0.0004950296715833247,0.8021240234375,0.311279296875,0.015739234164357185
plant_1592,1592,00,1592,depth,0.0010902511421591043,0.0005613772082142532,0.0005288739339448512,0.8385009765625,0.313232421875,0.01602381467819214
plant_1592,1592,00,1592,ref,0.0006662402302026749,0.00031938287429511547,0.00034685738501138985,0.755126953125,0.2098388671875,0.01405598409473896
plant_1593,1593,00,1593,rgb,0.0008859115769155324,0.000341016857419163,0.0005448947194963694,0.771728515625,0.332763671875,0.015621015802025795
plant_1593,1593,00,1593,depth,0.0009309068555012345,0.0003766122681554407,0.0005542945582419634,0.7860107421875,0.35107421875,0.016058264300227165
plant_1593,1593,00,1593,ref,0.0012635542079806328,0.0007628966122865677,0.0005006575956940651,0.7652587890625,0.390625,0.017059465870261192
plant_1598,1598,00,1598,rgb,0.0007109901634976268,0.0003655647160485387,0.00034542541834525764,0.8204345703125,0.2410888671875,0.015328641049563885
plant_1598,1598,00,1598,depth,0.0006927626673132181,0.00033304383396171033,0.0003597188333515078,0.823486328125,0.25537109375,0.015532846562564373
plant_1598,1598,00,1598,ref,0.0006455773254856467,0.0002883426786866039,0.0003572346759028733,0.8426513671875,0.300048828125,0.01623970828950405
plant_1600,1600,00,1600,rgb,0.00218605506233871,0.0011150327045470476,0.0010710223577916622,0.9296875,0.6334228515625,0.023875027894973755
plant_1600,1600,00,1600,depth,0.002305298112332821,0.0013879709877073765,0.0009173272410407662,0.9124755859375,0.57763671875,0.02207617461681366
plant_1600,1600,00,1600,ref,0.0023958287201821804,0.0016935833264142275,0.0007022454519756138,0.913818359375,0.58154296875,0.022074993699789047
plant_1614,1614,00,1614,rgb,0.0009174006409011781,0.00042561773443594575,0.0004917829064652324,0.7816162109375,0.30908203125,0.015097904950380325
plant_1614,1614,00,1614,depth,0.0009537640726193786,0.00044797631562687457,0.0005057877278886735,0.7835693359375,0.3165283203125,0.015088931657373905
plant_1614,1614,00,1614,ref,0.0006241935770958662,0.0002886936708819121,0.00033549993531778455,0.7132568359375,0.2076416015625,0.013837246224284172
plant_1619,1619,00,1619,rgb,0.0007475446327589452,0.00033063330920413136,0.00041691132355481386,0.842529296875,0.3201904296875,0.016538741067051888
plant_1619,1619,00,1619,depth,0.0007020298507995903,0.00030440036789514124,0.0003976294829044491,0.809326171875,0.2650146484375,0.01562769152224064
plant_1619,1619,00,1619,ref,0.0008468058076687157,0.0003771340998355299,0.00046967167872935534,0.830810546875,0.3485107421875,0.01696091517806053
plant_1624,1624,00,1624,rgb,0.0010546207195147872,0.000580357969738543,0.0004742627788800746,0.8543701171875,0.3880615234375,0.017460616305470467
plant_1624,1624,00,1624,depth,0.0010641550179570913,0.0005302681820467114,0.000533886777702719,0.8685302734375,0.44482421875,0.018672915175557137
plant_1624,1624,00,1624,ref,0.0011145309545099735,0.0004414209979586303,0.0006731099565513432,0.908447265625,0.492919921875,0.01984684355556965
plant_1633,1633,00,1633,rgb,0.0020068464800715446,0.0008282228372991085,0.001178623759187758,0.92041015625,0.58154296875,0.022420715540647507
plant_1633,1633,00,1633,depth,0.001773511408828199,0.0006384094012901187,0.0011351020075380802,0.9056396484375,0.5675048828125,0.022129114717245102
plant_1633,1633,00,1633,ref,0.001487281289882958,0.0005380446091294289,0.0009492366807535291,0.89990234375,0.527099609375,0.020805947482585907
plant_1634,1634,00,1634,rgb,0.0014917512889951468,0.0009270540322177112,0.0005646973149850965,0.8450927734375,0.3675537109375,0.016907701268792152
plant_1634,1634,00,1634,depth,0.0014550709165632725,0.0008417947683483362,0.0006132760900072753,0.8880615234375,0.4403076171875,0.018658602610230446
plant_1634,1634,00,1634,ref,0.0011364046949893236,0.0007610094617120922,0.000375395204173401,0.8089599609375,0.276611328125,0.015268276445567608
plant_1636,1636,00,1636,rgb,0.0008125430904328823,0.00033806791179813445,0.0004744751495309174,0.827880859375,0.359619140625,0.01714009791612625
plant_1636,1636,00,1636,depth,0.0006468066712841392,0.0002936797682195902,0.0003531269321683794,0.7998046875,0.2763671875,0.015439863316714764
plant_1636,1636,00,1636,ref,0.0009493876714259386,0.0004520847578532994,0.0004973029135726392,0.806640625,0.39599609375,0.01755264401435852
plant_1644,1644,00,1644,rgb,0.0007930092979222536,0.0005106214666739106,0.00028238786035217345,0.735595703125,0.1788330078125,0.013380142860114574
plant_1644,1644,00,1644,depth,0.001102747512049973,0.0007085437537170947,0.00039420375833287835,0.795166015625,0.2718505859375,0.01493727508932352
plant_1644,1644,00,1644,ref,0.0004223769064992666,0.00017392866720911115,0.00024844828294590116,0.6519775390625,0.143310546875,0.012058481574058533
plant_1645,1645,00,1645,rgb,0.0015074049588292837,0.0008683725609444082,0.0006390325143001974,0.876220703125,0.49853515625,0.019941776990890503
plant_1645,1645,00,1645,depth,0.0012396443635225296,0.0007022790377959609,0.0005373652093112469,0.8685302734375,0.4659423828125,0.019207611680030823
plant_1645,1645,00,1645,ref,0.0012024955358356237,0.0006716565112583339,0.0005308389663696289,0.657958984375,0.3385009765625,0.014793386682868004
plant_1677,1677,00,1677,rgb,0.0006605872185900807,0.00036334930337034166,0.00029723794432356954,0.760498046875,0.214599609375,0.014377035200595856
plant_1677,1677,00,1677,depth,0.0008194582769647241,0.0004661810817196965,0.0003532771661411971,0.8033447265625,0.2835693359375,0.015631189569830894
plant_1677,1677,00,1677,ref,0.0008879255619831383,0.000505008501932025,0.00038291706005111337,0.7884521484375,0.276123046875,0.015231041237711906
plant_1680,1680,00,1680,rgb,0.008011368103325367,0.005941119510680437,0.0020702488254755735,0.9573974609375,0.7373046875,0.03210693970322609
plant_1680,1680,00,1680,depth,0.003325355239212513,0.0027072851080447435,0.0006180701893754303,0.9010009765625,0.484130859375,0.019618036225438118
plant_1680,1680,00,1680,ref,0.00249785790219903,0.0010627320734784007,0.001435125945135951,0.9014892578125,0.6573486328125,0.027181047946214676
plant_1683,1683,00,1683,rgb,0.0025284828152507544,0.0014069314347580075,0.0011215513804927468,0.917236328125,0.5721435546875,0.02220025658607483
plant_1683,1683,00,1683,depth,0.0024692504666745663,0.001576762180775404,0.0008924881112761796,0.9169921875,0.5767822265625,0.022259023040533066
plant_1683,1683,00,1683,ref,0.0020604354795068502,0.001332951826043427,0.0007274836534634233,0.906494140625,0.550048828125,0.021456649526953697
plant_1726,1726,00,1726,rgb,0.000770785438362509,0.00035870150895789266,0.00041208392940461636,0.803466796875,0.3173828125,0.01606249064207077
plant_1726,1726,00,1726,depth,0.0008471255423501134,0.00039022101555019617,0.00045690449769608676,0.826416015625,0.3385009765625,0.016998134553432465
plant_1726,1726,00,1726,ref,0.0010606106370687485,0.0004545270639937371,0.0006060836021788418,0.8367919921875,0.4146728515625,0.01798017881810665
plant_1748,1748,00,1748,rgb,0.0023688976652920246,0.0009791707852855325,0.0013897267635911703,0.9083251953125,0.48876953125,0.019745834171772003
plant_1748,1748,00,1748,depth,0.0021814473439007998,0.0012350974138826132,0.0009463499882258475,0.8983154296875,0.49560546875,0.019895438104867935
plant_1748,1748,00,1748,ref,0.0013753926614299417,0.0007960660150274634,0.0005793267046101391,0.8790283203125,0.3878173828125,0.017505859956145287
plant_1751,1751,00,1751,rgb,0.0007294040406122804,0.00032662678859196603,0.0004027772811241448,0.8087158203125,0.287109375,0.015400229953229427
plant_1751,1751,00,1751,depth,0.0006718115764670074,0.00031022727489471436,0.0003615842724684626,0.7879638671875,0.262939453125,0.014914589934051037
plant_1751,1751,00,1751,ref,0.0005993938539177179,0.0002528647310100496,0.0003465290938038379,0.7813720703125,0.246337890625,0.014918966218829155
plant_1766,1766,00,1766,rgb,0.001217190525494516,0.0007777385180816054,0.0004394518618937582,0.87060546875,0.438720703125,0.01842590980231762
plant_1766,1766,00,1766,depth,0.001162894768640399,0.0007159841479733586,0.0004469107370823622,0.87890625,0.430908203125,0.0182900819927454
plant_1766,1766,00,1766,ref,0.0007679210975766182,0.0004030423006042838,0.00036487882607616484,0.8330078125,0.3109130859375,0.015959596261382103
plant_1767,1767,00,1767,rgb,0.0020820910576730967,0.0012203521328046918,0.0008617389248684049,0.8948974609375,0.531982421875,0.020848974585533142
plant_1767,1767,00,1767,depth,0.002196103800088167,0.0011932883644476533,0.0010028155520558357,0.892822265625,0.5499267578125,0.021716231480240822
plant_1767,1767,00,1767,ref,0.0018727839924395084,0.0012114502023905516,0.0006613339064642787,0.9285888671875,0.571533203125,0.02163597196340561
plant_1775,1775,00,1775,rgb,0.0014558443799614906,0.0006146259256638587,0.000841218454297632,0.8736572265625,0.5078125,0.020263997837901115
plant_1775,1775,00,1775,depth,0.0012102050241082907,0.0005436068749986589,0.0006665980909019709,0.8480224609375,0.4541015625,0.01876262202858925
plant_1775,1775,00,1775,ref,0.0011880598030984402,0.0005949034821242094,0.0005931563791818917,0.8502197265625,0.4630126953125,0.018979152664542198
plant_1780,1780,00,1780,rgb,0.003271601628512144,0.001283510122448206,0.001988091506063938,0.915771484375,0.596435546875,0.02317991852760315
plant_1780,1780,00,1780,depth,0.003104526549577713,0.001495984150096774,0.001608542283065617,0.9276123046875,0.587890625,0.022666264325380325
plant_1780,1780,00,1780,ref,0.0021589098032563925,0.0012704443652182817,0.0008884654380381107,0.926025390625,0.579345703125,0.022048989310860634
plant_1784,1784,00,1784,rgb,0.0013273213990032673,0.0007804216584190726,0.0005468997405841947,0.8428955078125,0.3277587890625,0.016307774931192398
plant_1784,1784,00,1784,depth,0.0016171023016795516,0.0009231310104951262,0.0006939713493920863,0.8519287109375,0.4163818359375,0.017880838364362717
plant_1784,1784,00,1784,ref,0.0009552515111863613,0.0005191253148950636,0.00043612622539512813,0.78271484375,0.3271484375,0.015497775748372078
plant_1791,1791,00,1791,rgb,0.0026536190416663885,0.001374599407427013,0.0012790196342393756,0.904052734375,0.578125,0.02240043878555298
plant_1791,1791,00,1791,depth,0.0025690882466733456,0.0013702425640076399,0.0011988455662503839,0.9224853515625,0.64501953125,0.025207536295056343
plant_1791,1791,00,1791,ref,0.002808084012940526,0.0016019740141928196,0.0012061099987477064,0.929443359375,0.640869140625,0.024110423400998116
plant_1809,1809,00,1809,rgb,0.0017211633967235684,0.0011734932195395231,0.0005476701771840453,0.910400390625,0.451416015625,0.019106782972812653
plant_1809,1809,00,1809,depth,0.0020569965709000826,0.0014050431782379746,0.0006519535090774298,0.9129638671875,0.4854736328125,0.019677365198731422
plant_1809,1809,00,1809,ref,0.0007553100003860891,0.0004066596447955817,0.0003486503555905074,0.7979736328125,0.2210693359375,0.014786748215556145
plant_1819,1819,00,1819,rgb,0.001238577300682664,0.0006122246850281954,0.0006263526738621294,0.872314453125,0.4683837890625,0.01919836364686489
plant_1819,1819,00,1819,depth,0.0031769955530762672,0.0015171142295002937,0.0016598810907453299,0.9332275390625,0.6610107421875,0.0260397270321846
plant_1819,1819,00,1819,ref,0.0010694018565118313,0.0005489902687259018,0.0005204115877859294,0.8543701171875,0.3917236328125,0.017080925405025482
plant_1830,1830,00,1830,rgb,0.00042132294038310647,0.00021288580319378525,0.00020843715174123645,0.65966796875,0.11669921875,0.012271282263100147
plant_1830,1830,00,1830,depth,0.00046752707567065954,0.00024093996034935117,0.0002265870716655627,0.689208984375,0.1397705078125,0.012768291868269444
plant_1830,1830,00,1830,ref,0.0006608838448300958,0.00032039792858995497,0.0003404859744478017,0.6588134765625,0.1617431640625,0.012605223804712296
plant_1842,1842,00,1842,rgb,0.001678315456956625,0.0010860721813514829,0.0005922432173974812,0.906982421875,0.5230712890625,0.02050773985683918
plant_1842,1842,00,1842,depth,0.001833091489970684,0.001220189151354134,0.0006129022804088891,0.9219970703125,0.5570068359375,0.021342789754271507
plant_1842,1842,00,1842,ref,0.002200116403400898,0.001095555373467505,0.0011045609135180712,0.9234619140625,0.59814453125,0.022694746032357216
plant_1858,1858,00,1858,rgb,0.0010796349961310625,0.0007290944922715425,0.00035054056206718087,0.8070068359375,0.2762451171875,0.015544080175459385
plant_1858,1858,00,1858,depth,0.001062402268871665,0.0006945875938981771,0.00036781461676582694,0.8199462890625,0.2939453125,0.015918457880616188
plant_1858,1858,00,1858,ref,0.0009161203633993864,0.0004454898298718035,0.00047063047531992197,0.769287109375,0.2816162109375,0.014842660166323185
plant_1862,1862,00,1862,rgb,0.0007355371490120888,0.0003889074141625315,0.0003466297348495573,0.8079833984375,0.2369384765625,0.015154643915593624
plant_1862,1862,00,1862,depth,0.0007513752207159996,0.0003943353658542037,0.0003570398548617959,0.802734375,0.24609375,0.015100790187716484
plant_1862,1862,00,1862,ref,0.0005824859254062176,0.00024689073325134814,0.000335595163051039,0.7379150390625,0.190185546875,0.013721559196710587
plant_1863,1863,00,1863,rgb,0.0014069045428186655,0.0008606559131294489,0.0005462486296892166,0.8536376953125,0.3944091796875,0.01749553345143795
plant_1863,1863,00,1863,depth,0.0011772995349019766,0.0007442572386935353,0.0004330422671046108,0.832763671875,0.299072265625,0.01592397503554821
plant_1863,1863,00,1863,ref,0.0005889697931706905,0.0002402236423222348,0.00034874616540037096,0.7464599609375,0.1827392578125,0.013635925948619843
plant_1868,1868,00,1868,rgb,0.0007745919283479452,0.00039708250551484525,0.00037750942283309996,0.864990234375,0.3377685546875,0.017151081934571266
plant_1868,1868,00,1868,depth,0.0010327653726562858,0.0005507107125595212,0.00048205460188910365,0.8822021484375,0.4566650390625,0.019070325419306755
plant_1868,1868,00,1868,ref,0.0013216575607657433,0.0007516316836699843,0.0005700258770957589,0.915771484375,0.5447998046875,0.021053990349173546
plant_1871,1871,00,1871,rgb,0.009326986968517303,0.008466413244605064,0.0008605742477811873,0.89111328125,0.45068359375,0.01863223686814308
plant_1871,1871,00,1871,depth,0.01646113395690918,0.015501965768635273,0.0009591681882739067,0.911865234375,0.499755859375,0.01999078132212162
plant_1871,1871,00,1871,ref,0.0017724803183227777,0.0011200618464499712,0.0006524185882881284,0.862060546875,0.504150390625,0.02011859603226185
plant_1889,1889,00,1889,rgb,0.007368697319179773,0.005717787891626358,0.0016509094275534153,0.9376220703125,0.663818359375,0.02514246106147766
plant_1889,1889,00,1889,depth,0.006912807002663612,0.005532842595130205,0.001379964523948729,0.938720703125,0.6568603515625,0.024901162832975388
plant_1889,1889,00,1889,ref,0.0011050309985876083,0.0006090072565712035,0.0004960237420164049,0.874755859375,0.3931884765625,0.01785416342318058
plant_1909,1909,00,1909,rgb,0.0007277681725099683,0.00031803420279175043,0.00040973396971821785,0.8497314453125,0.3299560546875,0.016683410853147507
plant_1909,1909,00,1909,depth,0.0006490334053523839,0.0002930526970885694,0.00035598070826381445,0.810302734375,0.25830078125,0.015268531627953053
plant_1909,1909,00,1909,ref,0.0010140680242329836,0.0004656963865272701,0.0005483716959133744,0.8797607421875,0.4598388671875,0.019006669521331787
plant_1913,1913,00,1913,rgb,0.0007583978585898876,0.0004088850982952863,0.00034951273119077086,0.8358154296875,0.284423828125,0.01570258103311062
plant_1913,1913,00,1913,depth,0.0009739866945892572,0.0005884725833311677,0.00038551405305042863,0.8548583984375,0.3226318359375,0.01647862233221531
plant_1913,1913,00,1913,ref,0.001044035074301064,0.0004057879268657416,0.0006382471765391529,0.8839111328125,0.4466552734375,0.018864234909415245
plant_1916,1916,00,1916,rgb,0.0010139602236449718,0.0005866167484782636,0.0004273435042705387,0.7442626953125,0.2728271484375,0.014697745442390442
plant_1916,1916,00,1916,depth,0.0009010407375171781,0.00048520820564590394,0.00041583250276744366,0.77490234375,0.2413330078125,0.014698153361678123
plant_1916,1916,00,1916,ref,0.0008370567229576409,0.000452704553026706,0.0003843521699309349,0.7254638671875,0.2120361328125,0.013202587142586708
plant_1928,1928,00,1928,rgb,0.0011778462212532759,0.00044128092122264206,0.0007365653291344643,0.85791015625,0.43701171875,0.01826746203005314
plant_1928,1928,00,1928,depth,0.0010244955774396658,0.00040659215301275253,0.0006179034244269133,0.8631591796875,0.4361572265625,0.01830560527741909
plant_1928,1928,00,1928,ref,0.000827282085083425,0.0003587793034967035,0.0004685027524828911,0.8096923828125,0.288330078125,0.015564207918941975
plant_1929,1929,00,1929,rgb,0.002340862061828375,0.0014420251827687025,0.0008988369954749942,0.873291015625,0.497802734375,0.01993655413389206
plant_1929,1929,00,1929,depth,0.0024563302285969257,0.0015901013975962996,0.000866228889208287,0.8885498046875,0.5650634765625,0.02160000056028366
plant_1929,1929,00,1929,ref,0.0020184635650366545,0.0013864235952496529,0.0006320399115793407,0.8677978515625,0.4432373046875,0.018348004668951035
plant_1937,1937,00,1937,rgb,0.0008672233088873327,0.00048715408775024116,0.000380069250240922,0.7216796875,0.2374267578125,0.013752280734479427
plant_1937,1937,00,1937,depth,0.0010808020597323775,0.0005935454973950982,0.00048725653323344886,0.738525390625,0.297607421875,0.014650781638920307
plant_1937,1937,00,1937,ref,0.00047065207036212087,0.00024422749993391335,0.00022642459953203797,0.507568359375,0.1229248046875,0.010128892958164215
plant_1941,1941,00,1941,rgb,0.002069327048957348,0.0015005177119746804,0.0005688094533979893,0.8978271484375,0.49609375,0.019903942942619324
plant_1941,1941,00,1941,depth,0.00240633194334805,0.0018758743535727262,0.000530457531567663,0.90234375,0.510986328125,0.02028200589120388
plant_1941,1941,00,1941,ref,0.0015304784756153822,0.0008249921957030892,0.000705486221704632,0.8426513671875,0.3631591796875,0.016987845301628113
plant_1949,1949,00,1949,rgb,0.0010149492882192135,0.0005914985667914152,0.00042345072142779827,0.85693359375,0.321533203125,0.016641100868582726
plant_1949,1949,00,1949,depth,0.0013048902619630098,0.0008237984729930758,0.000481091788969934,0.8856201171875,0.3612060546875,0.017444321885704994
plant_1949,1949,00,1949,ref,0.0007788405055180192,0.00044525080011226237,0.00033358976361341774,0.8233642578125,0.253173828125,0.015372887253761292
plant_1964,1964,00,1964,rgb,0.0023820074275135994,0.0013537348713725805,0.0010282726725563407,0.869873046875,0.528564453125,0.02093798667192459
plant_1964,1964,00,1964,depth,0.001883481745608151,0.0009041943121701479,0.0009792875498533249,0.8619384765625,0.469970703125,0.019121482968330383
plant_1964,1964,00,1964,ref,0.00044884561793878675,0.00018467626068741083,0.00026416938635520637,0.5706787109375,0.140380859375,0.011023841798305511
plant_1978,1978,00,1978,rgb,0.001928534358739853,0.0006752217886969447,0.0012533124536275864,0.90771484375,0.6173095703125,0.02360193431377411
plant_1978,1978,00,1978,depth,0.005581723526120186,0.001799155492335558,0.0037825678009539843,0.9168701171875,0.6851806640625,0.02979101985692978
plant_1978,1978,00,1978,ref,0.0010108298156410456,0.00042295741150155663,0.000587872345931828,0.8634033203125,0.5001220703125,0.020000329241156578
plant_1981,1981,00,1981,rgb,0.0013081951765343547,0.0008115977398119867,0.000496597436722368,0.854736328125,0.377197265625,0.01712191477417946
plant_1981,1981,00,1981,depth,0.001252990448847413,0.0007940692594274879,0.0004589212476275861,0.856201171875,0.3720703125,0.0169794000685215
plant_1981,1981,00,1981,ref,0.0007894040318205953,0.00044498255010694265,0.0003444214817136526,0.761474609375,0.226318359375,0.014283590950071812
plant_1983,1983,00,1983,rgb,0.002138619776815176,0.0007970390724949539,0.001341580762527883,0.876220703125,0.510498046875,0.02043267898261547
plant_1983,1983,00,1983,depth,0.0031156435143202543,0.0012116942089051008,0.0019039493054151535,0.9088134765625,0.62548828125,0.02536049485206604
plant_1983,1983,00,1983,ref,0.0009043155005201697,0.00038965564453974366,0.0005146598559804261,0.7005615234375,0.2568359375,0.013819081708788872
plant_1990,1990,00,1990,rgb,0.006254130974411964,0.004894568584859371,0.0013595620403066278,0.9580078125,0.7149658203125,0.025670785456895828
plant_1990,1990,00,1990,depth,0.008754179812967777,0.007535111159086227,0.0012190683046355844,0.959228515625,0.7054443359375,0.026435136795043945
plant_1990,1990,00,1990,ref,0.004064579959958792,0.0033178594894707203,0.0007467204122804105,0.899658203125,0.506591796875,0.020213447511196136
plant_1991,1991,00,1991,rgb,0.002412799745798111,0.0013193523045629263,0.0010934475576505065,0.8817138671875,0.516845703125,0.020571816712617874
plant_1991,1991,00,1991,depth,0.0032778943423181772,0.0016629183664917946,0.0016149759758263826,0.91162109375,0.6181640625,0.02438380941748619
plant_1991,1991,00,1991,ref,0.0005366703262552619,0.00027213699650019407,0.0002645333297550678,0.681640625,0.135009765625,0.012668056413531303
plant_1997,1997,00,1997,rgb,0.0013039922341704369,0.0005455556092783809,0.0007584366830997169,0.886962890625,0.4697265625,0.01922784186899662
plant_1997,1997,00,1997,depth,0.0012483964674174786,0.0005954706575721502,0.0006529258098453283,0.894287109375,0.4781494140625,0.019517075270414352
plant_1997,1997,00,1997,ref,0.0010839246679097414,0.0005087787285447121,0.0005751458811573684,0.8876953125,0.4774169921875,0.019534224644303322
plant_1998,1998,00,1998,rgb,0.0014345211675390601,0.0009297779761254787,0.0005047431914135814,0.8447265625,0.4208984375,0.017929982393980026
plant_1998,1998,00,1998,depth,0.0016245330916717649,0.001027566846460104,0.0005969662452116609,0.8726806640625,0.4571533203125,0.019036881625652313
plant_1998,1998,00,1998,ref,0.0005894278292544186,0.00033294764580205083,0.0002564801834523678,0.73583984375,0.14697265625,0.013459011912345886
plant_2002,2002,00,2002,rgb,0.004698297940194607,0.002781724790111184,0.0019165731500834227,0.915283203125,0.7427978515625,0.030464913696050644
plant_2002,2002,00,2002,depth,0.003091024002060294,0.0020309046376496553,0.0010601193644106388,0.8883056640625,0.5904541015625,0.02237260900437832
plant_2002,2002,00,2002,ref,0.0007322319434024394,0.00030662905192002654,0.00042560286237858236,0.70361328125,0.2457275390625,0.013970347121357918
plant_2004,2004,00,2004,rgb,0.00101770693436265,0.0006007417687214911,0.00041696513653732836,0.8310546875,0.3736572265625,0.0172813031822443
plant_2004,2004,00,2004,depth,0.0009386049932800233,0.0005642326432280242,0.0003743723500519991,0.7890625,0.3232421875,0.016299357637763023
plant_2004,2004,00,2004,ref,0.000910406350158155,0.00042217623558826745,0.000488230143673718,0.72021484375,0.369384765625,0.01621175743639469
plant_2010,2010,00,2010,rgb,0.003056204877793789,0.00203921040520072,0.001016994589008391,0.858154296875,0.54248046875,0.021248361095786095
plant_2010,2010,00,2010,depth,0.0032058563083410263,0.0020086909644305706,0.0011971653439104557,0.852783203125,0.5452880859375,0.021606264635920525
plant_2010,2010,00,2010,ref,0.0010887125972658396,0.0005229156231507659,0.0005657970323227346,0.717529296875,0.3641357421875,0.015409117564558983
plant_2012,2012,00,2012,rgb,0.0013447594828903675,0.0007187998271547258,0.0006259596557356417,0.839599609375,0.433837890625,0.01819276437163353
plant_2012,2012,00,2012,depth,0.0009328530868515372,0.0005520586855709553,0.0003807944303844124,0.7989501953125,0.310791015625,0.01608848012983799
plant_2012,2012,00,2012,ref,0.0006208517588675022,0.0002844974515028298,0.00033635427826084197,0.6302490234375,0.1925048828125,0.012460988014936447
plant_2017,2017,00,2017,rgb,0.0007075081230141222,0.0003763451531995088,0.00033116296981461346,0.81689453125,0.2625732421875,0.015694517642259598
plant_2017,2017,00,2017,depth,0.0007550196605734527,0.0004147784202359617,0.00034024129854515195,0.813232421875,0.2454833984375,0.015588067471981049
plant_2017,2017,00,2017,ref,0.0005285609513521194,0.0002340699138585478,0.00029449103749357164,0.7554931640625,0.20703125,0.014441401697695255
plant_2022,2022,00,2022,rgb,0.0007233307114802301,0.00037945376243442297,0.0003438769490458071,0.786376953125,0.2696533203125,0.015042850747704506
plant_2022,2022,00,2022,depth,0.0006318067898973823,0.0003113982966169715,0.00032040849328041077,0.7705078125,0.2518310546875,0.014578212983906269
plant_2022,2022,00,2022,ref,0.0009722813847474754,0.00040232378523796797,0.0005699575995095074,0.7958984375,0.418212890625,0.017604440450668335
plant_2023,2023,00,2023,rgb,0.003219002392143011,0.0010299021378159523,0.002189100254327059,0.9490966796875,0.76708984375,0.036470927298069
plant_2023,2023,00,2023,depth,0.0021765693090856075,0.0009115535649470985,0.00126501580234617,0.9315185546875,0.6695556640625,0.026535911485552788
plant_2023,2023,00,2023,ref,0.0015800315886735916,0.0008272775448858738,0.0007527539855800569,0.9132080078125,0.541259765625,0.021050285547971725
plant_2031,2031,00,2031,rgb,0.0014155828393995762,0.0008427374996244907,0.0005728453397750854,0.865234375,0.42578125,0.018338942900300026
plant_2031,2031,00,2031,depth,0.0014322191709652543,0.000844357768073678,0.0005878614028915763,0.873291015625,0.42626953125,0.018465055152773857
plant_2031,2031,00,2031,ref,0.0035659177228808403,0.0015756943030282855,0.0019902235362678766,0.927734375,0.713623046875,0.029295051470398903
plant_2037,2037,00,2037,rgb,0.0017292795237153769,0.0012530252570286393,0.00047625432489439845,0.8826904296875,0.4222412109375,0.01847103051841259
plant_2037,2037,00,2037,depth,0.0017906867433339357,0.0012247052509337664,0.0005659814924001694,0.895751953125,0.469482421875,0.01943802833557129
plant_2037,2037,00,2037,ref,0.0005082688294351101,0.0002049801405519247,0.00030328871798701584,0.685302734375,0.140869140625,0.01244108285754919
plant_2043,2043,00,2043,rgb,0.0014896572101861238,0.0009300168021582067,0.0005596403498202562,0.8231201171875,0.4658203125,0.018932081758975983
plant_2043,2043,00,2043,depth,0.001478536636568606,0.0009240552317351103,0.0005544814630411565,0.8232421875,0.432373046875,0.017950991168618202
plant_2043,2043,00,2043,ref,0.0007320551667362452,0.0004647781315725297,0.000267277006059885,0.6558837890625,0.1649169921875,0.012404241599142551
plant_2048,2048,00,2048,rgb,0.001709206379018724,0.0005626322235912085,0.0011465741554275155,0.876953125,0.48291015625,0.019555846229195595
plant_2048,2048,00,2048,depth,0.0015796851366758347,0.0005469685420393944,0.0010327165946364403,0.8851318359375,0.4737548828125,0.019345620647072792
plant_2048,2048,00,2048,ref,0.0013443916104733944,0.0005586261395365,0.0007857653545215726,0.901123046875,0.5189208984375,0.020417744293808937
plant_2049,2049,00,2049,rgb,0.0027765100821852684,0.0008055645739659667,0.0019709456246346235,0.930419921875,0.667236328125,0.028933117166161537
plant_2049,2049,00,2049,depth,0.002536690328270197,0.0008192909881472588,0.0017173992237076163,0.9268798828125,0.6444091796875,0.02632482722401619
plant_2049,2049,00,2049,ref,0.0019805366173386574,0.0007322829915210605,0.0012482537422329187,0.9390869140625,0.6773681640625,0.02550620399415493
plant_2060,2060,00,2060,rgb,0.0034227364230901003,0.0029386882670223713,0.000484048156067729,0.885009765625,0.41845703125,0.018362300470471382
plant_2060,2060,00,2060,depth,0.004472444765269756,0.003972262609750032,0.0005001820391044021,0.899658203125,0.437255859375,0.018547317013144493
plant_2060,2060,00,2060,ref,0.0019890032708644867,0.0014720028266310692,0.0005170003278180957,0.88232421875,0.443359375,0.018737051635980606
plant_2070,2070,00,2070,rgb,0.001895821769721806,0.0014240017626434565,0.00047181997797451913,0.8692626953125,0.34912109375,0.017036480829119682
plant_2070,2070,00,2070,depth,0.0031003972981125116,0.0026577229145914316,0.00044267444172874093,0.884521484375,0.36962890625,0.0175014678388834
plant_2070,2070,00,2070,ref,0.0011920261895284057,0.0006551960832439363,0.0005368301062844694,0.8934326171875,0.41455078125,0.01840118132531643
plant_2073,2073,00,2073,rgb,0.0022129560820758343,0.001319542177952826,0.0008934139623306692,0.7869873046875,0.490966796875,0.01955496147274971
plant_2073,2073,00,2073,depth,0.001665279152803123,0.0010383499320596457,0.0006269293371587992,0.766357421875,0.4107666015625,0.017339153215289116
plant_2073,2073,00,2073,ref,0.0007356468122452497,0.0003479499137029052,0.000387696927646175,0.548583984375,0.197998046875,0.010950779542326927
plant_2078,2078,00,2078,rgb,0.0011317860335111618,0.0006019886932335794,0.0005297973402775824,0.8389892578125,0.41796875,0.0176375862210989
plant_2078,2078,00,2078,depth,0.0011124609736725688,0.0006098673911765218,0.000502593582496047,0.814697265625,0.3563232421875,0.016685331240296364
plant_2078,2078,00,2078,ref,0.0005626429920084774,0.00029287763754837215,0.0002697653544601053,0.68212890625,0.1690673828125,0.012812050990760326
plant_2082,2082,00,2082,rgb,0.0015137111768126488,0.0007476745522581041,0.0007660366827622056,0.7318115234375,0.26611328125,0.01471536885946989
plant_2082,2082,00,2082,depth,0.0012287991121411324,0.0005798406200483441,0.0006489585503004491,0.698974609375,0.2452392578125,0.01399980578571558
plant_2082,2082,00,2082,ref,0.0009001432918012142,0.00043807103065773845,0.00046207226114347577,0.700439453125,0.257568359375,0.013717453926801682
plant_2092,2092,00,2092,rgb,0.0005708411335945129,0.0002501924755051732,0.0003206486871931702,0.716552734375,0.1856689453125,0.013231917284429073
plant_2092,2092,00,2092,depth,0.0006222075317054987,0.0003064410120714456,0.00031576654873788357,0.721923828125,0.191162109375,0.013629458844661713
plant_2092,2092,00,2092,ref,0.0010964431567117572,0.0004946507979184389,0.0006017923587933183,0.7320556640625,0.3785400390625,0.016595320776104927
plant_2093,2093,00,2093,rgb,0.010014364495873451,0.008806035853922367,0.001208328758366406,0.9246826171875,0.6712646484375,0.027072180062532425
plant_2093,2093,00,2093,depth,0.004454663023352623,0.003185108071193099,0.0012695551849901676,0.9019775390625,0.5704345703125,0.022192250937223434
plant_2093,2093,00,2093,ref,0.002599874511361122,0.0018686854746192694,0.0007311893277801573,0.83349609375,0.4910888671875,0.019682034850120544
plant_2096,2096,00,2096,rgb,0.001767869689501822,0.0009193490259349346,0.0008485206635668874,0.8734130859375,0.4803466796875,0.019378777593374252
plant_2096,2096,00,2096,depth,0.002159811556339264,0.0011300072073936462,0.0010298044653609395,0.8887939453125,0.5035400390625,0.020095421001315117
plant_2096,2096,00,2096,ref,0.0013452778803184628,0.0008276376756839454,0.0005176402046345174,0.860107421875,0.4139404296875,0.01798992231488228
plant_2097,2097,00,2097,rgb,0.0005489788018167019,0.00031949084950610995,0.0002294879814144224,0.6995849609375,0.130615234375,0.012905653566122055
plant_2097,2097,00,2097,depth,0.0005241237813606858,0.00031450248206965625,0.00020962129929102957,0.6744384765625,0.1136474609375,0.012494103983044624
plant_2097,2097,00,2097,ref,0.00047546980204060674,0.00023494765628129244,0.00024052213120739907,0.5723876953125,0.15771484375,0.011354256421327591
plant_2101,2101,00,2101,rgb,0.0017243599286302924,0.0010309445206075907,0.0006934154080227017,0.868896484375,0.4705810546875,0.019258541986346245
plant_2101,2101,00,2101,depth,0.0019965502433478832,0.0010756022529676557,0.0009209479903802276,0.876708984375,0.536865234375,0.02112686075270176
plant_2101,2101,00,2101,ref,0.0010127839632332325,0.0004655290103983134,0.0005472549819387496,0.73828125,0.351806640625,0.015862777829170227
plant_2103,2103,00,2103,rgb,0.001963157905265689,0.0010925481328740716,0.0008706098305992782,0.8946533203125,0.54296875,0.021404970437288284
plant_2103,2103,00,2103,depth,0.0020702024921774864,0.0011418682988733053,0.0009283339604735374,0.8912353515625,0.5810546875,0.022791631519794464
plant_2103,2103,00,2103,ref,0.0017987798200920224,0.0008049790048971772,0.0009938008151948452,0.8544921875,0.51220703125,0.020389897748827934
plant_2109,2109,00,2109,rgb,0.0016698844265192747,0.0009769460884854198,0.000692938338033855,0.8929443359375,0.462646484375,0.019128773361444473
plant_2109,2109,00,2109,depth,0.0016470717964693904,0.0009599956101737916,0.0006870761862955987,0.90673828125,0.5008544921875,0.020028844475746155
plant_2109,2109,00,2109,ref,0.0016198948724195361,0.0008343904628418386,0.0007855044095776975,0.9185791015625,0.552490234375,0.021340766921639442
plant_2110,2110,00,2110,rgb,0.0013894463190808892,0.0007878458127379417,0.0006016005063429475,0.8819580078125,0.4288330078125,0.018419325351715088
plant_2110,2110,00,2110,depth,0.0019446508958935738,0.0010772441746667027,0.0008674066630192101,0.890869140625,0.5323486328125,0.02092798613011837
plant_2110,2110,00,2110,ref,0.001402025343850255,0.0005437601357698441,0.000858265208080411,0.825439453125,0.4111328125,0.017511513084173203
plant_2130,2130,00,2130,rgb,0.0009229809511452913,0.00042555801337584853,0.0004974229377694428,0.764892578125,0.32861328125,0.015530883334577084
plant_2130,2130,00,2130,depth,0.0010589377488940954,0.000503644987475127,0.0005552927614189684,0.7855224609375,0.35400390625,0.01604386232793331
plant_2130,2130,00,2130,ref,0.003275751369073987,0.0019063869258388877,0.001369364676065743,0.9412841796875,0.687255859375,0.026390623301267624
plant_2131,2131,00,2131,rgb,0.000655733747407794,0.00041058147326111794,0.0002451522450428456,0.6876220703125,0.1558837890625,0.012550419196486473
plant_2131,2131,00,2131,depth,0.0006594187580049038,0.0004191810730844736,0.0002402376994723454,0.6494140625,0.1468505859375,0.011933010071516037
plant_2131,2131,00,2131,ref,0.0004300881992094219,0.00019634381169453263,0.00023374438751488924,0.6263427734375,0.1285400390625,0.011896664276719093
plant_2135,2135,00,2135,rgb,0.0015085150953382254,0.0006829917547293007,0.0008255233406089246,0.8826904296875,0.4903564453125,0.019738806411623955
plant_2135,2135,00,2135,depth,0.0010946576949208975,0.0004928572452627122,0.0006018003914505243,0.81396484375,0.3753662109375,0.01706039346754551
plant_2135,2135,00,2135,ref,0.0007727303309366107,0.0003311412874609232,0.00044158901437185705,0.7427978515625,0.251220703125,0.014586535282433033
plant_2138,2138,00,2138,rgb,0.0007367884390987456,0.00031509861582890153,0.00042168982326984406,0.762939453125,0.2701416015625,0.014702624641358852
plant_2138,2138,00,2138,depth,0.0009482438326813281,0.00034167617559432983,0.0006065676570869982,0.7373046875,0.289794921875,0.014261961914598942
plant_2138,2138,00,2138,ref,0.0007610372849740088,0.00036210636608302593,0.00039893091889098287,0.7679443359375,0.267333984375,0.014488518238067627
plant_2143,2143,00,2143,rgb,0.0024307635612785816,0.001322382246144116,0.0011083813151344657,0.8062744140625,0.46533203125,0.018794504925608635
plant_2143,2143,00,2143,depth,0.0032588080503046513,0.0015939652221277356,0.0016648428281769156,0.8355712890625,0.52294921875,0.020737366750836372
plant_2143,2143,00,2143,ref,0.0007354437257163227,0.00033665343653410673,0.00039879028918221593,0.7059326171875,0.293212890625,0.01446156669408083
plant_2160,2160,00,2160,rgb,0.0029842620715498924,0.001584668061695993,0.001399593660607934,0.876708984375,0.5672607421875,0.022531449794769287
plant_2160,2160,00,2160,depth,0.0027783820405602455,0.0014071835903450847,0.0013711984502151608,0.9019775390625,0.5523681640625,0.021439479663968086
plant_2160,2160,00,2160,ref,0.0016977050108835101,0.0009871643269434571,0.000710540683940053,0.815673828125,0.453369140625,0.018668048083782196
plant_2162,2162,00,2162,rgb,0.001555099617689848,0.0007657504174858332,0.0007893491419963539,0.8583984375,0.4232177734375,0.01804857887327671
plant_2162,2162,00,2162,depth,0.0016942523652687669,0.0008095469092950225,0.0008847054559737444,0.896240234375,0.5411376953125,0.02113783173263073
plant_2162,2162,00,2162,ref,0.0008881713729351759,0.00035506338463164866,0.0005331079591996968,0.769287109375,0.286865234375,0.015148366801440716
plant_2164,2164,00,2164,rgb,0.002401018515229225,0.0007293026428669691,0.0016717159887775779,0.909912109375,0.6202392578125,0.025901921093463898
plant_2164,2164,00,2164,depth,0.0024849094916135073,0.0007394392159767449,0.0017454703338444233,0.9295654296875,0.655029296875,0.02784891240298748
plant_2164,2164,00,2164,ref,0.0007846399093978107,0.00031733649666421115,0.00046730341273359954,0.8115234375,0.31005859375,0.015915274620056152
plant_2168,2168,00,2168,rgb,0.0016071792924776673,0.0004986884305253625,0.0011084909783676267,0.886474609375,0.520751953125,0.020600996911525726
plant_2168,2168,00,2168,depth,0.0016124323010444641,0.00047476059990003705,0.001137671759352088,0.873291015625,0.4791259765625,0.01949782483279705
plant_2168,2168,00,2168,ref,0.0009999070316553116,0.0003956003929488361,0.0006043066969141364,0.86572265625,0.403076171875,0.01776372268795967
plant_2182,2182,00,2182,rgb,0.0016911195125430822,0.0008475767099298537,0.0008435427444055676,0.905517578125,0.521240234375,0.020766165107488632
plant_2182,2182,00,2182,depth,0.0016346437623724341,0.000948536500800401,0.0006861073197796941,0.904052734375,0.5262451171875,0.020668471232056618
plant_2182,2182,00,2182,ref,0.001639433205127716,0.0008554472588002682,0.0007839858299121261,0.9322509765625,0.6214599609375,0.023105768486857414
plant_2202,2202,00,2202,rgb,0.0041778599843382835,0.002389361150562763,0.0017884988337755203,0.9259033203125,0.667724609375,0.02537360042333603
plant_2202,2202,00,2202,depth,0.004375023301690817,0.0025617931969463825,0.0018132301047444344,0.9190673828125,0.674072265625,0.027022339403629303
plant_2202,2202,00,2202,ref,0.0020089291501790285,0.0009602030040696263,0.0010487261461094022,0.9210205078125,0.530517578125,0.02062189392745495
plant_2203,2203,00,2203,rgb,0.0018095201812684536,0.001027519116178155,0.0007820010650902987,0.8349609375,0.3741455078125,0.016626521944999695
plant_2203,2203,00,2203,depth,0.001920395763590932,0.0010632865596562624,0.0008571092621423304,0.8365478515625,0.3646240234375,0.01658124104142189
plant_2203,2203,00,2203,ref,0.0011408422142267227,0.0004893546574749053,0.0006514874985441566,0.8226318359375,0.3936767578125,0.017487989738583565
plant_2207,2207,00,2207,rgb,0.0010125961853191257,0.0003618640184868127,0.0006507321959361434,0.825927734375,0.4161376953125,0.017530351877212524
plant_2207,2207,00,2207,depth,0.0009288594592362642,0.0003373734652996063,0.0005914859939366579,0.79150390625,0.3792724609375,0.01683485135436058
plant_2207,2207,00,2207,ref,0.000736666435841471,0.0002864371635951102,0.0004502292722463608,0.7706298828125,0.353515625,0.01645626127719879
plant_2208,2208,00,2208,rgb,0.0012336994986981153,0.0006009593489579856,0.0006327401497401297,0.85595703125,0.4324951171875,0.018146606162190437
plant_2208,2208,00,2208,depth,0.0010033956496044993,0.0005193437682464719,0.000484051852254197,0.838623046875,0.3494873046875,0.01676790602505207
plant_2208,2208,00,2208,ref,0.0006744361016899347,0.00036118621937930584,0.00031324985320679843,0.7406005859375,0.247314453125,0.014494234696030617
plant_2227,2227,00,2227,rgb,0.001128148753196001,0.0007175695500336587,0.0004105791449546814,0.81201171875,0.306396484375,0.015961404889822006
plant_2227,2227,00,2227,depth,0.0009275361662730575,0.000579288462176919,0.0003482477040961385,0.782470703125,0.2657470703125,0.015258430503308773
plant_2227,2227,00,2227,ref,0.0007011269917711616,0.0003366446471773088,0.00036448234459385276,0.70166015625,0.3173828125,0.014588439837098122
plant_2229,2229,00,2229,rgb,0.0006454366957768798,0.00026586977764964104,0.0003795669472310692,0.71142578125,0.226806640625,0.013570773415267467
plant_2229,2229,00,2229,depth,0.0007074865279719234,0.00030479906126856804,0.00040268743759952486,0.7642822265625,0.282470703125,0.014777605421841145
plant_2229,2229,00,2229,ref,0.0011117348913103342,0.00045179264270700514,0.0006599421612918377,0.82568359375,0.479248046875,0.0193728506565094
plant_2233,2233,00,2233,rgb,0.0014423653483390808,0.0009015797986648977,0.000540785666089505,0.8602294921875,0.4168701171875,0.01790081150829792
plant_2233,2233,00,2233,depth,0.0017267094226554036,0.0010086974361911416,0.000718011986464262,0.875732421875,0.51708984375,0.020407328382134438
plant_2233,2233,00,2233,ref,0.0011412755120545626,0.0006816364475525916,0.0004596391227096319,0.80615234375,0.321044921875,0.016190078109502792
plant_2244,2244,00,2244,rgb,0.002791438717395067,0.0009028284694068134,0.0018886099569499493,0.8992919921875,0.571533203125,0.022240575402975082
plant_2244,2244,00,2244,depth,0.0019365031039342284,0.0006384369335137308,0.0012980661122128367,0.8973388671875,0.5650634765625,0.021838946267962456
plant_2244,2244,00,2244,ref,0.0024888613261282444,0.0013267963659018278,0.0011620650766417384,0.927734375,0.53271484375,0.020746281370520592
plant_2246,2246,00,2246,rgb,0.0008115479722619057,0.0004115116025786847,0.000400036369683221,0.7874755859375,0.267333984375,0.015218833461403847
plant_2246,2246,00,2246,depth,0.0009186856914311647,0.0003783279098570347,0.0005403577815741301,0.83349609375,0.368408203125,0.017027024179697037
plant_2246,2246,00,2246,ref,0.000861520878970623,0.00039278401527553797,0.00046873692190274596,0.8206787109375,0.31640625,0.01603749394416809
plant_2259,2259,00,2259,rgb,0.0008319647749885917,0.00037959625478833914,0.000452368549304083,0.836181640625,0.3121337890625,0.01614450104534626
plant_2259,2259,00,2259,depth,0.0011792939621955156,0.000578467093873769,0.0006008268683217466,0.8509521484375,0.3795166015625,0.017190031707286835
plant_2259,2259,00,2259,ref,0.0013566691195592284,0.0006755650974810123,0.0006811041384935379,0.9085693359375,0.5242919921875,0.02048517018556595
plant_2262,2262,00,2262,rgb,0.0007095687324181199,0.00039469957118853927,0.00031486916122958064,0.7095947265625,0.24169921875,0.014134226366877556
plant_2262,2262,00,2262,depth,0.0010781472083181143,0.0005655161221511662,0.000512631144374609,0.7481689453125,0.3438720703125,0.01571260206401348
plant_2262,2262,00,2262,ref,0.000609762966632843,0.00029477872885763645,0.000314984266879037,0.6593017578125,0.2059326171875,0.013299558311700821
plant_2265,2265,00,2265,rgb,0.0020416341722011566,0.0015116154681891203,0.0005300188204273582,0.8529052734375,0.338134765625,0.016749894246459007
plant_2265,2265,00,2265,depth,0.0021917042322456837,0.001689639873802662,0.0005020643584430218,0.8787841796875,0.4173583984375,0.018325895071029663
plant_2265,2265,00,2265,ref,0.0017112982459366322,0.00106002576649189,0.0006512725376524031,0.85107421875,0.3828125,0.017293283715844154
plant_2270,2270,00,2270,rgb,0.0015049772337079048,0.001102278707548976,0.00040269852615892887,0.8377685546875,0.279541015625,0.015959251672029495
plant_2270,2270,00,2270,depth,0.0018121610628440976,0.0013745682081207633,0.0004375928547233343,0.84619140625,0.3084716796875,0.016463475301861763
plant_2270,2270,00,2270,ref,0.001417956780642271,0.0008507480379194021,0.000567208684515208,0.845947265625,0.378662109375,0.017380395904183388
plant_2285,2285,00,2285,rgb,0.0018778825178742409,0.000629846123047173,0.0012480363948270679,0.92822265625,0.6761474609375,0.026514369994401932
plant_2285,2285,00,2285,depth,0.0016340138390660286,0.0006125678191892803,0.0010214459616690874,0.91552734375,0.642822265625,0.024816762655973434
plant_2285,2285,00,2285,ref,0.0014607945922762156,0.00048820400843396783,0.0009725905256345868,0.8251953125,0.561767578125,0.022111067548394203
plant_2289,2289,00,2289,rgb,0.0008197304559871554,0.0004469561390578747,0.0003727743460331112,0.76171875,0.246826171875,0.014125578105449677
plant_2289,2289,00,2289,depth,0.0010334396502003074,0.0005674262065440416,0.0004660134727600962,0.8192138671875,0.2816162109375,0.015305585227906704
plant_2289,2289,00,2289,ref,0.0006606427486985922,0.0003920967865269631,0.0002685459330677986,0.7911376953125,0.1761474609375,0.013959648087620735
plant_2293,2293,00,2293,rgb,0.0015762064140290022,0.0006020063883624971,0.000974200083874166,0.8929443359375,0.57958984375,0.02245904877781868
plant_2293,2293,00,2293,depth,0.0020709119271486998,0.0009028110653162003,0.0011681008618324995,0.9306640625,0.640869140625,0.02426500804722309
plant_2293,2293,00,2293,ref,0.0019154873443767428,0.0006134744617156684,0.0013020130572840571,0.903076171875,0.6192626953125,0.023761199787259102
plant_2301,2301,00,2301,rgb,0.0023490707390010357,0.0014820585492998362,0.0008670123061165214,0.86328125,0.4757080078125,0.019249340519309044
plant_2301,2301,00,2301,depth,0.0019868859089910984,0.0010421551996842027,0.0009447308257222176,0.875732421875,0.52734375,0.020864563062787056
plant_2301,2301,00,2301,ref,0.002146967686712742,0.0011664163321256638,0.000980551354587078,0.846435546875,0.556884765625,0.021922005340456963
plant_2302,2302,00,2302,rgb,0.0020004461985081434,0.0011431511957198381,0.0008572949445806444,0.883544921875,0.530517578125,0.021062728017568588
plant_2302,2302,00,2302,depth,0.001765476306900382,0.0010008392855525017,0.0007646369631402194,0.8916015625,0.5189208984375,0.02059943974018097
plant_2302,2302,00,2302,ref,0.001125134527683258,0.0006762681296095252,0.00044886645628139377,0.85595703125,0.3365478515625,0.016797859221696854
plant_2309,2309,00,2309,rgb,0.0009633302106522024,0.0003559018368832767,0.0006074283737689257,0.8458251953125,0.3935546875,0.017240969464182854
plant_2309,2309,00,2309,depth,0.001130026881583035,0.00040571644785813987,0.0007243104046210647,0.8631591796875,0.4254150390625,0.01789391040802002
plant_2309,2309,00,2309,ref,0.0009945773053914309,0.00039653043495491147,0.0005980468704365194,0.8297119140625,0.3150634765625,0.016253337264060974
plant_2310,2310,00,2310,rgb,0.0022797966375947,0.0015031257644295692,0.0007766707567498088,0.917236328125,0.5469970703125,0.020984308794140816
plant_2310,2310,00,2310,depth,0.002567766234278679,0.0018599828472360969,0.0007077831542119384,0.9097900390625,0.5665283203125,0.021774107590317726
plant_2310,2310,00,2310,ref,0.0015219703782349825,0.0009689287398941815,0.0005530415801331401,0.8831787109375,0.4114990234375,0.018394088372588158
plant_2319,2319,00,2319,rgb,0.0006690333248116076,0.00027695411699824035,0.00039207920781336725,0.791015625,0.2137451171875,0.014157652854919434
plant_2319,2319,00,2319,depth,0.0007770247757434845,0.0003460293810348958,0.0004309954238124192,0.780517578125,0.2481689453125,0.014478993602097034
plant_2319,2319,00,2319,ref,0.0010230260668322444,0.00034405398764647543,0.0006789721082895994,0.7637939453125,0.2822265625,0.014575480483472347
plant_2330,2330,00,2330,rgb,0.0031513527501374483,0.0018744365079328418,0.0012769161257892847,0.8441162109375,0.55712890625,0.022933438420295715
plant_2330,2330,00,2330,depth,0.0032309330999851227,0.0019376816926524043,0.0012932515237480402,0.85693359375,0.525146484375,0.02090298756957054
plant_2330,2330,00,2330,ref,0.001831283327192068,0.0011185281910002232,0.000712755077984184,0.8328857421875,0.4034423828125,0.017168503254652023
plant_2333,2333,00,2333,rgb,0.0019209665479138494,0.001207518158480525,0.0007134483894333243,0.80908203125,0.4815673828125,0.01944720558822155
plant_2333,2333,00,2333,depth,0.0018477353733032942,0.0011108663165941834,0.0007368690567091107,0.82470703125,0.484619140625,0.019622894003987312
plant_2333,2333,00,2333,ref,0.002868523821234703,0.0014321742346510291,0.001436349586583674,0.771240234375,0.51318359375,0.02049819566309452
plant_2335,2335,00,2335,rgb,0.001334083965048194,0.0006472999230027199,0.0006867841584607959,0.8638916015625,0.4234619140625,0.0178966261446476
plant_2335,2335,00,2335,depth,0.0013135503977537155,0.0006702951504848897,0.0006432552472688258,0.8397216796875,0.4317626953125,0.01810106821358204
plant_2335,2335,00,2335,ref,0.0006226598634384573,0.0002533801889512688,0.00036927967448718846,0.699462890625,0.2020263671875,0.013309466652572155
plant_2339,2339,00,2339,rgb,0.00104150315746665,0.0004090634756721556,0.0006324396235868335,0.8614501953125,0.4222412109375,0.018022293224930763
plant_2339,2339,00,2339,depth,0.0012478380231186748,0.0005463273846544325,0.0007015106966719031,0.8917236328125,0.4632568359375,0.019095828756690025
plant_2339,2339,00,2339,ref,0.000669328379444778,0.0002828586148098111,0.00038646976463496685,0.808837890625,0.2734375,0.01562277227640152
plant_2354,2354,00,2354,rgb,0.001601741649210453,0.0008437663200311363,0.0007579753873869777,0.9097900390625,0.5579833984375,0.02137473039329052
plant_2354,2354,00,2354,depth,0.0017606879118829966,0.0008725532097741961,0.0008881346439011395,0.9102783203125,0.579833984375,0.021883713081479073
plant_2354,2354,00,2354,ref,0.0025548210833221674,0.0010585926938802004,0.0014962281566113234,0.943359375,0.6510009765625,0.024195048958063126
plant_2355,2355,00,2355,rgb,0.0019870521500706673,0.0009752661571837962,0.001011786051094532,0.8951416015625,0.525146484375,0.020914651453495026
plant_2355,2355,00,2355,depth,0.001757021644152701,0.0009060391457751393,0.0008509826147928834,0.90087890625,0.55126953125,0.021486254408955574
plant_2355,2355,00,2355,ref,0.0014380229404196143,0.0007020321791060269,0.0007359907613135874,0.8599853515625,0.43798828125,0.018191022798419
plant_2356,2356,00,2356,rgb,0.0016469858819618821,0.0007329073268920183,0.0009140785550698638,0.8802490234375,0.51708984375,0.020462865009903908
plant_2356,2356,00,2356,depth,0.0021222892682999372,0.0009655616595409811,0.0011567275505512953,0.865234375,0.510009765625,0.02032356709241867
plant_2356,2356,00,2356,ref,0.0024177073501050472,0.0010769723448902369,0.0013407350052148104,0.897216796875,0.558349609375,0.021963654085993767
plant_2359,2359,00,2359,rgb,0.0028087706305086613,0.001916480716317892,0.0008922899141907692,0.811767578125,0.4727783203125,0.019104788079857826
plant_2359,2359,00,2359,depth,0.0029309324454516172,0.001752530806697905,0.0011784015223383904,0.873046875,0.591796875,0.02310272678732872
plant_2359,2359,00,2359,ref,0.0006988225504755974,0.0003954257699660957,0.0003033967805095017,0.695556640625,0.189208984375,0.013119189068675041
plant_2366,2366,00,2366,rgb,0.001222126535139978,0.0005799423670396209,0.0006421842845156789,0.7987060546875,0.3446044921875,0.0161312073469162
plant_2366,2366,00,2366,depth,0.0007889332482591271,0.0003847965272143483,0.0004041367501486093,0.78857421875,0.275146484375,0.015154720284044743
plant_2366,2366,00,2366,ref,0.0008617381099611521,0.0004332966636866331,0.0004284414753783494,0.7723388671875,0.3189697265625,0.01583915390074253
plant_2369,2369,00,2369,rgb,0.0006573331775143743,0.00032231779186986387,0.00033501541474834085,0.783935546875,0.2373046875,0.014583136886358261
plant_2369,2369,00,2369,depth,0.0007177868392318487,0.00035908998688682914,0.0003586968523450196,0.7874755859375,0.283203125,0.015253627672791481
plant_2369,2369,00,2369,ref,0.0005576889961957932,0.00021281644876580685,0.00034487253287807107,0.69677734375,0.2396240234375,0.013376200571656227
plant_2370,2370,00,2370,rgb,0.0016746611800044775,0.0007644577999599278,0.0009102033218368888,0.8631591796875,0.5245361328125,0.021092107519507408
plant_2370,2370,00,2370,depth,0.0018082394963130355,0.0007680950220674276,0.0010401444742456079,0.89453125,0.5706787109375,0.02236250974237919
plant_2370,2370,00,2370,ref,0.0004272783116903156,0.00019877350132446736,0.00022850481036584824,0.5850830078125,0.1639404296875,0.011492319405078888
plant_2385,2385,00,2385,rgb,0.0011019168887287378,0.0004819498863071203,0.0006199670024216175,0.8717041015625,0.43798828125,0.018696345388889313
plant_2385,2385,00,2385,depth,0.0012729695299640298,0.0006029371288605034,0.0006700323428958654,0.8790283203125,0.47412109375,0.019377056509256363
plant_2385,2385,00,2385,ref,0.0009083357872441411,0.00037183615495450795,0.0005364996613934636,0.810791015625,0.346923828125,0.016326365992426872
plant_2391,2391,00,2391,rgb,0.0012220613425597548,0.0004730437067337334,0.0007490176358260214,0.844482421875,0.41552734375,0.017678553238511086
plant_2391,2391,00,2391,depth,0.0011550388298928738,0.0005041203112341464,0.0006509185186587274,0.822509765625,0.3497314453125,0.016278859227895737
plant_2391,2391,00,2391,ref,0.0020247921347618103,0.0009615941671654582,0.0010631978511810303,0.876220703125,0.583251953125,0.023166656494140625
plant_2404,2404,00,2404,rgb,0.0009251040173694491,0.0005618160939775407,0.00036328783608041704,0.8094482421875,0.2760009765625,0.015758026391267776
plant_2404,2404,00,2404,depth,0.0011015579802915454,0.0007213884382508695,0.0003801695420406759,0.8267822265625,0.329345703125,0.016832992434501648
plant_2404,2404,00,2404,ref,0.0005598432617262006,0.00028486797236837447,0.0002749752893578261,0.6685791015625,0.199462890625,0.013188103213906288
plant_2413,2413,00,2413,rgb,0.000743976270314306,0.00031720646074973047,0.00042676980956457555,0.7509765625,0.249267578125,0.014003520831465721
plant_2413,2413,00,2413,depth,0.0007140823290683329,0.0003024644684046507,0.00041161783155985177,0.758056640625,0.2515869140625,0.014335978776216507
plant_2413,2413,00,2413,ref,0.0009180617053061724,0.00039967597695067525,0.0005183857283554971,0.7852783203125,0.3426513671875,0.0163852721452713
plant_2425,2425,00,2425,rgb,0.001975744729861617,0.000706074817571789,0.001269669970497489,0.929931640625,0.6572265625,0.024927712976932526
plant_2425,2425,00,2425,depth,0.001739409053698182,0.0005873213522136211,0.0011520874686539173,0.9229736328125,0.6287841796875,0.023495743051171303
plant_2425,2425,00,2425,ref,0.0012208480620756745,0.0004299904976505786,0.0007908575935289264,0.8948974609375,0.5496826171875,0.021274538710713387
plant_2428,2428,00,2428,rgb,0.0019149879226461053,0.0011511951452121139,0.0007637927774339914,0.763916015625,0.4251708984375,0.016909904778003693
plant_2428,2428,00,2428,depth,0.0016707846662029624,0.0009930295636877418,0.0006777551025152206,0.7623291015625,0.3956298828125,0.016756732016801834
plant_2428,2428,00,2428,ref,0.0006407257169485092,0.0002849557204172015,0.00035577002563513815,0.654296875,0.2645263671875,0.013092106208205223
plant_2435,2435,00,2435,rgb,0.00298870075494051,0.0018252995796501637,0.0011634014081209898,0.9290771484375,0.6710205078125,0.025943752378225327
plant_2435,2435,00,2435,depth,0.004306519869714975,0.0024263306986540556,0.001880189054645598,0.936279296875,0.7225341796875,0.030284468084573746
plant_2435,2435,00,2435,ref,0.0022005371283739805,0.0015447328332811594,0.000655804353300482,0.93408203125,0.57177734375,0.021497169509530067
plant_2453,2453,00,2453,rgb,0.0008239054004661739,0.00039521424332633615,0.00042869109893217683,0.810546875,0.3165283203125,0.015875643119215965
plant_2453,2453,00,2453,depth,0.0010261237621307373,0.0006060379091650248,0.000420085882069543,0.8385009765625,0.3150634765625,0.016398055478930473
plant_2453,2453,00,2453,ref,0.0010699932463467121,0.0004293015808798373,0.0006406917236745358,0.7921142578125,0.393310546875,0.016946136951446533
plant_2466,2466,00,2466,rgb,0.0012668430572375655,0.000725076999515295,0.0005417660577222705,0.8531494140625,0.439208984375,0.01849959045648575
plant_2466,2466,00,2466,depth,0.0009897752897813916,0.0006284242845140398,0.00036135109257884324,0.7958984375,0.2957763671875,0.015558023005723953
plant_2466,2466,00,2466,ref,0.001765345106832683,0.0008002042886801064,0.0009651407599449158,0.87255859375,0.5931396484375,0.02344437874853611
plant_2469,2469,00,2469,rgb,0.0012266862904652953,0.0006412403308786452,0.0005854459595866501,0.8189697265625,0.2958984375,0.01569349691271782
plant_2469,2469,00,2469,depth,0.0011307662352919579,0.00043841556180268526,0.0006923506734892726,0.8199462890625,0.34814453125,0.0165723729878664
plant_2469,2469,00,2469,ref,0.0010048942640423775,0.0004026475362479687,0.0006022468442097306,0.8004150390625,0.417236328125,0.017984947189688683
plant_2477,2477,00,2477,rgb,0.003084004856646061,0.0014864304102957249,0.001597574446350336,0.9520263671875,0.7119140625,0.027066510170698166
plant_2477,2477,00,2477,depth,0.003412465564906597,0.0017818412743508816,0.0016306242905557156,0.95263671875,0.703369140625,0.026375651359558105
plant_2477,2477,00,2477,ref,0.0020368206314742565,0.001094886101782322,0.0009419344132766128,0.9398193359375,0.6832275390625,0.025302410125732422
plant_2497,2497,00,2497,rgb,0.0013656869996339083,0.0008119703270494938,0.0005537166725844145,0.8345947265625,0.3548583984375,0.016967445611953735
plant_2497,2497,00,2497,depth,0.0020181736908853054,0.0012938439613208175,0.0007243297877721488,0.859130859375,0.4326171875,0.01822402887046337
plant_2497,2497,00,2497,ref,0.0006183691439218819,0.0002746384416241199,0.00034373070229776204,0.718017578125,0.24169921875,0.014222775585949421
plant_2499,2499,00,2499,rgb,0.0005305822705850005,0.00025722369900904596,0.0002733585424721241,0.703369140625,0.173583984375,0.013087395578622818
plant_2499,2499,00,2499,depth,0.0007744072354398668,0.00037115224404260516,0.0004032549913972616,0.7718505859375,0.2734375,0.014777088537812233
plant_2499,2499,00,2499,ref,0.0006111084367148578,0.00022617280774284154,0.0003849356435239315,0.75,0.2657470703125,0.014722435735166073
plant_2500,2500,00,2500,rgb,0.0013548554852604866,0.0008150527719408274,0.0005398025969043374,0.84814453125,0.3819580078125,0.017380066215991974
plant_2500,2500,00,2500,depth,0.0017829276621341705,0.000988702871836722,0.0007942247902974486,0.868896484375,0.4775390625,0.019221046939492226
plant_2500,2500,00,2500,ref,0.00102568743750453,0.00038654604577459395,0.0006391413626261055,0.7728271484375,0.376220703125,0.016045551747083664
plant_2510,2510,00,2510,rgb,0.0007997586508281529,0.0004719194257631898,0.0003278392250649631,0.7161865234375,0.220458984375,0.01381727959960699
plant_2510,2510,00,2510,depth,0.0007581027457490563,0.00041440699715167284,0.00034369577770121396,0.696044921875,0.199951171875,0.01335359737277031
plant_2510,2510,00,2510,ref,0.0006916666170582175,0.0003165368107147515,0.00037512980634346604,0.7034912109375,0.261962890625,0.01425981055945158
plant_2522,2522,00,2522,rgb,0.0014228189829736948,0.0007239763508550823,0.0006988426903262734,0.9036865234375,0.5062255859375,0.02015724405646324
plant_2522,2522,00,2522,depth,0.0016093894373625517,0.0008797647897154093,0.0007296247058548033,0.9034423828125,0.5220947265625,0.02049633115530014
plant_2522,2522,00,2522,ref,0.0011058085365220904,0.0005592155503109097,0.0005465929862111807,0.875732421875,0.4197998046875,0.01835864596068859
plant_2531,2531,00,2531,rgb,0.0013841488398611546,0.0007881877827458084,0.000595961173530668,0.847412109375,0.421142578125,0.017844518646597862
plant_2531,2531,00,2531,depth,0.001724369591102004,0.0009537031291984022,0.000770666403695941,0.8658447265625,0.45166015625,0.018447954207658768
plant_2531,2531,00,2531,ref,0.0004772720276378095,0.0002439178351778537,0.00023335422156378627,0.67822265625,0.1497802734375,0.012423696927726269
plant_2542,2542,00,2542,rgb,0.0009078880539163947,0.00040297512896358967,0.000504912924952805,0.851318359375,0.3885498046875,0.01744323968887329
plant_2542,2542,00,2542,depth,0.0010302955051884055,0.00042862194823101163,0.0006016735569573939,0.8629150390625,0.4210205078125,0.01817280240356922
plant_2542,2542,00,2542,ref,0.0008478215895593166,0.00036010926123708487,0.0004877123865298927,0.8341064453125,0.3779296875,0.01731133833527565
plant_2544,2544,00,2544,rgb,0.001264986116439104,0.0005227856454439461,0.000742200412787497,0.8604736328125,0.4656982421875,0.01904820092022419
plant_2544,2544,00,2544,depth,0.0013536420883610845,0.0005391716258600354,0.000814470462501049,0.85107421875,0.474609375,0.019212450832128525
plant_2544,2544,00,2544,ref,0.001062019495293498,0.0004077292396686971,0.00065429019741714,0.7860107421875,0.366455078125,0.01660124957561493
plant_2548,2548,00,2548,rgb,0.0010949613060802221,0.00037680569221265614,0.0007181555847637355,0.8555908203125,0.4324951171875,0.01822628639638424
plant_2548,2548,00,2548,depth,0.000996649032458663,0.00038298056460916996,0.0006136684096418321,0.8570556640625,0.383056640625,0.01728948950767517
plant_2548,2548,00,2548,ref,0.0006417292170226574,0.00026560528203845024,0.00037612387677654624,0.751220703125,0.2525634765625,0.014427630230784416
plant_2557,2557,00,2557,rgb,0.001602377276867628,0.0006970813847146928,0.0009052958921529353,0.8740234375,0.4620361328125,0.019001856446266174
plant_2557,2557,00,2557,depth,0.0016047958051785827,0.000692723086103797,0.0009120727190747857,0.8616943359375,0.445068359375,0.018324527889490128
plant_2557,2557,00,2557,ref,0.0005854980554431677,0.00022779684513807297,0.0003577012103050947,0.73876953125,0.211669921875,0.013891678303480148
plant_2559,2559,00,2559,rgb,0.0009765123249962926,0.0006119058816693723,0.0003646064142230898,0.8428955078125,0.318359375,0.016489991918206215
plant_2559,2559,00,2559,depth,0.0009840118000283837,0.0006067359354346991,0.0003772758645936847,0.8455810546875,0.3341064453125,0.01683427207171917
plant_2559,2559,00,2559,ref,0.001645752228796482,0.0006909464718773961,0.000954805756919086,0.9259033203125,0.619140625,0.023490311577916145
plant_2572,2572,00,2572,rgb,0.002459221053868532,0.0012826116289943457,0.0011766094248741865,0.933349609375,0.6497802734375,0.02589217945933342
plant_2572,2572,00,2572,depth,0.0024573979899287224,0.0012791723711416125,0.0011782256187871099,0.9237060546875,0.625244140625,0.024193167686462402
plant_2572,2572,00,2572,ref,0.0016810600645840168,0.0008639830630272627,0.0008170769433490932,0.930908203125,0.6190185546875,0.02284139394760132
plant_2573,2573,00,2573,rgb,0.002265891060233116,0.0017534754006192088,0.0005124157760292292,0.8853759765625,0.439453125,0.01873856969177723
plant_2573,2573,00,2573,depth,0.004331742413341999,0.0024176123552024364,0.0019141295924782753,0.8773193359375,0.5399169921875,0.021181484684348106
plant_2573,2573,00,2573,ref,0.0008738582255318761,0.0004449186963029206,0.0004289395874366164,0.7528076171875,0.279052734375,0.014388724230229855
plant_2578,2578,00,2578,rgb,0.0010081834625452757,0.0004882045614067465,0.0005199788720346987,0.85400390625,0.369873046875,0.016877586022019386
plant_2578,2578,00,2578,depth,0.0012722602114081383,0.0005993315135128796,0.0006729286978952587,0.8817138671875,0.433837890625,0.018461208790540695
plant_2578,2578,00,2578,ref,0.00043503186316229403,0.00019644881831482053,0.0002385830448474735,0.698486328125,0.1375732421875,0.01256193034350872
plant_2584,2584,00,2584,rgb,0.0018006296595558524,0.000787468277849257,0.0010131613817065954,0.918701171875,0.6624755859375,0.02440648153424263
plant_2584,2584,00,2584,depth,0.0017684914637356997,0.0007872760761529207,0.000981215387582779,0.9100341796875,0.6407470703125,0.024225641041994095
plant_2584,2584,00,2584,ref,0.0005975296953693032,0.0002493327483534813,0.0003481969179119915,0.7110595703125,0.2850341796875,0.014767130836844444
plant_2590,2590,00,2590,rgb,0.0031649142038077116,0.0020109317265450954,0.0011539824772626162,0.906494140625,0.5267333984375,0.020680643618106842
plant_2590,2590,00,2590,depth,0.003454160410910845,0.0022333788219839334,0.0012207817053422332,0.91845703125,0.576171875,0.02193285897374153
plant_2590,2590,00,2590,ref,0.002590581774711609,0.0015499829314649105,0.0010405987268313766,0.9044189453125,0.587890625,0.023920584470033646
plant_2591,2591,00,2591,rgb,0.0032205393072217703,0.0010210324544459581,0.002199506852775812,0.9166259765625,0.5980224609375,0.024076320230960846
plant_2591,2591,00,2591,depth,0.0029466222040355206,0.0010088604176416993,0.0019377617863938212,0.92138671875,0.593017578125,0.02336149476468563
plant_2591,2591,00,2591,ref,0.0011100000701844692,0.0004711005312856287,0.000638899568002671,0.87158203125,0.446533203125,0.01874571666121483
plant_2597,2597,00,2597,rgb,0.0030545243062078953,0.002197601832449436,0.0008569226483814418,0.8895263671875,0.4700927734375,0.01923447661101818
plant_2597,2597,00,2597,depth,0.0028961109928786755,0.0022555869072675705,0.0006405243184417486,0.8931884765625,0.48291015625,0.019564591348171234
plant_2597,2597,00,2597,ref,0.003495174925774336,0.002793714636936784,0.0007014604052528739,0.909912109375,0.5103759765625,0.020259665325284004
plant_2616,2616,00,2616,rgb,0.009241915307939053,0.007938098162412643,0.0013038180768489838,0.9295654296875,0.6429443359375,0.024421503767371178
plant_2616,2616,00,2616,depth,0.011966624297201633,0.01059380266815424,0.0013728225603699684,0.9222412109375,0.5771484375,0.022014258429408073
plant_2616,2616,00,2616,ref,0.0009331950568594038,0.0005488938768394291,0.00038430120912380517,0.7373046875,0.29345703125,0.014699145220220089
plant_2648,2648,00,2648,rgb,0.0017778030596673489,0.0009457841515541077,0.0008320187916979194,0.9188232421875,0.591796875,0.022910818457603455
plant_2648,2648,00,2648,depth,0.0020940126851201057,0.0011732957791537046,0.000920716964174062,0.9234619140625,0.62890625,0.02386569418013096
plant_2648,2648,00,2648,ref,0.001714246696792543,0.0008081567357294261,0.0009060899610631168,0.90576171875,0.5635986328125,0.021685319021344185
plant_2649,2649,00,2649,rgb,0.0026802062056958675,0.0009782176930457354,0.0017019882798194885,0.9151611328125,0.62158203125,0.02467099204659462
plant_2649,2649,00,2649,depth,0.0023791654966771603,0.0009753444464877248,0.0014038210501894355,0.911376953125,0.5894775390625,0.023466529324650764
plant_2649,2649,00,2649,ref,0.001229959074407816,0.0005970863858237863,0.0006328727467916906,0.8704833984375,0.46728515625,0.01924913190305233
plant_2651,2651,00,2651,rgb,0.003111477242782712,0.0008898297091946006,0.0022216476500034332,0.949462890625,0.753662109375,0.03153140842914581
plant_2651,2651,00,2651,depth,0.002701478311792016,0.0007511546136811376,0.0019503236981108785,0.931640625,0.6639404296875,0.027341751381754875
plant_2651,2651,00,2651,ref,0.0020167441107332706,0.0007686961907893419,0.0012480479199439287,0.883056640625,0.5810546875,0.022874243557453156
plant_2663,2663,00,2663,rgb,0.003256299067288637,0.00243575987406075,0.000820539309643209,0.8564453125,0.5113525390625,0.020461158826947212
plant_2663,2663,00,2663,depth,0.003426652168855071,0.002348165726289153,0.0010784866753965616,0.864990234375,0.556396484375,0.022417575120925903
plant_2663,2663,00,2663,ref,0.002205733209848404,0.0015993653796613216,0.0006063678301870823,0.7879638671875,0.3096923828125,0.01485408004373312
plant_2667,2667,00,2667,rgb,0.0007070810534060001,0.00034074424183927476,0.00036633684067055583,0.75927734375,0.210693359375,0.01393152680248022
plant_2667,2667,00,2667,depth,0.0007601798279210925,0.0003282513644080609,0.0004319284635130316,0.765380859375,0.2335205078125,0.014345714822411537
plant_2667,2667,00,2667,ref,0.0006572080310434103,0.00027342166868038476,0.000383786391466856,0.795166015625,0.2662353515625,0.015238439664244652
plant_2674,2674,00,2674,rgb,0.0012891932856291533,0.000768030236940831,0.0005211630486883223,0.8798828125,0.4425048828125,0.01871703751385212
plant_2674,2674,00,2674,depth,0.0015388644533231854,0.0008893430349417031,0.0006495214765891433,0.86962890625,0.446044921875,0.018580326810479164
plant_2674,2674,00,2674,ref,0.001138761406764388,0.0005658345762640238,0.0005729268887080252,0.8675537109375,0.4095458984375,0.017939606681466103
plant_2689,2689,00,2689,rgb,0.005659068934619427,0.002689819782972336,0.0029692489188164473,0.93310546875,0.7237548828125,0.036211494356393814
plant_2689,2689,00,2689,depth,0.0027330294251441956,0.001701445784419775,0.0010315836407244205,0.9107666015625,0.6090087890625,0.023873262107372284
plant_2689,2689,00,2689,ref,0.0017328622052446008,0.0007086197147145867,0.0010242423741146922,0.85986328125,0.5762939453125,0.02298859693109989
plant_2706,2706,00,2706,rgb,0.002106882631778717,0.0014107100432738662,0.0006961727049201727,0.8187255859375,0.4193115234375,0.017972901463508606
plant_2706,2706,00,2706,depth,0.001984096597880125,0.0014056741492822766,0.0005784223321825266,0.81689453125,0.4437255859375,0.01841140165925026
plant_2706,2706,00,2706,ref,0.0011200201697647572,0.0006353958160616457,0.0004846243537031114,0.7386474609375,0.3143310546875,0.014339866116642952
plant_2708,2708,00,2708,rgb,0.002522557508200407,0.0017893147887662053,0.0007332428358495235,0.8885498046875,0.475341796875,0.019345149397850037
plant_2708,2708,00,2708,depth,0.002038095612078905,0.0014659431762993336,0.0005721523775719106,0.881103515625,0.4376220703125,0.018751809373497963
plant_2708,2708,00,2708,ref,0.0016512821894139051,0.0008250977843999863,0.0008261844050139189,0.9068603515625,0.584716796875,0.022305337712168694
plant_2713,2713,00,2713,rgb,0.0007455052109435201,0.000473556574434042,0.0002719485783018172,0.6280517578125,0.2069091796875,0.012540825642645359
plant_2713,2713,00,2713,depth,0.0007106202538125217,0.0004808468511328101,0.00022977340267971158,0.6143798828125,0.1514892578125,0.011813790537416935
plant_2713,2713,00,2713,ref,0.0007828783709555864,0.00037830547080375254,0.0004045729001518339,0.7274169921875,0.3160400390625,0.014669093303382397
plant_2718,2718,00,2718,rgb,0.0007741650915704668,0.00046336883679032326,0.0003107962547801435,0.74658203125,0.2069091796875,0.013950278982520103
plant_2718,2718,00,2718,depth,0.0007976494380272925,0.0004865307710133493,0.0003111186670139432,0.7423095703125,0.1978759765625,0.013949606567621231
plant_2718,2718,00,2718,ref,0.0007857333403080702,0.0004063962260261178,0.0003793370851781219,0.700439453125,0.24658203125,0.013592583127319813
plant_2724,2724,00,2724,rgb,0.000741229101549834,0.0003180347557645291,0.0004231943457853049,0.7864990234375,0.3580322265625,0.016114486381411552
plant_2724,2724,00,2724,depth,0.0008755369344726205,0.00037603528471663594,0.0004995017079636455,0.8016357421875,0.3935546875,0.01683376543223858
plant_2724,2724,00,2724,ref,0.0006490464438684285,0.00027025799499824643,0.00037878844887018204,0.776123046875,0.300048828125,0.015292070806026459
plant_2727,2727,00,2727,rgb,0.0007997297216206789,0.0003297471266705543,0.00046998256584629416,0.7611083984375,0.30224609375,0.015132461674511433
plant_2727,2727,00,2727,depth,0.0010141644161194563,0.0004667883040383458,0.0005473760538734496,0.801025390625,0.3670654296875,0.016666503623127937
plant_2727,2727,00,2727,ref,0.0005337222828529775,0.00020196716650389135,0.00033175511634908617,0.69873046875,0.2373046875,0.013876475393772125
plant_2735,2735,00,2735,rgb,0.0016043793875724077,0.0009715592605061829,0.0006328200688585639,0.84228515625,0.377685546875,0.01694750413298607
plant_2735,2735,00,2735,depth,0.002145522739738226,0.0013026004889979959,0.0008429223671555519,0.8604736328125,0.4676513671875,0.01904526725411415
plant_2735,2735,00,2735,ref,0.0005521255079656839,0.0002333441807422787,0.0003187812981195748,0.5679931640625,0.1435546875,0.010941767133772373
plant_2750,2750,00,2750,rgb,0.00157691421918571,0.0008328448748216033,0.0007440692279487848,0.8682861328125,0.492919921875,0.019730353727936745
plant_2750,2750,00,2750,depth,0.0014423627872020006,0.0007846269872970879,0.0006577358581125736,0.8399658203125,0.468505859375,0.018967127427458763
plant_2750,2750,00,2750,ref,0.0007345001795329154,0.0003154716978315264,0.0004190285108052194,0.6763916015625,0.2330322265625,0.0132411178201437
plant_2754,2754,00,2754,rgb,0.002888273447751999,0.001043575699441135,0.001844697748310864,0.9471435546875,0.67529296875,0.027091149240732193
plant_2754,2754,00,2754,depth,0.0026664240285754204,0.0011726790107786655,0.0014937453670427203,0.9442138671875,0.6849365234375,0.026840152218937874
plant_2754,2754,00,2754,ref,0.0023641777224838734,0.000959674478508532,0.0014045033603906631,0.935546875,0.6104736328125,0.022896423935890198
plant_2760,2760,00,2760,rgb,0.0018900074064731598,0.0007586026331409812,0.0011314048897475004,0.914306640625,0.54150390625,0.021068613976240158
plant_2760,2760,00,2760,depth,0.0017961399862542748,0.0008174446411430836,0.0009786953451111913,0.902587890625,0.515625,0.02039673551917076
plant_2760,2760,00,2760,ref,0.0022013888228684664,0.0011873366311192513,0.0010140519589185715,0.9315185546875,0.66162109375,0.024325482547283173
plant_2780,2780,00,2780,rgb,0.0017673326656222343,0.0007308956701308489,0.0010364369954913855,0.8673095703125,0.5147705078125,0.020421478897333145
plant_2780,2780,00,2780,depth,0.002584302332252264,0.0009866968030110002,0.0015976056456565857,0.913330078125,0.654296875,0.026530131697654724
plant_2780,2780,00,2780,ref,0.0012149411486461759,0.00041572723421268165,0.0007992139435373247,0.767578125,0.4638671875,0.018670331686735153
plant_2783,2783,00,2783,rgb,0.0016629928722977638,0.0009999715257436037,0.0006630213465541601,0.8885498046875,0.4188232421875,0.01843210496008396
plant_2783,2783,00,2783,depth,0.0018233044538646936,0.0011589128989726305,0.0006643916130997241,0.8919677734375,0.4404296875,0.018783820793032646
plant_2783,2783,00,2783,ref,0.0008573989616706967,0.0003750569012481719,0.00048234208952635527,0.8270263671875,0.273681640625,0.015672512352466583
plant_2790,2790,00,2790,rgb,0.0007501479703933001,0.00036373260081745684,0.00038641534047201276,0.8092041015625,0.282470703125,0.015474772080779076
plant_2790,2790,00,2790,depth,0.0007458224426954985,0.0003756839141715318,0.0003701384994201362,0.78857421875,0.246337890625,0.014712968841195107
plant_2790,2790,00,2790,ref,0.0013210999313741922,0.0004122464160900563,0.0009088534861803055,0.806396484375,0.400146484375,0.0172478798776865
plant_2794,2794,00,2794,rgb,0.0032508072908967733,0.0022270712070167065,0.0010237360838800669,0.9068603515625,0.4833984375,0.019547507166862488
plant_2794,2794,00,2794,depth,0.0032711587846279144,0.0022194324992597103,0.0010517262853682041,0.903076171875,0.5167236328125,0.020519904792308807
plant_2794,2794,00,2794,ref,0.0024109636433422565,0.0010635540820658207,0.001347409444861114,0.85693359375,0.3905029296875,0.0173067357391119
plant_2818,2818,00,2818,rgb,0.0013671633787453175,0.0007137283682823181,0.0006534349522553384,0.82275390625,0.412353515625,0.017773034051060677
plant_2818,2818,00,2818,depth,0.001051304629072547,0.0005683904164470732,0.0004829141544178128,0.791259765625,0.3682861328125,0.017001688480377197
plant_2818,2818,00,2818,ref,0.0008300056215375662,0.00038584062713198364,0.00044416499440558255,0.6800537109375,0.2296142578125,0.013454991392791271
plant_2829,2829,00,2829,rgb,0.0021801753900945187,0.0010733712697401643,0.0011068040039390326,0.891357421875,0.56591796875,0.02227676659822464
plant_2829,2829,00,2829,depth,0.0018677613697946072,0.0009481613524258137,0.0009196000755764544,0.8837890625,0.511474609375,0.020353857427835464
plant_2829,2829,00,2829,ref,0.0015994198620319366,0.0007114853360690176,0.000887934525962919,0.85302734375,0.4635009765625,0.01896636001765728
plant_2831,2831,00,2831,rgb,0.003071923740208149,0.0015555849531665444,0.0015163386706262827,0.891357421875,0.5863037109375,0.022502519190311432
plant_2831,2831,00,2831,depth,0.003269040025770664,0.0016539269126951694,0.0016151132294908166,0.9056396484375,0.580322265625,0.022670535370707512
plant_2831,2831,00,2831,ref,0.0018551081884652376,0.0011027801083400846,0.000752328138332814,0.8763427734375,0.4998779296875,0.019998136907815933
plant_2835,2835,00,2835,rgb,0.0027278997004032135,0.0009517546277493238,0.0017761451890692115,0.930419921875,0.64404296875,0.02468409761786461
plant_2835,2835,00,2835,depth,0.0027556652203202248,0.0009940584423020482,0.0017616070108488202,0.9122314453125,0.576171875,0.02249988727271557
plant_2835,2835,00,2835,ref,0.0019032327691093087,0.0007116839988157153,0.0011915487702935934,0.892578125,0.5181884765625,0.02057757042348385
plant_2856,2856,00,2856,rgb,0.001192545285448432,0.0007046934333629906,0.00048785185208544135,0.838623046875,0.3470458984375,0.016993185505270958
plant_2856,2856,00,2856,depth,0.0014033919433131814,0.0009116354631260037,0.0004917564801871777,0.873779296875,0.421630859375,0.018310563638806343
plant_2856,2856,00,2856,ref,0.0009150722762569785,0.000392646761611104,0.0005224254564382136,0.79150390625,0.4052734375,0.017727892845869064
plant_2860,2860,00,2860,rgb,0.0016951571451500058,0.0006858818233013153,0.0010092753218486905,0.8643798828125,0.51171875,0.020437614992260933
plant_2860,2860,00,2860,depth,0.0014519693795591593,0.0006817218381911516,0.0007702475413680077,0.8541259765625,0.452880859375,0.018788650631904602
plant_2860,2860,00,2860,ref,0.0012221555225551128,0.0005581403383985162,0.0006640152423642576,0.7823486328125,0.4359130859375,0.017970798537135124
plant_2863,2863,00,2863,rgb,0.0012779589742422104,0.0005165694747120142,0.0007613894413225353,0.8560791015625,0.425537109375,0.017953243106603622
plant_2863,2863,00,2863,depth,0.001441738335415721,0.0005247600493021309,0.0009169781114906073,0.882568359375,0.4871826171875,0.01959078386425972
plant_2863,2863,00,2863,ref,0.0012078071013092995,0.0004802969633601606,0.0007275101961567998,0.892578125,0.52490234375,0.020702116191387177
plant_2866,2866,00,2866,rgb,0.0026785347145050764,0.001883789082057774,0.0007947458070702851,0.90478515625,0.5208740234375,0.020444350317120552
plant_2866,2866,00,2866,depth,0.0030219233594834805,0.0017738803289830685,0.0012480431469157338,0.9295654296875,0.5975341796875,0.022807367146015167
plant_2866,2866,00,2866,ref,0.0016904640942811966,0.0009393581422045827,0.000751105893868953,0.9141845703125,0.5286865234375,0.020622968673706055
plant_2867,2867,00,2867,rgb,0.002022786531597376,0.0010864257346838713,0.0009363606804981828,0.879638671875,0.541748046875,0.021369347348809242
plant_2867,2867,00,2867,depth,0.0020992939826101065,0.0012694038450717926,0.000829890079330653,0.8846435546875,0.5201416015625,0.020516254007816315
plant_2867,2867,00,2867,ref,0.001796990749426186,0.0008700696635060012,0.000926920969504863,0.880859375,0.516357421875,0.020546168088912964
plant_2869,2869,00,2869,rgb,0.001117323525249958,0.0004183282144367695,0.0006989952526055276,0.8521728515625,0.458740234375,0.018887750804424286
plant_2869,2869,00,2869,depth,0.0007054677698761225,0.0003248726425226778,0.0003805951273534447,0.7545166015625,0.244384765625,0.014475741423666477
plant_2869,2869,00,2869,ref,0.001207441440783441,0.0005828688736073673,0.0006245726253837347,0.83935546875,0.38330078125,0.01690550521016121
plant_2870,2870,00,2870,rgb,0.0009570117690600455,0.0003962625050917268,0.0005607492639683187,0.7230224609375,0.271484375,0.014013934880495071
plant_2870,2870,00,2870,depth,0.0009525716304779053,0.0004157775256317109,0.0005367940757423639,0.7435302734375,0.2685546875,0.014644946902990341
plant_2870,2870,00,2870,ref,0.0009264451218768954,0.0003831943031400442,0.0005432508187368512,0.7354736328125,0.38330078125,0.01623125560581684
plant_2874,2874,00,2874,rgb,0.0028572187293320894,0.002427004976198077,0.0004302136949263513,0.8458251953125,0.3572998046875,0.016641395166516304
plant_2874,2874,00,2874,depth,0.0036483712028712034,0.003246408887207508,0.0004019622574560344,0.8411865234375,0.3192138671875,0.01639857515692711
plant_2874,2874,00,2874,ref,0.0014062747359275818,0.000903734122402966,0.0005025406717322767,0.8594970703125,0.384033203125,0.017465906217694283
plant_2876,2876,00,2876,rgb,0.006523256190121174,0.004911680705845356,0.0016115752514451742,0.9549560546875,0.736083984375,0.027681542560458183
plant_2876,2876,00,2876,depth,0.005751144140958786,0.003746425500139594,0.0020047184079885483,0.96923828125,0.78125,0.03164738044142723
plant_2876,2876,00,2876,ref,0.00326433009468019,0.002323170192539692,0.0009411598439328372,0.9378662109375,0.6016845703125,0.022404273971915245
plant_2877,2877,00,2877,rgb,0.002029775409027934,0.0007270598434843123,0.0013027156237512827,0.9095458984375,0.5738525390625,0.02288295514881611
plant_2877,2877,00,2877,depth,0.001850484637543559,0.000644404033664614,0.0012060805456712842,0.9027099609375,0.552490234375,0.021731313318014145
plant_2877,2877,00,2877,ref,0.0014247613726183772,0.0006283699185587466,0.0007963913958519697,0.8985595703125,0.517822265625,0.020504426211118698
plant_2887,2887,00,2887,rgb,0.0011550008784979582,0.0005425087874755263,0.0006124922074377537,0.8623046875,0.362548828125,0.01682254672050476
plant_2887,2887,00,2887,depth,0.0009401337592862546,0.0004434955189935863,0.0004966382402926683,0.8580322265625,0.35302734375,0.01686769165098667
plant_2887,2887,00,2887,ref,0.00098428747151047,0.00043061005999334157,0.0005536774406209588,0.860595703125,0.3787841796875,0.017283644527196884
plant_2890,2890,00,2890,rgb,0.0022314523812383413,0.0012361491098999977,0.0009953032713383436,0.924072265625,0.5640869140625,0.021612975746393204
plant_2890,2890,00,2890,depth,0.002133599016815424,0.001190731069073081,0.0009428680059500039,0.9190673828125,0.569091796875,0.021779753267765045
plant_2890,2890,00,2890,ref,0.002036110498011112,0.0013492087600752711,0.0006869017379358411,0.8905029296875,0.425048828125,0.018167724832892418
plant_2897,2897,00,2897,rgb,0.0017854380421340466,0.0007121575763449073,0.0010732804657891393,0.932373046875,0.634765625,0.024186350405216217
plant_2897,2897,00,2897,depth,0.0016717271646484733,0.0008042011177167296,0.0008675261051394045,0.9188232421875,0.62109375,0.023167772218585014
plant_2897,2897,00,2897,ref,0.0015529714291915298,0.0007414956344291568,0.0008114759111776948,0.920166015625,0.562744140625,0.021692920476198196
plant_2927,2927,00,2927,rgb,0.0006475044647231698,0.0003409319615457207,0.00030657256138511,0.798583984375,0.2183837890625,0.014873668551445007
plant_2927,2927,00,2927,depth,0.000598721846472472,0.0003240554651711136,0.00027466638130135834,0.75341796875,0.181884765625,0.01390859391540289
plant_2927,2927,00,2927,ref,0.0006222978117875755,0.00029566194280050695,0.00032663586898706853,0.6995849609375,0.2459716796875,0.013864359818398952
plant_2929,2929,00,2929,rgb,0.0028213211335241795,0.0024240901693701744,0.0003972308477386832,0.858642578125,0.3214111328125,0.016408998519182205
plant_2929,2929,00,2929,depth,0.0015507610514760017,0.0011210476513952017,0.00042971340008080006,0.88037109375,0.38720703125,0.01772548258304596
plant_2929,2929,00,2929,ref,0.0007328869542106986,0.00043586353422142565,0.0002970233908854425,0.739990234375,0.19580078125,0.01348988525569439
plant_2934,2934,00,2934,rgb,0.0013107028789818287,0.0007420026231557131,0.0005687002558261156,0.792236328125,0.334228515625,0.015629777684807777
plant_2934,2934,00,2934,depth,0.0015190746635198593,0.0009141096961684525,0.0006049650255590677,0.8057861328125,0.333251953125,0.016100691631436348
plant_2934,2934,00,2934,ref,0.00179313775151968,0.0009077488211914897,0.0008853889885358512,0.86279296875,0.570068359375,0.022872086614370346
plant_2940,2940,00,2940,rgb,0.0008440905367024243,0.0004080943763256073,0.000435996160376817,0.8157958984375,0.318115234375,0.016131939366459846
plant_2940,2940,00,2940,depth,0.0009807862807065248,0.0004959723446518183,0.0004848140524700284,0.8238525390625,0.3697509765625,0.016996359452605247
plant_2940,2940,00,2940,ref,0.000993654946796596,0.000460474519059062,0.000533180427737534,0.815673828125,0.3907470703125,0.017319219186902046
plant_2941,2941,00,2941,rgb,0.0007826905348338187,0.00035267442581243813,0.00043001610902138054,0.8101806640625,0.283935546875,0.015420832671225071
plant_2941,2941,00,2941,depth,0.0007675682427361608,0.0003867245395667851,0.0003808437322732061,0.773193359375,0.25390625,0.014521589502692223
plant_2941,2941,00,2941,ref,0.0007099471986293793,0.0003379943373147398,0.000371952832210809,0.760498046875,0.2197265625,0.01425870880484581
plant_2944,2944,00,2944,rgb,0.0007432384300045669,0.00041105906711891294,0.00033217936288565397,0.8172607421875,0.2542724609375,0.015348987653851509
plant_2944,2944,00,2944,depth,0.0007999500958248973,0.0004545722040347755,0.0003453778335824609,0.8431396484375,0.275146484375,0.015756698325276375
plant_2944,2944,00,2944,ref,0.000646105210762471,0.00033386365976184607,0.0003122415510006249,0.75341796875,0.216552734375,0.014017321169376373
plant_2952,2952,00,2952,rgb,0.0034238877706229687,0.0019796958658844233,0.0014441917883232236,0.877685546875,0.4139404296875,0.018151147291064262
plant_2952,2952,00,2952,depth,0.0023966061417013407,0.0012982902117073536,0.001098315929993987,0.8564453125,0.373291015625,0.01731935143470764
plant_2952,2952,00,2952,ref,0.001892915926873684,0.0008600569562986493,0.0010328589705750346,0.79443359375,0.40966796875,0.017580809071660042
plant_2955,2955,00,2955,rgb,0.0013505816459655762,0.0006086066132411361,0.0007419749745167792,0.8927001953125,0.5162353515625,0.020436545833945274
plant_2955,2955,00,2955,depth,0.0010321850422769785,0.0004767774953506887,0.0005554076051339507,0.852783203125,0.385498046875,0.017388485372066498
plant_2955,2955,00,2955,ref,0.0008059286046773195,0.00037221750244498253,0.0004337110440246761,0.8150634765625,0.3155517578125,0.015944289043545723
plant_2958,2958,00,2958,rgb,0.0013008686946704984,0.0005341072101145983,0.0007667614845559001,0.8895263671875,0.500244140625,0.02000495232641697
plant_2958,2958,00,2958,depth,0.001656881533563137,0.000634614669252187,0.0010222668061032891,0.89892578125,0.5731201171875,0.02196865901350975
plant_2958,2958,00,2958,ref,0.00079577905125916,0.00035388063406571746,0.0004418984171934426,0.7962646484375,0.3363037109375,0.01632295548915863
plant_2964,2964,00,2964,rgb,0.00111441221088171,0.0005306079983711243,0.0005838042707182467,0.8702392578125,0.412353515625,0.017857860773801804
plant_2964,2964,00,2964,depth,0.0012057414278388023,0.0005951860803179443,0.0006105552893131971,0.875732421875,0.421875,0.018266556784510612
plant_2964,2964,00,2964,ref,0.0010747653432190418,0.000558554835151881,0.0005162105080671608,0.86767578125,0.4041748046875,0.018125398084521294
plant_2966,2966,00,2966,rgb,0.000935684482101351,0.0005554571398533881,0.00038022734224796295,0.7474365234375,0.248046875,0.014129364863038063
plant_2966,2966,00,2966,depth,0.0009132032282650471,0.0005289541441015899,0.00038424908416345716,0.73095703125,0.25048828125,0.014136075042188168
plant_2966,2966,00,2966,ref,0.0007882211357355118,0.00042051533819176257,0.0003677057975437492,0.713134765625,0.22900390625,0.013604414649307728
plant_2984,2984,00,2984,rgb,0.0007713465020060539,0.0002926492888946086,0.0004786972131114453,0.8023681640625,0.30322265625,0.015489348210394382
plant_2984,2984,00,2984,depth,0.0006838031695224345,0.00034785072784870863,0.00033595244167372584,0.775634765625,0.208984375,0.014199045486748219
plant_2984,2984,00,2984,ref,0.0006351702613756061,0.0003119499306194484,0.00032322033075615764,0.7542724609375,0.1947021484375,0.013883812353014946
plant_2989,2989,00,2989,rgb,0.0032579111866652966,0.0018718353239819407,0.0013860759790986776,0.9124755859375,0.5755615234375,0.023434564471244812
plant_2989,2989,00,2989,depth,0.00316044082865119,0.001751522533595562,0.0014089182950556278,0.925537109375,0.6116943359375,0.024395259097218513
plant_2989,2989,00,2989,ref,0.0006851778598502278,0.0003790849004872143,0.00030609293025918305,0.7410888671875,0.1927490234375,0.013703146949410439
plant_3000,3000,00,3000,rgb,0.0011295266449451447,0.00040169977000914514,0.0007278268458321691,0.8602294921875,0.4273681640625,0.018233979120850563
plant_3000,3000,00,3000,depth,0.001088466146029532,0.0004231647471897304,0.0006653013988398015,0.85400390625,0.4404296875,0.01841561496257782
plant_3000,3000,00,3000,ref,0.0012300321832299232,0.0005077128298580647,0.0007223193533718586,0.845947265625,0.439697265625,0.018313776701688766
plant_3011,3011,00,3011,rgb,0.0006541453185491264,0.00033077632542699575,0.00032336899312213063,0.718017578125,0.2156982421875,0.013483814895153046
plant_3011,3011,00,3011,depth,0.0006804869044572115,0.0003277381765656173,0.00035274872789159417,0.7493896484375,0.2623291015625,0.014392657205462456
plant_3011,3011,00,3011,ref,0.0005081724375486374,0.00023929862072691321,0.00026887384592555463,0.694091796875,0.163330078125,0.012997370213270187
plant_3017,3017,00,3017,rgb,0.0034619432408362627,0.002644529100507498,0.0008174141403287649,0.8851318359375,0.5604248046875,0.021810272708535194
plant_3017,3017,00,3017,depth,0.004797027911990881,0.0029118682723492384,0.0018851596396416426,0.9010009765625,0.6103515625,0.025677824392914772
plant_3017,3017,00,3017,ref,0.001338929869234562,0.0007896657916717231,0.0005492641357704997,0.856201171875,0.3902587890625,0.017040370032191277
plant_3018,3018,00,3018,rgb,0.02064128778874874,0.01916927844285965,0.0014720062026754022,0.9515380859375,0.728271484375,0.027825551107525826
plant_3018,3018,00,3018,depth,0.005756738595664501,0.004551833029836416,0.0012049057986587286,0.9306640625,0.677978515625,0.025360971689224243
plant_3018,3018,00,3018,ref,0.0029334118589758873,0.0020283956546336412,0.0009050163207575679,0.9207763671875,0.6572265625,0.0247139111161232
plant_3025,3025,00,3025,rgb,0.0024117205757647753,0.0009689483558759093,0.001442772219888866,0.8663330078125,0.51611328125,0.020618131384253502
plant_3025,3025,00,3025,depth,0.003188531380146742,0.001210197457112372,0.0019783340394496918,0.865966796875,0.5465087890625,0.022310007363557816
plant_3025,3025,00,3025,ref,0.0015251748263835907,0.0007394031854346395,0.0007857715245336294,0.7989501953125,0.4075927734375,0.017050061374902725
plant_3033,3033,00,3033,rgb,0.0018997797742486,0.0014654769329354167,0.0004343028413131833,0.806396484375,0.340576171875,0.016612889245152473
plant_3033,3033,00,3033,depth,0.0023120781406760216,0.0017889924347400665,0.000523085705935955,0.8399658203125,0.46533203125,0.019072936847805977
plant_3033,3033,00,3033,ref,0.0012282956158742309,0.0007550054579041898,0.00047329015797004104,0.7896728515625,0.3145751953125,0.015247102826833725
plant_3040,3040,00,3040,rgb,0.006316230166703463,0.0032699827570468187,0.003046247176826,0.9498291015625,0.7867431640625,0.04453212767839432
plant_3040,3040,00,3040,depth,0.007490519434213638,0.003769070841372013,0.003721448592841625,0.9599609375,0.804931640625,0.035033244639635086
plant_3040,3040,00,3040,ref,0.0007277698023244739,0.00035788206150755286,0.00036988776992075145,0.634033203125,0.1937255859375,0.012595138512551785
plant_3044,3044,00,3044,rgb,0.0020204465836286545,0.0015245290705934167,0.0004959174548275769,0.8336181640625,0.344482421875,0.016544075682759285
plant_3044,3044,00,3044,depth,0.0018543560290709138,0.0013992534950375557,0.00045510250492952764,0.8375244140625,0.3604736328125,0.017001738771796227
plant_3044,3044,00,3044,ref,0.004000396933406591,0.002234820509329438,0.0017655763076618314,0.9127197265625,0.65380859375,0.028202220797538757
plant_3048,3048,00,3048,rgb,0.0009408522164449096,0.00043759532854892313,0.0005032569169998169,0.8148193359375,0.314453125,0.015780018642544746
plant_3048,3048,00,3048,depth,0.0007508654380217195,0.00037548301042988896,0.00037538239848800004,0.7823486328125,0.2265625,0.014425198547542095
plant_3048,3048,00,3048,ref,0.0007331048254854977,0.00027359090745449066,0.00045951391803100705,0.7506103515625,0.2874755859375,0.014817774295806885
plant_3051,3051,00,3051,rgb,0.0011806606780737638,0.0006731506437063217,0.0005075100343674421,0.8431396484375,0.4052734375,0.01794864796102047
plant_3051,3051,00,3051,depth,0.0009607629617676139,0.000537788262590766,0.000422974640969187,0.8477783203125,0.376220703125,0.017262155190110207
plant_3051,3051,00,3051,ref,0.0023978673852980137,0.001285269856452942,0.0011125976452603936,0.90771484375,0.56396484375,0.0218026302754879
plant_3056,3056,00,3056,rgb,0.0015821187989786267,0.001046768738888204,0.0005353500600904226,0.867431640625,0.461669921875,0.019117986783385277
plant_3056,3056,00,3056,depth,0.002011203207075596,0.0015174647560343146,0.0004937384510412812,0.8658447265625,0.4698486328125,0.019297286868095398
plant_3056,3056,00,3056,ref,0.0014770750422030687,0.0008776510367169976,0.0005994241801090539,0.8486328125,0.44140625,0.018336769193410873
plant_3062,3062,00,3062,rgb,0.0018288630526512861,0.0009780899854376912,0.0008507730672135949,0.8731689453125,0.4996337890625,0.019992118701338768
plant_3062,3062,00,3062,depth,0.0017308170208707452,0.0009423436131328344,0.0007884734077379107,0.8875732421875,0.47998046875,0.0194870438426733
plant_3062,3062,00,3062,ref,0.001983986934646964,0.0009906417690217495,0.0009933451656252146,0.87939453125,0.506591796875,0.020275987684726715
plant_3065,3065,00,3065,rgb,0.002115248702466488,0.001294777262955904,0.0008204716141335666,0.85693359375,0.466064453125,0.019009431824088097
plant_3065,3065,00,3065,depth,0.0013858233578503132,0.0009685144177637994,0.00041730888187885284,0.80419921875,0.317626953125,0.015773430466651917
plant_3065,3065,00,3065,ref,0.0008078187238425016,0.0005450873868539929,0.00026273130788467824,0.7095947265625,0.157958984375,0.013032950460910797
plant_3072,3072,00,3072,rgb,0.0013925150269642472,0.000496436667162925,0.0008960783598013222,0.8870849609375,0.5531005859375,0.021806512027978897
plant_3072,3072,00,3072,depth,0.0013595689088106155,0.0004978290526196361,0.0008617398561909795,0.887451171875,0.5286865234375,0.02095647342503071
plant_3072,3072,00,3072,ref,0.0012941109016537666,0.0003263645339757204,0.0009677463094703853,0.827880859375,0.421142578125,0.01802936941385269
plant_3075,3075,00,3075,rgb,0.0015788928139954805,0.0006303959526121616,0.0009484968613833189,0.9005126953125,0.5328369140625,0.021023135632276535
plant_3075,3075,00,3075,depth,0.001454134937375784,0.0006016727420501411,0.0008524621371179819,0.8887939453125,0.513671875,0.020377283915877342
plant_3075,3075,00,3075,ref,0.0015928138745948672,0.0007970294100232422,0.000795784464571625,0.9119873046875,0.57373046875,0.022209571674466133
plant_3089,3089,00,3089,rgb,0.0010084833484143019,0.0003780393744818866,0.0006304440903477371,0.79150390625,0.3480224609375,0.016301685944199562
plant_3089,3089,00,3089,depth,0.0009318265947513282,0.00038359512109309435,0.0005482314736582339,0.757568359375,0.2711181640625,0.014723318628966808
plant_3089,3089,00,3089,ref,0.0005273216520436108,0.0001960485678864643,0.00033127309870906174,0.626220703125,0.1810302734375,0.011999671347439289
plant_3110,3110,00,3110,rgb,0.006382692139595747,0.002864935901015997,0.00351775623857975,0.92724609375,0.6986083984375,0.032364621758461
plant_3110,3110,00,3110,depth,0.005475514568388462,0.0024908301420509815,0.0029846837278455496,0.933349609375,0.686767578125,0.030857421457767487
plant_3110,3110,00,3110,ref,0.0008462865371257067,0.0004975401679985225,0.00034874636912718415,0.753662109375,0.19970703125,0.013970911502838135
plant_3118,3118,00,3118,rgb,0.002073210896924138,0.001287305261939764,0.0007859057513996959,0.8807373046875,0.541259765625,0.02116350829601288
plant_3118,3118,00,3118,depth,0.001636370550841093,0.0011123035801574588,0.0005240669706836343,0.8377685546875,0.4404296875,0.0182911716401577
plant_3118,3118,00,3118,ref,0.0012773158960044384,0.0008087444002740085,0.0004685714957304299,0.7891845703125,0.364013671875,0.016365040093660355
plant_3121,3121,00,3121,rgb,0.0007542388048022985,0.00035433872835710645,0.0003999000764451921,0.774169921875,0.275390625,0.015264968387782574
plant_3121,3121,00,3121,depth,0.000931567745283246,0.00041408283868804574,0.0005174849065952003,0.8209228515625,0.3245849609375,0.016300354152917862
plant_3121,3121,00,3121,ref,0.0008479852695018053,0.0003098198212683201,0.0005381654482334852,0.818603515625,0.38037109375,0.01735721156001091
plant_3125,3125,00,3125,rgb,0.0006957185687497258,0.0002975535171572119,0.0003981650806963444,0.7386474609375,0.201416015625,0.013478865846991539
plant_3125,3125,00,3125,depth,0.0009717030334286392,0.0003913129330612719,0.0005803901003673673,0.7615966796875,0.287841796875,0.014563935808837414
plant_3125,3125,00,3125,ref,0.0006072967080399394,0.0002576079568825662,0.0003496887511573732,0.6533203125,0.2191162109375,0.012906825169920921
plant_3134,3134,00,3134,rgb,0.0012388017494231462,0.0005182597087696195,0.0007205420406535268,0.8804931640625,0.4822998046875,0.019501371309161186
plant_3134,3134,00,3134,depth,0.001116994651965797,0.0005175915430299938,0.0005994031089358032,0.8953857421875,0.487548828125,0.01972999982535839
plant_3134,3134,00,3134,ref,0.000948333996348083,0.00044895248720422387,0.0004993815091438591,0.850830078125,0.3994140625,0.01764114387333393
plant_3135,3135,00,3135,rgb,0.001292520435526967,0.0007610502652823925,0.0005314702284522355,0.853759765625,0.3868408203125,0.01755341701209545
plant_3135,3135,00,3135,depth,0.0020525665022432804,0.0012556402944028378,0.0007969261496327817,0.8802490234375,0.490966796875,0.01979951560497284
plant_3135,3135,00,3135,ref,0.0008864187984727323,0.0004619104147423059,0.0004245084128342569,0.7958984375,0.2978515625,0.015714971348643303
plant_3145,3145,00,3145,rgb,0.0005661873146891594,0.0002486074226908386,0.0003175798919983208,0.7222900390625,0.198974609375,0.013558582402765751
plant_3145,3145,00,3145,depth,0.0006977046141400933,0.00027096978737972677,0.0004267347976565361,0.7415771484375,0.27685546875,0.014617223292589188
plant_3145,3145,00,3145,ref,0.0011006015120074153,0.00048678118037059903,0.0006138203316368163,0.8096923828125,0.4525146484375,0.018794771283864975
plant_3148,3148,00,3148,rgb,0.001291049411520362,0.0007196506485342979,0.000571398704778403,0.8909912109375,0.45703125,0.01891803927719593
plant_3148,3148,00,3148,depth,0.0014915189240127802,0.0008886193973012269,0.0006028995267115533,0.8951416015625,0.4810791015625,0.019533943384885788
plant_3148,3148,00,3148,ref,0.0007727569900453091,0.0004428449901752174,0.0003299119998700917,0.8302001953125,0.2554931640625,0.015585757791996002
plant_3151,3151,00,3151,rgb,0.0004917529877275229,0.00026549852918833494,0.00022625444398727268,0.6727294921875,0.1197509765625,0.012375250458717346
plant_3151,3151,00,3151,depth,0.0006286405259743333,0.00040105782682076097,0.0002275826846016571,0.661865234375,0.12939453125,0.0122930146753788
plant_3151,3151,00,3151,ref,0.0011247803922742605,0.0005738328327424824,0.000550947617739439,0.7799072265625,0.3740234375,0.016364410519599915
plant_3155,3155,00,3155,rgb,0.001906789606437087,0.0010934768943116069,0.0008133127703331411,0.8863525390625,0.4901123046875,0.01966652274131775
plant_3155,3155,00,3155,depth,0.0015386445447802544,0.0009708828292787075,0.0005677617737092078,0.86865234375,0.4229736328125,0.017978234216570854
plant_3155,3155,00,3155,ref,0.0015512509271502495,0.00114680384285748,0.00040444714250043035,0.821533203125,0.31396484375,0.016127934679389
plant_3166,3166,00,3166,rgb,0.0017703204648569226,0.001310138963162899,0.00046018153079785407,0.83935546875,0.3157958984375,0.016035886481404305
plant_3166,3166,00,3166,depth,0.0009529876988381147,0.000563857494853437,0.0003891302039846778,0.8118896484375,0.2720947265625,0.015301782637834549
plant_3166,3166,00,3166,ref,0.001498183235526085,0.0006345901638269424,0.0008635930716991425,0.871826171875,0.5079345703125,0.02019241824746132
plant_3168,3168,00,3168,rgb,0.0012480177683755755,0.0008326289243996143,0.0004153888439759612,0.8739013671875,0.3470458984375,0.017316272482275963
plant_3168,3168,00,3168,depth,0.0012424590531736612,0.0008386481204070151,0.00040381087455898523,0.8543701171875,0.3592529296875,0.01743348501622677
plant_3168,3168,00,3168,ref,0.0012917761923745275,0.000843954214360565,0.00044782194891013205,0.8878173828125,0.3995361328125,0.018082501366734505
plant_3169,3169,00,3169,rgb,0.002335872733965516,0.0009091252577491105,0.0014267473015934229,0.9237060546875,0.6136474609375,0.02374965511262417
plant_3169,3169,00,3169,depth,0.002601053100079298,0.0009512007818557322,0.0016498523764312267,0.9354248046875,0.6168212890625,0.023646434769034386
plant_3169,3169,00,3169,ref,0.0021181474439799786,0.0010544757824391127,0.0010636717779561877,0.944580078125,0.6927490234375,0.025700317695736885
plant_3175,3175,00,3175,rgb,0.0011779802152886987,0.0007385071367025375,0.00043947313679382205,0.8548583984375,0.3426513671875,0.016988525167107582
plant_3175,3175,00,3175,depth,0.0021164482459425926,0.0015658852644264698,0.0005505630979314446,0.8990478515625,0.4998779296875,0.019995225593447685
plant_3175,3175,00,3175,ref,0.000947900814935565,0.000516564934514463,0.0004313359095249325,0.7529296875,0.256591796875,0.014138545840978622
plant_3179,3179,00,3179,rgb,0.0006011708173900843,0.0002706540981307626,0.00033051669015549123,0.6934814453125,0.1788330078125,0.01300476212054491
plant_3179,3179,00,3179,depth,0.0006881145527586341,0.0003139896143693477,0.00037412490928545594,0.7132568359375,0.2071533203125,0.013467316515743732
plant_3179,3179,00,3179,ref,0.0006672146846540272,0.00029603211442008615,0.000371182628441602,0.7374267578125,0.23828125,0.014009914360940456
plant_3185,3185,00,3185,rgb,0.0011299105826765299,0.00047683619777671993,0.0006530744140036404,0.8653564453125,0.4466552734375,0.018638772889971733
plant_3185,3185,00,3185,depth,0.0008195490809157491,0.0003492100804578513,0.0004703390004578978,0.8271484375,0.335205078125,0.016429413110017776
plant_3185,3185,00,3185,ref,0.0007395251886919141,0.0003098543966189027,0.0004296708502806723,0.7802734375,0.3153076171875,0.015524808317422867
plant_3195,3195,00,3195,rgb,0.0018008070765063167,0.001005210680887103,0.0007955963956192136,0.921875,0.5203857421875,0.020484166219830513
plant_3195,3195,00,3195,depth,0.0017360623460263014,0.0009697544737718999,0.0007663076976314187,0.9080810546875,0.4630126953125,0.019278695806860924
plant_3195,3195,00,3195,ref,0.0027042878791689873,0.0014842881355434656,0.0012199996272101998,0.9444580078125,0.655029296875,0.024600867182016373
plant_3209,3209,00,3209,rgb,0.0043142870999872684,0.0030119242146611214,0.001302363001741469,0.93017578125,0.678466796875,0.027605637907981873
plant_3209,3209,00,3209,depth,0.00485299713909626,0.00425149779766798,0.0006014991085976362,0.919189453125,0.5418701171875,0.020970921963453293
plant_3209,3209,00,3209,ref,0.0011394446482881904,0.0007919555646367371,0.00034748908365145326,0.7286376953125,0.2095947265625,0.013547105714678764
plant_3210,3210,00,3210,rgb,0.002655521035194397,0.001311836764216423,0.0013436841545626521,0.9090576171875,0.6287841796875,0.025867337360978127
plant_3210,3210,00,3210,depth,0.002500341273844242,0.0012959742452949286,0.0012043670285493135,0.913330078125,0.6419677734375,0.02560025453567505
plant_3210,3210,00,3210,ref,0.0012991066323593259,0.000557806110009551,0.0007413005805574358,0.8477783203125,0.4713134765625,0.01913030631840229
plant_3212,3212,00,3212,rgb,0.0028260324615985155,0.0021845130249857903,0.0006415194948203862,0.90185546875,0.4844970703125,0.01959199830889702
plant_3212,3212,00,3212,depth,0.0034496192820370197,0.0027642911300063133,0.0006853280356153846,0.91796875,0.5130615234375,0.02032768912613392
plant_3212,3212,00,3212,ref,0.002742376644164324,0.0018905478063970804,0.0008518288959749043,0.925048828125,0.5947265625,0.022723615169525146
plant_3213,3213,00,3213,rgb,0.0014347087126225233,0.0008025661809369922,0.0006321425316855311,0.8956298828125,0.5050048828125,0.02010912075638771
plant_3213,3213,00,3213,depth,0.0013290980132296681,0.0007149541052058339,0.0006141439080238342,0.8846435546875,0.5037841796875,0.020103201270103455
plant_3213,3213,00,3213,ref,0.0016045584343373775,0.000880628009326756,0.0007239304250106215,0.8653564453125,0.462890625,0.01904572919011116
plant_3218,3218,00,3218,rgb,0.0017991969361901283,0.0005682918126694858,0.0012309051817283034,0.8812255859375,0.526611328125,0.020946143195033073
plant_3218,3218,00,3218,depth,0.001770722446963191,0.000610490154940635,0.0011602322338148952,0.882080078125,0.5206298828125,0.020668823271989822
plant_3218,3218,00,3218,ref,0.0010451686102896929,0.0004944602260366082,0.0005507083842530847,0.841064453125,0.3433837890625,0.016420992091298103
plant_3226,3226,00,3226,rgb,0.0006307376315817237,0.0003055769484490156,0.00032516068313270807,0.741943359375,0.19873046875,0.014133615419268608
plant_3226,3226,00,3226,depth,0.0008663226617500186,0.0004390054673422128,0.0004273171362001449,0.7696533203125,0.2591552734375,0.014779185876250267
plant_3226,3226,00,3226,ref,0.0008117035031318665,0.0003694579645525664,0.00044224553857930005,0.719970703125,0.2288818359375,0.013290569186210632
plant_3229,3229,00,3229,rgb,0.0015437407419085503,0.0007576124044135213,0.0007861282792873681,0.8369140625,0.4261474609375,0.01776808127760887
plant_3229,3229,00,3229,depth,0.0015398382674902678,0.0007154892664402723,0.0008243490010499954,0.8443603515625,0.4151611328125,0.017730223014950752
plant_3229,3229,00,3229,ref,0.000848460360430181,0.00042238779133185744,0.0004260725690983236,0.7591552734375,0.3358154296875,0.01577925495803356
plant_3233,3233,00,3233,rgb,0.0009144304785877466,0.0003948061494156718,0.0005196243873797357,0.8609619140625,0.405029296875,0.017897624522447586
plant_3233,3233,00,3233,depth,0.0008804620592854917,0.00036745439865626395,0.0005130076315253973,0.85693359375,0.3858642578125,0.017695927992463112
plant_3233,3233,00,3233,ref,0.0009025507606565952,0.0004101558297406882,0.0004923949018120766,0.8243408203125,0.4202880859375,0.0182811189442873
plant_3240,3240,00,3240,rgb,0.0008764171507209539,0.0004797788569703698,0.0003966382937505841,0.7379150390625,0.2589111328125,0.014272903092205524
plant_3240,3240,00,3240,depth,0.0010226978920400143,0.0006042695604264736,0.0004184283025097102,0.77197265625,0.27978515625,0.014846709556877613
plant_3240,3240,00,3240,ref,0.0005294224829412997,0.00024577591102570295,0.0002836465719155967,0.6263427734375,0.155029296875,0.011827964335680008
plant_3249,3249,00,3249,rgb,0.0015096294227987528,0.0007106484263204038,0.0007989810546860099,0.8800048828125,0.4481201171875,0.018612327054142952
plant_3249,3249,00,3249,depth,0.001776989083737135,0.0008654337143525481,0.0009115553693845868,0.876953125,0.442626953125,0.018498335033655167
plant_3249,3249,00,3249,ref,0.0009966049110516906,0.0005344133824110031,0.000462191499536857,0.84423828125,0.3370361328125,0.01661030203104019
plant_3263,3263,00,3263,rgb,0.002158145885914564,0.0011910239700227976,0.0009671218576841056,0.877197265625,0.4837646484375,0.019554007798433304
plant_3263,3263,00,3263,depth,0.002892670687288046,0.002026122063398361,0.0008665486820973456,0.8804931640625,0.4520263671875,0.018859809264540672
plant_3263,3263,00,3263,ref,0.004300601314753294,0.0029489214066416025,0.0013516799081116915,0.91259765625,0.5389404296875,0.021106423810124397
plant_3266,3266,00,3266,rgb,0.0018951111705973744,0.0011725431540980935,0.00072256795829162,0.9036865234375,0.4827880859375,0.01960126869380474
plant_3266,3266,00,3266,depth,0.002244750037789345,0.0013867763336747885,0.0008579735876992345,0.9163818359375,0.572265625,0.02245723269879818
plant_3266,3266,00,3266,ref,0.0015503141330555081,0.0005366532132029533,0.0010136609198525548,0.85009765625,0.422607421875,0.017863035202026367
plant_3282,3282,00,3282,rgb,0.0006164772203192115,0.00027851626509800553,0.0003379609843250364,0.814697265625,0.25439453125,0.015153040178120136
plant_3282,3282,00,3282,depth,0.0006216585170477629,0.0002857542713172734,0.0003359042457304895,0.806396484375,0.267822265625,0.01545941736549139
plant_3282,3282,00,3282,ref,0.0008226203499361873,0.00031006382778286934,0.0005125566385686398,0.8023681640625,0.3907470703125,0.017414502799510956
plant_3284,3284,00,3284,rgb,0.0031640385277569294,0.0014999760314822197,0.0016640623798593879,0.8741455078125,0.6282958984375,0.02616874687373638
plant_3284,3284,00,3284,depth,0.0030170653481036425,0.0014675192069262266,0.0015495461411774158,0.87060546875,0.5936279296875,0.024241572245955467
plant_3284,3284,00,3284,ref,0.0008029114687815309,0.00041793970740400255,0.0003849717613775283,0.6419677734375,0.2449951171875,0.012847167439758778
plant_3289,3289,00,3289,rgb,0.003545711748301983,0.0030822076369076967,0.0004635040822904557,0.8519287109375,0.4017333984375,0.017844101414084435
plant_3289,3289,00,3289,depth,0.003411361714825034,0.0028735948726534843,0.0005377668421715498,0.86767578125,0.4466552734375,0.018748890608549118
plant_3289,3289,00,3289,ref,0.002026783302426338,0.0013617331860587,0.0006650502327829599,0.837646484375,0.433837890625,0.0181904174387455
plant_3301,3301,00,3301,rgb,0.009904018603265285,0.008389659225940704,0.0015143591444939375,0.943115234375,0.7108154296875,0.02888408862054348
plant_3301,3301,00,3301,depth,0.008403077721595764,0.007157971616834402,0.0012451058719307184,0.91552734375,0.6077880859375,0.023744193837046623
plant_3301,3301,00,3301,ref,0.002236414235085249,0.0014071877812966704,0.0008292265119962394,0.789306640625,0.4605712890625,0.01863887719810009
plant_3304,3304,00,3304,rgb,0.0030012712813913822,0.002102854661643505,0.000898416736163199,0.8953857421875,0.5494384765625,0.021553805097937584
plant_3304,3304,00,3304,depth,0.0024403566494584084,0.0018860161071643233,0.000554340542294085,0.859375,0.44677734375,0.018793143332004547
plant_3304,3304,00,3304,ref,0.0005695531144738197,0.0002893358760047704,0.0002802172093652189,0.6014404296875,0.2021484375,0.011878928169608116
plant_3323,3323,00,3323,rgb,0.0005970419151708484,0.00030448444886133075,0.00029255743720568717,0.731689453125,0.202880859375,0.013755850493907928
plant_3323,3323,00,3323,depth,0.0006020729197189212,0.0003166223759762943,0.0002854505437426269,0.703369140625,0.1844482421875,0.013251729309558868
plant_3323,3323,00,3323,ref,0.000452705891802907,0.0001955866755452007,0.00025711918715387583,0.6522216796875,0.1593017578125,0.012249752879142761
plant_3324,3324,00,3324,rgb,0.007264588959515095,0.006065158173441887,0.0011994305532425642,0.9508056640625,0.655517578125,0.024036535993218422
plant_3324,3324,00,3324,depth,0.005835177842527628,0.004909990821033716,0.0009251870214939117,0.9461669921875,0.6549072265625,0.024125467985868454
plant_3324,3324,00,3324,ref,0.0016383613692596555,0.0008257185108959675,0.000812642858363688,0.851806640625,0.440673828125,0.018081361427903175
plant_3325,3325,00,3325,rgb,0.002438728231936693,0.0019293163204565644,0.0005094119696877897,0.8768310546875,0.4217529296875,0.018184468150138855
plant_3325,3325,00,3325,depth,0.002839056309312582,0.0022726627066731453,0.0005663934862241149,0.908203125,0.46875,0.019374467432498932
plant_3325,3325,00,3325,ref,0.001230217982083559,0.0006772407796233892,0.0005529771442525089,0.84765625,0.4481201171875,0.018660295754671097
plant_3326,3326,00,3326,rgb,0.0009721050737425685,0.0005014280322939157,0.0004706770123448223,0.791748046875,0.33935546875,0.0162520632147789
plant_3326,3326,00,3326,depth,0.00113520713057369,0.0006413950468413532,0.0004938120837323368,0.8177490234375,0.3587646484375,0.016989383846521378
plant_3326,3326,00,3326,ref,0.0014400766231119633,0.0008273846469819546,0.0006126919761300087,0.880126953125,0.4892578125,0.019704900681972504
plant_3330,3330,00,3330,rgb,0.0006935985293239355,0.0002850897144526243,0.0004085087566636503,0.78173828125,0.2989501953125,0.015627238899469376
plant_3330,3330,00,3330,depth,0.0007141664391383529,0.00029735424323007464,0.0004168121959082782,0.789306640625,0.2889404296875,0.015561960637569427
plant_3330,3330,00,3330,ref,0.0008422344690188766,0.0004483803641051054,0.0003938541340176016,0.81298828125,0.2996826171875,0.015862541273236275
plant_3340,3340,00,3340,rgb,0.008214334025979042,0.0034309118054807186,0.004783421754837036,0.9755859375,0.8460693359375,0.03580315783619881
plant_3340,3340,00,3340,depth,0.007969552651047707,0.004566257819533348,0.003403294598683715,0.9642333984375,0.7908935546875,0.032056599855422974
plant_3340,3340,00,3340,ref,0.003713972168043256,0.002728767227381468,0.000985204940661788,0.93310546875,0.6036376953125,0.02270621620118618
plant_3346,3346,00,3346,rgb,0.0032593482173979282,0.002514669205993414,0.0007446789531968534,0.8359375,0.5020751953125,0.0201254915446043
plant_3346,3346,00,3346,depth,0.006629963405430317,0.005964773241430521,0.0006651899311691523,0.89697265625,0.561279296875,0.02182275429368019
plant_3346,3346,00,3346,ref,0.0020755892619490623,0.0012306126300245523,0.00084497663192451,0.89453125,0.519775390625,0.020545130595564842
plant_3350,3350,00,3350,rgb,0.001151470234617591,0.000621817191131413,0.0005296531016938388,0.827880859375,0.3714599609375,0.01676132157444954
plant_3350,3350,00,3350,depth,0.0014463820261880755,0.0007478115730918944,0.0006985704530961812,0.8604736328125,0.5411376953125,0.02123604528605938
plant_3350,3350,00,3350,ref,0.001123181078583002,0.0005124137969687581,0.0006107672234065831,0.7957763671875,0.3477783203125,0.01612936332821846
plant_3351,3351,00,3351,rgb,0.001441718777641654,0.0004653897194657475,0.000976329087279737,0.885986328125,0.5389404296875,0.021287202835083008
plant_3351,3351,00,3351,depth,0.0015746045392006636,0.0005101058050058782,0.0010644987924024463,0.8900146484375,0.543212890625,0.021459581330418587
plant_3351,3351,00,3351,ref,0.0013383218320086598,0.0006641411455348134,0.0006741806864738464,0.86279296875,0.441162109375,0.018622424453496933
plant_3352,3352,00,3352,rgb,0.002157405484467745,0.0017292407574132085,0.00042816466884687543,0.7467041015625,0.3134765625,0.014925066381692886
plant_3352,3352,00,3352,depth,0.0016646480653434992,0.0011957488022744656,0.0004688992921728641,0.7874755859375,0.366455078125,0.016596905887126923
plant_3352,3352,00,3352,ref,0.0011644577607512474,0.0007354993722401559,0.00042895833030343056,0.666015625,0.236083984375,0.013213425874710083
plant_3356,3356,00,3356,rgb,0.0008590223733335733,0.00034320936538279057,0.0005158130079507828,0.8597412109375,0.4195556640625,0.017934950068593025
plant_3356,3356,00,3356,depth,0.0009941445896402001,0.0003947110380977392,0.0005994335515424609,0.8748779296875,0.4613037109375,0.019021645188331604
plant_3356,3356,00,3356,ref,0.001120793865993619,0.00041743897600099444,0.0007033548899926245,0.84619140625,0.494873046875,0.019903913140296936
plant_3363,3363,00,3363,rgb,0.0035682355519384146,0.0021283228415995836,0.001439912710338831,0.957763671875,0.829833984375,0.035573169589042664
plant_3363,3363,00,3363,depth,0.003755229990929365,0.0022236136719584465,0.0015316165518015623,0.9500732421875,0.8153076171875,0.03515618294477463
plant_3363,3363,00,3363,ref,0.0011129090562462807,0.0006626078975386918,0.0004503011587075889,0.88037109375,0.360595703125,0.017235692590475082
plant_3376,3376,00,3376,rgb,0.0010850896360352635,0.0005460852989926934,0.0005390043370425701,0.8436279296875,0.3687744140625,0.017129672691226006
plant_3376,3376,00,3376,depth,0.0009920226875692606,0.0004693152732215822,0.0005227073561400175,0.84326171875,0.383056640625,0.01761036552488804
plant_3376,3376,00,3376,ref,0.0009834174998104572,0.00040772059583105147,0.0005756968166679144,0.825927734375,0.342529296875,0.01672181859612465
plant_3380,3380,00,3380,rgb,0.0008413157775066793,0.00042500541894696653,0.0004163103294558823,0.8038330078125,0.30224609375,0.015529687516391277
plant_3380,3380,00,3380,depth,0.0005992877995595336,0.00031521462369710207,0.000284073204966262,0.7325439453125,0.175048828125,0.013629212975502014
plant_3380,3380,00,3380,ref,0.0007891277782619,0.0003162463253829628,0.00047288151108659804,0.6995849609375,0.35595703125,0.015683189034461975
plant_3383,3383,00,3383,rgb,0.003890587482601404,0.0022248534951359034,0.001665733871050179,0.8177490234375,0.59033203125,0.024510586634278297
plant_3383,3383,00,3383,depth,0.004002079833298922,0.002267589559778571,0.0017344901571050286,0.831298828125,0.602783203125,0.024721693247556686
plant_3383,3383,00,3383,ref,0.0006710836896672845,0.00035091728204861283,0.0003201663785148412,0.709228515625,0.189697265625,0.013550752773880959
plant_3391,3391,00,3391,rgb,0.0017505716532468796,0.0010205423459410667,0.000730029190890491,0.8673095703125,0.4732666015625,0.019106652587652206
plant_3391,3391,00,3391,depth,0.0018937888089567423,0.0011115983361378312,0.000782190531026572,0.8643798828125,0.4873046875,0.01955796405673027
plant_3391,3391,00,3391,ref,0.0014029238373041153,0.0005641977186314762,0.0008387261768803,0.7998046875,0.450439453125,0.01752493530511856
plant_3392,3392,00,3392,rgb,0.002377081662416458,0.0013865834334865212,0.0009904983453452587,0.8756103515625,0.4434814453125,0.01848091185092926
plant_3392,3392,00,3392,depth,0.002197282388806343,0.0013309387722983956,0.0008663436747156084,0.8499755859375,0.406494140625,0.01742943748831749
plant_3392,3392,00,3392,ref,0.0016262676799669862,0.0008748701657168567,0.0007513975142501295,0.8953857421875,0.48486328125,0.01962387189269066
plant_3398,3398,00,3398,rgb,0.00084624660667032,0.0004628420574590564,0.00038340449100360274,0.794189453125,0.292236328125,0.01524320151656866
plant_3398,3398,00,3398,depth,0.000761926406994462,0.0004103151732124388,0.00035161126288585365,0.7835693359375,0.2623291015625,0.014928416348993778
plant_3398,3398,00,3398,ref,0.0005065359873697162,0.00025197703507728875,0.00025455892318859696,0.6837158203125,0.185302734375,0.013142714276909828
plant_3405,3405,00,3405,rgb,0.0010384181514382362,0.0005293458816595376,0.0005090722115710378,0.737548828125,0.2750244140625,0.014036517590284348
plant_3405,3405,00,3405,depth,0.0012330046156421304,0.0005700261099264026,0.0006629785057157278,0.736083984375,0.345703125,0.014837774448096752
plant_3405,3405,00,3405,ref,0.0008966946043074131,0.00041878773481585085,0.0004779068403877318,0.7457275390625,0.269287109375,0.014121822081506252
plant_3428,3428,00,3428,rgb,0.0008902362314984202,0.0004992608446627855,0.00039097535773180425,0.833251953125,0.297607421875,0.01623997837305069
plant_3428,3428,00,3428,depth,0.0008957373211160302,0.0005528136971406639,0.0003429237112868577,0.8189697265625,0.25341796875,0.01535172201693058
plant_3428,3428,00,3428,ref,0.0007594472263008356,0.0003031745145563036,0.000456272711744532,0.804443359375,0.314697265625,0.01581639237701893
plant_3437,3437,00,3437,rgb,0.0018515284173190594,0.0007662946591153741,0.0010852336417883635,0.9049072265625,0.5804443359375,0.022785406559705734
plant_3437,3437,00,3437,depth,0.001451633172109723,0.0006167201208882034,0.0008349130512215197,0.876220703125,0.4942626953125,0.019813884049654007
plant_3437,3437,00,3437,ref,0.0012756014475598931,0.0006459207506850362,0.000629680696874857,0.864013671875,0.40576171875,0.017923839390277863
plant_3438,3438,00,3438,rgb,0.0010357435094192624,0.0006846137694083154,0.000351129740010947,0.833251953125,0.2650146484375,0.01573764532804489
plant_3438,3438,00,3438,depth,0.0013233576901257038,0.0009734340128488839,0.0003499236481729895,0.8519287109375,0.2579345703125,0.01597617194056511
plant_3438,3438,00,3438,ref,0.0008780287462286651,0.0004680156125687063,0.0004100131045561284,0.8243408203125,0.3543701171875,0.016910983249545097
plant_3454,3454,00,3454,rgb,0.001276263385079801,0.0008154986426234245,0.00046076474245637655,0.8353271484375,0.29541015625,0.0161077119410038
plant_3454,3454,00,3454,depth,0.0011161034926772118,0.0007306282059289515,0.0003854752576444298,0.8199462890625,0.247802734375,0.015548444353044033
plant_3454,3454,00,3454,ref,0.0008133848896250129,0.00043848558561876416,0.0003748993040062487,0.74560546875,0.2425537109375,0.013947202824056149
plant_3457,3457,00,3457,rgb,0.001806318061426282,0.0007668863981962204,0.0010394315468147397,0.8984375,0.5689697265625,0.02179092727601528
plant_3457,3457,00,3457,depth,0.006004531867802143,0.002125662285834551,0.003878869814798236,0.94775390625,0.7298583984375,0.034302983433008194
plant_3457,3457,00,3457,ref,0.0009646451799198985,0.0004750820517074317,0.0004895630991086364,0.8558349609375,0.3839111328125,0.017429828643798828
plant_3459,3459,00,3459,rgb,0.0018886456964537501,0.0007096396293491125,0.0011790060671046376,0.9195556640625,0.636474609375,0.02414320968091488
plant_3459,3459,00,3459,depth,0.001959729939699173,0.0007834851276129484,0.0011762446956709027,0.91552734375,0.6259765625,0.02342173084616661
plant_3459,3459,00,3459,ref,0.0012061269953846931,0.0005079722031950951,0.000698154850397259,0.8319091796875,0.4476318359375,0.018512748181819916
plant_3463,3463,00,3463,rgb,0.0021089036017656326,0.001623439253307879,0.00048546423204243183,0.8792724609375,0.373046875,0.01787514239549637
plant_3463,3463,00,3463,depth,0.0025337720289826393,0.0019393677357584238,0.0005944044096395373,0.9222412109375,0.5357666015625,0.020658304914832115
plant_3463,3463,00,3463,ref,0.0013981088995933533,0.0010530671570450068,0.00034504171344451606,0.6884765625,0.203125,0.012424653396010399
plant_3470,3470,00,3470,rgb,0.0008750226115807891,0.00038302940083667636,0.0004919932107441127,0.8204345703125,0.32275390625,0.016187001019716263
plant_3470,3470,00,3470,depth,0.0008165942854247987,0.0003873348468914628,0.00042925949674099684,0.7996826171875,0.3094482421875,0.015843328088521957
plant_3470,3470,00,3470,ref,0.0011208204086869955,0.000583656074013561,0.0005371642764657736,0.856201171875,0.3963623046875,0.017721327021718025
plant_3471,3471,00,3471,rgb,0.0019402164034545422,0.001108609838411212,0.000831606681458652,0.8748779296875,0.4599609375,0.018963178619742393
plant_3471,3471,00,3471,depth,0.0018654605373740196,0.0010822878684848547,0.0007831727270968258,0.882080078125,0.4718017578125,0.019221726804971695
plant_3471,3471,00,3471,ref,0.0015985696809366345,0.0005515298689715564,0.0010470397537574172,0.73193359375,0.423095703125,0.016833975911140442
plant_3478,3478,00,3478,rgb,0.0014149241615086794,0.0008571506477892399,0.0005577735137194395,0.8507080078125,0.419189453125,0.018172437325119972
plant_3478,3478,00,3478,depth,0.000984305515885353,0.000597461883444339,0.00038684369064867496,0.8330078125,0.31396484375,0.016052208840847015
plant_3478,3478,00,3478,ref,0.0016086308751255274,0.0012116946745663881,0.0003969362296629697,0.8154296875,0.2943115234375,0.015337612479925156
plant_3479,3479,00,3479,rgb,0.0009674846660345793,0.00039164445479400456,0.0005758401821367443,0.844482421875,0.385498046875,0.017288988456130028
plant_3479,3479,00,3479,depth,0.0007417034357786179,0.00029530085157603025,0.00044640249689109623,0.788330078125,0.29345703125,0.01539113000035286
plant_3479,3479,00,3479,ref,0.0005410041194409132,0.00020644927280955017,0.0003345548175275326,0.72119140625,0.2313232421875,0.01391393132507801
plant_3483,3483,00,3483,rgb,0.0007132471655495465,0.0002760650240816176,0.0004371821414679289,0.791259765625,0.2855224609375,0.0151521610096097
plant_3483,3483,00,3483,depth,0.000587522576097399,0.00025916885351762176,0.00032835372257977724,0.7205810546875,0.1949462890625,0.013515057042241096
plant_3483,3483,00,3483,ref,0.0006542399642057717,0.0002137053816113621,0.0004405345825944096,0.74267578125,0.329345703125,0.015762295573949814
plant_3487,3487,00,3487,rgb,0.0037801479920744896,0.0020278797019273043,0.0017522684065625072,0.8946533203125,0.5064697265625,0.020168635994195938
plant_3487,3487,00,3487,depth,0.0021435015369206667,0.0009754252387210727,0.001168076298199594,0.8638916015625,0.4046630859375,0.017727939411997795
plant_3487,3487,00,3487,ref,0.0024146409705281258,0.0012975942809134722,0.0011170465731993318,0.9049072265625,0.51953125,0.020544718950986862
plant_3491,3491,00,3491,rgb,0.0012240447103977203,0.0006784541183151305,0.000545590533874929,0.8642578125,0.357421875,0.016734860837459564
plant_3491,3491,00,3491,depth,0.001116029336117208,0.0006369850598275661,0.00047904421808198094,0.87646484375,0.3492431640625,0.01710636541247368
plant_3491,3491,00,3491,ref,0.0011579780839383602,0.0005998009582981467,0.0005581771256402135,0.8436279296875,0.4091796875,0.0179442148655653
plant_3498,3498,00,3498,rgb,0.0006348189199343324,0.00028231085161678493,0.000352508039213717,0.7042236328125,0.2003173828125,0.013082452118396759
plant_3498,3498,00,3498,depth,0.0006367223104462028,0.0003009153879247606,0.0003358069225214422,0.7303466796875,0.2293701171875,0.01364408154040575
plant_3498,3498,00,3498,ref,0.0010537505149841309,0.00027562506147660315,0.0007781255408190191,0.7059326171875,0.323974609375,0.014970519579946995
plant_3506,3506,00,3506,rgb,0.0069467248395085335,0.005971145816147327,0.0009755784412845969,0.959716796875,0.6719970703125,0.024088788777589798
plant_3506,3506,00,3506,depth,0.0038477634079754353,0.0032865251414477825,0.0005612383829429746,0.908447265625,0.5062255859375,0.020147711038589478
plant_3506,3506,00,3506,ref,0.0009303572587668896,0.0005926074809394777,0.0003377497778274119,0.8079833984375,0.24658203125,0.0152999022975564
plant_3511,3511,00,3511,rgb,0.001834154361858964,0.000863291381392628,0.000970862980466336,0.88818359375,0.5482177734375,0.021475613117218018
plant_3511,3511,00,3511,depth,0.0015603593783453107,0.0007423936040140688,0.0008179658907465637,0.8590087890625,0.511474609375,0.020388633012771606
plant_3511,3511,00,3511,ref,0.0006521933828480542,0.00031063807546161115,0.000341555307386443,0.740234375,0.244873046875,0.014111001044511795
plant_3528,3528,00,3528,rgb,0.0021362509578466415,0.0017394053284078836,0.000396845571231097,0.805419921875,0.283935546875,0.015524097718298435
plant_3528,3528,00,3528,depth,0.0015458716079592705,0.0011578089324757457,0.0003880626754835248,0.814453125,0.2684326171875,0.015368654392659664
plant_3528,3528,00,3528,ref,0.0018075610278174281,0.0015169709222391248,0.00029059010557830334,0.71337890625,0.1881103515625,0.01326675619930029
plant_3530,3530,00,3530,rgb,0.0006624492816627026,0.00028360707801766694,0.0003788422327488661,0.7939453125,0.2550048828125,0.014942105859518051
plant_3530,3530,00,3530,depth,0.0007282268488779664,0.00034673738991841674,0.00038148945895954967,0.79345703125,0.274658203125,0.015585700049996376
plant_3530,3530,00,3530,ref,0.0006877047708258033,0.0003037476271856576,0.0003839571145363152,0.8218994140625,0.3048095703125,0.016105780377984047
plant_3534,3534,00,3534,rgb,0.001995677361264825,0.0010958552593365312,0.0008998222183436155,0.912841796875,0.515625,0.020410627126693726
plant_3534,3534,00,3534,depth,0.0034762027207762003,0.002616103272885084,0.0008600996807217598,0.9375,0.6671142578125,0.023997290059924126
plant_3534,3534,00,3534,ref,0.0017792563885450363,0.0011348262196406722,0.0006444301106967032,0.896484375,0.440185546875,0.018516317009925842
plant_3539,3539,00,3539,rgb,0.0014111660420894623,0.0005875569186173379,0.0008236090652644634,0.83984375,0.48828125,0.019671188667416573
plant_3539,3539,00,3539,depth,0.0011668112128973007,0.0005172618548385799,0.0006495493580587208,0.8450927734375,0.4605712890625,0.01870199665427208
plant_3539,3539,00,3539,ref,0.0007480628555640578,0.00031566887628287077,0.00043239397928118706,0.684326171875,0.3145751953125,0.014386219903826714
plant_3544,3544,00,3544,rgb,0.002089404035359621,0.0007572280010208488,0.0013321761507540941,0.9151611328125,0.5543212890625,0.021512774750590324
plant_3544,3544,00,3544,depth,0.0020493578631430864,0.0008501953561790287,0.0011991626815870404,0.93212890625,0.5999755859375,0.02270851843059063
plant_3544,3544,00,3544,ref,0.0019456776790320873,0.0008804724202491343,0.001065205316990614,0.8863525390625,0.5479736328125,0.02145439200103283
plant_3547,3547,00,3547,rgb,0.0008276411099359393,0.00036225796793587506,0.0004653831711038947,0.7647705078125,0.291259765625,0.014715105295181274
plant_3547,3547,00,3547,depth,0.0011487833689898252,0.000514166837092489,0.0006346165901049972,0.8206787109375,0.3692626953125,0.01644556038081646
plant_3547,3547,00,3547,ref,0.0005993772065266967,0.00023505993885919452,0.0003643172967713326,0.7373046875,0.228515625,0.014329529367387295
plant_3548,3548,00,3548,rgb,0.00682623777538538,0.005884845741093159,0.0009413922671228647,0.951904296875,0.66259765625,0.024308031424880028
plant_3548,3548,00,3548,depth,0.007004505954682827,0.005882261320948601,0.0011222448665648699,0.9429931640625,0.664794921875,0.024950256571173668
plant_3548,3548,00,3548,ref,0.0023189878556877375,0.0014322963543236256,0.0008866913267411292,0.914306640625,0.6231689453125,0.023669902235269547
plant_3550,3550,00,3550,rgb,0.0019959271885454655,0.0008736152667552233,0.0011223118053749204,0.9248046875,0.5675048828125,0.021647026762366295
plant_3550,3550,00,3550,depth,0.0025068852119147778,0.0009213219163939357,0.001585563295520842,0.921142578125,0.5748291015625,0.022029846906661987
plant_3550,3550,00,3550,ref,0.001620240742340684,0.0005443327245302498,0.001075908076018095,0.80224609375,0.3702392578125,0.016212958842515945
plant_3557,3557,00,3557,rgb,0.001833927002735436,0.0011427556164562702,0.0006911713862791657,0.88427734375,0.498779296875,0.019975634291768074
plant_3557,3557,00,3557,depth,0.0012992809060961008,0.0006939129671081901,0.000605367764364928,0.8646240234375,0.4149169921875,0.018110396340489388
plant_3557,3557,00,3557,ref,0.0015823052963241935,0.0007941045332700014,0.0007882007630541921,0.9171142578125,0.569091796875,0.021681753918528557
plant_3565,3565,00,3565,rgb,0.00252410676330328,0.0018861271673813462,0.0006379795959219337,0.85791015625,0.4117431640625,0.017812859266996384
plant_3565,3565,00,3565,depth,0.002809158992022276,0.001991930417716503,0.000817228457890451,0.885986328125,0.46044921875,0.01905728690326214
plant_3565,3565,00,3565,ref,0.0020363950170576572,0.0013751881197094917,0.0006612070719711483,0.8720703125,0.42626953125,0.018305223435163498
plant_3570,3570,00,3570,rgb,0.002029751194640994,0.001388156902976334,0.0006415943498723209,0.814208984375,0.369384765625,0.016872838139533997
plant_3570,3570,00,3570,depth,0.0018567799124866724,0.0012643294176086783,0.000592450553085655,0.8011474609375,0.3292236328125,0.016093818470835686
plant_3570,3570,00,3570,ref,0.0019886107183992863,0.001342388684861362,0.0006462221499532461,0.8714599609375,0.4383544921875,0.0184621661901474
plant_3571,3571,00,3571,rgb,0.00292406277731061,0.0017901882529258728,0.0011338744079694152,0.94775390625,0.6795654296875,0.027100203558802605
plant_3571,3571,00,3571,depth,0.00308567238971591,0.0021252683363854885,0.0009604041697457433,0.9483642578125,0.6895751953125,0.02519667148590088
plant_3571,3571,00,3571,ref,0.0014841031515970826,0.0008410409791395068,0.0006430621142499149,0.8931884765625,0.4990234375,0.019975176081061363
plant_3576,3576,00,3576,rgb,0.0023574242368340492,0.0014523989520967007,0.0009050254011526704,0.908447265625,0.558349609375,0.02168639376759529
plant_3576,3576,00,3576,depth,0.002437545219436288,0.001562318648211658,0.0008752266876399517,0.9097900390625,0.5604248046875,0.02158687263727188
plant_3576,3576,00,3576,ref,0.001764378510415554,0.0008805361576378345,0.0008838422945700586,0.903076171875,0.5035400390625,0.020098404958844185
plant_3581,3581,00,3581,rgb,0.0010886460077017546,0.00047931502922438085,0.0006093309493735433,0.8621826171875,0.452392578125,0.01891094073653221
plant_3581,3581,00,3581,depth,0.0012757990043610334,0.0005165601032786071,0.0007592390174977481,0.866943359375,0.4842529296875,0.01958535797894001
plant_3581,3581,00,3581,ref,0.0010805908823385835,0.00041704520117491484,0.0006635457393713295,0.84375,0.359130859375,0.016785355284810066
plant_3584,3584,00,3584,rgb,0.004331440664827824,0.0033723050728440285,0.0009591360576450825,0.9193115234375,0.57958984375,0.021952535957098007
plant_3584,3584,00,3584,depth,0.004320104606449604,0.0035275204572826624,0.0007925842655822635,0.911865234375,0.5302734375,0.020746728405356407
plant_3584,3584,00,3584,ref,0.0018557044677436352,0.0012230552965775132,0.0006326492293737829,0.8563232421875,0.3463134765625,0.016860585659742355
plant_3585,3585,00,3585,rgb,0.006664645858108997,0.0024707382544875145,0.004193907603621483,0.9486083984375,0.732177734375,0.03216753527522087
plant_3585,3585,00,3585,depth,0.006991375237703323,0.003019589465111494,0.003971785772591829,0.9571533203125,0.7669677734375,0.031590089201927185
plant_3585,3585,00,3585,ref,0.002793794497847557,0.0017669856315478683,0.001026808749884367,0.953857421875,0.7392578125,0.027013080194592476
plant_3586,3586,00,3586,rgb,0.0019782513845711946,0.0013348059728741646,0.000643445469904691,0.8544921875,0.42041015625,0.018101461231708527
plant_3586,3586,00,3586,depth,0.0015430834610015154,0.0009478390566073358,0.0005952443461865187,0.8427734375,0.416259765625,0.01791352592408657
plant_3586,3586,00,3586,ref,0.0022546907421201468,0.0013385708443820477,0.0009161197231151164,0.89501953125,0.4908447265625,0.0197028536349535
plant_3596,3596,00,3596,rgb,0.0016428148373961449,0.0010848016245290637,0.0005580132128670812,0.8590087890625,0.4202880859375,0.018132377415895462
plant_3596,3596,00,3596,depth,0.0016786162741482258,0.0010790672386065125,0.0005995490937493742,0.8563232421875,0.4390869140625,0.01841476559638977
plant_3596,3596,00,3596,ref,0.001391516299918294,0.0008314653532579541,0.0005600510048680007,0.8983154296875,0.4853515625,0.01972956210374832
plant_3600,3600,00,3600,rgb,0.0010496124159544706,0.00048354780301451683,0.0005660645547322929,0.8660888671875,0.4161376953125,0.017870403826236725
plant_3600,3600,00,3600,depth,0.0008208121289499104,0.00043625428224913776,0.0003845578758046031,0.8409423828125,0.324951171875,0.016343509778380394
plant_3600,3600,00,3600,ref,0.0008344515226781368,0.00037423367029987276,0.0004602178232744336,0.8236083984375,0.333740234375,0.01619131863117218
plant_3605,3605,00,3605,rgb,0.0016063502989709377,0.0008637300925329328,0.0007426201482303441,0.88525390625,0.46142578125,0.018909497186541557
plant_3605,3605,00,3605,depth,0.001727149821817875,0.0009460735018365085,0.0007810762617737055,0.9071044921875,0.522216796875,0.020545607432723045
plant_3605,3605,00,3605,ref,0.0014168056659400463,0.0005913617787882686,0.0008254438289441168,0.8707275390625,0.4619140625,0.01888062059879303
plant_3606,3606,00,3606,rgb,0.0007106094853952527,0.00027376553043723106,0.0004368439258541912,0.79931640625,0.279541015625,0.01516036968678236
plant_3606,3606,00,3606,depth,0.0007985646370798349,0.00033429075847379863,0.00046427384950220585,0.80810546875,0.2923583984375,0.01547579001635313
plant_3606,3606,00,3606,ref,0.0005877256044186652,0.0002097442193189636,0.00037798137054778636,0.751220703125,0.2135009765625,0.014057713560760021
plant_3619,3619,00,3619,rgb,0.000979551114141941,0.00048818092909641564,0.0004913702141493559,0.8350830078125,0.4136962890625,0.01771378330886364
plant_3619,3619,00,3619,depth,0.0006349056493490934,0.00034478551242500544,0.000290120136924088,0.754638671875,0.20654296875,0.014172843657433987
plant_3619,3619,00,3619,ref,0.0009970453102141619,0.00045733904698863626,0.0005397061468102038,0.826416015625,0.4127197265625,0.017167549580335617
plant_3632,3632,00,3632,rgb,0.004320716485381126,0.0027727955020964146,0.0015479214489459991,0.925048828125,0.6728515625,0.0267736054956913
plant_3632,3632,00,3632,depth,0.006069857627153397,0.0034327663015574217,0.0026370917912572622,0.9453125,0.743408203125,0.03247817978262901
plant_3632,3632,00,3632,ref,0.000817854714114219,0.00040590521530248225,0.00041194946970790625,0.7010498046875,0.2401123046875,0.013715796172618866
plant_3637,3637,00,3637,rgb,0.002586051821708679,0.0014729693066328764,0.0011130825150758028,0.87890625,0.5467529296875,0.021631667390465736
plant_3637,3637,00,3637,depth,0.0019280352862551808,0.0010796699207276106,0.0008483653655275702,0.831787109375,0.5113525390625,0.020390838384628296
plant_3637,3637,00,3637,ref,0.0013745238538831472,0.000774440064560622,0.0006000838475301862,0.78662109375,0.2950439453125,0.015131684020161629
plant_3638,3638,00,3638,rgb,0.001394679769873619,0.0007647452875971794,0.0006299344240687788,0.8809814453125,0.474365234375,0.019368117675185204
plant_3638,3638,00,3638,depth,0.0014434173936024308,0.0009144819341599941,0.0005289354594424367,0.8792724609375,0.436767578125,0.018591919913887978
plant_3638,3638,00,3638,ref,0.0015454953536391258,0.0008549549384042621,0.0006905404152348638,0.8115234375,0.3533935546875,0.015853149816393852
plant_3647,3647,00,3647,rgb,0.0006806199089623988,0.00036649356479756534,0.0003141263441648334,0.785888671875,0.2122802734375,0.014854359440505505
plant_3647,3647,00,3647,depth,0.0010148375295102596,0.0005732930148951709,0.00044154448551125824,0.8282470703125,0.3306884765625,0.01653427444398403
plant_3647,3647,00,3647,ref,0.0005267338128760457,0.00023665808839723468,0.000290075724478811,0.7105712890625,0.2281494140625,0.013701749965548515
plant_3658,3658,00,3658,rgb,0.0010844696080312133,0.0004665219457820058,0.0006179476622492075,0.801025390625,0.3365478515625,0.016106238588690758
plant_3658,3658,00,3658,depth,0.0013968367129564285,0.000580634456127882,0.0008162021404132247,0.81201171875,0.356201171875,0.01635931245982647
plant_3658,3658,00,3658,ref,0.0007251785136759281,0.0003662123344838619,0.00035896620829589665,0.6287841796875,0.2445068359375,0.012937796302139759
plant_3684,3684,00,3684,rgb,0.0025225901044905186,0.00208599423058331,0.00043659581569954753,0.82275390625,0.3675537109375,0.01719304360449314
plant_3684,3684,00,3684,depth,0.002196504035964608,0.0018335944041609764,0.00036290971911512315,0.8072509765625,0.336181640625,0.01653200201690197
plant_3684,3684,00,3684,ref,0.0023866870906203985,0.00171286566182971,0.0006738214869983494,0.8074951171875,0.3321533203125,0.015785623341798782
plant_3689,3689,00,3689,rgb,0.002022826112806797,0.0007864052895456553,0.00123642070684582,0.8948974609375,0.5118408203125,0.020383300259709358
plant_3689,3689,00,3689,depth,0.0019732434302568436,0.0010775350965559483,0.0008957081008702517,0.9193115234375,0.5609130859375,0.021362977102398872
plant_3689,3689,00,3689,ref,0.0013569887960329652,0.0006147886160761118,0.0007422001799568534,0.891845703125,0.5020751953125,0.02004469372332096
plant_3691,3691,00,3691,rgb,0.0011607545893639326,0.0007956819608807564,0.0003650726575870067,0.8062744140625,0.267578125,0.015407277271151543
plant_3691,3691,00,3691,depth,0.0012944930931553245,0.0008841027156449854,0.0004103904066141695,0.831787109375,0.3238525390625,0.016076499596238136
plant_3691,3691,00,3691,ref,0.0019938815385103226,0.001227821921929717,0.0007660599076189101,0.9036865234375,0.4818115234375,0.019610894843935966
plant_3693,3693,00,3693,rgb,0.0034618894569575787,0.0013160045491531491,0.0021458850242197514,0.9578857421875,0.823486328125,0.033967841416597366
plant_3693,3693,00,3693,depth,0.0033212099224328995,0.0012472830712795258,0.0020739268511533737,0.9473876953125,0.777099609375,0.03101133555173874
plant_3693,3693,00,3693,ref,0.0015047010965645313,0.0007001518388278782,0.0008045491995289922,0.881591796875,0.494384765625,0.01986212469637394
plant_3701,3701,00,3701,rgb,0.001855311798863113,0.0012661854270845652,0.0005891263717785478,0.8497314453125,0.4000244140625,0.01765197142958641
plant_3701,3701,00,3701,depth,0.001283559249714017,0.0007192343473434448,0.000564324960578233,0.8076171875,0.3365478515625,0.01658187247812748
plant_3701,3701,00,3701,ref,0.0006522386102005839,0.00030812862678430974,0.00034411001252010465,0.6514892578125,0.2666015625,0.013519189320504665
plant_3706,3706,00,3706,rgb,0.0010002963244915009,0.0003810694324783981,0.0006192268338054419,0.8443603515625,0.3768310546875,0.016857530921697617
plant_3706,3706,00,3706,depth,0.0009941086173057556,0.0004170866450294852,0.0005770218558609486,0.83642578125,0.3914794921875,0.01715341955423355
plant_3706,3706,00,3706,ref,0.0008423885446973145,0.0003488956135697663,0.0004934929311275482,0.833251953125,0.3848876953125,0.017300670966506004
plant_3710,3710,00,3710,rgb,0.0010493347654119134,0.0004798685840796679,0.000569466152228415,0.8583984375,0.411865234375,0.018012024462223053
plant_3710,3710,00,3710,depth,0.0010848802048712969,0.00047848018584772944,0.0006064000190235674,0.8564453125,0.412109375,0.017803281545639038
plant_3710,3710,00,3710,ref,0.0011796134058386087,0.0005093141226097941,0.0006702993996441364,0.8828125,0.4752197265625,0.01942366175353527
plant_3711,3711,00,3711,rgb,0.0013371699023991823,0.0006804702570661902,0.0006566995871253312,0.787353515625,0.372802734375,0.01634003035724163
plant_3711,3711,00,3711,depth,0.0014702968765050173,0.0007255130331031978,0.0007447839016094804,0.8197021484375,0.41162109375,0.01739048771560192
plant_3711,3711,00,3711,ref,0.0005875563365407288,0.00027682370273396373,0.0003107326338067651,0.6375732421875,0.215576171875,0.012467305175960064
plant_3717,3717,00,3717,rgb,0.0006071123061701655,0.00030433543724939227,0.00030277686892077327,0.7750244140625,0.2412109375,0.014731841161847115
plant_3717,3717,00,3717,depth,0.000698323652613908,0.0003441223525442183,0.00035420130006968975,0.7640380859375,0.266845703125,0.01480881031602621
plant_3717,3717,00,3717,ref,0.0006332073244266212,0.0003345872391946614,0.00029862005612812936,0.7601318359375,0.2261962890625,0.014296278357505798
plant_3724,3724,00,3724,rgb,0.0011740991612896323,0.0007986387936398387,0.0003754603676497936,0.808349609375,0.2333984375,0.0150882788002491
plant_3724,3724,00,3724,depth,0.0009586212108843029,0.0005924266297370195,0.0003661945811472833,0.8052978515625,0.24072265625,0.01518704742193222
plant_3724,3724,00,3724,ref,0.002009956631809473,0.001031167572364211,0.0009787892922759056,0.936767578125,0.6671142578125,0.024725288152694702
plant_3730,3730,00,3730,rgb,0.0007340975571423769,0.0003758161619771272,0.00035828136606141925,0.818603515625,0.285888671875,0.015688691288232803
plant_3730,3730,00,3730,depth,0.000710589112713933,0.00039114075480028987,0.0003194483579136431,0.79248046875,0.2406005859375,0.015031261369585991
plant_3730,3730,00,3730,ref,0.0007460337365046144,0.00039900877163745463,0.00034702493576332927,0.7664794921875,0.2320556640625,0.014296351931989193
plant_3747,3747,00,3747,rgb,0.0008738127071410418,0.00045306654646992683,0.00042074613156728446,0.8197021484375,0.3057861328125,0.015807433053851128
plant_3747,3747,00,3747,depth,0.0009029263164848089,0.00047633625217713416,0.00042659006430767477,0.8408203125,0.32568359375,0.01647164858877659
plant_3747,3747,00,3747,ref,0.0007202153210528195,0.0003146177332382649,0.00040559758781455457,0.8150634765625,0.2900390625,0.015901898965239525
plant_3748,3748,00,3748,rgb,0.0008446714491583407,0.0004614676581695676,0.0003832037909887731,0.746337890625,0.2652587890625,0.014895071275532246
plant_3748,3748,00,3748,depth,0.0014130758354440331,0.0006955755525268614,0.0007175002829171717,0.7833251953125,0.2672119140625,0.014917613938450813
plant_3748,3748,00,3748,ref,0.0010132926981896162,0.0005434713675640523,0.0004698213015217334,0.809814453125,0.3306884765625,0.016023054718971252
plant_3759,3759,00,3759,rgb,0.003529852721840143,0.002807768527418375,0.0007220841944217682,0.907958984375,0.464599609375,0.019238632172346115
plant_3759,3759,00,3759,depth,0.0032002811785787344,0.00261631584726274,0.0005839652731083333,0.9305419921875,0.5191650390625,0.02041183039546013
plant_3759,3759,00,3759,ref,0.0016153915785253048,0.0010402777697890997,0.0005751137505285442,0.910888671875,0.507568359375,0.020148752257227898
plant_3760,3760,00,3760,rgb,0.001963638700544834,0.0013633468188345432,0.0006002919981256127,0.8514404296875,0.3714599609375,0.016878390684723854
plant_3760,3760,00,3760,depth,0.002137460745871067,0.001521160826086998,0.0006163000361993909,0.86962890625,0.4324951171875,0.018368255347013474
plant_3760,3760,00,3760,ref,0.0008012341568246484,0.00048206717474386096,0.00031916695297695696,0.77197265625,0.2000732421875,0.013986245729029179
plant_3761,3761,00,3761,rgb,0.002135485876351595,0.0006972256815060973,0.0014382601948454976,0.921875,0.6197509765625,0.024350371211767197
plant_3761,3761,00,3761,depth,0.002147665014490485,0.0007552052265964448,0.0013924597296863794,0.92822265625,0.673828125,0.026794075965881348
plant_3761,3761,00,3761,ref,0.001102871261537075,0.0005155713297426701,0.000587299931794405,0.8397216796875,0.3958740234375,0.017572840675711632
plant_3767,3767,00,3767,rgb,0.0008880803361535072,0.0003791134222410619,0.0005089669139124453,0.776611328125,0.27978515625,0.014968630857765675
plant_3767,3767,00,3767,depth,0.0008245507488027215,0.00044939928920939565,0.00037515145959332585,0.7730712890625,0.265869140625,0.014889901503920555
plant_3767,3767,00,3767,ref,0.0008779659983702004,0.00027392018819227815,0.0006040458101779222,0.760009765625,0.3421630859375,0.015452064573764801
plant_3772,3772,00,3772,rgb,0.0024137445725500584,0.0010130290174856782,0.0014007155550643802,0.87939453125,0.5601806640625,0.022015957161784172
plant_3772,3772,00,3772,depth,0.003489842638373375,0.001328052720054984,0.002161789685487747,0.93017578125,0.678466796875,0.026438217610120773
plant_3772,3772,00,3772,ref,0.0015061249723657966,0.000617695739492774,0.0008884293492883444,0.89306640625,0.535888671875,0.020999882370233536
plant_3781,3781,00,3781,rgb,0.0013842686312273145,0.0005971494829282165,0.000787119148299098,0.847900390625,0.3995361328125,0.01688993349671364
plant_3781,3781,00,3781,depth,0.0012830750783905387,0.0006008433410897851,0.0006822317373007536,0.8482666015625,0.390380859375,0.01690400019288063
plant_3781,3781,00,3781,ref,0.000626272929366678,0.00027721101650968194,0.0003490619419608265,0.7139892578125,0.2181396484375,0.013201652094721794
plant_3791,3791,00,3791,rgb,0.0007765518967062235,0.000463201868114993,0.00031334999948740005,0.775146484375,0.2391357421875,0.01488769892603159
plant_3791,3791,00,3791,depth,0.0009311533067375422,0.0005465351277962327,0.0003846182080451399,0.80322265625,0.331298828125,0.016232110559940338
plant_3791,3791,00,3791,ref,0.0006192140281200409,0.00025806293706409633,0.0003611510619521141,0.6522216796875,0.2203369140625,0.01301960926502943
plant_3810,3810,00,3810,rgb,0.0008987563196569681,0.0005421530222520232,0.00035660326830111444,0.799072265625,0.2822265625,0.01561077032238245
plant_3810,3810,00,3810,depth,0.0006469825748354197,0.0003924107877537608,0.0002545717579778284,0.743896484375,0.1822509765625,0.013960163109004498
plant_3810,3810,00,3810,ref,0.0004668841138482094,0.00020948961901012808,0.00025739450938999653,0.5701904296875,0.14013671875,0.011379783973097801
plant_3815,3815,00,3815,rgb,0.0014991234056651592,0.000656149466522038,0.0008429740555584431,0.9044189453125,0.5169677734375,0.020457470789551735
plant_3815,3815,00,3815,depth,0.00117861432954669,0.0005479316459968686,0.0006306826253421605,0.8817138671875,0.395751953125,0.017816832289099693
plant_3815,3815,00,3815,ref,0.0009059507865458727,0.0004371125251054764,0.00046883823233656585,0.84619140625,0.34423828125,0.01697809062898159
plant_3823,3823,00,3823,rgb,0.00123683363199234,0.0006293179467320442,0.000607515627052635,0.8631591796875,0.3814697265625,0.017442038282752037
plant_3823,3823,00,3823,depth,0.001245733699761331,0.0006763378623872995,0.0005693958373740315,0.870849609375,0.3876953125,0.017659055069088936
plant_3823,3823,00,3823,ref,0.001219129073433578,0.0006677641067653894,0.0005513650830835104,0.88232421875,0.411865234375,0.018144212663173676
plant_3826,3826,00,3826,rgb,0.0006425031460821629,0.00038745938218198717,0.00025504379300400615,0.705810546875,0.1632080078125,0.01301191933453083
plant_3826,3826,00,3826,depth,0.0005472594639286399,0.0003157344472128898,0.00023152498761191964,0.6624755859375,0.1363525390625,0.012539394199848175
plant_3826,3826,00,3826,ref,0.0006911882665008307,0.00038547127041965723,0.00030571696697734296,0.672119140625,0.2171630859375,0.012867096811532974
plant_3834,3834,00,3834,rgb,0.001473790965974331,0.0007624629070051014,0.0007113280589692295,0.7877197265625,0.359375,0.01620437577366829
plant_3834,3834,00,3834,depth,0.0010586024727672338,0.000538009568117559,0.000520592846442014,0.7813720703125,0.3128662109375,0.015644753351807594
plant_3834,3834,00,3834,ref,0.0011810983996838331,0.0004768859362229705,0.0007042124634608626,0.7923583984375,0.3724365234375,0.016524121165275574
plant_3839,3839,00,3839,rgb,0.0008264066418632865,0.00040104915387928486,0.0004253575170878321,0.7991943359375,0.3040771484375,0.015573856420814991
plant_3839,3839,00,3839,depth,0.0011581373400986195,0.0005462858243845403,0.0006118515739217401,0.8662109375,0.4342041015625,0.018295958638191223
plant_3839,3839,00,3839,ref,0.0005239706952124834,0.0002442184486426413,0.00027975227567367256,0.72314453125,0.1572265625,0.013180001638829708
plant_3842,3842,00,3842,rgb,0.002139910589903593,0.0015431968495249748,0.0005967137985862792,0.908447265625,0.5279541015625,0.02063538320362568
plant_3842,3842,00,3842,depth,0.0017565189627930522,0.0011564382584765553,0.0006000807043164968,0.8935546875,0.48828125,0.019746139645576477
plant_3842,3842,00,3842,ref,0.0014211717061698437,0.0008128357585519552,0.0006083360058255494,0.859375,0.3975830078125,0.017630042508244514
plant_3845,3845,00,3845,rgb,0.0024769778829067945,0.0015549417585134506,0.0009220361243933439,0.9056396484375,0.5770263671875,0.022282781079411507
plant_3845,3845,00,3845,depth,0.002488562371581793,0.0015225206734612584,0.0009660418145358562,0.9013671875,0.5435791015625,0.02132723294198513
plant_3845,3845,00,3845,ref,0.001141942571848631,0.0007137974607758224,0.0004281451110728085,0.8634033203125,0.3572998046875,0.017234457656741142
plant_3846,3846,00,3846,rgb,0.006873646285384893,0.005844947416335344,0.001028698869049549,0.9298095703125,0.5865478515625,0.02237677574157715
plant_3846,3846,00,3846,depth,0.009204194881021976,0.007860655896365643,0.0013435393339022994,0.94921875,0.6881103515625,0.025740250945091248
plant_3846,3846,00,3846,ref,0.0015338400844484568,0.0009164310758933425,0.0006174091249704361,0.836669921875,0.39501953125,0.017096858471632004
plant_3853,3853,00,3853,rgb,0.0011335730087012053,0.0006720707169733942,0.00046150237903930247,0.7890625,0.277587890625,0.015109650790691376
plant_3853,3853,00,3853,depth,0.0012768657179549336,0.0008510843617841601,0.0004257813561707735,0.79248046875,0.254150390625,0.01470815297216177
plant_3853,3853,00,3853,ref,0.000859974417835474,0.0003264745173510164,0.0005334998713806272,0.7529296875,0.3092041015625,0.015104111284017563
plant_3855,3855,00,3855,rgb,0.0034582114312797785,0.0013882468920201063,0.002069964539259672,0.8841552734375,0.617919921875,0.027927333489060402
plant_3855,3855,00,3855,depth,0.002589892828837037,0.0010552707826718688,0.0015346219297498465,0.89599609375,0.6455078125,0.02813415229320526
plant_3855,3855,00,3855,ref,0.00039808705332688987,0.00019894607248716056,0.00019914096628781408,0.564208984375,0.093017578125,0.010938447900116444
plant_3860,3860,00,3860,rgb,0.0009426278993487358,0.0004786088829860091,0.00046401904546655715,0.8226318359375,0.3525390625,0.016556616872549057
plant_3860,3860,00,3860,depth,0.0009448493365198374,0.0004944385727867484,0.0004504107928369194,0.8101806640625,0.3482666015625,0.01664220169186592
plant_3860,3860,00,3860,ref,0.0008059584069997072,0.0004329694784246385,0.0003729889285750687,0.739990234375,0.2874755859375,0.014981018379330635
plant_3867,3867,00,3867,rgb,0.006356498226523399,0.002378372708335519,0.003978125751018524,0.9749755859375,0.822265625,0.034376922994852066
plant_3867,3867,00,3867,depth,0.005644047632813454,0.002766988007351756,0.002877059392631054,0.96923828125,0.8125,0.031686872243881226
plant_3867,3867,00,3867,ref,0.004279159475117922,0.0024612441193312407,0.0018179152393713593,0.978515625,0.8577880859375,0.03255544975399971
plant_3883,3883,00,3883,rgb,0.0013946937397122383,0.0006445165490731597,0.0007501771324314177,0.9005126953125,0.4813232421875,0.019593672826886177
plant_3883,3883,00,3883,depth,0.0014131549978628755,0.000628001696895808,0.0007851533009670675,0.8931884765625,0.47265625,0.01932634599506855
plant_3883,3883,00,3883,ref,0.0011363500962033868,0.0005482257110998034,0.0005881243851035833,0.87109375,0.473388671875,0.019312942400574684
plant_3885,3885,00,3885,rgb,0.0009184194495901465,0.00046310859033837914,0.00045531088835559785,0.833740234375,0.3306884765625,0.016568055376410484
plant_3885,3885,00,3885,depth,0.0008832240710034966,0.0004777307331096381,0.0004054933087900281,0.83056640625,0.2799072265625,0.01565183512866497
plant_3885,3885,00,3885,ref,0.002364488784223795,0.0009462257148697972,0.0014182630693539977,0.9146728515625,0.6785888671875,0.02678808942437172
plant_3892,3892,00,3892,rgb,0.0025501111522316933,0.0016090061981230974,0.0009411050705239177,0.8919677734375,0.5057373046875,0.020128872245550156
plant_3892,3892,00,3892,depth,0.002472926629707217,0.0017016433412209153,0.000771283230278641,0.9180908203125,0.569091796875,0.022050922736525536
plant_3892,3892,00,3892,ref,0.0009493555990047753,0.0004816355649381876,0.0004677200340665877,0.8350830078125,0.3304443359375,0.01613166183233261
plant_3894,3894,00,3894,rgb,0.0006116951117292047,0.0003277090145274997,0.000283986097201705,0.7349853515625,0.193115234375,0.013716246001422405
plant_3894,3894,00,3894,depth,0.0005473123164847493,0.00027831195620819926,0.0002690003893803805,0.6978759765625,0.1800537109375,0.012947002425789833
plant_3894,3894,00,3894,ref,0.0004899777704849839,0.00021107567590661347,0.0002789021236822009,0.634765625,0.201171875,0.012454021722078323
plant_3913,3913,00,3913,rgb,0.0013154083862900734,0.0006272456957958639,0.0006881626322865486,0.8682861328125,0.4395751953125,0.01837276481091976
plant_3913,3913,00,3913,depth,0.0015326375141739845,0.0007491958094760776,0.0007834416464902461,0.8565673828125,0.473388671875,0.01908216066658497
plant_3913,3913,00,3913,ref,0.0008810661965981126,0.0004890643758699298,0.00039200184983201325,0.816162109375,0.303955078125,0.015654606744647026
plant_3918,3918,00,3918,rgb,0.0015931499656289816,0.000878162041772157,0.0007149880402721465,0.8804931640625,0.5228271484375,0.02053513564169407
plant_3918,3918,00,3918,depth,0.0013079724740236998,0.0007301488658413291,0.0005778236081823707,0.876953125,0.4664306640625,0.019253917038440704
plant_3918,3918,00,3918,ref,0.0014351444551721215,0.0008029431337490678,0.0006322013214230537,0.867919921875,0.442138671875,0.018756773322820663
plant_3924,3924,00,3924,rgb,0.0047277105040848255,0.0038275918923318386,0.0009001186117529869,0.9132080078125,0.497314453125,0.019900120794773102
plant_3924,3924,00,3924,depth,0.003632943145930767,0.0027998180594295263,0.0008331250865012407,0.8929443359375,0.50341796875,0.02008318528532982
plant_3924,3924,00,3924,ref,0.0007602988043799996,0.0004476305330172181,0.00031266824225895107,0.696533203125,0.151611328125,0.012618144042789936
plant_3928,3928,00,3928,rgb,0.0018047703197225928,0.0007171053439378738,0.0010876650922000408,0.898193359375,0.57177734375,0.02247113361954689
plant_3928,3928,00,3928,depth,0.001520488876849413,0.0006392844952642918,0.0008812043815851212,0.8875732421875,0.5316162109375,0.0211254321038723
plant_3928,3928,00,3928,ref,0.001134614460170269,0.0004330931114964187,0.0007015212904661894,0.8748779296875,0.439208984375,0.018401840701699257
plant_3931,3931,00,3931,rgb,0.0009734283667057753,0.00045929753105156124,0.0005141308065503836,0.8526611328125,0.3837890625,0.01763254590332508
plant_3931,3931,00,3931,depth,0.0009427169570699334,0.00046550697879865766,0.00047720992006361485,0.84814453125,0.39208984375,0.01768544875085354
plant_3931,3931,00,3931,ref,0.0010257671819999814,0.0004088428686372936,0.0006169242551550269,0.810546875,0.3651123046875,0.016617128625512123
plant_3934,3934,00,3934,rgb,0.0015571820549666882,0.0006659993669018149,0.0008911826298572123,0.8026123046875,0.454345703125,0.01840312033891678
plant_3934,3934,00,3934,depth,0.0013644509017467499,0.0006042735185474157,0.0007601774414069951,0.789794921875,0.4183349609375,0.017446551471948624
plant_3934,3934,00,3934,ref,0.0008393736789003015,0.00034748093457892537,0.0004918927443213761,0.6824951171875,0.3436279296875,0.014894459396600723
plant_3949,3949,00,3949,rgb,0.0030272977892309427,0.002408674918115139,0.0006186229293234646,0.8311767578125,0.3509521484375,0.01664775237441063
plant_3949,3949,00,3949,depth,0.002972743473947048,0.0019477457972243428,0.0010249976767227054,0.861083984375,0.4471435546875,0.01879565790295601
plant_3949,3949,00,3949,ref,0.003043015254661441,0.002102908678352833,0.0009401067509315908,0.9224853515625,0.594970703125,0.022882521152496338
plant_3952,3952,00,3952,rgb,0.0006334203062579036,0.0003226535627618432,0.0003107667143922299,0.7490234375,0.2127685546875,0.01401190459728241
plant_3952,3952,00,3952,depth,0.0007078909547999501,0.00037040235474705696,0.0003374885709490627,0.764404296875,0.2335205078125,0.014450013637542725
plant_3952,3952,00,3952,ref,0.0006367985624819994,0.0003153583675157279,0.00032144025317393243,0.71826171875,0.1890869140625,0.013312243856489658
plant_3954,3954,00,3954,rgb,0.0031421834137290716,0.0020168013870716095,0.0011253820266574621,0.931396484375,0.6361083984375,0.024026239290833473
plant_3954,3954,00,3954,depth,0.0030207973904907703,0.0019530629506334662,0.0010677346726879478,0.915283203125,0.5745849609375,0.02233370952308178
plant_3954,3954,00,3954,ref,0.001362623879685998,0.0006693348404951394,0.0006932890973985195,0.8221435546875,0.41796875,0.017668921500444412
plant_3958,3958,00,3958,rgb,0.0026701553724706173,0.0015553607372567058,0.0011147945187985897,0.91748046875,0.6240234375,0.024757293984293938
plant_3958,3958,00,3958,depth,0.0030838041566312313,0.0019517862237989902,0.0011320181656628847,0.9259033203125,0.619384765625,0.023888031020760536
plant_3958,3958,00,3958,ref,0.004676266573369503,0.0034663532860577106,0.001209913520142436,0.952880859375,0.6541748046875,0.024729358032345772
plant_3961,3961,00,3961,rgb,0.001972205238416791,0.0013468515826389194,0.0006253537139855325,0.88818359375,0.508056640625,0.02017243579030037
plant_3961,3961,00,3961,depth,0.002899998566135764,0.001899398397654295,0.0010006000520661473,0.892578125,0.5657958984375,0.022067707031965256
plant_3961,3961,00,3961,ref,0.0013926380779594183,0.0008737046155147254,0.0005189335206523538,0.855224609375,0.3802490234375,0.01742234267294407
plant_3967,3967,00,3967,rgb,0.001799143967218697,0.0013523772358894348,0.0004467665567062795,0.8538818359375,0.319580078125,0.0165336262434721
plant_3967,3967,00,3967,depth,0.0016381113091483712,0.0011277724988758564,0.0005103387520648539,0.840087890625,0.3507080078125,0.016651572659611702
plant_3967,3967,00,3967,ref,0.001080464804545045,0.0004308792995288968,0.0006495855050161481,0.8826904296875,0.471923828125,0.019280435517430305
plant_3969,3969,00,3969,rgb,0.0018362256232649088,0.0008326075039803982,0.0010036180028691888,0.9046630859375,0.56982421875,0.0221275482326746
plant_3969,3969,00,3969,depth,0.0025051767006516457,0.0010595202911645174,0.0014456562930718064,0.92431640625,0.6795654296875,0.026710066944360733
plant_3969,3969,00,3969,ref,0.0014845735859125853,0.000634910014923662,0.0008496636291965842,0.92578125,0.5555419921875,0.021473577246069908
plant_3974,3974,00,3974,rgb,0.0007790843956172466,0.0004305395414121449,0.0003485448833089322,0.75,0.2657470703125,0.014803538098931313
plant_3974,3974,00,3974,depth,0.0006789781618863344,0.0003890434745699167,0.00028993465821258724,0.726318359375,0.229248046875,0.014260273426771164
plant_3974,3974,00,3974,ref,0.001037398586049676,0.00038829114055261016,0.0006491075037047267,0.7591552734375,0.46337890625,0.01880195550620556
plant_3995,3995,00,3995,rgb,0.001740919193252921,0.0012988507514819503,0.00044206841266714036,0.8770751953125,0.3997802734375,0.017808344215154648
plant_3995,3995,00,3995,depth,0.0014485620195046067,0.001001077238470316,0.0004474847810342908,0.8709716796875,0.41943359375,0.018165182322263718
plant_3995,3995,00,3995,ref,0.0011114468798041344,0.0005862888065166771,0.0005251580150797963,0.8599853515625,0.4012451171875,0.017791997641324997
plant_3998,3998,00,3998,rgb,0.0007698535919189453,0.0004229661717545241,0.00034688733285292983,0.7615966796875,0.2408447265625,0.014655985869467258
plant_3998,3998,00,3998,depth,0.0008282418129965663,0.00046762474812567234,0.0003606170357670635,0.7362060546875,0.2509765625,0.014438827522099018
plant_3998,3998,00,3998,ref,0.0007671711500734091,0.0004230577906128019,0.00034411330125294626,0.7281494140625,0.2548828125,0.014064953662455082
plant_4003,4003,00,4003,rgb,0.002535336185246706,0.0014114240184426308,0.0011239121668040752,0.862548828125,0.5037841796875,0.02008218504488468
plant_4003,4003,00,4003,depth,0.0019751740619540215,0.0011663681361824274,0.000808805983979255,0.850341796875,0.470947265625,0.019359469413757324
plant_4003,4003,00,4003,ref,0.002474511507898569,0.001064213807694614,0.001410297816619277,0.821533203125,0.4210205078125,0.01803978718817234
plant_4006,4006,00,4006,rgb,0.00071377691347152,0.00032805741648189723,0.00038571952609345317,0.7109375,0.2845458984375,0.014063658192753792
plant_4006,4006,00,4006,depth,0.0008511011255905032,0.00041492728632874787,0.0004361738683655858,0.796142578125,0.3369140625,0.01582084409892559
plant_4006,4006,00,4006,ref,0.0010011033155024052,0.00045614290866069496,0.0005449603777378798,0.7752685546875,0.3057861328125,0.015283418819308281
plant_4018,4018,00,4018,rgb,0.0015287972055375576,0.0005710643599741161,0.0009577328455634415,0.8603515625,0.4002685546875,0.01758454740047455
plant_4018,4018,00,4018,depth,0.0015977236907929182,0.000629156653303653,0.000968567153904587,0.8792724609375,0.427734375,0.018436556681990623
plant_4018,4018,00,4018,ref,0.001154448720626533,0.0003694935003295541,0.000784955220296979,0.8287353515625,0.366943359375,0.01681283861398697
plant_4020,4020,00,4020,rgb,0.0018309568986296654,0.0009935925481840968,0.0008373642922379076,0.841552734375,0.4638671875,0.01891217567026615
plant_4020,4020,00,4020,depth,0.0017445976845920086,0.0009898560820147395,0.0007547416025772691,0.8807373046875,0.474365234375,0.01933961734175682
plant_4020,4020,00,4020,ref,0.0007606608560308814,0.00036681367782875896,0.00039384717820212245,0.7637939453125,0.223876953125,0.014688678085803986
plant_4023,4023,00,4023,rgb,0.004564187489449978,0.004003164358437061,0.0005610228981822729,0.833251953125,0.4049072265625,0.01757965050637722
plant_4023,4023,00,4023,depth,0.0024850089102983475,0.0020357854664325714,0.0004492233565542847,0.8294677734375,0.3729248046875,0.01696290262043476
plant_4023,4023,00,4023,ref,0.0013043718645349145,0.0007440323242917657,0.0005603395984508097,0.796630859375,0.3330078125,0.01568666845560074
plant_4033,4033,00,4033,rgb,0.0011457116343080997,0.0006449547363445163,0.0005007569561712444,0.849365234375,0.378173828125,0.017512179911136627
plant_4033,4033,00,4033,depth,0.001072732382453978,0.0006056133424863219,0.00046711903996765614,0.8525390625,0.3741455078125,0.017579181119799614
plant_4033,4033,00,4033,ref,0.0012351444456726313,0.0006628545233979821,0.0005722899222746491,0.8115234375,0.3365478515625,0.016323674470186234
plant_4044,4044,00,4044,rgb,0.0013099771458655596,0.0006959455786272883,0.0006140316254459321,0.8179931640625,0.2952880859375,0.01525715459138155
plant_4044,4044,00,4044,depth,0.0010792105458676815,0.0005791536532342434,0.0005000570090487599,0.7957763671875,0.2298583984375,0.014439688995480537
plant_4044,4044,00,4044,ref,0.0007178955129347742,0.00027078145649284124,0.0004471140855457634,0.7572021484375,0.25927734375,0.014759378507733345
plant_4048,4048,00,4048,rgb,0.008054441772401333,0.003025383921340108,0.005029058083891869,0.9185791015625,0.703857421875,0.04329996556043625
plant_4048,4048,00,4048,depth,0.00706549221649766,0.002640030812472105,0.004425461404025555,0.931884765625,0.7222900390625,0.04350149631500244
plant_4048,4048,00,4048,ref,0.0004373883130028844,0.00021419808035716414,0.00022319021809380502,0.6243896484375,0.1282958984375,0.011711358092725277
plant_4054,4054,00,4054,rgb,0.0009739591041579843,0.0006132667767815292,0.00036069226916879416,0.7447509765625,0.19921875,0.013651705347001553
plant_4054,4054,00,4054,depth,0.0008669340168125927,0.0005493998760357499,0.00031753414077684283,0.7342529296875,0.186767578125,0.013380972668528557
plant_4054,4054,00,4054,ref,0.001183807966299355,0.00048416361096315086,0.0006996443262323737,0.78955078125,0.3687744140625,0.01646571420133114
plant_4059,4059,00,4059,rgb,0.0009145028307102621,0.0004942965460941195,0.0004202062846161425,0.8287353515625,0.3453369140625,0.01648685149848461
plant_4059,4059,00,4059,depth,0.0009543284540995955,0.0005142256850376725,0.0004401027981657535,0.8216552734375,0.35498046875,0.016576062887907028
plant_4059,4059,00,4059,ref,0.001358152600005269,0.0009022153099067509,0.0004559373192023486,0.86767578125,0.4127197265625,0.0179874449968338
plant_4067,4067,00,4067,rgb,0.0009555076248943806,0.0004926460096612573,0.0004628616152331233,0.74072265625,0.29248046875,0.01466717291623354
plant_4067,4067,00,4067,depth,0.0008279314497485757,0.0004349877708591521,0.00039294364978559315,0.7109375,0.2657470703125,0.013787361793220043
plant_4067,4067,00,4067,ref,0.000715940142981708,0.00035952081088908017,0.0003564193320926279,0.6773681640625,0.2509765625,0.013865889981389046
plant_4075,4075,00,4075,rgb,0.0007013576105237007,0.00028924172511324286,0.00041211588541045785,0.781982421875,0.2327880859375,0.014522751793265343
plant_4075,4075,00,4075,depth,0.0009043744066730142,0.0003573308349587023,0.0005470435717143118,0.7891845703125,0.32373046875,0.015530803240835667
plant_4075,4075,00,4075,ref,0.0007816973375156522,0.0003839867131318897,0.000397710595279932,0.7579345703125,0.2904052734375,0.015332037582993507
plant_4087,4087,00,4087,rgb,0.0016529224812984467,0.0011050229659304023,0.0005478996899910271,0.804931640625,0.398681640625,0.01721317321062088
plant_4087,4087,00,4087,depth,0.0019071110291406512,0.0012433815281838179,0.0006637295009568334,0.813232421875,0.44775390625,0.01847815327346325
plant_4087,4087,00,4087,ref,0.00040180463111028075,0.00018182999338023365,0.00021997459407430142,0.558837890625,0.1351318359375,0.010998855344951153
plant_4105,4105,00,4105,rgb,0.0010127746500074863,0.000699515629094094,0.0003132590209133923,0.781005859375,0.214599609375,0.014522514306008816
plant_4105,4105,00,4105,depth,0.001200750470161438,0.0008690546383149922,0.0003316958900541067,0.8218994140625,0.245361328125,0.015360984951257706
plant_4105,4105,00,4105,ref,0.0030086953192949295,0.002246870193630457,0.0007618252420797944,0.9361572265625,0.636474609375,0.02342543751001358
plant_4110,4110,00,4110,rgb,0.0015194868901744485,0.0006907913484610617,0.0008286955417133868,0.9073486328125,0.5267333984375,0.020749246701598167
plant_4110,4110,00,4110,depth,0.0013857486192137003,0.0006587253883481026,0.0007270231726579368,0.859130859375,0.43310546875,0.018340962007641792
plant_4110,4110,00,4110,ref,0.0021825716830790043,0.00026174273807555437,0.0019208290614187717,0.8839111328125,0.5767822265625,0.022574547678232193
plant_4114,4114,00,4114,rgb,0.0018633236177265644,0.000572189106605947,0.0012911345111206174,0.8931884765625,0.533447265625,0.02106858789920807
plant_4114,4114,00,4114,depth,0.001598067581653595,0.0005055393557995558,0.001092528342269361,0.8878173828125,0.5006103515625,0.020036783069372177
plant_4114,4114,00,4114,ref,0.0016352790407836437,0.0007191939512267709,0.0009160850895568728,0.8931884765625,0.4478759765625,0.01860954612493515
plant_4131,4131,00,4131,rgb,0.000643650651909411,0.0003116089210379869,0.0003320417017675936,0.7735595703125,0.2265625,0.014494691044092178
plant_4131,4131,00,4131,depth,0.0007054799934849143,0.00034772793878801167,0.0003577520838007331,0.796142578125,0.2823486328125,0.015596840530633926
plant_4131,4131,00,4131,ref,0.0008526119636371732,0.0002837959909811616,0.0005688158562406898,0.736083984375,0.3370361328125,0.015878476202487946
plant_4132,4132,00,4132,rgb,0.002384213963523507,0.001632080296985805,0.0007521336665377021,0.8748779296875,0.478759765625,0.01946127787232399
plant_4132,4132,00,4132,depth,0.0024184416979551315,0.0018085360061377287,0.0006099056918174028,0.88720703125,0.5096435546875,0.020237799733877182
plant_4132,4132,00,4132,ref,0.0016195999924093485,0.0008535959641449153,0.0007660039700567722,0.8743896484375,0.4443359375,0.01847268082201481
plant_4136,4136,00,4136,rgb,0.0006282319664023817,0.0003383805451449007,0.000289851421257481,0.7384033203125,0.17919921875,0.01361851952970028
plant_4136,4136,00,4136,depth,0.0007378698792308569,0.0003932616673409939,0.0003446082992013544,0.770751953125,0.2325439453125,0.014532485045492649
plant_4136,4136,00,4136,ref,0.0006581653142347932,0.0002711461274884641,0.0003870191576424986,0.791015625,0.2462158203125,0.014961380511522293
plant_4141,4141,00,4141,rgb,0.0017839876236394048,0.0009042364545166492,0.0008797511691227555,0.9058837890625,0.5533447265625,0.021372826769948006
plant_4141,4141,00,4141,depth,0.0017366476822644472,0.000820641522295773,0.0009160061599686742,0.869140625,0.5125732421875,0.02034221775829792
plant_4141,4141,00,4141,ref,0.0009025609469972551,0.00042006481089629233,0.0004824961652047932,0.68212890625,0.306396484375,0.014690226875245571
plant_4143,4143,00,4143,rgb,0.001537681557238102,0.0008751078275963664,0.0006625737296417356,0.88916015625,0.4605712890625,0.019036751240491867
plant_4143,4143,00,4143,depth,0.0013835199642926455,0.0007848010864108801,0.0005987189942970872,0.8804931640625,0.4512939453125,0.018793918192386627
plant_4143,4143,00,4143,ref,0.000904480810277164,0.0003529770183376968,0.0005515037919394672,0.8016357421875,0.31396484375,0.015686683356761932
plant_4150,4150,00,4150,rgb,0.0016250759363174438,0.0008621080196462572,0.0007629679748788476,0.827880859375,0.425048828125,0.017908476293087006
plant_4150,4150,00,4150,depth,0.0017582990694791079,0.0010303511517122388,0.0007279478013515472,0.8258056640625,0.402099609375,0.017287511378526688
plant_4150,4150,00,4150,ref,0.0011785696260631084,0.0005859580123797059,0.0005926115554757416,0.7757568359375,0.4202880859375,0.01783377304673195
plant_4160,4160,00,4160,rgb,0.0013812287943437696,0.00046821689466014504,0.0009130118414759636,0.879150390625,0.5438232421875,0.02163630537688732
plant_4160,4160,00,4160,depth,0.0017169052734971046,0.0005819912767037749,0.0011349138803780079,0.8868408203125,0.5830078125,0.02320592850446701
plant_4160,4160,00,4160,ref,0.001241177087649703,0.000461724994238466,0.000779452093411237,0.862060546875,0.4066162109375,0.017776310443878174
plant_4161,4161,00,4161,rgb,0.0006927372305653989,0.00034740311093628407,0.00034533411962911487,0.6048583984375,0.1783447265625,0.01158161647617817
plant_4161,4161,00,4161,depth,0.0006370414048433304,0.00032866865512914956,0.00030837272061035037,0.61279296875,0.162841796875,0.011756720021367073
plant_4161,4161,00,4161,ref,0.0009015145478770137,0.0003939236921723932,0.00050759082660079,0.8388671875,0.39697265625,0.017731519415974617
plant_4166,4166,00,4166,rgb,0.001931232400238514,0.0013245134614408016,0.0006067189387977123,0.8623046875,0.4002685546875,0.01786893792450428
plant_4166,4166,00,4166,depth,0.0029388470575213432,0.0016632656333968043,0.0012755811912938952,0.90380859375,0.5576171875,0.021748369559645653
plant_4166,4166,00,4166,ref,0.0012718802317976952,0.0007407619268633425,0.0005311183049343526,0.8367919921875,0.3726806640625,0.01693376898765564
plant_4173,4173,00,4173,rgb,0.0005802130326628685,0.00027440511621534824,0.0003058079455513507,0.683349609375,0.2132568359375,0.01325322687625885
plant_4173,4173,00,4173,depth,0.0006609574193134904,0.0003145849914290011,0.0003463724278844893,0.692626953125,0.24462890625,0.013351771049201488
plant_4173,4173,00,4173,ref,0.0007112864986993372,0.0003818828845396638,0.00032940361415967345,0.7969970703125,0.269287109375,0.015103586949408054
plant_4182,4182,00,4182,rgb,0.001763348001986742,0.0006750893662683666,0.0010882586939260364,0.85400390625,0.47900390625,0.01930404081940651
plant_4182,4182,00,4182,depth,0.0015802516136318445,0.0005826165433973074,0.0009976350702345371,0.87060546875,0.5054931640625,0.02014167234301567
plant_4182,4182,00,4182,ref,0.0008278560126200318,0.000376044656150043,0.0004518113855738193,0.7620849609375,0.3310546875,0.015474306419491768
plant_4188,4188,00,4188,rgb,0.0014600350987166166,0.0008451913017779589,0.0006148437969386578,0.88427734375,0.4437255859375,0.01883034221827984
plant_4188,4188,00,4188,depth,0.0016103772213682532,0.0009931691456586123,0.0006172081339173019,0.89208984375,0.4952392578125,0.019874287769198418
plant_4188,4188,00,4188,ref,0.0023242472670972347,0.001184535794891417,0.0011397115886211395,0.9461669921875,0.7178955078125,0.027130255475640297
plant_4196,4196,00,4196,rgb,0.0007169886957854033,0.00036561096203513443,0.00035137770464643836,0.7877197265625,0.25927734375,0.0151869161054492
plant_4196,4196,00,4196,depth,0.0008164832252077758,0.00042960644350387156,0.00038687678170390427,0.7843017578125,0.322509765625,0.015922438353300095
plant_4196,4196,00,4196,ref,0.0009189105476252735,0.0004644425353035331,0.000454467925010249,0.76025390625,0.32861328125,0.016153935343027115
plant_4198,4198,00,4198,rgb,0.0013397902948781848,0.0007338885916396976,0.0006059017032384872,0.83935546875,0.411865234375,0.017714550718665123
plant_4198,4198,00,4198,depth,0.0010974905453622341,0.0006428540218621492,0.00045463646529242396,0.7869873046875,0.3482666015625,0.015884466469287872
plant_4198,4198,00,4198,ref,0.0007214059587568045,0.0003998198371846229,0.0003215861215721816,0.7557373046875,0.2303466796875,0.013849688693881035
plant_4199,4199,00,4199,rgb,0.0007075191242620349,0.0003204452514182776,0.0003870738437399268,0.760498046875,0.2938232421875,0.015390356071293354
plant_4199,4199,00,4199,depth,0.0008647270733490586,0.0004184954450465739,0.00044623168651014566,0.7738037109375,0.3145751953125,0.015776433050632477
plant_4199,4199,00,4199,ref,0.000985418213531375,0.0004006155068054795,0.0005848027067258954,0.6455078125,0.3463134765625,0.01441776193678379
plant_4205,4205,00,4205,rgb,0.0017232086975127459,0.0007876254967413843,0.0009355831425637007,0.9019775390625,0.559326171875,0.022058971226215363
plant_4205,4205,00,4205,depth,0.0012493999674916267,0.0006029916112311184,0.0006464082980528474,0.87841796875,0.4927978515625,0.01981327310204506
plant_4205,4205,00,4205,ref,0.0010703431908041239,0.0005805802065879107,0.0004897630424238741,0.8194580078125,0.3826904296875,0.01701807603240013
plant_4207,4207,00,4207,rgb,0.00041000748751685023,0.00019249264732934535,0.0002175148401875049,0.708984375,0.10302734375,0.012673280201852322
plant_4207,4207,00,4207,depth,0.00042412220500409603,0.00021603118511848152,0.00020809101988561451,0.7001953125,0.089599609375,0.01270690280944109
plant_4207,4207,00,4207,ref,0.0008780417847447097,0.0004583721747621894,0.0004196695808786899,0.8385009765625,0.3721923828125,0.017613621428608894
plant_4209,4209,00,4209,rgb,0.0033162287436425686,0.0021195937879383564,0.0011966351885348558,0.8673095703125,0.5379638671875,0.0210886187851429
plant_4209,4209,00,4209,depth,0.003721600631251931,0.002073331968858838,0.0016482684295624495,0.89013671875,0.63037109375,0.024696556851267815
plant_4209,4209,00,4209,ref,0.0006999669712968171,0.0003532129339873791,0.000346754037309438,0.693359375,0.2896728515625,0.01451835036277771
plant_4215,4215,00,4215,rgb,0.0017677692230790854,0.001108676427975297,0.0006590927368961275,0.833251953125,0.400634765625,0.01711767539381981
plant_4215,4215,00,4215,depth,0.0017432356253266335,0.0010853070998564363,0.0006579285254701972,0.82861328125,0.379638671875,0.016469355672597885
plant_4215,4215,00,4215,ref,0.0009443118469789624,0.0006230446160770953,0.00032126717269420624,0.78662109375,0.216796875,0.01435344573110342
plant_4216,4216,00,4216,rgb,0.00123319448903203,0.0007145965355448425,0.0005185980116948485,0.8040771484375,0.4112548828125,0.017689010128378868
plant_4216,4216,00,4216,depth,0.0021406046580523252,0.0011562409345060587,0.0009843636071309447,0.853271484375,0.4771728515625,0.019375639036297798
plant_4216,4216,00,4216,ref,0.0007384145865216851,0.00038364037754945457,0.0003547741798684001,0.7808837890625,0.26171875,0.015372117981314659
plant_4224,4224,00,4224,rgb,0.0015201480127871037,0.0005712917190976441,0.0009488562354817986,0.85986328125,0.4810791015625,0.019492855295538902
plant_4224,4224,00,4224,depth,0.0016778087010607123,0.0005908921593800187,0.0010869165416806936,0.84716796875,0.525146484375,0.020958323031663895
plant_4224,4224,00,4224,ref,0.0015922239981591702,0.0006452565430663526,0.0009469675133004785,0.8583984375,0.5477294921875,0.02147270366549492
plant_4226,4226,00,4226,rgb,0.0007148648146539927,0.00029485285631380975,0.00042001192923635244,0.7445068359375,0.2708740234375,0.01485785748809576
plant_4226,4226,00,4226,depth,0.000790976919233799,0.00033889207406900823,0.00045208478695712984,0.761474609375,0.3204345703125,0.01582937501370907
plant_4226,4226,00,4226,ref,0.0009734033374115825,0.0004453415749594569,0.0005280617624521255,0.6617431640625,0.361572265625,0.015420675277709961
plant_4234,4234,00,4234,rgb,0.0036093504168093204,0.0013074566377326846,0.0023018938954919577,0.83203125,0.507568359375,0.02026514522731304
plant_4234,4234,00,4234,depth,0.0009538735030218959,0.00044056944898329675,0.0005133040249347687,0.760498046875,0.2789306640625,0.015035013668239117
plant_4234,4234,00,4234,ref,0.0006787519669160247,0.00025838904548436403,0.00042036292143166065,0.734375,0.34130859375,0.016532598063349724
plant_4240,4240,00,4240,rgb,0.0014383571688085794,0.0005691154510714114,0.0008692416595295072,0.8729248046875,0.5533447265625,0.02154780924320221
plant_4240,4240,00,4240,depth,0.0013480654451996088,0.0005534466472454369,0.0007946188561618328,0.880126953125,0.5284423828125,0.02082212083041668
plant_4240,4240,00,4240,ref,0.0011069956235587597,0.0005903785349801183,0.0005166171467863023,0.8089599609375,0.4033203125,0.01752287708222866
plant_4245,4245,00,4245,rgb,0.0006885564071126282,0.00036107763298787177,0.00032747877412475646,0.75341796875,0.1719970703125,0.013777025043964386
plant_4245,4245,00,4245,depth,0.0009046935010701418,0.00045922576100565493,0.00044546774006448686,0.7760009765625,0.2225341796875,0.014375681057572365
plant_4245,4245,00,4245,ref,0.0012166110100224614,0.0004163494159001857,0.0008002616232261062,0.8641357421875,0.497314453125,0.019938142970204353
plant_4247,4247,00,4247,rgb,0.0012051730882376432,0.0007393105188384652,0.0004658625111915171,0.8551025390625,0.3948974609375,0.017713945358991623
plant_4247,4247,00,4247,depth,0.0019729165360331535,0.0014311245176941156,0.0005417920183390379,0.89208984375,0.4798583984375,0.01956402324140072
plant_4247,4247,00,4247,ref,0.0009727332508191466,0.0004167285514995456,0.0005560045829042792,0.811767578125,0.395263671875,0.017616432160139084
plant_4253,4253,00,4253,rgb,0.0007268978515639901,0.00042255985317751765,0.00030433799838647246,0.775634765625,0.226318359375,0.01439080759882927
plant_4253,4253,00,4253,depth,0.0007937677437439561,0.00048826675629243255,0.00030550098745152354,0.7838134765625,0.2247314453125,0.0144709013402462
plant_4253,4253,00,4253,ref,0.0006363827269524336,0.00034519765176810324,0.0002911851042881608,0.7611083984375,0.194091796875,0.013798145577311516
plant_4260,4260,00,4260,rgb,0.002131899818778038,0.0015323251718655229,0.0005995745887048542,0.8687744140625,0.37060546875,0.016846561804413795
plant_4260,4260,00,4260,depth,0.0017614872194826603,0.0012345004361122847,0.0005269868415780365,0.843505859375,0.3553466796875,0.016762854531407356
plant_4260,4260,00,4260,ref,0.0010753294918686152,0.0007015362498350441,0.0003737933002412319,0.8074951171875,0.3062744140625,0.015994470566511154
plant_4267,4267,00,4267,rgb,0.0026071351021528244,0.0010018182219937444,0.0016053169965744019,0.9375,0.667724609375,0.025160733610391617
plant_4267,4267,00,4267,depth,0.001432571792975068,0.0006455518305301666,0.0007870200206525624,0.9068603515625,0.512939453125,0.020343434065580368
plant_4267,4267,00,4267,ref,0.0009998908499255776,0.00041574815986678004,0.0005841426900587976,0.8211669921875,0.38818359375,0.017381301149725914
plant_4270,4270,00,4270,rgb,0.0006306684808805585,0.00028301458223722875,0.0003476538695394993,0.6640625,0.1983642578125,0.012680785730481148
plant_4270,4270,00,4270,depth,0.0005573295638896525,0.00024431871133856475,0.00031301085255108774,0.64697265625,0.17041015625,0.012354220263659954
plant_4270,4270,00,4270,ref,0.0007688095211051404,0.00034977460745722055,0.0004190349136479199,0.70751953125,0.285888671875,0.014592567458748817
plant_4276,4276,00,4276,rgb,0.0007415874279104173,0.0003905018966179341,0.0003510855312924832,0.772705078125,0.271240234375,0.015284599736332893
plant_4276,4276,00,4276,depth,0.0009348132298327982,0.000495612621307373,0.0004392006085254252,0.82373046875,0.27734375,0.01592261530458927
plant_4276,4276,00,4276,ref,0.0016466403612866998,0.0009297825745306909,0.000716857728548348,0.8856201171875,0.4769287109375,0.019494934007525444
plant_4278,4278,00,4278,rgb,0.026484183967113495,0.024434665217995644,0.002049519680440426,0.9764404296875,0.80224609375,0.030406439676880836
plant_4278,4278,00,4278,depth,0.027910271659493446,0.025864753872156143,0.0020455203484743834,0.9708251953125,0.77001953125,0.02943272516131401
plant_4278,4278,00,4278,ref,0.002829110249876976,0.001733358483761549,0.0010957519989460707,0.9349365234375,0.6072998046875,0.02303273044526577
plant_4287,4287,00,4287,rgb,0.0017044154228642583,0.0012826429447159171,0.0004217724781483412,0.7642822265625,0.2850341796875,0.014760900288820267
plant_4287,4287,00,4287,depth,0.0015438779955729842,0.001092311693355441,0.00045156615669839084,0.7735595703125,0.2991943359375,0.014987418428063393
plant_4287,4287,00,4287,ref,0.0010343227768316865,0.0004680974525399506,0.000566225266084075,0.57373046875,0.240234375,0.011482364498078823
plant_4288,4288,00,4288,rgb,0.0017232460668310523,0.0011191896628588438,0.0006040564039722085,0.8641357421875,0.4139404296875,0.017907343804836273
plant_4288,4288,00,4288,depth,0.0016098207561299205,0.0010419649770483375,0.000567855779081583,0.8712158203125,0.420654296875,0.018413128331303596
plant_4288,4288,00,4288,ref,0.0009561716578900814,0.0004839959437958896,0.00047217568499036133,0.7269287109375,0.19482421875,0.013213418424129486
plant_4289,4289,00,4289,rgb,0.0013965010875836015,0.0005479528335854411,0.0008485483122058213,0.896484375,0.546142578125,0.021203305572271347
plant_4289,4289,00,4289,depth,0.0012334540951997042,0.00047362910117954016,0.0007598248776048422,0.848388671875,0.42822265625,0.01798485592007637
plant_4289,4289,00,4289,ref,0.000728919985704124,0.000371413363609463,0.000357506622094661,0.7823486328125,0.3013916015625,0.015532833524048328
plant_4296,4296,00,4296,rgb,0.0011278836755082011,0.0006752644549123943,0.00045261922059580684,0.828125,0.3289794921875,0.01600763387978077
plant_4296,4296,00,4296,depth,0.001007740618661046,0.0006156055023893714,0.0003921350580640137,0.8150634765625,0.296875,0.015858357772231102
plant_4296,4296,00,4296,ref,0.001833953894674778,0.0006944460328668356,0.0011395078618079424,0.8863525390625,0.6146240234375,0.023583952337503433
plant_4298,4298,00,4298,rgb,0.0011484739370644093,0.00035589170875027776,0.0007925822865217924,0.840087890625,0.423583984375,0.017956964671611786
plant_4298,4298,00,4298,depth,0.001103103393688798,0.00036775978514924645,0.0007353436085395515,0.8486328125,0.422119140625,0.01787274330854416
plant_4298,4298,00,4298,ref,0.0008147626067511737,0.0003144372021779418,0.0005003254045732319,0.8404541015625,0.3441162109375,0.016727052628993988
plant_4304,4304,00,4304,rgb,0.0016775697004050016,0.0011465627467259765,0.0005310068954713643,0.8499755859375,0.343994140625,0.01689283736050129
plant_4304,4304,00,4304,depth,0.0012164603685960174,0.0008569472702220082,0.00035951301106251776,0.8438720703125,0.2989501953125,0.01632491685450077
plant_4304,4304,00,4304,ref,0.000987031846307218,0.0005905423895455897,0.00039648948586545885,0.789794921875,0.3145751953125,0.01560242474079132
plant_4310,4310,00,4310,rgb,0.0012373942881822586,0.0006006924086250365,0.0006367018795572221,0.841552734375,0.3463134765625,0.01639413833618164
plant_4310,4310,00,4310,depth,0.0013009468093514442,0.0005734715377911925,0.0007274752715602517,0.8797607421875,0.448974609375,0.018696842715144157
plant_4310,4310,00,4310,ref,0.0010168547742068768,0.00041894440073519945,0.0005979103734716773,0.82275390625,0.4080810546875,0.01769121177494526
plant_4312,4312,00,4312,rgb,0.0012380386469885707,0.0004022916837129742,0.000835746992379427,0.8721923828125,0.427001953125,0.01805894449353218
plant_4312,4312,00,4312,depth,0.0015120671596378088,0.0005210780655033886,0.000990989152342081,0.8865966796875,0.4910888671875,0.019729169085621834
plant_4312,4312,00,4312,ref,0.0014007389545440674,0.0006757233641110361,0.0007250155904330313,0.8714599609375,0.4326171875,0.018376419320702553
plant_4322,4322,00,4322,rgb,0.0012849814957007766,0.0006776675581932068,0.0006073139375075698,0.8333740234375,0.38525390625,0.016780152916908264
plant_4322,4322,00,4322,depth,0.0013146556448191404,0.0006903354078531265,0.0006243202951736748,0.83544921875,0.379638671875,0.016909783706068993
plant_4322,4322,00,4322,ref,0.0010800800519064069,0.0005106438766233623,0.0005694361752830446,0.791748046875,0.3726806640625,0.016412824392318726
plant_4323,4323,00,4323,rgb,0.0007320053409785032,0.0003080557507928461,0.0004239496774971485,0.6431884765625,0.2669677734375,0.01292270515114069
plant_4323,4323,00,4323,depth,0.0007111959275789559,0.00026902774698100984,0.00044216818059794605,0.637939453125,0.1923828125,0.01234301645308733
plant_4323,4323,00,4323,ref,0.0007233310025185347,0.00036509314668364823,0.00035823785583488643,0.584716796875,0.2027587890625,0.011553424410521984
plant_4329,4329,00,4329,rgb,0.0015111799584701657,0.0007957807974889874,0.0007153992773965001,0.8739013671875,0.47802734375,0.01953219622373581
plant_4329,4329,00,4329,depth,0.0011578052071854472,0.0005830299924127758,0.0005747752147726715,0.8702392578125,0.417724609375,0.018305903300642967
plant_4329,4329,00,4329,ref,0.0008162262383848429,0.00041943250107578933,0.000396793766412884,0.825439453125,0.331787109375,0.016693152487277985
plant_4337,4337,00,4337,rgb,0.001136503997258842,0.0006084920023567975,0.0005280119949020445,0.84619140625,0.36572265625,0.01723715290427208
plant_4337,4337,00,4337,depth,0.0010546296834945679,0.0005980645655654371,0.00045656508882530034,0.8475341796875,0.390869140625,0.01766379177570343
plant_4337,4337,00,4337,ref,0.0013028450775891542,0.0005970514612272382,0.0007057936163619161,0.83056640625,0.4398193359375,0.01820209063589573
plant_4365,4365,00,4365,rgb,0.00108995009213686,0.00036273756995797157,0.0007272126385942101,0.8492431640625,0.419189453125,0.01781567931175232
plant_4365,4365,00,4365,depth,0.0009024206665344536,0.00032625667518004775,0.0005761639913544059,0.83935546875,0.3692626953125,0.016892028972506523
plant_4365,4365,00,4365,ref,0.0008491005282849073,0.0002996494295075536,0.0005494510987773538,0.810546875,0.3626708984375,0.01688758283853531
plant_4382,4382,00,4382,rgb,0.0014692565891891718,0.0008492704364471138,0.000619986210949719,0.81201171875,0.3916015625,0.017003165557980537
plant_4382,4382,00,4382,depth,0.0014903342816978693,0.0008391320588998497,0.0006512022810056806,0.826904296875,0.4014892578125,0.01687321625649929
plant_4382,4382,00,4382,ref,0.000516398751642555,0.00021835952065885067,0.0002980392600875348,0.6119384765625,0.2064208984375,0.012422830797731876
plant_4385,4385,00,4385,rgb,0.0012619288172572851,0.0007144272676669061,0.0005475016077980399,0.8409423828125,0.3262939453125,0.01610766164958477
plant_4385,4385,00,4385,depth,0.001412922516465187,0.0007385970093309879,0.0006743254489265382,0.8543701171875,0.336181640625,0.01642867922782898
plant_4385,4385,00,4385,ref,0.0009700435912236571,0.0005564243765547872,0.0004136191855650395,0.7962646484375,0.251953125,0.014843589626252651
plant_4390,4390,00,4390,rgb,0.0025337375700473785,0.0008305873489007354,0.0017031501047313213,0.9315185546875,0.633544921875,0.02498147264122963
plant_4390,4390,00,4390,depth,0.0024414246436208487,0.0007833988056518137,0.001658025779761374,0.920166015625,0.606689453125,0.02386859990656376
plant_4390,4390,00,4390,ref,0.0011500685941427946,0.000599056133069098,0.0005510123446583748,0.85107421875,0.3880615234375,0.01759514957666397
plant_4393,4393,00,4393,rgb,0.0012195816962048411,0.0007564867846667767,0.00046309499884955585,0.84423828125,0.3392333984375,0.016393568366765976
plant_4393,4393,00,4393,depth,0.001169139752164483,0.0006505619385279715,0.0005185776972211897,0.8323974609375,0.403076171875,0.017634106799960136
plant_4393,4393,00,4393,ref,0.0011089640902355313,0.000658282486256212,0.00045068166218698025,0.8221435546875,0.294189453125,0.015708690509200096
plant_4395,4395,00,4395,rgb,0.0036730929277837276,0.0027647274546325207,0.0009083652403205633,0.91748046875,0.574462890625,0.02288038283586502
plant_4395,4395,00,4395,depth,0.004018534906208515,0.002630253555253148,0.0013882811181247234,0.9462890625,0.7633056640625,0.03146909922361374
plant_4395,4395,00,4395,ref,0.0016349810175597668,0.0011327496031299233,0.0005022314726375043,0.8262939453125,0.3095703125,0.015667850151658058
plant_4414,4414,00,4414,rgb,0.0017570462077856064,0.0006313882186077535,0.001125657930970192,0.8778076171875,0.437744140625,0.018373269587755203
plant_4414,4414,00,4414,depth,0.0015123496996238828,0.0006834607920609415,0.0008288888493552804,0.8857421875,0.4443359375,0.018716217949986458
plant_4414,4414,00,4414,ref,0.0009464614558964968,0.0004756395355798304,0.00047082192031666636,0.8486328125,0.388427734375,0.01760760508477688
plant_4415,4415,00,4415,rgb,0.0018819818506017327,0.0013765027979388833,0.0005054790526628494,0.7918701171875,0.3541259765625,0.016300780698657036
plant_4415,4415,00,4415,depth,0.002077819313853979,0.0016318445559591055,0.0004459747869987041,0.7742919921875,0.3160400390625,0.015506583265960217
plant_4415,4415,00,4415,ref,0.0010153332259505987,0.0005378658534027636,0.0004774673725478351,0.816650390625,0.379638671875,0.017205780372023582
plant_4419,4419,00,4419,rgb,0.0012804914731532335,0.0008173661772161722,0.0004631252959370613,0.8724365234375,0.381591796875,0.017643213272094727
plant_4419,4419,00,4419,depth,0.0012941756285727024,0.0008183110621757805,0.0004758645663969219,0.8814697265625,0.3983154296875,0.018094858154654503
plant_4419,4419,00,4419,ref,0.0009329997701570392,0.00040291505865752697,0.0005300846532918513,0.818115234375,0.330322265625,0.016373394057154655
plant_4420,4420,00,4420,rgb,0.0010888429824262857,0.0004330840311013162,0.0006557588931173086,0.819091796875,0.4161376953125,0.01786080375313759
plant_4420,4420,00,4420,depth,0.0012028422206640244,0.0004681280115619302,0.0007347142091020942,0.826171875,0.457275390625,0.018834587186574936
plant_4420,4420,00,4420,ref,0.0005377533379942179,0.00023102457635104656,0.0003067287616431713,0.58154296875,0.1666259765625,0.011372988112270832
plant_4423,4423,00,4423,rgb,0.0011550658382475376,0.0005585175240412354,0.0005965483724139631,0.790771484375,0.3746337890625,0.016063246876001358
plant_4423,4423,00,4423,depth,0.0011415558401495218,0.0005858325748704374,0.0005557232652790844,0.78759765625,0.3641357421875,0.015964653342962265
plant_4423,4423,00,4423,ref,0.0015910714864730835,0.0006825546151958406,0.0009085169294849038,0.864990234375,0.3663330078125,0.017095930874347687
plant_4430,4430,00,4430,rgb,0.002403578022494912,0.0013552524615079165,0.0010483255609869957,0.931640625,0.62060546875,0.023582497611641884
plant_4430,4430,00,4430,depth,0.0021213002037256956,0.001367017044685781,0.0007542831008322537,0.93115234375,0.583251953125,0.02202700823545456
plant_4430,4430,00,4430,ref,0.0014040214009582996,0.0007035914459265769,0.0007004299550317228,0.8797607421875,0.4810791015625,0.0194392167031765
plant_4444,4444,00,4444,rgb,0.000491331156808883,0.00027347018476575613,0.0002178609574912116,0.655029296875,0.1328125,0.012271473184227943
plant_4444,4444,00,4444,depth,0.00047450768761336803,0.0002549432683736086,0.00021956440468784422,0.664306640625,0.1312255859375,0.012686855159699917
plant_4444,4444,00,4444,ref,0.00103665329515934,0.0004868873511441052,0.0005497658858075738,0.85498046875,0.46240234375,0.019085390493273735
plant_4446,4446,00,4446,rgb,0.002565532922744751,0.0014988662442192435,0.0010666664456948638,0.8577880859375,0.4813232421875,0.019512122496962547
plant_4446,4446,00,4446,depth,0.002509484998881817,0.0016490042908117175,0.0008604805916547775,0.8638916015625,0.5035400390625,0.020094525068998337
plant_4446,4446,00,4446,ref,0.0009535469580441713,0.0004491958243306726,0.0005043511046096683,0.8603515625,0.382080078125,0.017286960035562515
plant_4452,4452,00,4452,rgb,0.0014436147175729275,0.0007890193955972791,0.0006545953219756484,0.8446044921875,0.3880615234375,0.01738913357257843
plant_4452,4452,00,4452,depth,0.0012654615566134453,0.0006602153298445046,0.0006052461685612798,0.82177734375,0.37548828125,0.017184611409902573
plant_4452,4452,00,4452,ref,0.0011588981142267585,0.0004940103972330689,0.0006648877169936895,0.827392578125,0.4329833984375,0.018302496522665024
plant_4463,4463,00,4463,rgb,0.0014359310735017061,0.0008335463353432715,0.0006023846799507737,0.9139404296875,0.5634765625,0.02167835645377636
plant_4463,4463,00,4463,depth,0.0017805146053433418,0.001130254240706563,0.0006502603646367788,0.922119140625,0.5740966796875,0.022182295098900795
plant_4463,4463,00,4463,ref,0.0014397769700735807,0.0007921028882265091,0.0006476740818470716,0.8935546875,0.5045166015625,0.02011549472808838
plant_4465,4465,00,4465,rgb,0.0020020001102238894,0.0010093068704009056,0.0009926932398229837,0.8896484375,0.4468994140625,0.018841693177819252
plant_4465,4465,00,4465,depth,0.0032986728474497795,0.001526793697848916,0.0017718792660161853,0.9259033203125,0.60546875,0.023081965744495392
plant_4465,4465,00,4465,ref,0.0019680331461131573,0.0010725766187533736,0.0008954566437751055,0.928466796875,0.578369140625,0.021951787173748016
plant_4475,4475,00,4475,rgb,0.0010640312684699893,0.0004137718351557851,0.0006502594333142042,0.77978515625,0.3076171875,0.01550135388970375
plant_4475,4475,00,4475,depth,0.0009617930045351386,0.00034492023405618966,0.0006168727995827794,0.763427734375,0.2742919921875,0.014806173741817474
plant_4475,4475,00,4475,ref,0.0008959253318607807,0.0004566335119307041,0.0004392918199300766,0.754638671875,0.26611328125,0.014723558910191059
plant_4496,4496,00,4496,rgb,0.0024039270356297493,0.0011463050032034516,0.0012576219160109758,0.8797607421875,0.563720703125,0.023114122450351715
plant_4496,4496,00,4496,depth,0.001976330066099763,0.0009574841824360192,0.0010188458254560828,0.864013671875,0.501953125,0.020064925774931908
plant_4496,4496,00,4496,ref,0.0004999623633921146,0.00023845503164920956,0.00026150731719098985,0.663818359375,0.182373046875,0.013076604343950748
plant_4501,4501,00,4501,rgb,0.0006502897012978792,0.0003558372554834932,0.00029445241671055555,0.781494140625,0.2177734375,0.014439214020967484
plant_4501,4501,00,4501,depth,0.0007028982508927584,0.00038927080458961427,0.0003136274463031441,0.7969970703125,0.2451171875,0.015033951960504055
plant_4501,4501,00,4501,ref,0.0005210901144891977,0.00023631702060811222,0.0002847730938810855,0.7073974609375,0.1893310546875,0.013319220393896103
plant_4513,4513,00,4513,rgb,0.0015243175439536572,0.000799264817032963,0.000725052785128355,0.916748046875,0.60693359375,0.0226496122777462
plant_4513,4513,00,4513,depth,0.0014654226833954453,0.000549707212485373,0.0009157154709100723,0.8819580078125,0.4742431640625,0.01934715174138546
plant_4513,4513,00,4513,ref,0.0008240785682573915,0.0003313543274998665,0.000492724240757525,0.80419921875,0.351318359375,0.016629895195364952
plant_4515,4515,00,4515,rgb,0.0009274784242734313,0.0005209840601310134,0.0004064943641424179,0.8201904296875,0.2977294921875,0.015726260840892792
plant_4515,4515,00,4515,depth,0.0007983857067301869,0.0004410946276038885,0.0003572911082301289,0.8031005859375,0.26123046875,0.015310412272810936
plant_4515,4515,00,4515,ref,0.0007269506459124386,0.0003473299148026854,0.00037962067290209234,0.7708740234375,0.260009765625,0.014730144292116165
plant_4522,4522,00,4522,rgb,0.004209134727716446,0.001948310062289238,0.0022608248982578516,0.94482421875,0.7110595703125,0.03170577436685562
plant_4522,4522,00,4522,depth,0.0038673088420182467,0.002364163054153323,0.0015031455550342798,0.9456787109375,0.6982421875,0.026981089264154434
plant_4522,4522,00,4522,ref,0.0020034052431583405,0.001152070821262896,0.0008513343636877835,0.947021484375,0.664794921875,0.02433309331536293
plant_4532,4532,00,4532,rgb,0.0008767236722633243,0.00037818984128534794,0.0004985338309779763,0.8328857421875,0.331787109375,0.016321707516908646
plant_4532,4532,00,4532,depth,0.0008877292275428772,0.00045408494770526886,0.0004336442216299474,0.841552734375,0.328125,0.01657675951719284
plant_4532,4532,00,4532,ref,0.0008350005373358727,0.0004127047141082585,0.0004222957941237837,0.8443603515625,0.3685302734375,0.01735258288681507
plant_4533,4533,00,4533,rgb,0.0011624321341514587,0.0005836489726789296,0.0005787831032648683,0.8499755859375,0.410400390625,0.017871230840682983
plant_4533,4533,00,4533,depth,0.0013863937929272652,0.0006580161862075329,0.0007283775485120714,0.8485107421875,0.43212890625,0.018149834126234055
plant_4533,4533,00,4533,ref,0.0012804842554032803,0.0005641663447022438,0.0007163177942857146,0.795166015625,0.4327392578125,0.018205426633358
plant_4555,4555,00,4555,rgb,0.001360592432320118,0.0007128811557777226,0.0006477112183347344,0.8243408203125,0.344482421875,0.016289122402668
plant_4555,4555,00,4555,depth,0.001224936218932271,0.0007205340662039816,0.0005044022109359503,0.8369140625,0.3232421875,0.016168123111128807
plant_4555,4555,00,4555,ref,0.0009536645957268775,0.0005787177942693233,0.0003749468014575541,0.8123779296875,0.2374267578125,0.015090102329850197
plant_4566,4566,00,4566,rgb,0.00205350574105978,0.0016173012554645538,0.0004362044273875654,0.8541259765625,0.3135986328125,0.015809612348675728
plant_4566,4566,00,4566,depth,0.0018637079047039151,0.0014445860870182514,0.00041912178858183324,0.865478515625,0.32373046875,0.01625721901655197
plant_4566,4566,00,4566,ref,0.0010514743626117706,0.0006027082563377917,0.0004487661353778094,0.8013916015625,0.2913818359375,0.014953803271055222
plant_4582,4582,00,4582,rgb,0.001163937384262681,0.0005924445576965809,0.0005714928265661001,0.8145751953125,0.3017578125,0.015783606097102165
plant_4582,4582,00,4582,depth,0.0010920825880020857,0.0005594004178419709,0.0005326822283677757,0.7947998046875,0.2945556640625,0.015833260491490364
plant_4582,4582,00,4582,ref,0.0009404708398506045,0.00043338118121027946,0.0005070896586403251,0.752685546875,0.3748779296875,0.016675474122166634
plant_4590,4590,00,4590,rgb,0.0012628231197595596,0.0006278895307332277,0.000634933530818671,0.84130859375,0.400634765625,0.01762300170958042
plant_4590,4590,00,4590,depth,0.0021918434649705887,0.0010963365202769637,0.0010955070611089468,0.891357421875,0.5283203125,0.020863814279437065
plant_4590,4590,00,4590,ref,0.0009079538285732269,0.00038258059066720307,0.0005253732088021934,0.72265625,0.324951171875,0.014735299162566662
plant_4596,4596,00,4596,rgb,0.0017407824052497745,0.0011147214099764824,0.0006260609370656312,0.892822265625,0.4122314453125,0.01816101372241974
plant_4596,4596,00,4596,depth,0.0012325573479756713,0.0007363776676356792,0.000496179738547653,0.8516845703125,0.309326171875,0.016382787376642227
plant_4596,4596,00,4596,ref,0.0004556553321890533,0.00021831887715961784,0.00023733646958135068,0.6390380859375,0.11865234375,0.011901279911398888
plant_4602,4602,00,4602,rgb,0.002541673369705677,0.0011967330938205123,0.0013449405087158084,0.9156494140625,0.6314697265625,0.024626417085528374
plant_4602,4602,00,4602,depth,0.002445952035486698,0.0011656953720375896,0.0012802566634491086,0.932861328125,0.6683349609375,0.026080263778567314
plant_4602,4602,00,4602,ref,0.0016659366665408015,0.0009887688793241978,0.0006771677872166038,0.9024658203125,0.521484375,0.0205363892018795
plant_4603,4603,00,4603,rgb,0.0036797919310629368,0.0020619677379727364,0.001617823843844235,0.8458251953125,0.557373046875,0.022977983579039574
plant_4603,4603,00,4603,depth,0.004253458231687546,0.002333797747269273,0.001919660484418273,0.8709716796875,0.5833740234375,0.02356097474694252
plant_4603,4603,00,4603,ref,0.00048746870015747845,0.0002045040891971439,0.0002829645818565041,0.5755615234375,0.155029296875,0.011090772226452827
plant_4606,4606,00,4606,rgb,0.0013519360218197107,0.0006320448592305183,0.0007198910461738706,0.8656005859375,0.4276123046875,0.018084490671753883
plant_4606,4606,00,4606,depth,0.0013320129364728928,0.0006318503292277455,0.0007001625490374863,0.86376953125,0.42431640625,0.0180194154381752
plant_4606,4606,00,4606,ref,0.0006811678176745772,0.0003193537122569978,0.0003618141054175794,0.7784423828125,0.2210693359375,0.014382969588041306
plant_4609,4609,00,4609,rgb,0.0013681999407708645,0.0007165761780925095,0.0006516238208860159,0.82275390625,0.3924560546875,0.017036162316799164
plant_4609,4609,00,4609,depth,0.0018297401256859303,0.0009597134776413441,0.0008700266480445862,0.84765625,0.4635009765625,0.018651047721505165
plant_4609,4609,00,4609,ref,0.0012777037918567657,0.0006119436002336442,0.0006657602498307824,0.8392333984375,0.443359375,0.018134793266654015
plant_4610,4610,00,4610,rgb,0.0016499843914061785,0.001092282822355628,0.0005577013944275677,0.787353515625,0.3804931640625,0.0169361624866724
plant_4610,4610,00,4610,depth,0.0017818850465118885,0.0012073146644979715,0.0005745703238062561,0.8062744140625,0.413330078125,0.017745738849043846
plant_4610,4610,00,4610,ref,0.0013709423365071416,0.0006092721596360207,0.0007616701768711209,0.6546630859375,0.29541015625,0.013523416593670845
plant_4614,4614,00,4614,rgb,0.0017567100003361702,0.0009954634588211775,0.0007612465415149927,0.8800048828125,0.4647216796875,0.019106583669781685
plant_4614,4614,00,4614,depth,0.002096616430208087,0.0010720095597207546,0.0010246068704873323,0.8779296875,0.5169677734375,0.020537029951810837
plant_4614,4614,00,4614,ref,0.0012896577827632427,0.0006103474879637361,0.0006793101201765239,0.857666015625,0.519775390625,0.02055768109858036
plant_4628,4628,00,4628,rgb,0.002126106759533286,0.0015805859584361315,0.0005455208010971546,0.8927001953125,0.4991455078125,0.01996791921555996
plant_4628,4628,00,4628,depth,0.002155930968001485,0.0016011252300813794,0.0005548057379201055,0.897705078125,0.4869384765625,0.01972021348774433
plant_4628,4628,00,4628,ref,0.0013964304234832525,0.0009631903376430273,0.00043324014404788613,0.86376953125,0.367431640625,0.01728104241192341
plant_4635,4635,00,4635,rgb,0.0025866860523819923,0.0019357680575922132,0.0006509180529974401,0.8814697265625,0.4483642578125,0.018711449578404427
plant_4635,4635,00,4635,depth,0.0021633224096149206,0.001737960265018046,0.00042536220280453563,0.86572265625,0.3399658203125,0.01699887402355671
plant_4635,4635,00,4635,ref,0.0019821440801024437,0.0014087888412177563,0.0005733551806770265,0.8717041015625,0.391357421875,0.017687063664197922
plant_4637,4637,00,4637,rgb,0.002216287888586521,0.0010048882104456425,0.0012113996781408787,0.89111328125,0.5472412109375,0.021912693977355957
plant_4637,4637,00,4637,depth,0.003241816535592079,0.0014036974171176553,0.001838119002059102,0.89306640625,0.5880126953125,0.025309482589364052
plant_4637,4637,00,4637,ref,0.0008809274877421558,0.00034997559851035476,0.000530951889231801,0.6883544921875,0.28759765625,0.013949854299426079
plant_4645,4645,00,4645,rgb,0.002064773812890053,0.0015308568254113197,0.0005339168710634112,0.8743896484375,0.401123046875,0.017992481589317322
plant_4645,4645,00,4645,depth,0.00196063076145947,0.001322952681221068,0.0006376779056154191,0.8837890625,0.4635009765625,0.019079679623246193
plant_4645,4645,00,4645,ref,0.0011452941689640284,0.0007007803069427609,0.0004445138620212674,0.8179931640625,0.286376953125,0.01548466831445694
plant_4649,4649,00,4649,rgb,0.00318747921846807,0.0014388348208740354,0.0017486443975940347,0.9129638671875,0.5760498046875,0.02274031937122345
plant_4649,4649,00,4649,depth,0.0029041750822216272,0.0015312875621020794,0.001372887403704226,0.9241943359375,0.5828857421875,0.022449111565947533
plant_4649,4649,00,4649,ref,0.0017810859717428684,0.0009498180588707328,0.0008312679128721356,0.9139404296875,0.5679931640625,0.021641649305820465
plant_4657,4657,00,4657,rgb,0.0015855117235332727,0.0008745274390093982,0.0007109843427315354,0.8797607421875,0.4908447265625,0.019751733168959618
plant_4657,4657,00,4657,depth,0.001791996182873845,0.0009834601078182459,0.0008085360750555992,0.8994140625,0.5296630859375,0.020766977220773697
plant_4657,4657,00,4657,ref,0.0012387949973344803,0.0006508257938548923,0.0005879692616872489,0.8770751953125,0.47509765625,0.019360966980457306
plant_4670,4670,00,4670,rgb,0.0016103119123727083,0.0008175662951543927,0.0007927455590106547,0.906982421875,0.531982421875,0.02090274915099144
plant_4670,4670,00,4670,depth,0.0016703411238268018,0.0009659617207944393,0.0007043794030323625,0.927978515625,0.5931396484375,0.022073056548833847
plant_4670,4670,00,4670,ref,0.0014011068269610405,0.0007034377777017653,0.000697669165674597,0.894287109375,0.4517822265625,0.018930844962596893
plant_4673,4673,00,4673,rgb,0.0014897731598466635,0.0009393440559506416,0.0005504291038960218,0.7769775390625,0.3790283203125,0.01634996198117733
plant_4673,4673,00,4673,depth,0.0013915272429585457,0.0009716370841488242,0.0004198901879135519,0.772705078125,0.33984375,0.01587638631463051
plant_4673,4673,00,4673,ref,0.0015684223035350442,0.0008278294699266553,0.0007405928336083889,0.8074951171875,0.470458984375,0.018998771905899048
plant_4693,4693,00,4693,rgb,0.0009298435179516673,0.0004532980965450406,0.0004765454796142876,0.7587890625,0.3045654296875,0.014470571652054787
plant_4693,4693,00,4693,depth,0.000989516032859683,0.0005040476680733263,0.0004854683647863567,0.7645263671875,0.2530517578125,0.01431297417730093
plant_4693,4693,00,4693,ref,0.0006313826888799667,0.0002899442333728075,0.00034143851371482015,0.6700439453125,0.2158203125,0.01288480032235384
plant_4722,4722,00,4722,rgb,0.0008356660255230963,0.0005767542752437294,0.0002589118084870279,0.758544921875,0.1741943359375,0.013781812973320484
plant_4722,4722,00,4722,depth,0.0007442838978022337,0.0005038506933487952,0.00024043320445343852,0.7352294921875,0.1429443359375,0.013214869424700737
plant_4722,4722,00,4722,ref,0.0005409136647358537,0.00029189520864747465,0.00024901842698454857,0.6497802734375,0.136962890625,0.012198233045637608
plant_4737,4737,00,4737,rgb,0.0016843951307237148,0.0005967407487332821,0.0010876543819904327,0.919677734375,0.63427734375,0.024479318410158157
plant_4737,4737,00,4737,depth,0.0017690197564661503,0.0006203851662576199,0.0011486345902085304,0.9190673828125,0.6435546875,0.024675656110048294
plant_4737,4737,00,4737,ref,0.00098663370590657,0.00042194713023491204,0.0005646866047754884,0.8607177734375,0.46533203125,0.019086167216300964
plant_4759,4759,00,4759,rgb,0.0016372157260775566,0.000549649354070425,0.0010875663720071316,0.8436279296875,0.5008544921875,0.020026840269565582
plant_4759,4759,00,4759,depth,0.0017861856613308191,0.0006074784323573112,0.0011787072289735079,0.8763427734375,0.537841796875,0.021302467212080956
plant_4759,4759,00,4759,ref,0.0013959842035546899,0.00036236547748558223,0.0010336186969652772,0.739501953125,0.4310302734375,0.01769426465034485
plant_4780,4780,00,4780,rgb,0.0022666065488010645,0.0012440013233572245,0.0010226051090285182,0.875732421875,0.484619140625,0.019628383219242096
plant_4780,4780,00,4780,depth,0.0026860907673835754,0.0016781424637883902,0.0010079483035951853,0.8702392578125,0.5360107421875,0.02093777246773243
plant_4780,4780,00,4780,ref,0.0023105042055249214,0.0012330730678513646,0.001077431021258235,0.881103515625,0.563232421875,0.02205197513103485
plant_4803,4803,00,4803,rgb,0.0014749590773135424,0.0009040151489898562,0.0005709439283236861,0.8778076171875,0.4774169921875,0.019389143213629723
plant_4803,4803,00,4803,depth,0.0017421606462448835,0.0010711034992709756,0.0006710572633892298,0.889892578125,0.529541015625,0.020823156461119652
plant_4803,4803,00,4803,ref,0.0013205076102167368,0.0007621124386787415,0.0005583952879533172,0.821533203125,0.418212890625,0.01733672432601452
plant_4807,4807,00,4807,rgb,0.0008681624894961715,0.0004760297597385943,0.0003921327297575772,0.823974609375,0.312744140625,0.016166428104043007
plant_4807,4807,00,4807,depth,0.0006860459689050913,0.00039957687840797007,0.00028646911960095167,0.786376953125,0.2122802734375,0.014590779319405556
plant_4807,4807,00,4807,ref,0.0009721691021695733,0.0006359533290378749,0.00033621559850871563,0.837158203125,0.2689208984375,0.015751561149954796
plant_4815,4815,00,4815,rgb,0.002730670617893338,0.0017476563807576895,0.0009830142371356487,0.8760986328125,0.5906982421875,0.0228254497051239
plant_4815,4815,00,4815,depth,0.002640355844050646,0.0017758420435711741,0.0008645136840641499,0.8985595703125,0.5899658203125,0.022603068500757217
plant_4815,4815,00,4815,ref,0.0008421431994065642,0.0004475368477869779,0.0003946063807234168,0.7498779296875,0.3245849609375,0.015490789897739887
plant_4821,4821,00,4821,rgb,0.002063196152448654,0.0012303731637075543,0.0008328230469487607,0.906982421875,0.5701904296875,0.0219135582447052
plant_4821,4821,00,4821,depth,0.0018251501023769379,0.0009951649699360132,0.0008299851324409246,0.903076171875,0.548583984375,0.02112363465130329
plant_4821,4821,00,4821,ref,0.000684556900523603,0.00034453056287020445,0.0003400263376533985,0.6927490234375,0.177001953125,0.01296192966401577
plant_4828,4828,00,4828,rgb,0.0008120501297526062,0.000406217179261148,0.0004058329504914582,0.7901611328125,0.2327880859375,0.014813403598964214
plant_4828,4828,00,4828,depth,0.001012732507660985,0.00046889367513358593,0.0005438387161120772,0.82421875,0.322265625,0.016241271048784256
plant_4828,4828,00,4828,ref,0.0009830148192122579,0.0004634748911485076,0.0005195399862714112,0.801513671875,0.3780517578125,0.016862550750374794
plant_4857,4857,00,4857,rgb,0.0021548564545810223,0.001455791061744094,0.0006990653346292675,0.912841796875,0.576171875,0.02185535430908203
plant_4857,4857,00,4857,depth,0.002235610969364643,0.0014829491265118122,0.0007526619010604918,0.91748046875,0.612548828125,0.023586373776197433
plant_4857,4857,00,4857,ref,0.0018292327877134085,0.0010389125673100352,0.0007903202786110342,0.90380859375,0.5272216796875,0.02081911824643612
plant_4882,4882,00,4882,rgb,0.005452705081552267,0.003921549301594496,0.0015311557799577713,0.8995361328125,0.560546875,0.022176876664161682
plant_4882,4882,00,4882,depth,0.0051324511878192425,0.003768556984141469,0.001363894552923739,0.90771484375,0.5706787109375,0.02221953682601452
plant_4882,4882,00,4882,ref,0.001480571459978819,0.000828376563731581,0.0006521948962472379,0.8824462890625,0.4241943359375,0.018273992463946342
plant_4890,4890,00,4890,rgb,0.0017201518639922142,0.0005963073926977813,0.001123844413086772,0.8990478515625,0.5914306640625,0.022717025130987167
plant_4890,4890,00,4890,depth,0.0013847961090505123,0.0005602730088867247,0.0008245231001637876,0.8865966796875,0.5394287109375,0.02090870961546898
plant_4890,4890,00,4890,ref,0.0011887392029166222,0.0004458947223611176,0.0007428444805555046,0.8074951171875,0.5594482421875,0.022125381976366043
plant_4915,4915,00,4915,rgb,0.00251803663559258,0.0009217541664838791,0.0015962824691087008,0.942138671875,0.703857421875,0.027254803106188774
plant_4915,4915,00,4915,depth,0.002367710927501321,0.0008856023196130991,0.0014821086078882217,0.93603515625,0.6781005859375,0.026503805071115494
plant_4915,4915,00,4915,ref,0.0013260799460113049,0.0004450231499504298,0.0008810567669570446,0.87255859375,0.47802734375,0.019457338377833366
plant_4921,4921,00,4921,rgb,0.0018094235565513372,0.001278348034247756,0.0005310754640959203,0.8887939453125,0.4500732421875,0.01898667775094509
plant_4921,4921,00,4921,depth,0.001951142679899931,0.0014149504713714123,0.0005361922667361796,0.892822265625,0.4364013671875,0.01869097724556923
plant_4921,4921,00,4921,ref,0.0016119981883093715,0.0010104880202561617,0.0006015101098455489,0.9156494140625,0.5330810546875,0.020771266892552376
plant_4927,4927,00,4927,rgb,0.0023512972984462976,0.0008724097278900445,0.001478887745179236,0.912353515625,0.588134765625,0.02274460904300213
plant_4927,4927,00,4927,depth,0.00226122816093266,0.0008764269878156483,0.0013848011149093509,0.914794921875,0.5869140625,0.022633709013462067
plant_4927,4927,00,4927,ref,0.0012320377863943577,0.0005361594376154244,0.0006958782905712724,0.8929443359375,0.500732421875,0.020027410238981247
plant_4931,4931,00,4931,rgb,0.0009742925176396966,0.0004276568070054054,0.0005466357688419521,0.7818603515625,0.3472900390625,0.01585637591779232
plant_4931,4931,00,4931,depth,0.000959823839366436,0.00044123572297394276,0.0005185881163924932,0.7801513671875,0.3236083984375,0.015706229954957962
plant_4931,4931,00,4931,ref,0.0011350385611876845,0.00048160916776396334,0.0006534293643198907,0.7891845703125,0.3511962890625,0.016048667952418327
plant_4937,4937,00,4937,rgb,0.002019618172198534,0.0007955902256071568,0.001224028063006699,0.8935546875,0.609375,0.024051519110798836
plant_4937,4937,00,4937,depth,0.0047795833088457584,0.0016260037664324045,0.0031535797752439976,0.928955078125,0.749755859375,0.03784778341650963
plant_4937,4937,00,4937,ref,0.0015965555794537067,0.0007139259832911193,0.0008826296543702483,0.8848876953125,0.5565185546875,0.02184096723794937
plant_4947,4947,00,4947,rgb,0.0007859630859456956,0.0004728231579065323,0.00031313992803916335,0.8016357421875,0.216796875,0.014633889310061932
plant_4947,4947,00,4947,depth,0.0009477995336055756,0.0005641503375954926,0.0003836492542177439,0.816162109375,0.2889404296875,0.015499813482165337
plant_4947,4947,00,4947,ref,0.0003525707870721817,0.0001660427951719612,0.0001865279919002205,0.64111328125,0.0693359375,0.011582228355109692
plant_4948,4948,00,4948,rgb,0.0009717442444525659,0.00047905545216053724,0.0004926887922920287,0.8643798828125,0.382080078125,0.017285536974668503
plant_4948,4948,00,4948,depth,0.0010484473314136267,0.0005665721255354583,0.00048187514767050743,0.86376953125,0.40771484375,0.01789005659520626
plant_4948,4948,00,4948,ref,0.0013070229906588793,0.0006847101030871272,0.0006223128875717521,0.87890625,0.4444580078125,0.018457671627402306
plant_4956,4956,00,4956,rgb,0.0007549647707492113,0.0004101551603525877,0.00034480958129279315,0.73291015625,0.23681640625,0.01417570747435093
plant_4956,4956,00,4956,depth,0.0007938247872516513,0.0004224041767884046,0.00037142058135941625,0.75146484375,0.2508544921875,0.014558844268321991
plant_4956,4956,00,4956,ref,0.0012961651664227247,0.00067454221425578,0.0006216229521669447,0.814208984375,0.419921875,0.01782572828233242
plant_4959,4959,00,4959,rgb,0.001820141333155334,0.0011495264479890466,0.0006706148851662874,0.8349609375,0.4423828125,0.018074195832014084
plant_4959,4959,00,4959,depth,0.003756761783733964,0.0020495466887950897,0.0017072150949388742,0.935302734375,0.7396240234375,0.03301900625228882
plant_4959,4959,00,4959,ref,0.0009891430381685495,0.0004443264624569565,0.0005448165466077626,0.7939453125,0.4556884765625,0.01843292824923992
plant_4972,4972,00,4972,rgb,0.0019123152596876025,0.0010203737765550613,0.0008919414831325412,0.8038330078125,0.4228515625,0.017705563455820084
plant_4972,4972,00,4972,depth,0.0011747328098863363,0.0007408519741147757,0.0004338808066677302,0.8089599609375,0.394775390625,0.01753348484635353
plant_4972,4972,00,4972,ref,0.0007009642431512475,0.0002891434996854514,0.00041182071436196566,0.62255859375,0.21728515625,0.01238762866705656
plant_4974,4974,00,4974,rgb,0.001206014072522521,0.0008326941169798374,0.0003733198973350227,0.8258056640625,0.2042236328125,0.015144109725952148
plant_4974,4974,00,4974,depth,0.0012237454066053033,0.0008157408447004855,0.0004080045910086483,0.851806640625,0.31005859375,0.01673738844692707
plant_4974,4974,00,4974,ref,0.001222388120368123,0.0007168672163970768,0.0005055209621787071,0.8214111328125,0.27099609375,0.015327567234635353
plant_4977,4977,00,4977,rgb,0.0014451270690187812,0.0007422734051942825,0.0007028537220321596,0.8251953125,0.412841796875,0.01755000464618206
plant_4977,4977,00,4977,depth,0.0010994828771799803,0.0006081035826355219,0.0004913794109597802,0.8018798828125,0.3421630859375,0.01598181016743183
plant_4977,4977,00,4977,ref,0.0006895231199450791,0.0003844156162813306,0.0003051075036637485,0.679443359375,0.2197265625,0.013314608484506607
plant_4979,4979,00,4979,rgb,0.0016143473330885172,0.0005977631080895662,0.001016584224998951,0.865478515625,0.48095703125,0.019484655931591988
plant_4979,4979,00,4979,depth,0.001634505344554782,0.0007687628967687488,0.0008657424477860332,0.8599853515625,0.4693603515625,0.019120322540402412
plant_4979,4979,00,4979,ref,0.0016064674127846956,0.0006072087562642992,0.0009992587147280574,0.8192138671875,0.40234375,0.017319541424512863
plant_4983,4983,00,4983,rgb,0.0003407126641832292,0.00017126223247032613,0.0001694504462648183,0.54052734375,0.074951171875,0.010512659326195717
plant_4983,4983,00,4983,depth,0.0004968984285369515,0.0002960236743092537,0.00020087476877961308,0.595458984375,0.10791015625,0.011311737820506096
plant_4983,4983,00,4983,ref,0.0009388758335262537,0.0004239205445628613,0.0005149553180672228,0.6907958984375,0.2589111328125,0.013011503033339977
plant_4984,4984,00,4984,rgb,0.0011132832150906324,0.00046166006359271705,0.0006516231806017458,0.8575439453125,0.4063720703125,0.017595622688531876
plant_4984,4984,00,4984,depth,0.0010200832039117813,0.0004356119316071272,0.0005844712140969932,0.85009765625,0.379638671875,0.016952887177467346
plant_4984,4984,00,4984,ref,0.0010493304580450058,0.0005699660396203399,0.000479364360217005,0.8275146484375,0.33837890625,0.016379809007048607
plant_4986,4986,00,4986,rgb,0.002539748325943947,0.001990204444155097,0.000549543765373528,0.8714599609375,0.401123046875,0.017989428713917732
plant_4986,4986,00,4986,depth,0.0037581687793135643,0.0031426381319761276,0.0006155309383757412,0.918212890625,0.53515625,0.020790748298168182
plant_4986,4986,00,4986,ref,0.0022270954214036465,0.001075926935300231,0.0011511683696880937,0.94384765625,0.669921875,0.024670615792274475
plant_4989,4989,00,4989,rgb,0.0005458621308207512,0.00028124472009949386,0.00026461738161742687,0.682373046875,0.1630859375,0.012679679319262505
plant_4989,4989,00,4989,depth,0.0006873651873320341,0.0003481552703306079,0.0003392098587937653,0.7486572265625,0.20166015625,0.013901523314416409
plant_4989,4989,00,4989,ref,0.0005238107987679541,0.0002103810984408483,0.0003134296857751906,0.7286376953125,0.2315673828125,0.014057583175599575
plant_4990,4990,00,4990,rgb,0.0017819392960518599,0.0012286200653761625,0.0005533191724680364,0.8719482421875,0.458740234375,0.018970077857375145
plant_4990,4990,00,4990,depth,0.0018838247051462531,0.0013333784881979227,0.0005504462169483304,0.8812255859375,0.47998046875,0.01955493353307247
plant_4990,4990,00,4990,ref,0.0009568874957039952,0.0005421717651188374,0.00041471573058515787,0.84423828125,0.3045654296875,0.016202012076973915
plant_4999,4999,00,4999,rgb,0.0012439079582691193,0.0007818220765329897,0.00046208585263229907,0.833740234375,0.3277587890625,0.01639348827302456
plant_4999,4999,00,4999,depth,0.0014720798935741186,0.0010449367109686136,0.0004271431243978441,0.8438720703125,0.3035888671875,0.01612648367881775
plant_4999,4999,00,4999,ref,0.0020355870947241783,0.0007774876430630684,0.0012580992188304663,0.8590087890625,0.497802734375,0.019931450486183167
plant_5006,5006,00,5006,rgb,0.0019480562768876553,0.0007107519777491689,0.0012373044155538082,0.867919921875,0.42529296875,0.018263904377818108
plant_5006,5006,00,5006,depth,0.0019236751832067966,0.0007301182486116886,0.0011935571674257517,0.8878173828125,0.472900390625,0.019455645233392715
plant_5006,5006,00,5006,ref,0.0019385985797271132,0.0006834401865489781,0.001255158451385796,0.9149169921875,0.5863037109375,0.022279247641563416
plant_5019,5019,00,5019,rgb,0.0020581246353685856,0.0014443513937294483,0.0006137732416391373,0.869140625,0.412109375,0.018161991611123085
plant_5019,5019,00,5019,depth,0.0034147349651902914,0.002749726641923189,0.0006650080322287977,0.8831787109375,0.427490234375,0.018182385712862015
plant_5019,5019,00,5019,ref,0.0017549993935972452,0.0010887577664107084,0.0006662415689788759,0.8841552734375,0.4425048828125,0.018524199724197388
plant_5040,5040,00,5040,rgb,0.002883398439735174,0.0019954980816692114,0.000887900241650641,0.892578125,0.51904296875,0.020503196865320206
plant_5040,5040,00,5040,depth,0.003196974052116275,0.002030645962804556,0.001166328089311719,0.9136962890625,0.544921875,0.021058568730950356
plant_5040,5040,00,5040,ref,0.0006843124865554273,0.00034871959360316396,0.00033559289295226336,0.6771240234375,0.1744384765625,0.012704447843134403
plant_5043,5043,00,5043,rgb,0.002625806722790003,0.001543662161566317,0.0010821445612236857,0.9195556640625,0.58544921875,0.021994901821017265
plant_5043,5043,00,5043,depth,0.0058881621807813644,0.0028741760179400444,0.0030139859300106764,0.93212890625,0.6986083984375,0.02768781967461109
plant_5043,5043,00,5043,ref,0.001809223205782473,0.0008212713291868567,0.0009879518765956163,0.8250732421875,0.5057373046875,0.020203135907649994
plant_5051,5051,00,5051,rgb,0.0019333751406520605,0.0009225414250977337,0.0010108336573466659,0.8951416015625,0.5711669921875,0.022170262411236763
plant_5051,5051,00,5051,depth,0.0019925888627767563,0.0009837639518082142,0.0010088247945532203,0.9046630859375,0.581298828125,0.02251230552792549
plant_5051,5051,00,5051,ref,0.0015856768004596233,0.0008398127974942327,0.0007458641193807125,0.8631591796875,0.4241943359375,0.01791539043188095
plant_5066,5066,00,5066,rgb,0.0013647092273458838,0.0004316296835895628,0.0009330796310678124,0.7679443359375,0.316650390625,0.015576587058603764
plant_5066,5066,00,5066,depth,0.0016022732015699148,0.0004884774098172784,0.0011137957917526364,0.7847900390625,0.357666015625,0.016337325796484947
plant_5066,5066,00,5066,ref,0.001357364933937788,0.000434140587458387,0.0009232243755832314,0.8006591796875,0.520263671875,0.02066059783101082
plant_5074,5074,00,5074,rgb,0.006613132078200579,0.0060971081256866455,0.0005160238943062723,0.8499755859375,0.4010009765625,0.01761585846543312
plant_5074,5074,00,5074,depth,0.0021417024545371532,0.0016519244527444243,0.0004897780600003898,0.8072509765625,0.348388671875,0.016244590282440186
plant_5074,5074,00,5074,ref,0.0017586096655577421,0.0008281891350634396,0.0009304204722866416,0.8975830078125,0.5140380859375,0.020351190119981766
plant_5078,5078,00,5078,rgb,0.003446369431912899,0.0013158934889361262,0.002130475826561451,0.809814453125,0.479248046875,0.018951892852783203
plant_5078,5078,00,5078,depth,0.005891103297472,0.001962835667654872,0.003928267862647772,0.8828125,0.517333984375,0.02068135142326355
plant_5078,5078,00,5078,ref,0.00042673759162425995,0.00018990528769791126,0.00023683230392634869,0.5582275390625,0.1297607421875,0.010978301987051964
plant_5095,5095,00,5095,rgb,0.0024432747159153223,0.0015389581676572561,0.0009043165482580662,0.856689453125,0.486328125,0.019576333463191986
plant_5095,5095,00,5095,depth,0.0025489814579486847,0.00162803684361279,0.0009209444979205728,0.86962890625,0.48291015625,0.01944509893655777
plant_5095,5095,00,5095,ref,0.0008239211747422814,0.00045460069668479264,0.00036932044895365834,0.7203369140625,0.26513671875,0.01358388178050518
plant_5099,5099,00,5099,rgb,0.0014816897455602884,0.00044278509449213743,0.001038904651068151,0.9031982421875,0.53466796875,0.02123331092298031
plant_5099,5099,00,5099,depth,0.0016242852434515953,0.0005062907584942877,0.0011179945431649685,0.9085693359375,0.5777587890625,0.022472811862826347
plant_5099,5099,00,5099,ref,0.0017245528288185596,0.0005899174720980227,0.0011346354149281979,0.8848876953125,0.5367431640625,0.021019253879785538
plant_5103,5103,00,5103,rgb,0.001892582862637937,0.0012205591192469,0.000672023743391037,0.901123046875,0.50390625,0.02009313739836216
plant_5103,5103,00,5103,depth,0.0017259321175515652,0.0010810185922309756,0.0006449135253205895,0.897216796875,0.464599609375,0.0192665234208107
plant_5103,5103,00,5103,ref,0.0012273784959688783,0.0005984627059660852,0.0006289157317951322,0.8836669921875,0.491455078125,0.01978086121380329
plant_5105,5105,00,5105,rgb,0.0030590358655899763,0.0023756343871355057,0.0006834015366621315,0.903076171875,0.5155029296875,0.020358124747872353
plant_5105,5105,00,5105,depth,0.004695767071098089,0.003695941064506769,0.00099982600659132,0.899169921875,0.5498046875,0.02136825956404209
plant_5105,5105,00,5105,ref,0.000989345135167241,0.000543540227226913,0.0004458049370441586,0.7274169921875,0.2327880859375,0.013734642416238785
plant_5109,5109,00,5109,rgb,0.0017103769350796938,0.0009518052102066576,0.0007585716666653752,0.85205078125,0.422607421875,0.01792219653725624
plant_5109,5109,00,5109,depth,0.0014441604726016521,0.0007162488764151931,0.0007279115379787982,0.853515625,0.44189453125,0.018517501652240753
plant_5109,5109,00,5109,ref,0.0010779756121337414,0.0004816163273062557,0.0005963593139313161,0.7471923828125,0.285400390625,0.014565189369022846
plant_5112,5112,00,5112,rgb,0.002033994998782873,0.0013328578788787127,0.0007011369452811778,0.7779541015625,0.3880615234375,0.016570376232266426
plant_5112,5112,00,5112,depth,0.0018879410345107317,0.0012753061018884182,0.0006126349326223135,0.757568359375,0.318603515625,0.01585162617266178
plant_5112,5112,00,5112,ref,0.0012417440302670002,0.0006854431703686714,0.0005563009181059897,0.7137451171875,0.281982421875,0.013901857659220695
plant_5114,5114,00,5114,rgb,0.0009099500020965934,0.0006049778312444687,0.00030497214174829423,0.7886962890625,0.2117919921875,0.014517461881041527
plant_5114,5114,00,5114,depth,0.000924214837141335,0.0006050856900401413,0.00031912914710119367,0.7939453125,0.2362060546875,0.015186768025159836
plant_5114,5114,00,5114,ref,0.0005847503198310733,0.00029607367468997836,0.00028867670334875584,0.7156982421875,0.15771484375,0.013082323595881462
plant_5117,5117,00,5117,rgb,0.0018281606025993824,0.0011446344433352351,0.0006835260428488255,0.919677734375,0.54150390625,0.021025700494647026
plant_5117,5117,00,5117,depth,0.002142565790563822,0.0012745053973048925,0.0008680603932589293,0.9283447265625,0.639892578125,0.023986414074897766
plant_5117,5117,00,5117,ref,0.0012932263780385256,0.0007564530242234468,0.0005367733538150787,0.9052734375,0.4844970703125,0.019614538177847862
plant_5120,5120,00,5120,rgb,0.001089703873731196,0.0005117084365338087,0.0005779954371973872,0.8358154296875,0.39111328125,0.017121395096182823
plant_5120,5120,00,5120,depth,0.0008792823064140975,0.00044119294034317136,0.0004380893660709262,0.8057861328125,0.283447265625,0.015108316205441952
plant_5120,5120,00,5120,ref,0.0005787572008557618,0.00028148980345577,0.00029726739739999175,0.676513671875,0.2001953125,0.013122128322720528
plant_5127,5127,00,5127,rgb,0.0014216649578884244,0.0005456962971948087,0.0008759686606936157,0.8272705078125,0.4493408203125,0.018343931064009666
plant_5127,5127,00,5127,depth,0.0016993209719657898,0.0006248208228498697,0.00107450014911592,0.8397216796875,0.4522705078125,0.018464241176843643
plant_5127,5127,00,5127,ref,0.0015304000116884708,0.0005268939421512187,0.001003506127744913,0.79931640625,0.4989013671875,0.019955571740865707
plant_5131,5131,00,5131,rgb,0.0020906853023916483,0.001474567106924951,0.0006161182536743581,0.874267578125,0.4251708984375,0.01821429468691349
plant_5131,5131,00,5131,depth,0.0019492554711177945,0.0013336302945390344,0.0006156251765787601,0.8604736328125,0.4141845703125,0.018020780757069588
plant_5131,5131,00,5131,ref,0.0021618527825921774,0.0013165567070245743,0.000845296133775264,0.9139404296875,0.5306396484375,0.020724743604660034
plant_5134,5134,00,5134,rgb,0.0010303431190550327,0.0003559952019713819,0.0006743478588759899,0.7586669921875,0.2828369140625,0.014911316335201263
plant_5134,5134,00,5134,depth,0.0013098908821120858,0.0005636424757540226,0.0007462484063580632,0.783935546875,0.3228759765625,0.015578728169202805
plant_5134,5134,00,5134,ref,0.0008494873181916773,0.00034640630474314094,0.0005030810134485364,0.7392578125,0.3074951171875,0.01533418893814087
plant_5135,5135,00,5135,rgb,0.002405981533229351,0.0011784282978624105,0.0012275533517822623,0.853271484375,0.5645751953125,0.022853808477520943
plant_5135,5135,00,5135,depth,0.0018520369194447994,0.0010204010177403688,0.0008316358434967697,0.810546875,0.467529296875,0.018872801214456558
plant_5135,5135,00,5135,ref,0.0013969357823953032,0.0005977055989205837,0.0007992300670593977,0.6966552734375,0.445556640625,0.017792608588933945
plant_5154,5154,00,5154,rgb,0.001675981329753995,0.0008642147877253592,0.0008117666002362967,0.843505859375,0.47802734375,0.019363142549991608
plant_5154,5154,00,5154,depth,0.0015323776751756668,0.0008346872637048364,0.0006976904696784914,0.82421875,0.400634765625,0.017530204728245735
plant_5154,5154,00,5154,ref,0.0010178845841437578,0.0004244132142048329,0.0005934713408350945,0.707763671875,0.3155517578125,0.014491027221083641
plant_5156,5156,00,5156,rgb,0.0030477188993245363,0.0019277615938335657,0.0011199573054909706,0.9339599609375,0.6627197265625,0.02622760646045208
plant_5156,5156,00,5156,depth,0.003261768724769354,0.0020365596283227205,0.0012252088636159897,0.9466552734375,0.7314453125,0.028502359986305237
plant_5156,5156,00,5156,ref,0.0016116986516863108,0.0010135855991393328,0.000598113052546978,0.90625,0.506591796875,0.020120175555348396
plant_5161,5161,00,5161,rgb,0.0020740702748298645,0.0008902483968995512,0.0011838218197226524,0.921630859375,0.588134765625,0.02221173793077469
plant_5161,5161,00,5161,depth,0.001414561178535223,0.0006518085720017552,0.0007627525483258069,0.878173828125,0.450927734375,0.018857775256037712
plant_5161,5161,00,5161,ref,0.001626969431526959,0.0008000783855095506,0.0008268911624327302,0.869140625,0.4208984375,0.018256722018122673
plant_5173,5173,00,5173,rgb,0.001450486946851015,0.0005977492546662688,0.0008527376339770854,0.850830078125,0.4952392578125,0.01980050653219223
plant_5173,5173,00,5173,depth,0.0015823321882635355,0.0006659174105152488,0.0009164147777482867,0.880615234375,0.5340576171875,0.021103063598275185
plant_5173,5173,00,5173,ref,0.0010737490374594927,0.000600525236222893,0.00047322383034043014,0.7398681640625,0.3389892578125,0.015779314562678337
plant_5177,5177,00,5177,rgb,0.0037394589744508266,0.0022623848635703325,0.0014770738780498505,0.905029296875,0.6175537109375,0.02435433305799961
plant_5177,5177,00,5177,depth,0.0037999991327524185,0.0022877671290189028,0.0015122321201488376,0.9010009765625,0.6396484375,0.025159085169434547
plant_5177,5177,00,5177,ref,0.0006705243140459061,0.00033832297776825726,0.00033220136538147926,0.7523193359375,0.2830810546875,0.015190590173006058
plant_5203,5203,00,5203,rgb,0.0016511206049472094,0.0007472042925655842,0.0009039163123816252,0.8753662109375,0.5125732421875,0.020427504554390907
plant_5203,5203,00,5203,depth,0.000655954412650317,0.0003531639522407204,0.000302790489513427,0.7706298828125,0.2135009765625,0.014188703149557114
plant_5203,5203,00,5203,ref,0.000501374714076519,0.0002569679054431617,0.0002444068086333573,0.675537109375,0.1346435546875,0.012524100951850414
plant_5204,5204,00,5204,rgb,0.0008003535331226885,0.0003950485843233764,0.0004053049487993121,0.794921875,0.357666015625,0.016726821660995483
plant_5204,5204,00,5204,depth,0.0006093726260587573,0.00031097038299776614,0.0002984022139571607,0.749755859375,0.2130126953125,0.014421496540307999
plant_5204,5204,00,5204,ref,0.0007173800840973854,0.00036939108395017684,0.00034798900014720857,0.7301025390625,0.2462158203125,0.014091936871409416
plant_5205,5205,00,5205,rgb,0.0009827159810811281,0.00046917659346945584,0.0005135393585078418,0.814697265625,0.3740234375,0.016813935711979866
plant_5205,5205,00,5205,depth,0.0010788015788421035,0.0005154664977453649,0.0005633350810967386,0.8450927734375,0.4080810546875,0.01784071885049343
plant_5205,5205,00,5205,ref,0.0008965182933025062,0.0003755837678909302,0.0005209344672039151,0.730712890625,0.3463134765625,0.01572079211473465
plant_5215,5215,00,5215,rgb,0.0017028443980962038,0.0007289944915100932,0.0009738498483784497,0.8616943359375,0.49609375,0.0198980662971735
plant_5215,5215,00,5215,depth,0.003345077857375145,0.0011487328447401524,0.0021963450126349926,0.8648681640625,0.4884033203125,0.019620681181550026
plant_5215,5215,00,5215,ref,0.0009144607465714216,0.00036828158772550523,0.0005461791297420859,0.694091796875,0.326416015625,0.014823687262833118
plant_5223,5223,00,5223,rgb,0.0008639630395919085,0.0004645761218853295,0.00039938691770657897,0.703125,0.228759765625,0.01360891479998827
plant_5223,5223,00,5223,depth,0.0006566739175468683,0.00032701395684853196,0.00032965996069833636,0.656982421875,0.1710205078125,0.012479308992624283
plant_5223,5223,00,5223,ref,0.0008209336083382368,0.00039508985355496407,0.0004258437838871032,0.750244140625,0.198486328125,0.013591947965323925
plant_5225,5225,00,5225,rgb,0.0009729985613375902,0.00042454712092876434,0.0005484514404088259,0.869140625,0.4039306640625,0.01784709468483925
plant_5225,5225,00,5225,depth,0.0008033798658289015,0.00035934880725108087,0.0004440310876816511,0.834228515625,0.3516845703125,0.016868147999048233
plant_5225,5225,00,5225,ref,0.0006456933915615082,0.00027800866519100964,0.000367684755474329,0.8153076171875,0.2698974609375,0.015508376993238926
plant_5239,5239,00,5239,rgb,0.0005633794935420156,0.00025883171474561095,0.0003045478370040655,0.752197265625,0.192626953125,0.014271602034568787
plant_5239,5239,00,5239,depth,0.0006553581915795803,0.00033026773598976433,0.000325090455589816,0.7830810546875,0.209716796875,0.015043547376990318
plant_5239,5239,00,5239,ref,0.0006149930413812399,0.0003029989020433277,0.00031199416844174266,0.7777099609375,0.2259521484375,0.014654054306447506
plant_5248,5248,00,5248,rgb,0.0011308847460895777,0.0006535637658089399,0.00047732098028063774,0.7940673828125,0.286376953125,0.015595266595482826
plant_5248,5248,00,5248,depth,0.004225949756801128,0.0011721664341166615,0.0030537834390997887,0.7666015625,0.34716796875,0.015805881470441818
plant_5248,5248,00,5248,ref,0.0016571760643273592,0.0010210584150627255,0.0006361175910569727,0.8436279296875,0.423828125,0.01787560060620308
plant_5262,5262,00,5262,rgb,0.0010410845279693604,0.0006524610798805952,0.0003886235354002565,0.7276611328125,0.2283935546875,0.013746438547968864
plant_5262,5262,00,5262,depth,0.0009010880021378398,0.0005685176001861691,0.00033257040195167065,0.7218017578125,0.21435546875,0.01356759574264288
plant_5262,5262,00,5262,ref,0.0009036468109115958,0.0005181949818506837,0.0003854517708532512,0.7080078125,0.22021484375,0.01314806379377842
plant_5271,5271,00,5271,rgb,0.0019337910925969481,0.0012122447369620204,0.0007215465884655714,0.876953125,0.4503173828125,0.018549498170614243
plant_5271,5271,00,5271,depth,0.00362152187153697,0.003021390177309513,0.000600131694227457,0.917724609375,0.4793701171875,0.019593963399529457
plant_5271,5271,00,5271,ref,0.001430686330422759,0.0008621460874564946,0.0005685402429662645,0.851318359375,0.414794921875,0.01778247579932213
plant_5278,5278,00,5278,rgb,0.0015265924157574773,0.0010469893459230661,0.00047960306983441114,0.8326416015625,0.3231201171875,0.016821471974253654
plant_5278,5278,00,5278,depth,0.008108127862215042,0.007470784708857536,0.0006373433279804885,0.8836669921875,0.5030517578125,0.020051997154951096
plant_5278,5278,00,5278,ref,0.0028351289220154285,0.0013883054489269853,0.0014468234730884433,0.9061279296875,0.606689453125,0.025466665625572205
plant_5285,5285,00,5285,rgb,0.002275018719956279,0.0009890098590403795,0.0012860088609158993,0.8895263671875,0.5419921875,0.021382953971624374
plant_5285,5285,00,5285,depth,0.0017690799431875348,0.0008058590465225279,0.0009632208966650069,0.8416748046875,0.4439697265625,0.01800008863210678
plant_5285,5285,00,5285,ref,0.00040967349195852876,0.00017895307973958552,0.00023072041221894324,0.6334228515625,0.14453125,0.011876620352268219
plant_5310,5310,00,5310,rgb,0.0009502063039690256,0.0005136193940415978,0.0004365869390312582,0.831298828125,0.32861328125,0.016564486548304558
plant_5310,5310,00,5310,depth,0.0008039444801397622,0.00043116044253110886,0.00037278406671248376,0.8177490234375,0.27197265625,0.015425863675773144
plant_5310,5310,00,5310,ref,0.0007377536967396736,0.0003944707568734884,0.00034328296897001565,0.8232421875,0.2308349609375,0.015037793666124344
plant_5313,5313,00,5313,rgb,0.000890424766112119,0.0005138007691130042,0.0003766239678952843,0.767333984375,0.274169921875,0.01500943023711443
plant_5313,5313,00,5313,depth,0.0018724531400948763,0.0008945855079218745,0.0009778676321730018,0.8792724609375,0.5338134765625,0.021202193573117256
plant_5313,5313,00,5313,ref,0.00047644670121371746,0.00018629766418598592,0.00029014903702773154,0.611083984375,0.1639404296875,0.011935529299080372
plant_5317,5317,00,5317,rgb,0.0014519835822284222,0.0004024056834168732,0.001049577840603888,0.772216796875,0.2454833984375,0.0142578249797225
plant_5317,5317,00,5317,depth,0.0017998703988268971,0.0008194516412913799,0.0009804187575355172,0.8040771484375,0.26708984375,0.015070592053234577
plant_5317,5317,00,5317,ref,0.0013736070832237601,0.00045616604620590806,0.0009174408623948693,0.82421875,0.3968505859375,0.01756216771900654
plant_5318,5318,00,5318,rgb,0.0008803546661511064,0.00039593788096681237,0.00048441675608046353,0.79150390625,0.294921875,0.01520395278930664
plant_5318,5318,00,5318,depth,0.0007366797653958201,0.00032808256219141185,0.00040859717410057783,0.7352294921875,0.24365234375,0.01384399551898241
plant_5318,5318,00,5318,ref,0.0005680219037458301,0.0002572685480117798,0.0003107533557340503,0.6690673828125,0.218994140625,0.01340042520314455
plant_5326,5326,00,5326,rgb,0.0011758340988308191,0.0007009829860180616,0.0004748510255012661,0.849365234375,0.39404296875,0.017807504162192345
plant_5326,5326,00,5326,depth,0.0014232072280719876,0.0008507682359777391,0.0005724390503019094,0.8707275390625,0.409423828125,0.018229087814688683
plant_5326,5326,00,5326,ref,0.0009340455289930105,0.000459769245935604,0.000474276312161237,0.793701171875,0.3089599609375,0.015177242457866669
plant_5337,5337,00,5337,rgb,0.0013105691177770495,0.0006155482842586935,0.0006950208335183561,0.885498046875,0.4954833984375,0.019888369366526604
plant_5337,5337,00,5337,depth,0.0006393339135684073,0.0003179570776410401,0.0003213768359273672,0.791748046875,0.222412109375,0.014639616943895817
plant_5337,5337,00,5337,ref,0.0012558824382722378,0.0005652856780216098,0.0006905968184582889,0.7640380859375,0.3109130859375,0.015114246867597103
plant_5339,5339,00,5339,rgb,0.0016002525808289647,0.0007109399884939194,0.0008893125341273844,0.91064453125,0.5977783203125,0.02285262569785118
plant_5339,5339,00,5339,depth,0.0013489271514117718,0.0006860264111310244,0.0006629007984884083,0.8255615234375,0.4266357421875,0.017849240452051163
plant_5339,5339,00,5339,ref,0.0005327827529981732,0.00025777608971111476,0.000275006634183228,0.68212890625,0.19091796875,0.01302826777100563
plant_5348,5348,00,5348,rgb,0.0009748376905918121,0.0005420731613412499,0.00043276450014673173,0.7601318359375,0.29296875,0.014788836240768433
plant_5348,5348,00,5348,depth,0.0008907379233278334,0.0005024772835895419,0.0003882606397382915,0.75,0.2542724609375,0.01398505549877882
plant_5348,5348,00,5348,ref,0.0008373326272703707,0.00035025275428779423,0.00048707984387874603,0.7738037109375,0.28662109375,0.014687242917716503
plant_5351,5351,00,5351,rgb,0.002731331391260028,0.0016542793018743396,0.0010770520893856883,0.904296875,0.55078125,0.021699288859963417
plant_5351,5351,00,5351,depth,0.0027913409285247326,0.001533585018478334,0.0012577561428770423,0.908203125,0.570068359375,0.022303152829408646
plant_5351,5351,00,5351,ref,0.0004783770127687603,0.00023877120111137629,0.00023960582620929927,0.678955078125,0.140380859375,0.012530731968581676
plant_5353,5353,00,5353,rgb,0.002211523475125432,0.0014038365334272385,0.0008076869999058545,0.852294921875,0.5120849609375,0.02025640197098255
plant_5353,5353,00,5353,depth,0.0018400262342765927,0.001193145988509059,0.0006468802457675338,0.8076171875,0.4442138671875,0.018465587869286537
plant_5353,5353,00,5353,ref,0.0004485817044042051,0.0002361730730626732,0.00021240861678961664,0.5560302734375,0.103759765625,0.010961285792291164
plant_5354,5354,00,5354,rgb,0.00400093849748373,0.0026857396587729454,0.0013151986058801413,0.9261474609375,0.56396484375,0.02147403359413147
plant_5354,5354,00,5354,depth,0.004197266418486834,0.0029045939445495605,0.0012926725903525949,0.9107666015625,0.5423583984375,0.020830081775784492
plant_5354,5354,00,5354,ref,0.0025543225929141045,0.001492788316681981,0.001061533810570836,0.9312744140625,0.6142578125,0.02268613874912262
plant_5370,5370,00,5370,rgb,0.0005800770595669746,0.00025726298918016255,0.00032281404128298163,0.734619140625,0.215576171875,0.013870497234165668
plant_5370,5370,00,5370,depth,0.0005841213278472424,0.0002778832567855716,0.00030623810016550124,0.740478515625,0.1978759765625,0.013742798939347267
plant_5370,5370,00,5370,ref,0.0008081742562353611,0.00041704223258420825,0.00039113202365115285,0.7606201171875,0.297607421875,0.015368837863206863
plant_5378,5378,00,5378,rgb,0.0005322762299329042,0.00030327733838930726,0.0002289989497512579,0.6748046875,0.1322021484375,0.012370478361845016
plant_5378,5378,00,5378,depth,0.0005512940115295351,0.00032083288533613086,0.0002304610825376585,0.693115234375,0.1365966796875,0.012773867696523666
plant_5378,5378,00,5378,ref,0.0005378211499191821,0.00029502774123102427,0.0002427934086881578,0.6787109375,0.1539306640625,0.012667669914662838
plant_5389,5389,00,5389,rgb,0.000597512349486351,0.0002930089249275625,0.0003045033954549581,0.777587890625,0.2291259765625,0.014442816376686096
plant_5389,5389,00,5389,depth,0.000668620050419122,0.00033115188125520945,0.000337468198267743,0.7877197265625,0.2490234375,0.014883201569318771
plant_5389,5389,00,5389,ref,0.0006850569043308496,0.0003364942385815084,0.0003485626366455108,0.8046875,0.266845703125,0.01527817826718092
plant_5397,5397,00,5397,rgb,0.0007232201169244945,0.0004293013480491936,0.0002939187688753009,0.7222900390625,0.1990966796875,0.013510034419596195
plant_5397,5397,00,5397,depth,0.0008617620333097875,0.00047844715300016105,0.000383314851205796,0.7742919921875,0.3101806640625,0.015411550179123878
plant_5397,5397,00,5397,ref,0.00043651938904076815,0.00023284117924049497,0.00020367820980027318,0.5413818359375,0.107666015625,0.010671291500329971
plant_5398,5398,00,5398,rgb,0.0008074004435911775,0.00035349707468412817,0.00045390339801087976,0.7637939453125,0.247314453125,0.014650464057922363
plant_5398,5398,00,5398,depth,0.0008516527013853192,0.0004032264114357531,0.0004484263190533966,0.777099609375,0.259765625,0.014774022623896599
plant_5398,5398,00,5398,ref,0.0013637725496664643,0.0004484803939703852,0.0009152921847999096,0.82861328125,0.49267578125,0.019751140847802162
plant_5408,5408,00,5408,rgb,0.0016947584226727486,0.0010594840859994292,0.0006352743366733193,0.8863525390625,0.4595947265625,0.019028261303901672
plant_5408,5408,00,5408,depth,0.0013407875085249543,0.0007998759392648935,0.0005409115692600608,0.8829345703125,0.4366455078125,0.0185967106372118
plant_5408,5408,00,5408,ref,0.0006357404636219144,0.0002955927629955113,0.00034014767152257264,0.615234375,0.16455078125,0.011931677348911762
plant_5409,5409,00,5409,rgb,0.0008800067007541656,0.00037761233397759497,0.0005023943958804011,0.78515625,0.31298828125,0.015657883137464523
plant_5409,5409,00,5409,depth,0.0011275873985141516,0.0004967799759469926,0.0006308073061518371,0.84716796875,0.4310302734375,0.018231965601444244
plant_5409,5409,00,5409,ref,0.0007322294404730201,0.00025047187227755785,0.00048175753909163177,0.667236328125,0.2847900390625,0.013240208849310875
plant_5410,5410,00,5410,rgb,0.0011091813212260604,0.0004844171926379204,0.00062476412858814,0.867919921875,0.41748046875,0.018236147239804268
plant_5410,5410,00,5410,depth,0.0017054222989827394,0.0007209274335764349,0.0009844948071986437,0.8516845703125,0.4302978515625,0.018223121762275696
plant_5410,5410,00,5410,ref,0.0013408411759883165,0.0005394816398620605,0.0008013595943339169,0.8087158203125,0.4405517578125,0.018302951008081436
plant_5412,5412,00,5412,rgb,0.002590801101177931,0.001006399281322956,0.0015844018198549747,0.8731689453125,0.593017578125,0.02561264857649803
plant_5412,5412,00,5412,depth,0.003174504265189171,0.0011607290944084525,0.00201377528719604,0.915283203125,0.7098388671875,0.03345528990030289
plant_5412,5412,00,5412,ref,0.0006587153766304255,0.00027479021809995174,0.00038392512942664325,0.681884765625,0.2425537109375,0.012892007827758789
plant_5417,5417,00,5417,rgb,0.0019584898836910725,0.001425895607098937,0.0005325943347997963,0.880859375,0.4197998046875,0.018478108569979668
plant_5417,5417,00,5417,depth,0.005010612308979034,0.004212411120533943,0.0007982009556144476,0.9329833984375,0.5662841796875,0.021531717851758003
plant_5417,5417,00,5417,ref,0.001453559030778706,0.0006963596097193658,0.0007571994210593402,0.835205078125,0.3360595703125,0.016640473157167435
plant_5418,5418,00,5418,rgb,0.0012349372263997793,0.0007930559804663062,0.0004418812459334731,0.8338623046875,0.3677978515625,0.017269449308514595
plant_5418,5418,00,5418,depth,0.0011922091944143176,0.0007555913180112839,0.00043661787640303373,0.85986328125,0.406982421875,0.017998317256569862
plant_5418,5418,00,5418,ref,0.0009658098570071161,0.00046857999404892325,0.0004972298629581928,0.786865234375,0.2958984375,0.015148547478020191
plant_5422,5422,00,5422,rgb,0.0030270125716924667,0.0014220303855836391,0.0016049821861088276,0.9141845703125,0.619140625,0.024341411888599396
plant_5422,5422,00,5422,depth,0.0028759948909282684,0.001439219806343317,0.0014367750845849514,0.9049072265625,0.6031494140625,0.023653339594602585
plant_5422,5422,00,5422,ref,0.0027924336027354,0.0017947028391063213,0.0009977307636290789,0.91845703125,0.57373046875,0.0222579725086689
plant_5425,5425,00,5425,rgb,0.0020332185085862875,0.001381518435664475,0.0006517000147141516,0.8956298828125,0.5162353515625,0.02039708010852337
plant_5425,5425,00,5425,depth,0.002131303306668997,0.00144621217623353,0.0006850910722278059,0.9127197265625,0.54833984375,0.02120167575776577
plant_5425,5425,00,5425,ref,0.0018227801192551851,0.0010415023425593972,0.0007812777766957879,0.87158203125,0.464599609375,0.01907205395400524
plant_5432,5432,00,5432,rgb,0.0021731331944465637,0.0007781388121657073,0.0013949943240731955,0.9093017578125,0.65966796875,0.02630508504807949
plant_5432,5432,00,5432,depth,0.0022388927172869444,0.0007916160393506289,0.0014472767943516374,0.920654296875,0.65380859375,0.02657110057771206
plant_5432,5432,00,5432,ref,0.0009195645106956363,0.0002974444651044905,0.0006221200455911458,0.8084716796875,0.3863525390625,0.017345737665891647
plant_5438,5438,00,5438,rgb,0.004840595182031393,0.002531026490032673,0.0023095684591680765,0.9385986328125,0.77294921875,0.03586890920996666
plant_5438,5438,00,5438,depth,0.004560037516057491,0.002418969990685582,0.0021410672925412655,0.9444580078125,0.7757568359375,0.03636236861348152
plant_5438,5438,00,5438,ref,0.001227182918228209,0.0006909568910486996,0.0005362260271795094,0.864501953125,0.4593505859375,0.018900688737630844
plant_5467,5467,00,5467,rgb,0.0015552057884633541,0.0004017681931145489,0.001153437769971788,0.880615234375,0.5594482421875,0.022322680801153183
plant_5467,5467,00,5467,depth,0.0017696500290185213,0.0004769884399138391,0.0012926616473123431,0.9114990234375,0.62109375,0.02543172799050808
plant_5467,5467,00,5467,ref,0.0007816827273927629,0.00032183557050302625,0.00045984715688973665,0.808837890625,0.3668212890625,0.017014550045132637
plant_5472,5472,00,5472,rgb,0.002745357807725668,0.002120787277817726,0.0006245706463232636,0.89794921875,0.4976806640625,0.019962575286626816
plant_5472,5472,00,5472,depth,0.0033241105265915394,0.002571736229583621,0.0007523743552155793,0.9127197265625,0.4881591796875,0.01969618909060955
plant_5472,5472,00,5472,ref,0.0016466921661049128,0.0011376980692148209,0.0005089940968900919,0.8486328125,0.4034423828125,0.017747197300195694
plant_5475,5475,00,5475,rgb,0.0006761625991202891,0.00035265294718556106,0.000323509651934728,0.7647705078125,0.2391357421875,0.014971219934523106
plant_5475,5475,00,5475,depth,0.0006835463573224843,0.00039402255788445473,0.00028952377033419907,0.7608642578125,0.203857421875,0.014574064873158932
plant_5475,5475,00,5475,ref,0.0006269020377658308,0.0003241133235860616,0.0003027887432835996,0.739013671875,0.214599609375,0.01408938504755497
plant_5476,5476,00,5476,rgb,0.0010569861624389887,0.0004289141797926277,0.0006280720117501915,0.8043212890625,0.332275390625,0.015834476798772812
plant_5476,5476,00,5476,depth,0.0015998848248273134,0.0006120042526163161,0.0009878805140033364,0.8572998046875,0.41845703125,0.017686286941170692
plant_5476,5476,00,5476,ref,0.0012667046394199133,0.0005765709211118519,0.0006901335436850786,0.8551025390625,0.517578125,0.020431790500879288
plant_5482,5482,00,5482,rgb,0.0012093117693439126,0.0007913633016869426,0.00041794843855313957,0.880126953125,0.4033203125,0.0183109100908041
plant_5482,5482,00,5482,depth,0.001419802661985159,0.000938031414989382,0.0004817713052034378,0.8695068359375,0.4404296875,0.018788550049066544
plant_5482,5482,00,5482,ref,0.0011483279522508383,0.0007242710562422872,0.00042405695421621203,0.86328125,0.3477783203125,0.01715875416994095
plant_5483,5483,00,5483,rgb,0.002947886474430561,0.0011439750669524074,0.0018039112910628319,0.9061279296875,0.6339111328125,0.027199313044548035
plant_5483,5483,00,5483,depth,0.0027519832365214825,0.0010269579943269491,0.001725025475025177,0.8800048828125,0.546875,0.02191075123846531
plant_5483,5483,00,5483,ref,0.0015003322623670101,0.0008464793208986521,0.0006538528250530362,0.808349609375,0.3907470703125,0.016610417515039444
plant_5497,5497,00,5497,rgb,0.0008346610702574253,0.00041434497688896954,0.0004203160642646253,0.788818359375,0.30029296875,0.01573612354695797
plant_5497,5497,00,5497,depth,0.000939864432439208,0.00048491646884940565,0.00045494799269363284,0.81298828125,0.347412109375,0.016491562128067017
plant_5497,5497,00,5497,ref,0.001553992391563952,0.0006051742238923907,0.0009488182840868831,0.8084716796875,0.545166015625,0.021753298118710518
plant_5507,5507,00,5507,rgb,0.0037347483448684216,0.0017158089904114604,0.002018939470872283,0.9091796875,0.590087890625,0.02295108512043953
plant_5507,5507,00,5507,depth,0.003817150369286537,0.0018854148220270872,0.00193173554725945,0.90478515625,0.677490234375,0.029484175145626068
plant_5507,5507,00,5507,ref,0.0010050630662590265,0.0003844530147034675,0.0006206100806593895,0.7723388671875,0.3397216796875,0.015807459130883217
plant_5513,5513,00,5513,rgb,0.002388599794358015,0.0007927846745587885,0.0015958149451762438,0.90087890625,0.6025390625,0.0245867520570755
plant_5513,5513,00,5513,depth,0.0011002211831510067,0.00046243180986493826,0.0006377894314937294,0.8543701171875,0.41015625,0.017905283719301224
plant_5513,5513,00,5513,ref,0.0008135995594784617,0.000355440191924572,0.0004581593384500593,0.7998046875,0.3580322265625,0.017153197899460793
plant_5522,5522,00,5522,rgb,0.0012315998319536448,0.0006934059783816338,0.000538193853572011,0.87451171875,0.432861328125,0.0183490552008152
plant_5522,5522,00,5522,depth,0.0013012911658734083,0.0007363573531620204,0.000564933696296066,0.869140625,0.46240234375,0.01887684129178524
plant_5522,5522,00,5522,ref,0.0009789715986698866,0.00047467442345805466,0.0005042972043156624,0.811767578125,0.322265625,0.015782753005623817
plant_5529,5529,00,5529,rgb,0.0016122970264405012,0.0010406618239358068,0.0005716352025046945,0.904296875,0.5150146484375,0.020296018570661545
plant_5529,5529,00,5529,depth,0.0016601972747594118,0.001062852912582457,0.0005973443039692938,0.9093017578125,0.5101318359375,0.020252760499715805
plant_5529,5529,00,5529,ref,0.0014124540612101555,0.0008536068489775062,0.0005588472704403102,0.8968505859375,0.4432373046875,0.018779534846544266
plant_5531,5531,00,5531,rgb,0.002111230045557022,0.0014035605126991868,0.000707669765688479,0.8680419921875,0.4620361328125,0.018952593207359314
plant_5531,5531,00,5531,depth,0.004046248737722635,0.0023072385229170322,0.0017390105640515685,0.9200439453125,0.607421875,0.023363638669252396
plant_5531,5531,00,5531,ref,0.0007111408049240708,0.00032582494895905256,0.0003853158268611878,0.7012939453125,0.1785888671875,0.01273234374821186
plant_5540,5540,00,5540,rgb,0.0009045202168636024,0.0003956405562348664,0.000508879660628736,0.7984619140625,0.3358154296875,0.01605742610991001
plant_5540,5540,00,5540,depth,0.0009156441083177924,0.00041616434464231133,0.0004994797636754811,0.8177490234375,0.3585205078125,0.016516439616680145
plant_5540,5540,00,5540,ref,0.0007167053408920765,0.0003291067841928452,0.00038759855669923127,0.7894287109375,0.291748046875,0.01531401090323925
plant_5548,5548,00,5548,rgb,0.002597709186375141,0.0019523880910128355,0.0006453214446082711,0.926025390625,0.5775146484375,0.02200080081820488
plant_5548,5548,00,5548,depth,0.003204561769962311,0.0025696237571537495,0.0006349378963932395,0.9212646484375,0.5323486328125,0.020763060078024864
plant_5548,5548,00,5548,ref,0.0019243827555328608,0.0013216746738180518,0.0006027080817148089,0.9051513671875,0.553955078125,0.02126559056341648
plant_5559,5559,00,5559,rgb,0.000634864903986454,0.0003169854171574116,0.00031787948682904243,0.7353515625,0.2310791015625,0.01409079134464264
plant_5559,5559,00,5559,depth,0.0007722777081653476,0.0003660621296148747,0.0004062155494466424,0.7891845703125,0.29052734375,0.015489330515265465
plant_5559,5559,00,5559,ref,0.0003704256087075919,0.0001584047422511503,0.0002120208810083568,0.57177734375,0.1044921875,0.01102832704782486
plant_5565,5565,00,5565,rgb,0.0006074569537304342,0.00029180527781136334,0.00031565167591907084,0.8116455078125,0.243408203125,0.015212541446089745
plant_5565,5565,00,5565,depth,0.0006862483569420874,0.00032296343124471605,0.00036328492569737136,0.8367919921875,0.289794921875,0.01607861928641796
plant_5565,5565,00,5565,ref,0.001488297712057829,0.0005940567934885621,0.0008942409185692668,0.880859375,0.56396484375,0.022932186722755432
plant_5567,5567,00,5567,rgb,0.0033498993143439293,0.001699934364296496,0.0016499649500474334,0.914306640625,0.6722412109375,0.028294259682297707
plant_5567,5567,00,5567,depth,0.0025098230689764023,0.0013457867316901684,0.0011640361044555902,0.8841552734375,0.5579833984375,0.02257070504128933
plant_5567,5567,00,5567,ref,0.002588523318991065,0.0013844481436535716,0.0012040750589221716,0.8907470703125,0.58984375,0.02333611249923706
plant_5573,5573,00,5573,rgb,0.0018849499756470323,0.0015114794950932264,0.00037347048055380583,0.83349609375,0.2626953125,0.01556637603789568
plant_5573,5573,00,5573,depth,0.0016884662909433246,0.0013749771751463413,0.0003134890866931528,0.802001953125,0.212890625,0.014681360684335232
plant_5573,5573,00,5573,ref,0.0006228674319572747,0.0003718977968674153,0.00025096963508985937,0.7135009765625,0.1563720703125,0.013016043230891228
plant_5592,5592,00,5592,rgb,0.0009387540630996227,0.00039903950528241694,0.0005397145869210362,0.8221435546875,0.36181640625,0.017029378563165665
plant_5592,5592,00,5592,depth,0.0008649230003356934,0.00035999086685478687,0.0005049321334809065,0.825927734375,0.3560791015625,0.016819944605231285
plant_5592,5592,00,5592,ref,0.0007365122437477112,0.00035080438829027116,0.0003857078845612705,0.819580078125,0.3214111328125,0.016111016273498535
plant_5597,5597,00,5597,rgb,0.0022293461952358484,0.0009252270683646202,0.0013041191268712282,0.884033203125,0.53662109375,0.02111695520579815
plant_5597,5597,00,5597,depth,0.002180255949497223,0.000991880428045988,0.0011883755214512348,0.88134765625,0.5277099609375,0.020839039236307144
plant_5597,5597,00,5597,ref,0.0012039151042699814,0.0006298680091276765,0.0005740469787269831,0.860595703125,0.4527587890625,0.01883113756775856
plant_5599,5599,00,5599,rgb,0.0024193720892071724,0.000985418097116053,0.0014339538756757975,0.9200439453125,0.6094970703125,0.023570597171783447
plant_5599,5599,00,5599,depth,0.0012196458410471678,0.0006222288939170539,0.0005974169471301138,0.8828125,0.4534912109375,0.018880218267440796
plant_5599,5599,00,5599,ref,0.0010142434621229768,0.00040690420428290963,0.0006073393160477281,0.8277587890625,0.3924560546875,0.017527082934975624
plant_5601,5601,00,5601,rgb,0.0013152423780411482,0.0008023585542105138,0.0005128838238306344,0.8388671875,0.3389892578125,0.016549736261367798
plant_5601,5601,00,5601,depth,0.0015508115757256746,0.0009490865631960332,0.0006017250125296414,0.874267578125,0.404541015625,0.018078764900565147
plant_5601,5601,00,5601,ref,0.0011946832528337836,0.0006514078704640269,0.0005432753241620958,0.8392333984375,0.3642578125,0.016833513975143433
plant_5604,5604,00,5604,rgb,0.0033996007405221462,0.0006720996461808681,0.002727501094341278,0.878173828125,0.5657958984375,0.023222457617521286
plant_5604,5604,00,5604,depth,0.0041390154510736465,0.0007997084176167846,0.003339307149872184,0.88525390625,0.610107421875,0.026389723643660545
plant_5604,5604,00,5604,ref,0.0012072001118212938,0.00040088663809001446,0.0008063135901466012,0.812255859375,0.3822021484375,0.017012914642691612
plant_5609,5609,00,5609,rgb,0.000778453191742301,0.0004411074332892895,0.0003373457584530115,0.763671875,0.2535400390625,0.01478728000074625
plant_5609,5609,00,5609,depth,0.0010328914504498243,0.0007144884439185262,0.00031840300653129816,0.7767333984375,0.232666015625,0.014605832286179066
plant_5609,5609,00,5609,ref,0.00107667432166636,0.0005575265968218446,0.0005191476084291935,0.8162841796875,0.400146484375,0.017384471371769905
plant_5617,5617,00,5617,rgb,0.003516870317980647,0.002904980443418026,0.000611889932770282,0.8665771484375,0.423583984375,0.018378151580691338
plant_5617,5617,00,5617,depth,0.004124627914279699,0.003579096170142293,0.0005455316277220845,0.862060546875,0.430908203125,0.0183078795671463
plant_5617,5617,00,5617,ref,0.0008854848565533757,0.0005930045736022294,0.00029248028295114636,0.7484130859375,0.215087890625,0.013859941624104977
plant_5621,5621,00,5621,rgb,0.0017589946510270238,0.0012861876748502254,0.0004728069470729679,0.8585205078125,0.3568115234375,0.017290830612182617
plant_5621,5621,00,5621,depth,0.001418116269633174,0.0009869025088846684,0.0004312137607485056,0.841552734375,0.3082275390625,0.01655140332877636
plant_5621,5621,00,5621,ref,0.0008439257508143783,0.0005053623463027179,0.00033856340451166034,0.7364501953125,0.2110595703125,0.013949603773653507
plant_5624,5624,00,5624,rgb,0.0007456184830516577,0.00034048245288431644,0.0004051359719596803,0.789794921875,0.2730712890625,0.014924689196050167
plant_5624,5624,00,5624,depth,0.0007774129044264555,0.0003524446510709822,0.0004249682533554733,0.8218994140625,0.2867431640625,0.015725495293736458
plant_5624,5624,00,5624,ref,0.0007686555618420243,0.00036559102591127157,0.0004030645068269223,0.796630859375,0.3155517578125,0.015898479148745537
plant_5637,5637,00,5637,rgb,0.0007660035043954849,0.00035303382901474833,0.0004129696171730757,0.74560546875,0.2786865234375,0.015256358310580254
plant_5637,5637,00,5637,depth,0.0009533886914141476,0.0004588844603858888,0.0004945042310282588,0.757568359375,0.2926025390625,0.01532568596303463
plant_5637,5637,00,5637,ref,0.002396924188360572,0.0007378917071036994,0.0016590325394645333,0.8572998046875,0.5535888671875,0.022631732746958733
plant_5647,5647,00,5647,rgb,0.0012932991376146674,0.0007653888897038996,0.0005279102479107678,0.843505859375,0.3707275390625,0.017048830166459084
plant_5647,5647,00,5647,depth,0.0010734277311712503,0.0005638435250148177,0.0005095842643640935,0.8165283203125,0.3668212890625,0.016645263880491257
plant_5647,5647,00,5647,ref,0.0010230607585981488,0.0005840763333253562,0.0004389844252727926,0.789306640625,0.339599609375,0.015973975881934166
plant_5675,5675,00,5675,rgb,0.0019321097061038017,0.000990576925687492,0.0009415327222086489,0.917724609375,0.5572509765625,0.021304406225681305
plant_5675,5675,00,5675,depth,0.0015612661372870207,0.0008224928751587868,0.0007387733203358948,0.9149169921875,0.513427734375,0.02026430517435074
plant_5675,5675,00,5675,ref,0.002145071979612112,0.0008801445947028697,0.0012649272102862597,0.94580078125,0.7099609375,0.026874911040067673
plant_5680,5680,00,5680,rgb,0.0012601068010553718,0.0004916374455206096,0.0007684693555347621,0.8074951171875,0.4281005859375,0.01795666478574276
plant_5680,5680,00,5680,depth,0.0015585601795464754,0.0006650518625974655,0.000893508258741349,0.8037109375,0.463623046875,0.018643122166395187
plant_5680,5680,00,5680,ref,0.0008700653561390936,0.00029878862551413476,0.0005712767597287893,0.72509765625,0.34814453125,0.015523741953074932
plant_5686,5686,00,5686,rgb,0.000824136717710644,0.0003448056522756815,0.0004793310654349625,0.7763671875,0.3096923828125,0.015612664632499218
plant_5686,5686,00,5686,depth,0.0009186180541291833,0.00038122120895422995,0.0005373968160711229,0.776611328125,0.3038330078125,0.015329682268202305
plant_5686,5686,00,5686,ref,0.0008079601684585214,0.0003418351407162845,0.00046612502774223685,0.806640625,0.306884765625,0.015653463080525398
plant_5689,5689,00,5689,rgb,0.0014392242301255465,0.0007793701370246708,0.0006598540348932147,0.901611328125,0.5211181640625,0.020466266199946404
plant_5689,5689,00,5689,depth,0.0012890649959445,0.0007209767936728895,0.0005680882604792714,0.888916015625,0.4957275390625,0.019858984276652336
plant_5689,5689,00,5689,ref,0.0009448826313018799,0.00046662488603033125,0.00047825771616771817,0.8511962890625,0.39208984375,0.01748618483543396
plant_5692,5692,00,5692,rgb,0.0010222354903817177,0.000525657378602773,0.0004965781699866056,0.8275146484375,0.3594970703125,0.016467910259962082
plant_5692,5692,00,5692,depth,0.0012618398759514093,0.000687933003064245,0.0005739068728871644,0.8831787109375,0.3388671875,0.016973556950688362
plant_5692,5692,00,5692,ref,0.0007667298195883632,0.00031630214652977884,0.0004504276439547539,0.81201171875,0.3116455078125,0.01557255256921053
plant_5695,5695,00,5695,rgb,0.000845343223772943,0.00044845446245744824,0.0003968887613154948,0.8175048828125,0.293212890625,0.016081973910331726
plant_5695,5695,00,5695,depth,0.0010054993908852339,0.0005838653305545449,0.00042163406033068895,0.840087890625,0.3287353515625,0.016714580357074738
plant_5695,5695,00,5695,ref,0.0010276585817337036,0.0005638381699100137,0.000463820353616029,0.8001708984375,0.2491455078125,0.015041278675198555
plant_5696,5696,00,5696,rgb,0.0008742734207771719,0.0004645572043955326,0.00040971621638163924,0.791259765625,0.2999267578125,0.015427897684276104
plant_5696,5696,00,5696,depth,0.0010335115948691964,0.0005957925459370017,0.00043771901982836425,0.8035888671875,0.287109375,0.015421492047607899
plant_5696,5696,00,5696,ref,0.0006095001008361578,0.00032037997152656317,0.0002891200711019337,0.655517578125,0.190673828125,0.012515462003648281
plant_5720,5720,00,5720,rgb,0.0024277223274111748,0.0012863405281677842,0.0011413816828280687,0.86962890625,0.5556640625,0.022661399096250534
plant_5720,5720,00,5720,depth,0.001415424281731248,0.0008178125135600567,0.0005976117681711912,0.8265380859375,0.3995361328125,0.017246436327695847
plant_5720,5720,00,5720,ref,0.0003582799108698964,0.00018308345170225948,0.00017519645916763693,0.56591796875,0.068115234375,0.010729179717600346
plant_5727,5727,00,5727,rgb,0.001934911822900176,0.001021888921968639,0.0009130229009315372,0.84375,0.46044921875,0.018802233040332794
plant_5727,5727,00,5727,depth,0.002020022599026561,0.0010620312532410026,0.0009579913457855582,0.8602294921875,0.4237060546875,0.018023187294602394
plant_5727,5727,00,5727,ref,0.0011540590785443783,0.0005158804124221206,0.0006381786661222577,0.8150634765625,0.350830078125,0.016546815633773804
plant_5734,5734,00,5734,rgb,0.0013465341180562973,0.0009236087207682431,0.00042292539728805423,0.844482421875,0.3668212890625,0.01737702265381813
plant_5734,5734,00,5734,depth,0.001691997516900301,0.001130460062995553,0.000561537395697087,0.8785400390625,0.4708251953125,0.01929389499127865
plant_5734,5734,00,5734,ref,0.0009956303983926773,0.000370320922229439,0.0006253095343708992,0.75390625,0.3829345703125,0.016448916867375374
plant_5737,5737,00,5737,rgb,0.0006524367490783334,0.00030528553179465234,0.0003471512463875115,0.7635498046875,0.257568359375,0.01448330283164978
plant_5737,5737,00,5737,depth,0.00055246043484658,0.00026796641759574413,0.00028449404635466635,0.72802734375,0.216552734375,0.013813924975693226
plant_5737,5737,00,5737,ref,0.00046430525253526866,0.000211915816180408,0.00025238943635486066,0.7032470703125,0.16259765625,0.013011106289923191
plant_5746,5746,00,5746,rgb,0.0011908262968063354,0.0005997550906613469,0.0005910711479373276,0.860107421875,0.400146484375,0.017908411100506783
plant_5746,5746,00,5746,depth,0.0009875555988401175,0.0004993086331523955,0.00048824696568772197,0.8311767578125,0.340087890625,0.016776766628026962
plant_5746,5746,00,5746,ref,0.0009019021526910365,0.00037950981641188264,0.0005223923362791538,0.693603515625,0.2318115234375,0.013524394482374191
plant_5749,5749,00,5749,rgb,0.0015483852475881577,0.0006458575953729451,0.0009025276522152126,0.8665771484375,0.46875,0.019189612939953804
plant_5749,5749,00,5749,depth,0.0014302092604339123,0.0006532127736136317,0.0007769964868202806,0.84619140625,0.390869140625,0.017752820625901222
plant_5749,5749,00,5749,ref,0.0013869971735402942,0.0005511170020326972,0.000835880171507597,0.783935546875,0.3587646484375,0.01637815684080124
plant_5753,5753,00,5753,rgb,0.0009544657077640295,0.0003699948429130018,0.0005844707484357059,0.810791015625,0.3935546875,0.01689579151570797
plant_5753,5753,00,5753,depth,0.0011318756733089685,0.0004604898567777127,0.0006713857874274254,0.8465576171875,0.447998046875,0.01832883059978485
plant_5753,5753,00,5753,ref,0.0008171292138285935,0.00031989242415875196,0.0004972367896698415,0.8134765625,0.357666015625,0.016661619767546654
plant_5754,5754,00,5754,rgb,0.0008077936363406479,0.0004950901493430138,0.00031270348699763417,0.7911376953125,0.2470703125,0.015286587178707123
plant_5754,5754,00,5754,depth,0.0008239372400566936,0.0005081812851130962,0.0003157558967359364,0.7763671875,0.25537109375,0.015172473154962063
plant_5754,5754,00,5754,ref,0.0006816916866227984,0.0003220211947336793,0.00035967049188911915,0.63720703125,0.21435546875,0.012560755014419556
plant_5764,5764,00,5764,rgb,0.002798488363623619,0.0009327472653239965,0.0018657410982996225,0.944580078125,0.6806640625,0.026295047253370285
plant_5764,5764,00,5764,depth,0.0034780041314661503,0.0013102148659527302,0.00216778926551342,0.948974609375,0.7064208984375,0.02774794027209282
plant_5764,5764,00,5764,ref,0.0012491412926465273,0.0005519645055755973,0.0006971768452785909,0.900634765625,0.5706787109375,0.021734047681093216
plant_5765,5765,00,5765,rgb,0.0005865164566785097,0.00027355505153536797,0.0003129613760393113,0.7176513671875,0.2117919921875,0.013678419403731823
plant_5765,5765,00,5765,depth,0.0005135962273925543,0.00022610380256082863,0.00028749241027981043,0.7186279296875,0.1685791015625,0.013221461325883865
plant_5765,5765,00,5765,ref,0.000704687146935612,0.00034281142870895565,0.0003618757182266563,0.716796875,0.2247314453125,0.013660171069204807
plant_5769,5769,00,5769,rgb,0.0008375523611903191,0.0003486324567347765,0.0004889199044555426,0.8038330078125,0.299560546875,0.015699097886681557
plant_5769,5769,00,5769,depth,0.0007155871135182679,0.0003133507270831615,0.00040223635733127594,0.775634765625,0.26025390625,0.015164406038820744
plant_5769,5769,00,5769,ref,0.0011198727879673243,0.000422233366407454,0.0006976394215598702,0.7860107421875,0.488037109375,0.019628142938017845
plant_5784,5784,00,5784,rgb,0.0021280315704643726,0.00131297018378973,0.0008150613866746426,0.847900390625,0.37890625,0.017111416906118393
plant_5784,5784,00,5784,depth,0.0015488991048187017,0.0009698038338683546,0.0005790952127426863,0.865966796875,0.42578125,0.018312277272343636
plant_5784,5784,00,5784,ref,0.001388318371027708,0.000753235537558794,0.000635082833468914,0.8822021484375,0.447998046875,0.018823988735675812
plant_5785,5785,00,5785,rgb,0.0007637263042852283,0.00044369325041770935,0.00032003308297134936,0.777587890625,0.1883544921875,0.014205699786543846
plant_5785,5785,00,5785,depth,0.0006651996518485248,0.0003841532161459327,0.00028104643570259213,0.7236328125,0.1654052734375,0.01346003357321024
plant_5785,5785,00,5785,ref,0.0017541655106469989,0.0007349534425884485,0.0010192120680585504,0.7646484375,0.4505615234375,0.018524669110774994
plant_5788,5788,00,5788,rgb,0.003058305475860834,0.0019789766520261765,0.0010793287074193358,0.9122314453125,0.60302734375,0.02272835560142994
plant_5788,5788,00,5788,depth,0.0026685448829084635,0.0018303240649402142,0.0008382207597605884,0.8853759765625,0.428955078125,0.018510393798351288
plant_5788,5788,00,5788,ref,0.005025101359933615,0.0034326117020100355,0.0015924895415082574,0.84130859375,0.384521484375,0.016355197876691818
plant_5793,5793,00,5793,rgb,0.00118362158536911,0.0007945340475998819,0.0003890875668730587,0.825927734375,0.3074951171875,0.016265209764242172
plant_5793,5793,00,5793,depth,0.0016496856696903706,0.0012290148297324777,0.00042067086906172335,0.8389892578125,0.3560791015625,0.017052367329597473
plant_5793,5793,00,5793,ref,0.0012619115877896547,0.0006617197650484741,0.0006001918809488416,0.8079833984375,0.441650390625,0.018376849591732025
plant_5797,5797,00,5797,rgb,0.0012684122193604708,0.0007888318505138159,0.0004795804270543158,0.8800048828125,0.400634765625,0.018087336793541908
plant_5797,5797,00,5797,depth,0.0015729498118162155,0.0010300548747181892,0.0005428948206827044,0.876220703125,0.431884765625,0.01856379583477974
plant_5797,5797,00,5797,ref,0.0015882691368460655,0.0008081235573627055,0.0007801455212756991,0.90771484375,0.5841064453125,0.02211323380470276
plant_5815,5815,00,5815,rgb,0.002251857426017523,0.001489184913225472,0.000762672396376729,0.84521484375,0.3868408203125,0.017543423920869827
plant_5815,5815,00,5815,depth,0.002214325126260519,0.0015356048243120313,0.0006787204183638096,0.8472900390625,0.434326171875,0.01843068189918995
plant_5815,5815,00,5815,ref,0.002994201611727476,0.002136789495125413,0.000857412233017385,0.8846435546875,0.525390625,0.02072000503540039
plant_5816,5816,00,5816,rgb,0.0009360012481920421,0.00030904042068868876,0.0006269608275033534,0.83447265625,0.4085693359375,0.017708323895931244
plant_5816,5816,00,5816,depth,0.00099269300699234,0.00037759385304525495,0.0006150991539470851,0.86669921875,0.461181640625,0.019025282934308052
plant_5816,5816,00,5816,ref,0.0008655025158077478,0.00033335635089315474,0.0005321461358107626,0.7728271484375,0.3016357421875,0.015333153307437897
plant_5828,5828,00,5828,rgb,0.0017178828129544854,0.0007015848532319069,0.0010162979597225785,0.8671875,0.484130859375,0.01955539733171463
plant_5828,5828,00,5828,depth,0.0019271138589829206,0.0007694328669458628,0.001157680875621736,0.8685302734375,0.511474609375,0.020422203466296196
plant_5828,5828,00,5828,ref,0.0014857042115181684,0.0005314630107022822,0.0009542412590235472,0.8433837890625,0.4615478515625,0.01877443492412567
plant_5833,5833,00,5833,rgb,0.0014734645374119282,0.0008291407721117139,0.0006443237653002143,0.8773193359375,0.4755859375,0.019355949014425278
plant_5833,5833,00,5833,depth,0.0018953969702124596,0.0009944041958078742,0.0009009927744045854,0.8837890625,0.53173828125,0.020975064486265182
plant_5833,5833,00,5833,ref,0.001137075712904334,0.000550977245438844,0.000586098525673151,0.8431396484375,0.326171875,0.016373643651604652
plant_5840,5840,00,5840,rgb,0.0005804430693387985,0.00028343257145024836,0.00029701049788855016,0.7835693359375,0.225830078125,0.014597035944461823
plant_5840,5840,00,5840,depth,0.0005508544854819775,0.0002705818915273994,0.0002802725648507476,0.7664794921875,0.1768798828125,0.013952229171991348
plant_5840,5840,00,5840,ref,0.0004473242734093219,0.00020037867943756282,0.0002469455939717591,0.7059326171875,0.1500244140625,0.012965437956154346
plant_5844,5844,00,5844,rgb,0.0038040427025407553,0.002841181820258498,0.0009628606494516134,0.9404296875,0.642333984375,0.02429848350584507
plant_5844,5844,00,5844,depth,0.004296708852052689,0.0032640197314321995,0.0010326891206204891,0.9500732421875,0.70703125,0.02623976208269596
plant_5844,5844,00,5844,ref,0.0012946664355695248,0.0007285426836460829,0.0005661238683387637,0.8521728515625,0.4078369140625,0.017948241904377937
plant_5858,5858,00,5858,rgb,0.005091528408229351,0.002662486396729946,0.0024290415458381176,0.9437255859375,0.6705322265625,0.028012799099087715
plant_5858,5858,00,5858,depth,0.0029806680977344513,0.0020187937188893557,0.0009618742624297738,0.9154052734375,0.5511474609375,0.021213818341493607
plant_5858,5858,00,5858,ref,0.001493360847234726,0.0007640707772225142,0.0007292900700122118,0.8642578125,0.529541015625,0.020681820809841156
plant_5859,5859,00,5859,rgb,0.0006966507062315941,0.00034254940692335367,0.00035410132841207087,0.7705078125,0.228515625,0.0144007857888937
plant_5859,5859,00,5859,depth,0.0007453440339304507,0.00041094236075878143,0.00033440167317166924,0.7569580078125,0.2060546875,0.01410612277686596
plant_5859,5859,00,5859,ref,0.001141945831477642,0.0005897553637623787,0.0005521905259229243,0.8035888671875,0.3624267578125,0.016642164438962936
plant_5866,5866,00,5866,rgb,0.007734200451523066,0.005803921725600958,0.0019302786095067859,0.9635009765625,0.77001953125,0.029560845345258713
plant_5866,5866,00,5866,depth,0.007169323042035103,0.005399325862526894,0.0017699971795082092,0.95947265625,0.7176513671875,0.027488768100738525
plant_5866,5866,00,5866,ref,0.0022054058499634266,0.0006966474466025829,0.0015087584033608437,0.8868408203125,0.4515380859375,0.0187778752297163
plant_5872,5872,00,5872,rgb,0.0025371334049850702,0.002067485125735402,0.00046964825014583766,0.8170166015625,0.3919677734375,0.017463713884353638
plant_5872,5872,00,5872,depth,0.0026038112118840218,0.002041629981249571,0.0005621813470497727,0.8441162109375,0.47216796875,0.019366716966032982
plant_5872,5872,00,5872,ref,0.0005991329671815038,0.00028594242758117616,0.0003131905396003276,0.575439453125,0.218017578125,0.011628592386841774
plant_5890,5890,00,5890,rgb,0.0004562512622214854,0.00022184096451383084,0.00023441029770765454,0.663818359375,0.1402587890625,0.012231418862938881
plant_5890,5890,00,5890,depth,0.0005072519415989518,0.0002618990547489375,0.00024535288685001433,0.6700439453125,0.149169921875,0.012582903727889061
plant_5890,5890,00,5890,ref,0.0005513106589205563,0.00023581567802466452,0.00031549495179206133,0.7396240234375,0.232421875,0.014076175168156624
plant_5892,5892,00,5892,rgb,0.0009216559119522572,0.0004666355380322784,0.0004550203448161483,0.7952880859375,0.368896484375,0.016563449054956436
plant_5892,5892,00,5892,depth,0.0009001654107123613,0.00044095038902014494,0.00045921499258838594,0.75830078125,0.313232421875,0.015242853201925755
plant_5892,5892,00,5892,ref,0.0006313907215371728,0.00032937689684331417,0.00030201379559002817,0.6519775390625,0.19580078125,0.012681009247899055
plant_5902,5902,00,5902,rgb,0.0012855269014835358,0.0007963306270539761,0.0004891962162218988,0.8695068359375,0.4075927734375,0.01817203126847744
plant_5902,5902,00,5902,depth,0.0010169708402827382,0.0006245008553378284,0.00039246989763341844,0.867431640625,0.3251953125,0.016987835988402367
plant_5902,5902,00,5902,ref,0.0017097885720431805,0.0008881917456164956,0.0008215968264266849,0.91015625,0.598388671875,0.022901877760887146
plant_5909,5909,00,5909,rgb,0.00048373080790042877,0.00023623080051038414,0.00024750002194195986,0.7406005859375,0.1524658203125,0.01363890990614891
plant_5909,5909,00,5909,depth,0.0007605288410559297,0.0003953735576942563,0.00036515528336167336,0.8192138671875,0.2572021484375,0.01534629613161087
plant_5909,5909,00,5909,ref,0.000992266577668488,0.0004877383471466601,0.0005045282305218279,0.8328857421875,0.340087890625,0.016464045271277428
plant_5927,5927,00,5927,rgb,0.0034845462068915367,0.002446141792461276,0.0010384045308455825,0.91748046875,0.634033203125,0.023448605090379715
plant_5927,5927,00,5927,depth,0.0023057768121361732,0.0017006160924211144,0.0006051606615073979,0.8560791015625,0.5150146484375,0.020332735031843185
plant_5927,5927,00,5927,ref,0.0007413838757202029,0.0003814765077549964,0.0003599073097575456,0.6961669921875,0.246826171875,0.014085969887673855
plant_5930,5930,00,5930,rgb,0.0011602367740124464,0.0005806036642752588,0.0005796330515295267,0.8568115234375,0.462158203125,0.018998408690094948
plant_5930,5930,00,5930,depth,0.0011691541876643896,0.0006105364882387221,0.0005586177576333284,0.8486328125,0.4207763671875,0.01800183206796646
plant_5930,5930,00,5930,ref,0.0014084212016314268,0.0008935246150940657,0.0005148965283297002,0.9005126953125,0.451171875,0.019062697887420654
plant_5933,5933,00,5933,rgb,0.0013265456072986126,0.0005453997291624546,0.0007811459363438189,0.8792724609375,0.4539794921875,0.018823079764842987
plant_5933,5933,00,5933,depth,0.0011952994391322136,0.000572825432755053,0.0006224741227924824,0.87939453125,0.4276123046875,0.018406018614768982
plant_5933,5933,00,5933,ref,0.0006627679103985429,0.00030837650410830975,0.0003543914353940636,0.78662109375,0.2567138671875,0.015202728100121021
plant_5953,5953,00,5953,rgb,0.0009482270106673241,0.0005885986029170454,0.0003596284077502787,0.74609375,0.2454833984375,0.014755318872630596
plant_5953,5953,00,5953,depth,0.0011390396393835545,0.0006341225234791636,0.0005049171741120517,0.7503662109375,0.279296875,0.015115058049559593
plant_5953,5953,00,5953,ref,0.0005480844993144274,0.0002658189332578331,0.0002822655369527638,0.604248046875,0.1876220703125,0.012424622662365437
plant_5959,5959,00,5959,rgb,0.0007548840949311852,0.00035821236087940633,0.00039667176315560937,0.7860107421875,0.2947998046875,0.015331467613577843
plant_5959,5959,00,5959,depth,0.0009718466317281127,0.00035459393984638155,0.0006172526045702398,0.8419189453125,0.4010009765625,0.017168579623103142
plant_5959,5959,00,5959,ref,0.000788437551818788,0.00031994926393963397,0.00046848831698298454,0.75048828125,0.2650146484375,0.014292819425463676
plant_5977,5977,00,5977,rgb,0.002095866482704878,0.0012023244053125381,0.0008935420773923397,0.89111328125,0.5460205078125,0.021272901445627213
plant_5977,5977,00,5977,depth,0.002148654777556658,0.0012486290652304888,0.0009000255377031863,0.9034423828125,0.6055908203125,0.0231306254863739
plant_5977,5977,00,5977,ref,0.0017481951508671045,0.0008772924775257707,0.000870902615133673,0.858642578125,0.46484375,0.019006220623850822
plant_5978,5978,00,5978,rgb,0.0014275831636041403,0.0005245555657893419,0.0009030275978147984,0.86083984375,0.5384521484375,0.02151091769337654
plant_5978,5978,00,5978,depth,0.0012674073223024607,0.0004681666614487767,0.000799240660853684,0.8851318359375,0.4927978515625,0.01979820430278778
plant_5978,5978,00,5978,ref,0.0010138050420209765,0.0004460277850739658,0.0005677772569470108,0.819580078125,0.414794921875,0.017859145998954773
plant_5980,5980,00,5980,rgb,0.0010439036414027214,0.0006425181054510176,0.00040138541953638196,0.7843017578125,0.236083984375,0.01480849552899599
plant_5980,5980,00,5980,depth,0.001118023181334138,0.0006366033339872956,0.0004814197891391814,0.791015625,0.253662109375,0.01509113423526287
plant_5980,5980,00,5980,ref,0.0009936720598489046,0.00048667730879969895,0.0005069947801530361,0.7421875,0.2467041015625,0.014179638586938381
plant_5984,5984,00,5984,rgb,0.00196283683180809,0.0004059372586198151,0.0015568995149806142,0.8336181640625,0.4833984375,0.019222600385546684
plant_5984,5984,00,5984,depth,0.001689337776042521,0.00041825571679510176,0.0012710820883512497,0.8360595703125,0.4605712890625,0.018561096861958504
plant_5984,5984,00,5984,ref,0.0007859538309276104,0.00026576471282169223,0.0005201891181059182,0.7393798828125,0.29736328125,0.014516717754304409
plant_5987,5987,00,5987,rgb,0.0009452406666241586,0.0005593578098341823,0.00038588285678997636,0.7855224609375,0.2626953125,0.014757276512682438
plant_5987,5987,00,5987,depth,0.001342926756478846,0.0008733650902286172,0.00046956169535405934,0.823974609375,0.3438720703125,0.016264725476503372
plant_5987,5987,00,5987,ref,0.0012783181155100465,0.0007601471734233201,0.0005181710002943873,0.8577880859375,0.35205078125,0.01702303998172283
plant_5994,5994,00,5994,rgb,0.0024648988619446754,0.001916312612593174,0.0005485862493515015,0.8739013671875,0.4017333984375,0.01788371056318283
plant_5994,5994,00,5994,depth,0.002840458881109953,0.0021422537975013256,0.0006982050836086273,0.8828125,0.458740234375,0.018986795097589493
plant_5994,5994,00,5994,ref,0.0012190112611278892,0.0007854237337596714,0.00043358755647204816,0.81005859375,0.3427734375,0.01600593887269497
plant_6002,6002,00,6002,rgb,0.0014712894335389137,0.0006956993602216244,0.0007755900151096284,0.874267578125,0.457763671875,0.018871840089559555
plant_6002,6002,00,6002,depth,0.001518790377303958,0.0006713902112096548,0.000847400224301964,0.8984375,0.505859375,0.02022222988307476
plant_6002,6002,00,6002,ref,0.0009443116141483188,0.000425008125603199,0.0005193034885451198,0.8544921875,0.373291015625,0.017179232090711594
plant_6015,6015,00,6015,rgb,0.0013005624059587717,0.0006534580024890602,0.0006471043452620506,0.8662109375,0.4788818359375,0.019510900601744652
plant_6015,6015,00,6015,depth,0.001186674227938056,0.0006343462155200541,0.0005523280706256628,0.8519287109375,0.46044921875,0.01901155710220337
plant_6015,6015,00,6015,ref,0.0011108586331829429,0.0004109699802938849,0.0006998886819928885,0.8375244140625,0.3974609375,0.017477914690971375
plant_6016,6016,00,6016,rgb,0.002227449556812644,0.0009564045467413962,0.0012710450682789087,0.93359375,0.6600341796875,0.025078436359763145
plant_6016,6016,00,6016,depth,0.0017986977472901344,0.0008262813207693398,0.0009724164847284555,0.9288330078125,0.6199951171875,0.023275842890143394
plant_6016,6016,00,6016,ref,0.0016662059351801872,0.0009265971602872014,0.0007396088331006467,0.8809814453125,0.5533447265625,0.021458961069583893
plant_6017,6017,00,6017,rgb,0.0011881133541464806,0.0006391563219949603,0.0005489570903591812,0.8453369140625,0.298828125,0.016335422173142433
plant_6017,6017,00,6017,depth,0.0013541793450713158,0.0007228936301544309,0.000631285656709224,0.8623046875,0.3787841796875,0.017615005373954773
plant_6017,6017,00,6017,ref,0.002743132645264268,0.0018259596545249224,0.0009171729325316846,0.9217529296875,0.5885009765625,0.022566622123122215
plant_6019,6019,00,6019,rgb,0.0029577219393104315,0.0023217310663312674,0.0006359910476021469,0.8975830078125,0.464599609375,0.019229009747505188
plant_6019,6019,00,6019,depth,0.002497436013072729,0.0017230421071872115,0.0007743940223008394,0.8941650390625,0.49072265625,0.019804494455456734
plant_6019,6019,00,6019,ref,0.0008530034683644772,0.00038882176158949733,0.00046418170677497983,0.755615234375,0.2392578125,0.013911323621869087
plant_6031,6031,00,6031,rgb,0.0012537240982055664,0.0005757671315222979,0.0006779569084756076,0.88330078125,0.4654541015625,0.01923939399421215
plant_6031,6031,00,6031,depth,0.0008465088903903961,0.0003670269506983459,0.0004794819396920502,0.8511962890625,0.3515625,0.01711355522274971
plant_6031,6031,00,6031,ref,0.0014315824955701828,0.0006550230900757015,0.0007765594637021422,0.8892822265625,0.52734375,0.020647739991545677
plant_6036,6036,00,6036,rgb,0.0024178093299269676,0.0007902971701696515,0.0016275121597573161,0.9232177734375,0.641357421875,0.024160796776413918
plant_6036,6036,00,6036,depth,0.0027903448790311813,0.0014940352411940694,0.0012963097542524338,0.9248046875,0.6693115234375,0.025091657415032387
plant_6036,6036,00,6036,ref,0.0024803157430142164,0.0008317827596329153,0.0016485328087583184,0.9344482421875,0.697021484375,0.02635670267045498
plant_6039,6039,00,6039,rgb,0.001787899760529399,0.0011140615679323673,0.0006738381343893707,0.8846435546875,0.51123046875,0.02025623433291912
plant_6039,6039,00,6039,depth,0.001934864791110158,0.0012202418874949217,0.0007146228454075754,0.88330078125,0.5367431640625,0.02093292586505413
plant_6039,6039,00,6039,ref,0.0024882035795599222,0.0018556052818894386,0.0006325982976704836,0.9036865234375,0.4462890625,0.01890438050031662
plant_6048,6048,00,6048,rgb,0.0006646464462392032,0.00029237003764137626,0.0003722763794939965,0.7515869140625,0.2314453125,0.013824022375047207
plant_6048,6048,00,6048,depth,0.0007617858937010169,0.00043800691491924226,0.0003237790078856051,0.7698974609375,0.2384033203125,0.014495021663606167
plant_6048,6048,00,6048,ref,0.000757269561290741,0.0003278989752288908,0.00042937061516568065,0.7979736328125,0.3250732421875,0.01607654057443142
plant_6057,6057,00,6057,rgb,0.0028519940096884966,0.0019723153673112392,0.0008796785841695964,0.900390625,0.52880859375,0.020677126944065094
plant_6057,6057,00,6057,depth,0.0028985366225242615,0.0020784640219062567,0.0008200726588256657,0.9156494140625,0.60009765625,0.02256106212735176
plant_6057,6057,00,6057,ref,0.004654328804463148,0.0029716966673731804,0.0016826322535052896,0.9757080078125,0.8450927734375,0.03397031128406525
plant_6060,6060,00,6060,rgb,0.0026642209850251675,0.0012130641844123602,0.0014511568006128073,0.9415283203125,0.65771484375,0.02503649890422821
plant_6060,6060,00,6060,depth,0.0044359201565384865,0.002715158509090543,0.0017207618802785873,0.9427490234375,0.651611328125,0.024608468636870384
plant_6060,6060,00,6060,ref,0.002496291184797883,0.0016897264868021011,0.0008065646979957819,0.925048828125,0.5843505859375,0.02200087159872055
plant_6063,6063,00,6063,rgb,0.002418738789856434,0.0014619245193898678,0.000956814328674227,0.90234375,0.601806640625,0.023109955713152885
plant_6063,6063,00,6063,depth,0.003652636893093586,0.0026832239236682653,0.0009694132022559643,0.9166259765625,0.6629638671875,0.025619499385356903
plant_6063,6063,00,6063,ref,0.0011432886822149158,0.0006759731331840158,0.00046731557813473046,0.8123779296875,0.340087890625,0.01626199670135975
plant_6065,6065,00,6065,rgb,0.0020536943338811398,0.001259980839677155,0.0007937134359963238,0.8602294921875,0.510986328125,0.020358068868517876
plant_6065,6065,00,6065,depth,0.0017598273698240519,0.0010938787600025535,0.0006659486098214984,0.856689453125,0.4625244140625,0.019131695851683617
plant_6065,6065,00,6065,ref,0.0017388531705364585,0.0010217095259577036,0.0007171436445787549,0.8843994140625,0.51953125,0.0205097496509552
plant_6067,6067,00,6067,rgb,0.001027810387313366,0.0005105097079649568,0.0005173006793484092,0.877197265625,0.4171142578125,0.01810048334300518
plant_6067,6067,00,6067,depth,0.0010905556846410036,0.0005906539736315608,0.0004999017110094428,0.8555908203125,0.4013671875,0.017896486446261406
plant_6067,6067,00,6067,ref,0.0011071418412029743,0.000532492995262146,0.0005746487877331674,0.7239990234375,0.412841796875,0.01697585918009281
plant_6075,6075,00,6075,rgb,0.0021929102949798107,0.0010241249110549688,0.0011687855003401637,0.8978271484375,0.5555419921875,0.02182612009346485
plant_6075,6075,00,6075,depth,0.0034076145384460688,0.001188195776194334,0.0022194187622517347,0.9100341796875,0.59765625,0.0238613560795784
plant_6075,6075,00,6075,ref,0.0016379259759560227,0.0006490300875157118,0.0009888960048556328,0.86767578125,0.505126953125,0.02015760913491249
plant_6078,6078,00,6078,rgb,0.0017057559452950954,0.0005455956561490893,0.001160160289146006,0.9151611328125,0.564208984375,0.02197011187672615
plant_6078,6078,00,6078,depth,0.0015206562820822,0.0005293847643770278,0.0009912714594975114,0.9173583984375,0.5631103515625,0.02162833698093891
plant_6078,6078,00,6078,ref,0.0013646392617374659,0.0006567423697561026,0.0007078968919813633,0.895263671875,0.5018310546875,0.02004619874060154
plant_6081,6081,00,6081,rgb,0.0012619373155757785,0.0006280002417042851,0.0006339370156638324,0.840087890625,0.35888671875,0.01684282347559929
plant_6081,6081,00,6081,depth,0.001272950554266572,0.0006108933594077826,0.0006620571366511285,0.8310546875,0.3531494140625,0.016713669523596764
plant_6081,6081,00,6081,ref,0.0012538274750113487,0.0006260788068175316,0.0006277486681938171,0.8580322265625,0.41357421875,0.017841894179582596
plant_6088,6088,00,6088,rgb,0.0021093380637466908,0.0010189336026087403,0.0010904043447226286,0.843505859375,0.443115234375,0.018514374271035194
plant_6088,6088,00,6088,depth,0.002120230346918106,0.0011222317116335034,0.0009979985188692808,0.845947265625,0.4007568359375,0.017732376232743263
plant_6088,6088,00,6088,ref,0.002514907158911228,0.0009192224824801087,0.0015956847928464413,0.8951416015625,0.6495361328125,0.026664355769753456
plant_6090,6090,00,6090,rgb,0.0012956566642969847,0.0005721816560253501,0.0007234750082716346,0.86376953125,0.4677734375,0.019128145650029182
plant_6090,6090,00,6090,depth,0.0008171317167580128,0.0003862277080770582,0.0004309039795771241,0.7689208984375,0.2281494140625,0.014520091935992241
plant_6090,6090,00,6090,ref,0.0007692392682656646,0.00035811273846775293,0.00041112652979791164,0.758056640625,0.26318359375,0.014495506882667542
plant_6094,6094,00,6094,rgb,0.001066739670932293,0.0005535152740776539,0.000513224396854639,0.8193359375,0.3135986328125,0.015968812629580498
plant_6094,6094,00,6094,depth,0.0012265013065189123,0.0006434438400901854,0.0005830574664287269,0.842529296875,0.4197998046875,0.017783766612410545
plant_6094,6094,00,6094,ref,0.001248756656423211,0.0005673752748407423,0.0006813813815824687,0.8638916015625,0.44482421875,0.018595388159155846
plant_6096,6096,00,6096,rgb,0.002118094824254513,0.0011191696394234896,0.0009989249520003796,0.9471435546875,0.6614990234375,0.025097860023379326
plant_6096,6096,00,6096,depth,0.0015434903325513005,0.0008420394151471555,0.000701450917404145,0.9130859375,0.51123046875,0.020225979387760162
plant_6096,6096,00,6096,ref,0.0015856197569519281,0.0008812274900265038,0.0007043922087177634,0.9107666015625,0.5426025390625,0.021105768159031868
plant_6098,6098,00,6098,rgb,0.0009887373307719827,0.0005095431115478277,0.0004791942483279854,0.7991943359375,0.3282470703125,0.015841539949178696
plant_6098,6098,00,6098,depth,0.0010283211013302207,0.0005405996926128864,0.0004877213796135038,0.7900390625,0.3516845703125,0.016152355819940567
plant_6098,6098,00,6098,ref,0.0010880526388064027,0.0004861610068473965,0.0006018917192704976,0.843505859375,0.4139404296875,0.018013715744018555
plant_6110,6110,00,6110,rgb,0.005230662412941456,0.002186015248298645,0.003044646931812167,0.9625244140625,0.781005859375,0.03589965030550957
plant_6110,6110,00,6110,depth,0.0036125811748206615,0.0016422235639765859,0.001970357494428754,0.9381103515625,0.7032470703125,0.029683640226721764
plant_6110,6110,00,6110,ref,0.0019779447466135025,0.0007643423741683364,0.0012136023724451661,0.8311767578125,0.4295654296875,0.0181070938706398
plant_6114,6114,00,6114,rgb,0.0017123830039054155,0.0009166545351035893,0.0007957283523865044,0.8775634765625,0.4775390625,0.019217880442738533
plant_6114,6114,00,6114,depth,0.0015099123120307922,0.0007468697149306536,0.0007630425971001387,0.875,0.4725341796875,0.019079944118857384
plant_6114,6114,00,6114,ref,0.0007625364232808352,0.0003560629556886852,0.00040647346759215,0.778564453125,0.29052734375,0.01583782210946083
plant_6130,6130,00,6130,rgb,0.002079533878713846,0.0015245677204802632,0.000554966158233583,0.888671875,0.4058837890625,0.018132725730538368
plant_6130,6130,00,6130,depth,0.0021469672210514545,0.001443738816305995,0.0007032284047454596,0.8919677734375,0.4617919921875,0.01921013928949833
plant_6130,6130,00,6130,ref,0.0010967266280204058,0.0005661541363224387,0.000530572549905628,0.87109375,0.4404296875,0.018712231889367104
plant_6134,6134,00,6134,rgb,0.0007545931148342788,0.0003841885772999376,0.00037040450843051076,0.8099365234375,0.276123046875,0.015497399494051933
plant_6134,6134,00,6134,depth,0.000740217394195497,0.00040043529588729143,0.0003397820983082056,0.8095703125,0.218994140625,0.014867606572806835
plant_6134,6134,00,6134,ref,0.0007833011914044619,0.00033417539088986814,0.0004491258296184242,0.810791015625,0.3016357421875,0.015735944733023643
plant_6135,6135,00,6135,rgb,0.0005288895918056369,0.00025606327108107507,0.0002728263789322227,0.7794189453125,0.1693115234375,0.01400649081915617
plant_6135,6135,00,6135,depth,0.0004961549420841038,0.00023564614821225405,0.0002605087938718498,0.74853515625,0.159423828125,0.01380945648998022
plant_6135,6135,00,6135,ref,0.0005543199949897826,0.00022434466518461704,0.00032997532980516553,0.7904052734375,0.240478515625,0.01497259084135294
plant_6145,6145,00,6145,rgb,0.0024966460186988115,0.0009198166080750525,0.00157682946883142,0.92724609375,0.649169921875,0.02504381164908409
plant_6145,6145,00,6145,depth,0.002221659291535616,0.001003445009700954,0.0012182143982499838,0.91845703125,0.588134765625,0.022618357092142105
plant_6145,6145,00,6145,ref,0.0019218449015170336,0.0008927055168896914,0.0010291393846273422,0.927734375,0.625,0.02363184280693531
plant_6146,6146,00,6146,rgb,0.0018608930986374617,0.001108574797399342,0.0007523183594457805,0.8751220703125,0.5440673828125,0.02126094326376915
plant_6146,6146,00,6146,depth,0.0021109541412442923,0.0014862698735669255,0.0006246843258850276,0.8756103515625,0.5018310546875,0.020042508840560913
plant_6146,6146,00,6146,ref,0.001809268957003951,0.0010540126822888851,0.000755256216507405,0.896484375,0.507568359375,0.020208079367876053
plant_6147,6147,00,6147,rgb,0.0019631395116448402,0.0009887531632557511,0.0009743862319737673,0.890380859375,0.5064697265625,0.020218249410390854
plant_6147,6147,00,6147,depth,0.0015428229235112667,0.0008019604720175266,0.0007408624514937401,0.8841552734375,0.4530029296875,0.0187078844755888
plant_6147,6147,00,6147,ref,0.0023892056196928024,0.0008683373453095555,0.001520868157967925,0.7999267578125,0.6114501953125,0.025698039680719376
plant_6149,6149,00,6149,rgb,0.0015079989098012447,0.0010097307385876775,0.0004982681130059063,0.7430419921875,0.312744140625,0.015208141878247261
plant_6149,6149,00,6149,depth,0.0008567282930016518,0.0005945882294327021,0.0002621400053612888,0.72705078125,0.2000732421875,0.013984915800392628
plant_6149,6149,00,6149,ref,0.0010475502349436283,0.00048601324670016766,0.0005615369882434607,0.8558349609375,0.42919921875,0.018130743876099586
plant_6153,6153,00,6153,rgb,0.0023515895009040833,0.0012223906815052032,0.0011291989358142018,0.924560546875,0.6385498046875,0.025173252448439598
plant_6153,6153,00,6153,depth,0.0034176271874457598,0.002587509574368596,0.0008301176712848246,0.939697265625,0.598876953125,0.02257542870938778
plant_6153,6153,00,6153,ref,0.0026228572241961956,0.00177565251942724,0.0008472047047689557,0.9481201171875,0.6783447265625,0.024745585396885872
plant_6186,6186,00,6186,rgb,0.003974571358412504,0.0013363250764086843,0.002638246165588498,0.9449462890625,0.6971435546875,0.027698906138539314
plant_6186,6186,00,6186,depth,0.003244841005653143,0.0011954762740060687,0.0020493646152317524,0.930419921875,0.658447265625,0.025356316938996315
plant_6186,6186,00,6186,ref,0.0018173451535403728,0.0006967372028157115,0.0011206080671399832,0.9178466796875,0.645263671875,0.024340270087122917
plant_6212,6212,00,6212,rgb,0.0037680030800402164,0.002552263904362917,0.0012157392920926213,0.9539794921875,0.7059326171875,0.02719603106379509
plant_6212,6212,00,6212,depth,0.00487669138237834,0.003661281894892454,0.001215409254655242,0.9488525390625,0.709716796875,0.02741387113928795
plant_6212,6212,00,6212,ref,0.0033536478877067566,0.0023212486412376165,0.0010323991300538182,0.95751953125,0.71484375,0.02596166729927063
plant_6218,6218,00,6218,rgb,0.0015224013477563858,0.0007625515572726727,0.0007598497322760522,0.796630859375,0.3282470703125,0.015420978888869286
plant_6218,6218,00,6218,depth,0.0018027634359896183,0.0008434414630755782,0.000959322031121701,0.8125,0.3604736328125,0.0162640567868948
plant_6218,6218,00,6218,ref,0.0014645539922639728,0.000702422927133739,0.0007621310651302338,0.776123046875,0.34521484375,0.015582002699375153
plant_6222,6222,00,6222,rgb,0.00127889821305871,0.00048157607670873404,0.0007973220781423151,0.8197021484375,0.373779296875,0.016520118340849876
plant_6222,6222,00,6222,depth,0.0009919196600094438,0.00047320980229415,0.0005187098286114633,0.775146484375,0.2833251953125,0.014939649030566216
plant_6222,6222,00,6222,ref,0.0008207332575693727,0.00035728051443584263,0.00046345271402969956,0.6400146484375,0.271728515625,0.012983843684196472
plant_6226,6226,00,6226,rgb,0.008145027793943882,0.00744329858571291,0.0007017295574769378,0.9130859375,0.515869140625,0.020402465015649796
plant_6226,6226,00,6226,depth,0.007617750205099583,0.006881662178784609,0.0007360880845226347,0.9053955078125,0.55224609375,0.021210316568613052
plant_6226,6226,00,6226,ref,0.0014963760040700436,0.0009631458087824285,0.0005332301370799541,0.8758544921875,0.402587890625,0.018079739063978195
plant_6227,6227,00,6227,rgb,0.0020411713048815727,0.0012579294852912426,0.0007832418195903301,0.809814453125,0.41064453125,0.017495697364211082
plant_6227,6227,00,6227,depth,0.0019743498414754868,0.0012548452941700816,0.000719504663720727,0.782470703125,0.388671875,0.016874870285391808
plant_6227,6227,00,6227,ref,0.0011253348784521222,0.0006608408875763416,0.00046449401997961104,0.7452392578125,0.3095703125,0.014969861134886742
plant_6229,6229,00,6229,rgb,0.0010647724848240614,0.0006276510539464653,0.00043712148908525705,0.7763671875,0.305419921875,0.01520650926977396
plant_6229,6229,00,6229,depth,0.001077274326235056,0.0007056588656269014,0.0003716154024004936,0.7801513671875,0.2620849609375,0.014802229590713978
plant_6229,6229,00,6229,ref,0.0013532597804442048,0.0008711787522770464,0.00048208102816715837,0.8111572265625,0.2972412109375,0.015491124242544174
plant_6231,6231,00,6231,rgb,0.003864550031721592,0.0019327551126480103,0.0019317949190735817,0.940673828125,0.64453125,0.024712642654776573
plant_6231,6231,00,6231,depth,0.0037245741114020348,0.0019809321966022253,0.0017436419147998095,0.948486328125,0.681640625,0.025168877094984055
plant_6231,6231,00,6231,ref,0.003347937483340502,0.0017421375960111618,0.0016058000037446618,0.965576171875,0.7918701171875,0.02983032912015915
plant_6241,6241,00,6241,rgb,0.001693548634648323,0.0007446352392435074,0.0009489133371971548,0.895751953125,0.5311279296875,0.020854858681559563
plant_6241,6241,00,6241,depth,0.002692827023565769,0.0011700469767674804,0.0015227800467982888,0.935302734375,0.6822509765625,0.02612525410950184
plant_6241,6241,00,6241,ref,0.0010665706358850002,0.0005936036468483508,0.0004729670472443104,0.8262939453125,0.3638916015625,0.016825884580612183
plant_6251,6251,00,6251,rgb,0.0018497065175324678,0.0011521265842020512,0.0006975799915380776,0.8843994140625,0.4642333984375,0.019145607948303223
plant_6251,6251,00,6251,depth,0.0014889081940054893,0.000940697209443897,0.0005482108681462705,0.8896484375,0.4197998046875,0.018323056399822235
plant_6251,6251,00,6251,ref,0.0011955078225582838,0.0006469903164543211,0.0005485175061039627,0.85498046875,0.4090576171875,0.01809054985642433
plant_6252,6252,00,6252,rgb,0.0023498092778027058,0.0013800570741295815,0.000969752436503768,0.9049072265625,0.483154296875,0.019622649997472763
plant_6252,6252,00,6252,depth,0.001893152017146349,0.0011498545063659549,0.0007432976854033768,0.916259765625,0.5185546875,0.02039683796465397
plant_6252,6252,00,6252,ref,0.0015208614058792591,0.0008449303568340838,0.0006759310490451753,0.8712158203125,0.4036865234375,0.01777821034193039
plant_6264,6264,00,6264,rgb,0.0009110828395932913,0.0006191760767251253,0.00029190676286816597,0.74365234375,0.2156982421875,0.014103018678724766
plant_6264,6264,00,6264,depth,0.0016592545434832573,0.0011146310716867447,0.0005446235300041735,0.828125,0.3370361328125,0.01655387319624424
plant_6264,6264,00,6264,ref,0.0012080518063157797,0.0008044051937758923,0.00040364661253988743,0.790283203125,0.2808837890625,0.014944737777113914
plant_6265,6265,00,6265,rgb,0.001371982041746378,0.0009077803697437048,0.0004642016428988427,0.85986328125,0.4013671875,0.017989445477724075
plant_6265,6265,00,6265,depth,0.0017555804224684834,0.0012658797204494476,0.0004897007020190358,0.8765869140625,0.4169921875,0.018232380971312523
plant_6265,6265,00,6265,ref,0.0012176313903182745,0.0005542983999475837,0.0006633330485783517,0.8489990234375,0.3790283203125,0.017321869730949402
plant_6268,6268,00,6268,rgb,0.0006661907536908984,0.00034519704058766365,0.00032099371310323477,0.7862548828125,0.2275390625,0.014548963867127895
plant_6268,6268,00,6268,depth,0.0006898472784087062,0.0003635656903497875,0.0003262815880589187,0.7764892578125,0.24658203125,0.01470361277461052
plant_6268,6268,00,6268,ref,0.0007762426394037902,0.00045494353980757296,0.0003212990704923868,0.753662109375,0.18896484375,0.013696277514100075
plant_6274,6274,00,6274,rgb,0.0011089424369856715,0.0004708362394012511,0.0006381061393767595,0.8345947265625,0.440185546875,0.01831219717860222
plant_6274,6274,00,6274,depth,0.002065731678158045,0.0008335644379258156,0.0012321674730628729,0.903564453125,0.6019287109375,0.023442856967449188
plant_6274,6274,00,6274,ref,0.0007470690179616213,0.0003159313928335905,0.0004311376251280308,0.784912109375,0.3399658203125,0.015879133716225624
plant_6284,6284,00,6284,rgb,0.0012974608689546585,0.0006594106089323759,0.0006380502018146217,0.8597412109375,0.442626953125,0.018527736887335777
plant_6284,6284,00,6284,depth,0.0014834657777100801,0.0008213027031160891,0.000662163132801652,0.876708984375,0.4371337890625,0.018439365550875664
plant_6284,6284,00,6284,ref,0.0012302359100431204,0.0006544103380292654,0.0005758255138061941,0.848388671875,0.3623046875,0.016969792544841766
plant_6299,6299,00,6299,rgb,0.0019158852519467473,0.0013790284283459187,0.0005368570564314723,0.8482666015625,0.38330078125,0.017083032056689262
plant_6299,6299,00,6299,depth,0.002100127749145031,0.0015632619615644217,0.0005368657875806093,0.8619384765625,0.3995361328125,0.01756567880511284
plant_6299,6299,00,6299,ref,0.001508039073087275,0.0010266529861837626,0.0004813861451111734,0.8643798828125,0.3543701171875,0.017179571092128754
plant_6308,6308,00,6308,rgb,0.001206406857818365,0.0005701511981897056,0.0006362557178363204,0.8123779296875,0.3687744140625,0.017038695514202118
plant_6308,6308,00,6308,depth,0.0012186348903924227,0.000591878779232502,0.0006267561693675816,0.813720703125,0.3582763671875,0.01678144931793213
plant_6308,6308,00,6308,ref,0.0011620551813393831,0.0006652654847130179,0.0004967897548340261,0.845703125,0.3529052734375,0.01696939207613468
plant_6320,6320,00,6320,rgb,0.0007899519405327737,0.000367870059562847,0.0004220818809699267,0.731201171875,0.28369140625,0.01456895750015974
plant_6320,6320,00,6320,depth,0.0006946770008653402,0.0003459266445133835,0.0003487503563519567,0.7149658203125,0.2291259765625,0.013809534721076488
plant_6320,6320,00,6320,ref,0.0006622521905228496,0.00029324120259843767,0.00036901095882058144,0.6649169921875,0.2845458984375,0.013943360187113285
plant_6326,6326,00,6326,rgb,0.002105430932715535,0.0007487652474083006,0.0013566657435148954,0.8935546875,0.5084228515625,0.020250996574759483
plant_6326,6326,00,6326,depth,0.0023192507214844227,0.0009011098300106823,0.0014181408332660794,0.9002685546875,0.515625,0.020445624366402626
plant_6326,6326,00,6326,ref,0.0015022947918623686,0.0005444754497148097,0.000957819283939898,0.8660888671875,0.4361572265625,0.018448594957590103
plant_6335,6335,00,6335,rgb,0.0017808631528168917,0.0007425067597068846,0.0010383563349023461,0.845458984375,0.498046875,0.019896022975444794
plant_6335,6335,00,6335,depth,0.0020260459277778864,0.0008119014091789722,0.0012141445185989141,0.8336181640625,0.5028076171875,0.02010456845164299
plant_6335,6335,00,6335,ref,0.0011663371697068214,0.00048432539915665984,0.0006820117705501616,0.81494140625,0.4534912109375,0.018622269853949547
plant_6336,6336,00,6336,rgb,0.0014734971337020397,0.0007103709504008293,0.0007631261250935495,0.85595703125,0.3992919921875,0.017451224848628044
plant_6336,6336,00,6336,depth,0.0010029944824054837,0.000458552036434412,0.0005444424459710717,0.8072509765625,0.3251953125,0.01549510471522808
plant_6336,6336,00,6336,ref,0.0007392731495201588,0.00031014627893455327,0.0004291268705856055,0.77392578125,0.2523193359375,0.014629644341766834
plant_6343,6343,00,6343,rgb,0.0014537526294589043,0.0007907064282335341,0.0006630462594330311,0.839599609375,0.388916015625,0.017002373933792114
plant_6343,6343,00,6343,depth,0.0016671093180775642,0.0008368968265131116,0.0008302124915644526,0.879638671875,0.4638671875,0.01895594596862793
plant_6343,6343,00,6343,ref,0.0008839767542667687,0.00045121373841539025,0.00043276301585137844,0.79150390625,0.3463134765625,0.015592029318213463
plant_6360,6360,00,6360,rgb,0.019360942766070366,0.01752777397632599,0.001833169488236308,0.9534912109375,0.7142333984375,0.027130965143442154
plant_6360,6360,00,6360,depth,0.015851322561502457,0.014167288318276405,0.0016840338939800858,0.9578857421875,0.7142333984375,0.026956412941217422
plant_6360,6360,00,6360,ref,0.003244281280785799,0.0023468369618058205,0.0008974444353953004,0.94970703125,0.69384765625,0.02544241026043892
plant_6367,6367,00,6367,rgb,0.0007778088329359889,0.00031492661219090223,0.0004628822789527476,0.775634765625,0.2789306640625,0.014971471391618252
plant_6367,6367,00,6367,depth,0.0007931131403893232,0.0003460260049905628,0.0004470871645025909,0.775390625,0.2777099609375,0.014755316078662872
plant_6367,6367,00,6367,ref,0.0007845769869163632,0.00038748251972720027,0.00039709446718916297,0.748291015625,0.259765625,0.014488439075648785
plant_6378,6378,00,6378,rgb,0.002470416948199272,0.0012755516218021512,0.0011948652099817991,0.93359375,0.642822265625,0.024484071880578995
plant_6378,6378,00,6378,depth,0.00226010475307703,0.00098623416852206,0.001273870700970292,0.93798828125,0.5997314453125,0.022771606221795082
plant_6378,6378,00,6378,ref,0.002087054308503866,0.0012092078104615211,0.0008778463816270232,0.9532470703125,0.6715087890625,0.024580897763371468
plant_6395,6395,00,6395,rgb,0.0007827598019503057,0.0004445556551218033,0.0003382041468285024,0.778076171875,0.2572021484375,0.014859545975923538
plant_6395,6395,00,6395,depth,0.0006697250064462423,0.00038191667408682406,0.0002878083032555878,0.7506103515625,0.1961669921875,0.013834821991622448
plant_6395,6395,00,6395,ref,0.0007444187067449093,0.00035037563065998256,0.0003940431051887572,0.7611083984375,0.2906494140625,0.015285005792975426
plant_6407,6407,00,6407,rgb,0.0046857804991304874,0.0034080608747899532,0.0012777195079252124,0.9169921875,0.6409912109375,0.024729494005441666
plant_6407,6407,00,6407,depth,0.00571734132245183,0.004631899297237396,0.0010854415595531464,0.91455078125,0.5826416015625,0.022582435980439186
plant_6407,6407,00,6407,ref,0.0037949085235595703,0.0028767299372702837,0.0009181784698739648,0.9027099609375,0.5428466796875,0.021076714619994164
plant_6409,6409,00,6409,rgb,0.0016411333344876766,0.0009922618046402931,0.0006488714716397226,0.8701171875,0.4007568359375,0.017568837851285934
plant_6409,6409,00,6409,depth,0.001861458644270897,0.0010513118468225002,0.0008101468556560576,0.88720703125,0.425048828125,0.01822507195174694
plant_6409,6409,00,6409,ref,0.002100050915032625,0.0014926015865057707,0.0006074491539038718,0.9134521484375,0.558349609375,0.021265162155032158
plant_6431,6431,00,6431,rgb,0.001752911601215601,0.00070258165942505,0.00105032988358289,0.90234375,0.58056640625,0.02226880192756653
plant_6431,6431,00,6431,depth,0.0018086846685037017,0.0007503285305574536,0.001058356137946248,0.90185546875,0.569091796875,0.02239428274333477
plant_6431,6431,00,6431,ref,0.0014541004784405231,0.0005819972138851881,0.0008721032063476741,0.84912109375,0.5318603515625,0.020995724946260452
plant_6440,6440,00,6440,rgb,0.0007295227842405438,0.00035943984403274953,0.00037008296931162477,0.7618408203125,0.26806640625,0.015057278797030449
plant_6440,6440,00,6440,depth,0.0007485372480005026,0.0003945710195694119,0.00035396625753492117,0.759521484375,0.2537841796875,0.014839881099760532
plant_6440,6440,00,6440,ref,0.001504245912656188,0.0005667841760441661,0.0009374617366120219,0.7894287109375,0.3929443359375,0.017023276537656784
plant_6459,6459,00,6459,rgb,0.0011801640503108501,0.0005993295344524086,0.0005808345158584416,0.791748046875,0.3424072265625,0.016019167378544807
plant_6459,6459,00,6459,depth,0.0016892876010388136,0.0008238930604420602,0.0008653945988044143,0.869384765625,0.5028076171875,0.020047437399625778
plant_6459,6459,00,6459,ref,0.001005285419523716,0.00036209775134921074,0.0006431876681745052,0.66064453125,0.32373046875,0.01460625883191824
plant_6464,6464,00,6464,rgb,0.0008733728900551796,0.00040096172597259283,0.00047241110587492585,0.79052734375,0.3206787109375,0.015605445019900799
plant_6464,6464,00,6464,depth,0.0011862621176987886,0.000569196417927742,0.0006170656997710466,0.775390625,0.358154296875,0.01574164442718029
plant_6464,6464,00,6464,ref,0.000771861057728529,0.0003729394229594618,0.0003989216638728976,0.7518310546875,0.3115234375,0.015617860481142998
plant_6480,6480,00,6480,rgb,0.0017720542382448912,0.0008682783227413893,0.0009037760901264846,0.9002685546875,0.5538330078125,0.02163737453520298
plant_6480,6480,00,6480,depth,0.0017015777993947268,0.0008018580265343189,0.0008997198310680687,0.9051513671875,0.510986328125,0.02029484696686268
plant_6480,6480,00,6480,ref,0.001393719925545156,0.0007958803325891495,0.0005978397093713284,0.895263671875,0.4654541015625,0.0192203801125288
plant_6481,6481,00,6481,rgb,0.002170613966882229,0.0008605874609202147,0.001310026622377336,0.9285888671875,0.630126953125,0.02446165308356285
plant_6481,6481,00,6481,depth,0.0031893658451735973,0.0021121283061802387,0.001077237888239324,0.9288330078125,0.6370849609375,0.02429218776524067
plant_6481,6481,00,6481,ref,0.0016173103358596563,0.0007985054980963469,0.0008188047795556486,0.900634765625,0.540283203125,0.021098081022500992
plant_6492,6492,00,6492,rgb,0.0022276134695857763,0.0006802355637773871,0.0015473777893930674,0.9132080078125,0.5731201171875,0.022477485239505768
plant_6492,6492,00,6492,depth,0.0021764948032796383,0.0007638963288627565,0.0014125985326245427,0.9212646484375,0.583251953125,0.02288929373025894
plant_6492,6492,00,6492,ref,0.0016313772648572922,0.0007369546219706535,0.0008944226428866386,0.9100341796875,0.5279541015625,0.020784005522727966
plant_6497,6497,00,6497,rgb,0.0008614059770479798,0.0003791785566136241,0.00048222742043435574,0.729248046875,0.2569580078125,0.014209026470780373
plant_6497,6497,00,6497,depth,0.0008309511467814445,0.0004083722596988082,0.00042257888708263636,0.746337890625,0.25341796875,0.01426271628588438
plant_6497,6497,00,6497,ref,0.0007360340096056461,0.0003336904337629676,0.00040234357584267855,0.673095703125,0.2889404296875,0.01395091786980629
plant_6501,6501,00,6501,rgb,0.0017295562429353595,0.0007439755136147141,0.0009855807293206453,0.8792724609375,0.587158203125,0.02373834140598774
plant_6501,6501,00,6501,depth,0.0014532634522765875,0.0006733060581609607,0.0007799573941156268,0.848388671875,0.5093994140625,0.020418759435415268
plant_6501,6501,00,6501,ref,0.0011066345032304525,0.00041917760972864926,0.0006874569226056337,0.8465576171875,0.4801025390625,0.019466601312160492
plant_6509,6509,00,6509,rgb,0.0006721727550029755,0.00029515509959310293,0.000377017684513703,0.7186279296875,0.20068359375,0.013548498041927814
plant_6509,6509,00,6509,depth,0.0006983357015997171,0.00032121696858666837,0.0003771186457015574,0.724609375,0.1947021484375,0.013436523266136646
plant_6509,6509,00,6509,ref,0.000566794304177165,0.00021632287825923413,0.00035047141136601567,0.7164306640625,0.2357177734375,0.0138201043009758
plant_6520,6520,00,6520,rgb,0.0012773863272741437,0.0008121306891553104,0.0004652556381188333,0.8720703125,0.4022216796875,0.01796276681125164
plant_6520,6520,00,6520,depth,0.0013122307136654854,0.0007822071784175932,0.0005300234770402312,0.8746337890625,0.4688720703125,0.01927715167403221
plant_6520,6520,00,6520,ref,0.001351604238152504,0.0007392627885565162,0.000612341333180666,0.8656005859375,0.472412109375,0.019275035709142685
plant_6529,6529,00,6529,rgb,0.0011582502629607916,0.000710256106685847,0.00044799421448260546,0.84130859375,0.3472900390625,0.01655534841120243
plant_6529,6529,00,6529,depth,0.001633902546018362,0.0010302297305315733,0.0006036728154867887,0.890869140625,0.45556640625,0.018941452726721764
plant_6529,6529,00,6529,ref,0.0010657897219061852,0.0005891308537684381,0.0004766588972415775,0.8228759765625,0.3184814453125,0.016159573569893837
plant_6531,6531,00,6531,rgb,0.0023792434949427843,0.0007216475787572563,0.0016575958579778671,0.891357421875,0.5401611328125,0.021238306537270546
plant_6531,6531,00,6531,depth,0.0019450972322374582,0.0006213243468664587,0.0013237728271633387,0.8831787109375,0.5208740234375,0.020525988191366196
plant_6531,6531,00,6531,ref,0.001168509479612112,0.0005738538457080722,0.0005946558085270226,0.8575439453125,0.4769287109375,0.01930338144302368
plant_6533,6533,00,6533,rgb,0.0008242999319918454,0.0003746866714209318,0.000449613289674744,0.8150634765625,0.305419921875,0.01607767678797245
plant_6533,6533,00,6533,depth,0.0006327104056254029,0.0002917444217018783,0.00034096604213118553,0.7509765625,0.218017578125,0.014180736616253853
plant_6533,6533,00,6533,ref,0.0008554675150662661,0.0003139214823022485,0.0005415461491793394,0.7872314453125,0.4111328125,0.017718605697155
plant_6535,6535,00,6535,rgb,0.0013087254483252764,0.0004450976266525686,0.0008636278798803687,0.86767578125,0.5006103515625,0.020015086978673935
plant_6535,6535,00,6535,depth,0.0013544266112148762,0.0005379976937547326,0.0008164288592524827,0.8544921875,0.4661865234375,0.01884291134774685
plant_6535,6535,00,6535,ref,0.0008530868799425662,0.00036899105180054903,0.0004840958281420171,0.8145751953125,0.37939453125,0.017219645902514458
plant_6554,6554,00,6554,rgb,0.0004601316759362817,0.0002442426048219204,0.00021588905656244606,0.6307373046875,0.112548828125,0.011754957027733326
plant_6554,6554,00,6554,depth,0.0006564945797435939,0.0004063944215886295,0.00025010015815496445,0.6865234375,0.1431884765625,0.012704179622232914
plant_6554,6554,00,6554,ref,0.0011732660932466388,0.0005528164911083877,0.0006204496021382511,0.8096923828125,0.3701171875,0.016093052923679352
plant_6555,6555,00,6555,rgb,0.0009197797626256943,0.00045298048644326627,0.00046679930528625846,0.819580078125,0.364013671875,0.016793176531791687
plant_6555,6555,00,6555,depth,0.0009550192044116557,0.00046642363304272294,0.0004885955713689327,0.8319091796875,0.3524169921875,0.01670694351196289
plant_6555,6555,00,6555,ref,0.0009184161899611354,0.00037544494261965156,0.0005429712473414838,0.80810546875,0.3795166015625,0.01696433313190937
plant_6556,6556,00,6556,rgb,0.0018320165108889341,0.0007854218129068613,0.0010465946979820728,0.879638671875,0.519775390625,0.020601114258170128
plant_6556,6556,00,6556,depth,0.0007234435761347413,0.00035772210685536265,0.00036572152748703957,0.7529296875,0.240966796875,0.014405679889023304
plant_6556,6556,00,6556,ref,0.0011624819599092007,0.0005838501965627074,0.0005786317051388323,0.8167724609375,0.3243408203125,0.015972547233104706
plant_6564,6564,00,6564,rgb,0.0031815143302083015,0.0013047175016254187,0.0018767969449982047,0.9327392578125,0.689208984375,0.027199508622288704
plant_6564,6564,00,6564,depth,0.0040845973417162895,0.0016653442289680243,0.002419253345578909,0.9566650390625,0.7777099609375,0.032539524137973785
plant_6564,6564,00,6564,ref,0.0016715328674763441,0.0007153301266953349,0.0009562027407810092,0.860107421875,0.54541015625,0.021437719464302063
plant_6566,6566,00,6566,rgb,0.0011149733327329159,0.00042564322939142585,0.00068933010334149,0.8369140625,0.4254150390625,0.01809590496122837
plant_6566,6566,00,6566,depth,0.0010177844669669867,0.0004110287700314075,0.0006067556678317487,0.8316650390625,0.4075927734375,0.017656974494457245
plant_6566,6566,00,6566,ref,0.0010447208769619465,0.0005224336637184024,0.0005222872132435441,0.880615234375,0.36083984375,0.017305539920926094
plant_6579,6579,00,6579,rgb,0.0014349339762702584,0.0007436054875142872,0.0006913285469636321,0.8038330078125,0.3985595703125,0.01737338863313198
plant_6579,6579,00,6579,depth,0.0010438233148306608,0.0006081273895688355,0.0004356958670541644,0.7916259765625,0.354248046875,0.01653769426047802
plant_6579,6579,00,6579,ref,0.0008562464499846101,0.0003301066462881863,0.0005261398619040847,0.763427734375,0.2989501953125,0.015086527913808823
plant_6586,6586,00,6586,rgb,0.001811673049814999,0.0007870495319366455,0.0010246235178783536,0.889404296875,0.5369873046875,0.021133800968527794
plant_6586,6586,00,6586,depth,0.00165233900770545,0.000698124582413584,0.000954214483499527,0.8648681640625,0.5189208984375,0.02069009281694889
plant_6586,6586,00,6586,ref,0.0013487818650901318,0.0006276959320530295,0.0007210859330371022,0.881591796875,0.4559326171875,0.019000886008143425
plant_6587,6587,00,6587,rgb,0.0005791725125163794,0.0002717700554057956,0.0003074024571105838,0.7646484375,0.2244873046875,0.014239468611776829
plant_6587,6587,00,6587,depth,0.0007126744603738189,0.00036300517967902124,0.0003496692515909672,0.7451171875,0.270263671875,0.014515002258121967
plant_6587,6587,00,6587,ref,0.0005826257402077317,0.00026578985853120685,0.00031683591078035533,0.73681640625,0.262939453125,0.01462800893932581
plant_6590,6590,00,6590,rgb,0.001955996733158827,0.001038291142322123,0.0009177057072520256,0.847900390625,0.5318603515625,0.021139442920684814
plant_6590,6590,00,6590,depth,0.0025414242409169674,0.001288083614781499,0.0012533406261354685,0.8887939453125,0.564697265625,0.021945474669337273
plant_6590,6590,00,6590,ref,0.0011024726554751396,0.0004228516190778464,0.0006796210072934628,0.7374267578125,0.5233154296875,0.02084844745695591
plant_6599,6599,00,6599,rgb,0.0005556296673603356,0.0002481600968167186,0.000307469570543617,0.6400146484375,0.1669921875,0.011940490454435349
plant_6599,6599,00,6599,depth,0.0006423668237403035,0.00030341820092871785,0.00033894856460392475,0.6954345703125,0.169189453125,0.012680820189416409
plant_6599,6599,00,6599,ref,0.0007046927930787206,0.00028404942713677883,0.00042064336594194174,0.7242431640625,0.2088623046875,0.013153357431292534
plant_6605,6605,00,6605,rgb,0.0013691815547645092,0.0005311829736456275,0.0008379985229112208,0.876220703125,0.474365234375,0.019420579075813293
plant_6605,6605,00,6605,depth,0.0015247210394591093,0.0005775132449343801,0.0009472077945247293,0.849853515625,0.439208984375,0.018315665423870087
plant_6605,6605,00,6605,ref,0.001811191556043923,0.0007006583036854863,0.0011105332523584366,0.8782958984375,0.4818115234375,0.019534211605787277
plant_6611,6611,00,6611,rgb,0.002671262715011835,0.002049714792519808,0.0006215478642843664,0.8641357421875,0.513916015625,0.02038850635290146
plant_6611,6611,00,6611,depth,0.003414795733988285,0.0026112692430615425,0.0008035267237573862,0.89697265625,0.5704345703125,0.021769553422927856
plant_6611,6611,00,6611,ref,0.0012703095562756062,0.0007577862706966698,0.0005125234019942582,0.8331298828125,0.3590087890625,0.016890812665224075
plant_6613,6613,00,6613,rgb,0.0015761724207550287,0.0008765289094299078,0.0006996435113251209,0.84423828125,0.394775390625,0.01738053746521473
plant_6613,6613,00,6613,depth,0.001624371507205069,0.0008799524512141943,0.0007444190559908748,0.857177734375,0.4151611328125,0.017958493903279305
plant_6613,6613,00,6613,ref,0.0014287702506408095,0.0007219465333037078,0.0007068237173371017,0.8865966796875,0.5189208984375,0.02056252397596836
plant_6615,6615,00,6615,rgb,0.0029020928777754307,0.00219451985321939,0.0007075731409713626,0.902587890625,0.51611328125,0.020317448303103447
plant_6615,6615,00,6615,depth,0.0030906288884580135,0.0022418899461627007,0.0008487388258799911,0.9215087890625,0.5997314453125,0.022362729534506798
plant_6615,6615,00,6615,ref,0.0007735526887699962,0.00044622502173297107,0.00032732763793319464,0.7730712890625,0.2122802734375,0.014173927716910839
plant_6618,6618,00,6618,rgb,0.0020189748611301184,0.0010751034133136272,0.000943871506024152,0.894775390625,0.5081787109375,0.020186252892017365
plant_6618,6618,00,6618,depth,0.001985096838325262,0.0010168778244405985,0.0009682191885076463,0.9171142578125,0.5916748046875,0.02249879576265812
plant_6618,6618,00,6618,ref,0.001661395886912942,0.0008172139641828835,0.0008441818063147366,0.908935546875,0.566650390625,0.021595027297735214
plant_6625,6625,00,6625,rgb,0.001813107868656516,0.0011737814638763666,0.0006393263465724885,0.8995361328125,0.4896240234375,0.0197500791400671
plant_6625,6625,00,6625,depth,0.0017563202418386936,0.0010916560422629118,0.0006646641413681209,0.9039306640625,0.499267578125,0.019988926127552986
plant_6625,6625,00,6625,ref,0.0021412265487015247,0.001270792563445866,0.0008704338688403368,0.8936767578125,0.5238037109375,0.020545294508337975
plant_6631,6631,00,6631,rgb,0.0006399953854270279,0.00035130686592310667,0.00028868851950392127,0.7215576171875,0.189453125,0.013275389559566975
plant_6631,6631,00,6631,depth,0.0006705799605697393,0.00036964041646569967,0.00030093954410403967,0.732177734375,0.2022705078125,0.013647085055708885
plant_6631,6631,00,6631,ref,0.0007636932423338294,0.0003901192103512585,0.00037357400287874043,0.7440185546875,0.2843017578125,0.01456249225884676
plant_6639,6639,00,6639,rgb,0.0009589900728315115,0.0005186294438317418,0.00044036065810360014,0.8336181640625,0.3494873046875,0.016819637268781662
plant_6639,6639,00,6639,depth,0.0014057987136766315,0.0007000386249274015,0.0007057600887492299,0.8892822265625,0.489501953125,0.019805889576673508
plant_6639,6639,00,6639,ref,0.0012073431862518191,0.0005973366787657142,0.000610006507486105,0.81689453125,0.32177734375,0.016352517530322075
plant_6646,6646,00,6646,rgb,0.0019899983890354633,0.0009955402929335833,0.0009944579796865582,0.9173583984375,0.505615234375,0.02008979395031929
plant_6646,6646,00,6646,depth,0.0019179158844053745,0.0007692757062613964,0.0011486401781439781,0.9158935546875,0.5797119140625,0.02191920019686222
plant_6646,6646,00,6646,ref,0.001709914649836719,0.0008237086585722864,0.0008862059912644327,0.9212646484375,0.626953125,0.023735053837299347
plant_6655,6655,00,6655,rgb,0.001142905093729496,0.0005749562988057733,0.0005679487949237227,0.8526611328125,0.4212646484375,0.018250439316034317
plant_6655,6655,00,6655,depth,0.0015797002706676722,0.0009984876960515976,0.0005812126910313964,0.904541015625,0.464599609375,0.019251836463809013
plant_6655,6655,00,6655,ref,0.0007717234548181295,0.0003992194833699614,0.0003725039423443377,0.7864990234375,0.34619140625,0.01662587933242321
plant_6656,6656,00,6656,rgb,0.000880996638443321,0.0003975224681198597,0.0004834741703234613,0.784423828125,0.336181640625,0.015872512012720108
plant_6656,6656,00,6656,depth,0.0009708496509119868,0.0004321195010561496,0.0005387301207520068,0.7967529296875,0.32763671875,0.01568092219531536
plant_6656,6656,00,6656,ref,0.0009549780515953898,0.0005802190862596035,0.00037475887802429497,0.7991943359375,0.25048828125,0.014942503534257412
plant_6658,6658,00,6658,rgb,0.0006588548421859741,0.00034574451274238527,0.00031311027123592794,0.7335205078125,0.218017578125,0.013530539348721504
plant_6658,6658,00,6658,depth,0.0005052525084465742,0.000264601840171963,0.00024065066827461123,0.6737060546875,0.1478271484375,0.012392360717058182
plant_6658,6658,00,6658,ref,0.0005495456280186772,0.00025588792050257325,0.000293657707516104,0.664794921875,0.1834716796875,0.012442164123058319
plant_6662,6662,00,6662,rgb,0.00178831210359931,0.0007629443425685167,0.0010253677610307932,0.849853515625,0.517822265625,0.020720604807138443
plant_6662,6662,00,6662,depth,0.002215469256043434,0.0009164249058812857,0.0012990442337468266,0.8895263671875,0.5992431640625,0.02504739724099636
plant_6662,6662,00,6662,ref,0.0005641590105369687,0.00024877808755263686,0.00031538092298433185,0.649658203125,0.177978515625,0.012350261211395264
plant_6671,6671,00,6671,rgb,0.0010779212461784482,0.0006178993498906493,0.0004600218089763075,0.842529296875,0.3221435546875,0.016423936933279037
plant_6671,6671,00,6671,depth,0.0014429118018597364,0.0008157816482707858,0.0006271301535889506,0.8670654296875,0.4105224609375,0.01794801652431488
plant_6671,6671,00,6671,ref,0.0005140247521921992,0.00024167692754417658,0.0002723478537518531,0.6380615234375,0.1234130859375,0.011925254948437214
plant_6672,6672,00,6672,rgb,0.0008927199523895979,0.00036638579331338406,0.000526334042660892,0.7373046875,0.2462158203125,0.01433805376291275
plant_6672,6672,00,6672,depth,0.0010423223720863461,0.00043802885920740664,0.00060429354198277,0.7425537109375,0.281005859375,0.014936095103621483
plant_6672,6672,00,6672,ref,0.000795919680967927,0.0003639095230028033,0.0004320100706536323,0.703857421875,0.2415771484375,0.014148152433335781
plant_6686,6686,00,6686,rgb,0.004168619401752949,0.0028612755704671144,0.0013073435984551907,0.9365234375,0.5975341796875,0.022804124280810356
plant_6686,6686,00,6686,depth,0.002611833857372403,0.0017463549738749862,0.0008654788252897561,0.892578125,0.4464111328125,0.01881464757025242
plant_6686,6686,00,6686,ref,0.0014599801506847143,0.0008487734012305737,0.0006112067494541407,0.8636474609375,0.43505859375,0.018541835248470306
plant_6694,6694,00,6694,rgb,0.0009177898173220456,0.00043690751772373915,0.0004808822995983064,0.7781982421875,0.3262939453125,0.015819938853383064
plant_6694,6694,00,6694,depth,0.0008546311873942614,0.00041798281017690897,0.00043664840632118285,0.7589111328125,0.3209228515625,0.015745477750897408
plant_6694,6694,00,6694,ref,0.0009864751482382417,0.0004855332663282752,0.0005009419401176274,0.81494140625,0.3624267578125,0.016362834721803665
plant_6695,6695,00,6695,rgb,0.0006514943088404834,0.0002592207456473261,0.0003922735631931573,0.80224609375,0.2705078125,0.015291208401322365
plant_6695,6695,00,6695,depth,0.0006413010414689779,0.0003125426301266998,0.0003287584113422781,0.8291015625,0.2559814453125,0.015587948262691498
plant_6695,6695,00,6695,ref,0.0007563788676634431,0.0003062023897655308,0.00045017647789791226,0.796142578125,0.2908935546875,0.01544774230569601
plant_6698,6698,00,6698,rgb,0.0015312614850699902,0.0006046586786396801,0.0009266028646379709,0.8663330078125,0.47802734375,0.019397953525185585
plant_6698,6698,00,6698,depth,0.0018033916130661964,0.0006831249338574708,0.0011202667374163866,0.851806640625,0.4425048828125,0.018595518544316292
plant_6698,6698,00,6698,ref,0.0009553179843351245,0.00047953787725418806,0.0004757799906656146,0.7781982421875,0.3126220703125,0.015422625467181206
plant_6700,6700,00,6700,rgb,0.0005750422133132815,0.00028095836751163006,0.00029408387490548193,0.7681884765625,0.2025146484375,0.014170023612678051
plant_6700,6700,00,6700,depth,0.0005500010447576642,0.00028097006725147367,0.000269031006610021,0.76513671875,0.1873779296875,0.014066989533603191
plant_6700,6700,00,6700,ref,0.0010760963195934892,0.0006222143420018256,0.0004538819775916636,0.892822265625,0.409423828125,0.01829838752746582
plant_6703,6703,00,6703,rgb,0.0013184061972424388,0.0007659007678739727,0.0005525054293684661,0.8572998046875,0.351318359375,0.016811395063996315
plant_6703,6703,00,6703,depth,0.0012436378747224808,0.0007719908026047051,0.00047164701391011477,0.8817138671875,0.3826904296875,0.017658254131674767
plant_6703,6703,00,6703,ref,0.0009325197897851467,0.0005516438977792859,0.00038087592110969126,0.8228759765625,0.2962646484375,0.015964549034833908
plant_6704,6704,00,6704,rgb,0.0017805448733270168,0.0010415517026558518,0.000738993170671165,0.8826904296875,0.5325927734375,0.020944315940141678
plant_6704,6704,00,6704,depth,0.001514615723863244,0.0009161692578345537,0.0005984464660286903,0.869873046875,0.48046875,0.019410885870456696
plant_6704,6704,00,6704,ref,0.0006897214334458113,0.00031584245152771473,0.00037387892371043563,0.8016357421875,0.2718505859375,0.015248211100697517
plant_6708,6708,00,6708,rgb,0.000960966688580811,0.00047777441795915365,0.0004831922415178269,0.8380126953125,0.3455810546875,0.016596738249063492
plant_6708,6708,00,6708,depth,0.0010243768338114023,0.0005381330847740173,0.0004862436908297241,0.8409423828125,0.36865234375,0.01708100363612175
plant_6708,6708,00,6708,ref,0.001242137746885419,0.0005756870959885418,0.0006664507673121989,0.8990478515625,0.5364990234375,0.020888676866889
plant_6739,6739,00,6739,rgb,0.0031988262198865414,0.002690126420930028,0.0005086999153718352,0.8590087890625,0.453369140625,0.018797077238559723
plant_6739,6739,00,6739,depth,0.0035436663310974836,0.003008323721587658,0.0005353426677174866,0.8411865234375,0.4154052734375,0.017409805208444595
plant_6739,6739,00,6739,ref,0.0010248483158648014,0.0005828379071317613,0.000442010466940701,0.7291259765625,0.3524169921875,0.015550235286355019
plant_6748,6748,00,6748,rgb,0.001660628360696137,0.001070647849701345,0.000589980510994792,0.8883056640625,0.433837890625,0.018479887396097183
plant_6748,6748,00,6748,depth,0.0012740525417029858,0.0007813598494976759,0.000492692633997649,0.8646240234375,0.3602294921875,0.01721184328198433
plant_6748,6748,00,6748,ref,0.0009061406599357724,0.00043632613960653543,0.000469814520329237,0.82763671875,0.36474609375,0.016826266422867775
plant_6759,6759,00,6759,rgb,0.0019811480306088924,0.0014043995179235935,0.0005767483380623162,0.869384765625,0.4112548828125,0.01834435947239399
plant_6759,6759,00,6759,depth,0.002990149427205324,0.002131830435246229,0.0008583189337514341,0.919189453125,0.5379638671875,0.02092314325273037
plant_6759,6759,00,6759,ref,0.001341546420007944,0.0007860633777454495,0.0005554831586778164,0.8150634765625,0.3697509765625,0.016955163329839706
plant_6769,6769,00,6769,rgb,0.0006567188538610935,0.0002743254881352186,0.0003823933657258749,0.7410888671875,0.2396240234375,0.014124853536486626
plant_6769,6769,00,6769,depth,0.0007010207045823336,0.0002553739759605378,0.0004456466995179653,0.7379150390625,0.2628173828125,0.014524866826832294
plant_6769,6769,00,6769,ref,0.0015203054063022137,0.0007084020180627704,0.0008119032718241215,0.900634765625,0.5762939453125,0.02241695486009121
plant_6778,6778,00,6778,rgb,0.002980257384479046,0.0022164168767631054,0.0007638406823389232,0.8902587890625,0.4580078125,0.01907721906900406
plant_6778,6778,00,6778,depth,0.00295714708045125,0.0022392345126718283,0.0007179124513641,0.8914794921875,0.4420166015625,0.018701693043112755
plant_6778,6778,00,6778,ref,0.002430305816233158,0.0014376994222402573,0.0009926065104082227,0.883056640625,0.5587158203125,0.0216937605291605
plant_6779,6779,00,6779,rgb,0.001033363863825798,0.0004211499763187021,0.0006122138584032655,0.79541015625,0.3851318359375,0.01686857081949711
plant_6779,6779,00,6779,depth,0.001320958137512207,0.0006305634742602706,0.0006903947214595973,0.8297119140625,0.436767578125,0.018334710970520973
plant_6779,6779,00,6779,ref,0.0009212438017129898,0.0004289628705009818,0.000492280931212008,0.7955322265625,0.33544921875,0.016214091330766678
plant_6780,6780,00,6780,rgb,0.005770258605480194,0.0034522744826972485,0.0023179843556135893,0.960693359375,0.77734375,0.03133058175444603
plant_6780,6780,00,6780,depth,0.0027945793699473143,0.001749402959831059,0.0010451764101162553,0.91943359375,0.6751708984375,0.02549954317510128
plant_6780,6780,00,6780,ref,0.0032732589170336723,0.0017739594914019108,0.0014992993092164397,0.938720703125,0.689208984375,0.02617042325437069
plant_6783,6783,00,6783,rgb,0.003158088307827711,0.0012521131429821253,0.0019059752812609076,0.9141845703125,0.6805419921875,0.02847084030508995
plant_6783,6783,00,6783,depth,0.0024530391674488783,0.0010462061036378145,0.0014068330638110638,0.87646484375,0.57373046875,0.023420672863721848
plant_6783,6783,00,6783,ref,0.0005696536973118782,0.0002795612090267241,0.00029009245918132365,0.627197265625,0.1962890625,0.012366050854325294
plant_6803,6803,00,6803,rgb,0.000700988108292222,0.0003367932513356209,0.00036419485695660114,0.827880859375,0.25439453125,0.01572236232459545
plant_6803,6803,00,6803,depth,0.000578705919906497,0.0002671786060091108,0.00031152734300121665,0.80126953125,0.2064208984375,0.014790267683565617
plant_6803,6803,00,6803,ref,0.0007220490369945765,0.0002637792786117643,0.0004582697292789817,0.8560791015625,0.3575439453125,0.01706932671368122
plant_6813,6813,00,6813,rgb,0.001001523109152913,0.0004553008475340903,0.0005462222616188228,0.7357177734375,0.2578125,0.01459157932549715
plant_6813,6813,00,6813,depth,0.0009691123850643635,0.00037137189065106213,0.0005977404653094709,0.751708984375,0.3070068359375,0.015368863008916378
plant_6813,6813,00,6813,ref,0.0006902003660798073,0.0002930025802925229,0.0003971977566834539,0.688232421875,0.21728515625,0.013347013853490353
plant_6822,6822,00,6822,rgb,0.0010196968214586377,0.000627305475063622,0.0003923913463950157,0.8529052734375,0.33544921875,0.016833893954753876
plant_6822,6822,00,6822,depth,0.0010666141752153635,0.0006876735133118927,0.00037894060369580984,0.854736328125,0.3370361328125,0.016779713332653046
plant_6822,6822,00,6822,ref,0.0009173391154035926,0.000518803542945534,0.0003985354851465672,0.822998046875,0.2861328125,0.015548965893685818
plant_6841,6841,00,6841,rgb,0.0009322247933596373,0.0003568383399397135,0.0005753864534199238,0.855224609375,0.394287109375,0.017672931775450706
plant_6841,6841,00,6841,depth,0.0007921555079519749,0.0003141430497635156,0.0004780124290846288,0.8460693359375,0.3455810546875,0.016781337559223175
plant_6841,6841,00,6841,ref,0.0007795448764227331,0.00036346170236356556,0.0004160831740591675,0.852294921875,0.3577880859375,0.017119944095611572
plant_6847,6847,00,6847,rgb,0.00048226898070424795,0.0002628140791784972,0.00021945488697383553,0.6734619140625,0.10498046875,0.012442395091056824
plant_6847,6847,00,6847,depth,0.0005784579552710056,0.0003329410101287067,0.0002455169742461294,0.69775390625,0.119384765625,0.01286914013326168
plant_6847,6847,00,6847,ref,0.0004516871413215995,0.0002366089611314237,0.00021507818019017577,0.6280517578125,0.13134765625,0.011789869517087936
plant_6849,6849,00,6849,rgb,0.0011611650697886944,0.0006324367714114487,0.0005287283565849066,0.8919677734375,0.4432373046875,0.018804218620061874
plant_6849,6849,00,6849,depth,0.000982452416792512,0.0005288045504130423,0.00045364798279479146,0.87158203125,0.365234375,0.0173710398375988
plant_6849,6849,00,6849,ref,0.0012681175721809268,0.0006303947302512825,0.0006377228419296443,0.865966796875,0.518798828125,0.020490862429142
plant_6854,6854,00,6854,rgb,0.0022080163471400738,0.0015204688534140587,0.0006875474937260151,0.890380859375,0.4952392578125,0.01989023946225643
plant_6854,6854,00,6854,depth,0.0030404962599277496,0.0022695008665323257,0.0007709954516030848,0.916748046875,0.5516357421875,0.021331677213311195
plant_6854,6854,00,6854,ref,0.0015316405333578587,0.0010540230432525277,0.00047761743189767003,0.8616943359375,0.3519287109375,0.016816360875964165
plant_6871,6871,00,6871,rgb,0.002465955214574933,0.0008851644233800471,0.001580790732987225,0.923583984375,0.63330078125,0.026059724390506744
plant_6871,6871,00,6871,depth,0.002579451072961092,0.0009455264080315828,0.001633924781344831,0.921630859375,0.6405029296875,0.026175200939178467
plant_6871,6871,00,6871,ref,0.0018569198437035084,0.0008919161628000438,0.0009650037391111255,0.9139404296875,0.6065673828125,0.0231688991189003
plant_6872,6872,00,6872,rgb,0.0009605350205674767,0.00045051160850562155,0.0005100235575810075,0.8363037109375,0.336181640625,0.01641184091567993
plant_6872,6872,00,6872,depth,0.0007493870798498392,0.0003891334927175194,0.0003602535871323198,0.8040771484375,0.2569580078125,0.015218246728181839
plant_6872,6872,00,6872,ref,0.0006327518494799733,0.00028136259061284363,0.0003513892297632992,0.7962646484375,0.22314453125,0.014568298123776913
plant_6901,6901,00,6901,rgb,0.003242861945182085,0.0020547686144709587,0.0011880934471264482,0.8624267578125,0.540283203125,0.021257391199469566
plant_6901,6901,00,6901,depth,0.0034647216089069843,0.0020972019992768764,0.001367520191706717,0.8587646484375,0.537841796875,0.02116861194372177
plant_6901,6901,00,6901,ref,0.001674607745371759,0.0009226427064277232,0.0007519651553593576,0.80712890625,0.320068359375,0.015692854300141335
plant_6902,6902,00,6902,rgb,0.002278218511492014,0.001198802376165986,0.001079416018910706,0.92822265625,0.558837890625,0.021439451724290848
plant_6902,6902,00,6902,depth,0.0022937976755201817,0.0013639280805364251,0.0009298697113990784,0.9041748046875,0.495849609375,0.019891852512955666
plant_6902,6902,00,6902,ref,0.001789433998055756,0.0010018156608566642,0.0007876182207837701,0.9329833984375,0.610107421875,0.022651422768831253
plant_6907,6907,00,6907,rgb,0.0026044470723718405,0.0009096976718865335,0.001694749458692968,0.9017333984375,0.6092529296875,0.024236924946308136
plant_6907,6907,00,6907,depth,0.0024279868230223656,0.0009684086544439197,0.001459578168578446,0.9141845703125,0.6141357421875,0.023928264155983925
plant_6907,6907,00,6907,ref,0.0012266170233488083,0.0005483543500304222,0.0006782627897337079,0.897216796875,0.4427490234375,0.018757065758109093
plant_6919,6919,00,6919,rgb,0.0012082206085324287,0.0004029029805678874,0.0008053175988607109,0.7958984375,0.3900146484375,0.016506390646100044
plant_6919,6919,00,6919,depth,0.0013519942294806242,0.00048640352906659245,0.0008655907004140317,0.8214111328125,0.415283203125,0.017453176900744438
plant_6919,6919,00,6919,ref,0.000592972501181066,0.00022770541545469314,0.00036526707117445767,0.696533203125,0.2371826171875,0.013321733102202415
plant_6930,6930,00,6930,rgb,0.0033315285108983517,0.0019790467340499163,0.0013524817768484354,0.873779296875,0.4853515625,0.01961687207221985
plant_6930,6930,00,6930,depth,0.0026064279954880476,0.0016356365522369742,0.0009707913850434124,0.8848876953125,0.5076904296875,0.02023199200630188
plant_6930,6930,00,6930,ref,0.0009510084637440741,0.00046528372331522405,0.00048572474042885005,0.7938232421875,0.338134765625,0.016174597665667534
plant_6949,6949,00,6949,rgb,0.00238860584795475,0.00190473604016006,0.00048386972048319876,0.843017578125,0.386962890625,0.017438681796193123
plant_6949,6949,00,6949,depth,0.0024128213990479708,0.001958575565367937,0.0004542457463685423,0.83349609375,0.38916015625,0.01748484931886196
plant_6949,6949,00,6949,ref,0.0015539517626166344,0.0010157866636291146,0.0005381650407798588,0.8428955078125,0.3978271484375,0.017810678109526634
plant_6953,6953,00,6953,rgb,0.0009215507889166474,0.00039935411768965423,0.0005221967003308237,0.7596435546875,0.2904052734375,0.014758570119738579
plant_6953,6953,00,6953,depth,0.001352375722490251,0.00066761375637725,0.0006847619661130011,0.865478515625,0.4476318359375,0.018651245161890984
plant_6953,6953,00,6953,ref,0.0008524659788236022,0.00033380574313923717,0.000518660235684365,0.765380859375,0.3162841796875,0.015658129006624222
plant_6958,6958,00,6958,rgb,0.0009618611074984074,0.00047447800170630217,0.0004873831639997661,0.86083984375,0.4149169921875,0.017994403839111328
plant_6958,6958,00,6958,depth,0.0008444924023933709,0.00043891731183975935,0.00040557506144978106,0.8192138671875,0.3458251953125,0.01647750474512577
plant_6958,6958,00,6958,ref,0.0006368617760017514,0.0003295710193924606,0.0003072907275054604,0.7911376953125,0.2347412109375,0.01464723702520132
plant_6968,6968,00,6968,rgb,0.0010227891616523266,0.0004757772258017212,0.0005470119649544358,0.818115234375,0.400146484375,0.017516206949949265
plant_6968,6968,00,6968,depth,0.0018276468617841601,0.001102680922485888,0.0007249659392982721,0.848876953125,0.3675537109375,0.01703684963285923
plant_6968,6968,00,6968,ref,0.0007195787038654089,0.0003813893999904394,0.00033818933297879994,0.6927490234375,0.1942138671875,0.01342120673507452
plant_6978,6978,00,6978,rgb,0.0008150129579007626,0.00044196247472427785,0.0003730504249688238,0.7747802734375,0.2818603515625,0.015245680697262287
plant_6978,6978,00,6978,depth,0.0013386779464781284,0.000714301539119333,0.0006243763491511345,0.81298828125,0.3807373046875,0.017062563449144363
plant_6978,6978,00,6978,ref,0.0007365727797150612,0.00027514059911482036,0.0004614322097040713,0.686767578125,0.3067626953125,0.014494076371192932
plant_6985,6985,00,6985,rgb,0.0009410330094397068,0.0005133728845976293,0.00042766009573824704,0.80126953125,0.270751953125,0.015228834934532642
plant_6985,6985,00,6985,depth,0.001397850108332932,0.0007527116686105728,0.0006451384397223592,0.841552734375,0.4027099609375,0.017545534297823906
plant_6985,6985,00,6985,ref,0.0007901201606728137,0.00035830470733344555,0.0004318154533393681,0.786376953125,0.301025390625,0.015478682704269886
plant_6988,6988,00,6988,rgb,0.0020305244252085686,0.0006904305191710591,0.0013400939060375094,0.8536376953125,0.4261474609375,0.01786954514682293
plant_6988,6988,00,6988,depth,0.002016513841226697,0.0006135567091405392,0.0014029571320861578,0.8533935546875,0.4166259765625,0.017664015293121338
plant_6988,6988,00,6988,ref,0.0012272250605747104,0.0005815451731905341,0.0006456799455918372,0.85400390625,0.379150390625,0.01719236560165882
plant_7001,7001,00,7001,rgb,0.001178217469714582,0.0005299586337059736,0.0006482588360086083,0.7818603515625,0.3214111328125,0.015227125026285648
plant_7001,7001,00,7001,depth,0.0011401176452636719,0.0005429936572909355,0.0005971239297650754,0.787841796875,0.3292236328125,0.01553165353834629
plant_7001,7001,00,7001,ref,0.0006801279960200191,0.0002964871528092772,0.0003836408432107419,0.7586669921875,0.2581787109375,0.014372353442013264
plant_7005,7005,00,7005,rgb,0.0006990173133090138,0.00040795296081341803,0.00029106426518410444,0.7783203125,0.2069091796875,0.014316601678729057
plant_7005,7005,00,7005,depth,0.0006082791369408369,0.00035668001510202885,0.00025159912183880806,0.7457275390625,0.155517578125,0.013571217656135559
plant_7005,7005,00,7005,ref,0.0004937294288538396,0.00022893592540640384,0.000264793517999351,0.6976318359375,0.173583984375,0.013036600314080715
plant_7007,7007,00,7007,rgb,0.0015437036054208875,0.0008455053903162479,0.0006981982151046395,0.82080078125,0.458984375,0.01890486292541027
plant_7007,7007,00,7007,depth,0.0011635832488536835,0.0006610305863432586,0.0005025526043027639,0.7767333984375,0.351806640625,0.016116922721266747
plant_7007,7007,00,7007,ref,0.0011235992424190044,0.000621304614469409,0.0005022946861572564,0.8021240234375,0.39306640625,0.017202196642756462
plant_7008,7008,00,7008,rgb,0.0014637367567047477,0.0008586705080233514,0.0006050663068890572,0.8798828125,0.466796875,0.019296694546937943
plant_7008,7008,00,7008,depth,0.0013684544246643782,0.0008250891696661711,0.0005433651967905462,0.87060546875,0.4552001953125,0.019005699083209038
plant_7008,7008,00,7008,ref,0.0012192251160740852,0.0006602487992495298,0.0005589762586168945,0.8988037109375,0.4647216796875,0.019229117780923843
plant_7010,7010,00,7010,rgb,0.001481599872931838,0.000658467470202595,0.000823132402729243,0.865478515625,0.5003662109375,0.020012088119983673
plant_7010,7010,00,7010,depth,0.0009770781034603715,0.0004831285332329571,0.0004939495702274144,0.817626953125,0.341796875,0.016445059329271317
plant_7010,7010,00,7010,ref,0.0006311150500550866,0.0003098574234172702,0.00032125762663781643,0.748291015625,0.2322998046875,0.014431172981858253
plant_7014,7014,00,7014,rgb,0.0020458821672946215,0.0015291330637410283,0.0005167491035535932,0.893310546875,0.48681640625,0.019753197208046913
plant_7014,7014,00,7014,depth,0.002503015100955963,0.0018638430628925562,0.0006391720380634069,0.8963623046875,0.528076171875,0.02061176858842373
plant_7014,7014,00,7014,ref,0.0020374669693410397,0.0011329500703141093,0.0009045169572345912,0.864501953125,0.4669189453125,0.01878941059112549
plant_7017,7017,00,7017,rgb,0.0016590259037911892,0.0007626882870681584,0.0008963376749306917,0.822509765625,0.4471435546875,0.018373191356658936
plant_7017,7017,00,7017,depth,0.000904808402992785,0.0004915347672067583,0.00041327360668219626,0.807373046875,0.340576171875,0.016693217679858208
plant_7017,7017,00,7017,ref,0.0006556168664246798,0.00025359299615956843,0.0004020238120574504,0.71826171875,0.309814453125,0.015171791426837444
plant_7018,7018,00,7018,rgb,0.0008707321248948574,0.00047377488226629794,0.0003969572717323899,0.787353515625,0.248779296875,0.014837141148746014
plant_7018,7018,00,7018,depth,0.0007893131696619093,0.00043949755490757525,0.000349815672961995,0.7872314453125,0.2469482421875,0.01491926982998848
plant_7018,7018,00,7018,ref,0.0006906470516696572,0.000361444428563118,0.0003292026522103697,0.75439453125,0.2410888671875,0.014396688900887966
plant_7024,7024,00,7024,rgb,0.0028089513070881367,0.001532931113615632,0.0012760200770571828,0.873779296875,0.5313720703125,0.02116447314620018
plant_7024,7024,00,7024,depth,0.001787321176379919,0.0011940801050513983,0.0005932410713285208,0.85400390625,0.447021484375,0.018462181091308594
plant_7024,7024,00,7024,ref,0.0009472867823205888,0.0005248602828942239,0.0004224264994263649,0.7806396484375,0.2685546875,0.015089976601302624
plant_7038,7038,00,7038,rgb,0.001054869033396244,0.0006190110580064356,0.00043585794628597796,0.805419921875,0.3323974609375,0.01625586859881878
plant_7038,7038,00,7038,depth,0.0013218296226114035,0.0007026363746263087,0.000619193131569773,0.8719482421875,0.49072265625,0.01972818188369274
plant_7038,7038,00,7038,ref,0.0005902807461097836,0.00028260782710276544,0.0003076729190070182,0.723388671875,0.25048828125,0.014368610456585884
plant_7062,7062,00,7062,rgb,0.0016394787235185504,0.0009706066339276731,0.0006688720895908773,0.9150390625,0.5455322265625,0.020989514887332916
plant_7062,7062,00,7062,depth,0.0016182675026357174,0.0009276125347241759,0.0006906548514962196,0.9080810546875,0.5716552734375,0.021736979484558105
plant_7062,7062,00,7062,ref,0.0016284298617392778,0.0007129222503863275,0.0009155076695606112,0.8968505859375,0.5352783203125,0.021055132150650024
plant_7072,7072,00,7072,rgb,0.001304767676629126,0.0009628337575122714,0.0003419338900130242,0.8316650390625,0.234619140625,0.015323435887694359
plant_7072,7072,00,7072,depth,0.0015015571843832731,0.0010979396756738424,0.0004036174505017698,0.8546142578125,0.305419921875,0.016572266817092896
plant_7072,7072,00,7072,ref,0.0016304678283631802,0.0004994507180526853,0.001131016993895173,0.858642578125,0.4678955078125,0.019083883613348007
plant_7081,7081,00,7081,rgb,0.002197699621319771,0.0006732114125043154,0.0015244880924001336,0.880615234375,0.5765380859375,0.02306404896080494
plant_7081,7081,00,7081,depth,0.0018682561349123716,0.0006844676681794226,0.00118378852494061,0.9117431640625,0.5609130859375,0.021921223029494286
plant_7081,7081,00,7081,ref,0.001045566750690341,0.00042922821012325585,0.0006163386278785765,0.8326416015625,0.4007568359375,0.017545415088534355
plant_7083,7083,00,7083,rgb,0.002565886825323105,0.0013695957604795694,0.0011962911812588573,0.93310546875,0.68994140625,0.026610663160681725
plant_7083,7083,00,7083,depth,0.0024772549513727427,0.0013533991295844316,0.001123855821788311,0.93896484375,0.681396484375,0.0256497785449028
plant_7083,7083,00,7083,ref,0.003983553498983383,0.002622074680402875,0.0013614785857498646,0.956298828125,0.74072265625,0.02854621596634388
plant_7089,7089,00,7089,rgb,0.0007495926693081856,0.0003830649657174945,0.00036652767448686063,0.7806396484375,0.242431640625,0.01440959982573986
plant_7089,7089,00,7089,depth,0.0007821174222044647,0.0003990068507846445,0.00038311065873131156,0.80419921875,0.2596435546875,0.014943458139896393
plant_7089,7089,00,7089,ref,0.0009213698795065284,0.00047475469182245433,0.0004466152167879045,0.8248291015625,0.348876953125,0.01657532900571823
plant_7102,7102,00,7102,rgb,0.0022477665916085243,0.0011167851043865085,0.0011309816036373377,0.9088134765625,0.5,0.019996998831629753
plant_7102,7102,00,7102,depth,0.0022473104763776064,0.0011278713354840875,0.001119439140893519,0.910888671875,0.4700927734375,0.019353777170181274
plant_7102,7102,00,7102,ref,0.002298510167747736,0.0011647570645436645,0.001133752753958106,0.908935546875,0.4970703125,0.019947592169046402
plant_7107,7107,00,7107,rgb,0.0011596495751291513,0.000375123112462461,0.0007845264044590294,0.8160400390625,0.3580322265625,0.016709381714463234
plant_7107,7107,00,7107,depth,0.0013336618430912495,0.0004136292263865471,0.0009200326167047024,0.824462890625,0.3743896484375,0.01724199391901493
plant_7107,7107,00,7107,ref,0.0008281571790575981,0.00035424146335572004,0.0004739156865980476,0.8009033203125,0.3499755859375,0.0162432249635458
plant_7110,7110,00,7110,rgb,0.002770110499113798,0.002083269413560629,0.0006868411437608302,0.8682861328125,0.4495849609375,0.018630916252732277
plant_7110,7110,00,7110,depth,0.0022568097338080406,0.001664198818616569,0.0005926107987761497,0.815185546875,0.411865234375,0.01782757230103016
plant_7110,7110,00,7110,ref,0.002848888048902154,0.001560779637657106,0.001288108411245048,0.913818359375,0.6561279296875,0.027829719707369804
plant_7114,7114,00,7114,rgb,0.0017326403176411986,0.0010676805395632982,0.0006649597780779004,0.8651123046875,0.43212890625,0.018329905346035957
plant_7114,7114,00,7114,depth,0.0007430140394717455,0.0003340447146911174,0.0004089693247806281,0.7667236328125,0.246337890625,0.01480095088481903
plant_7114,7114,00,7114,ref,0.0012929963413625956,0.0006379554397426546,0.0006550408434122801,0.8603515625,0.4111328125,0.017823999747633934
plant_7123,7123,00,7123,rgb,0.001713278004899621,0.0008777320035733283,0.0008355461177416146,0.864501953125,0.501220703125,0.02004229836165905
plant_7123,7123,00,7123,depth,0.001851742505095899,0.0010076859034597874,0.0008440566016361117,0.8817138671875,0.5096435546875,0.02028391696512699
plant_7123,7123,00,7123,ref,0.001444971770979464,0.0007200140971690416,0.0007249576738104224,0.881591796875,0.4840087890625,0.019609633833169937
plant_7127,7127,00,7127,rgb,0.0032660583965480328,0.0024079035501927137,0.0008581549627706409,0.878662109375,0.53125,0.021289097145199776
plant_7127,7127,00,7127,depth,0.0034768821205943823,0.0024350977037101984,0.0010417844168841839,0.9140625,0.6033935546875,0.024728253483772278
plant_7127,7127,00,7127,ref,0.0012767200823873281,0.00076335109770298,0.0005133689264766872,0.7886962890625,0.276123046875,0.014733941294252872
plant_7129,7129,00,7129,rgb,0.002778624650090933,0.0012209911365061998,0.0015576333971694112,0.9134521484375,0.6505126953125,0.026156149804592133
plant_7129,7129,00,7129,depth,0.001812257687561214,0.0008926664595492184,0.0009195911698043346,0.8927001953125,0.5496826171875,0.021597368642687798
plant_7129,7129,00,7129,ref,0.0017276497092097998,0.0012352585326880217,0.0004923911765217781,0.864501953125,0.3504638671875,0.016827832907438278
plant_7141,7141,00,7141,rgb,0.0011544988956302404,0.0005503116408362985,0.000604187254793942,0.8271484375,0.363525390625,0.016631321981549263
plant_7141,7141,00,7141,depth,0.0020974811632186174,0.0008761166245676577,0.0012213644804432988,0.8631591796875,0.4613037109375,0.018847819417715073
plant_7141,7141,00,7141,ref,0.0011890600435435772,0.0006557963788509369,0.0005332636064849794,0.786865234375,0.310546875,0.015784118324518204
plant_7148,7148,00,7148,rgb,0.001755914418026805,0.0008305401424877346,0.0009253742755390704,0.9146728515625,0.5897216796875,0.022491050884127617
plant_7148,7148,00,7148,depth,0.0022487249225378036,0.000919781276024878,0.0013289437629282475,0.936279296875,0.66943359375,0.02549528330564499
plant_7148,7148,00,7148,ref,0.0016314268577843904,0.0007944685639813542,0.0008369582355953753,0.901611328125,0.5069580078125,0.020166335627436638
plant_7150,7150,00,7150,rgb,0.004702079575508833,0.0023259357549250126,0.0023761438205838203,0.968994140625,0.8392333984375,0.03720606863498688
plant_7150,7150,00,7150,depth,0.0013654198264703155,0.0007067213300615549,0.0006586984964087605,0.8929443359375,0.4420166015625,0.018792597576975822
plant_7150,7150,00,7150,ref,0.0008032378973439336,0.0004606839793268591,0.000342553888913244,0.80517578125,0.2938232421875,0.015731269493699074
plant_7153,7153,00,7153,rgb,0.0018306787824258208,0.001278823590837419,0.0005518553080037236,0.9111328125,0.4573974609375,0.01923258602619171
plant_7153,7153,00,7153,depth,0.0013306322507560253,0.0008741557830944657,0.00045647640945389867,0.8668212890625,0.325439453125,0.016511084511876106
plant_7153,7153,00,7153,ref,0.0010717040859162807,0.0006852115620858967,0.00038649264024570584,0.8311767578125,0.256103515625,0.015272686257958412
plant_7174,7174,00,7174,rgb,0.0031741238199174404,0.0014555854722857475,0.0017185384640470147,0.9168701171875,0.6290283203125,0.024523040279746056
plant_7174,7174,00,7174,depth,0.0029931748285889626,0.0014255656860768795,0.0015676093753427267,0.9302978515625,0.64111328125,0.024416614323854446
plant_7174,7174,00,7174,ref,0.0011475819628685713,0.0005008936859667301,0.0006466882769018412,0.7752685546875,0.3709716796875,0.01644243113696575
plant_7177,7177,00,7177,rgb,0.002644586842507124,0.0015423799632117152,0.001102206762880087,0.7745361328125,0.4033203125,0.01684429682791233
plant_7177,7177,00,7177,depth,0.00318317161872983,0.0024147597141563892,0.0007684119045734406,0.86474609375,0.463623046875,0.019065463915467262
plant_7177,7177,00,7177,ref,0.0022631767205893993,0.0011885941494256258,0.0010745824547484517,0.9002685546875,0.50830078125,0.02019118145108223
plant_7180,7180,00,7180,rgb,0.0016025940421968699,0.0010093977907672524,0.0005931962514296174,0.871826171875,0.477294921875,0.019497206434607506
plant_7180,7180,00,7180,depth,0.0016803678590804338,0.0010248144390061498,0.0006555534200742841,0.8912353515625,0.4822998046875,0.019586659967899323
plant_7180,7180,00,7180,ref,0.0006972419796511531,0.0003356187662575394,0.00036162318428978324,0.791259765625,0.2659912109375,0.014861577190458775
plant_7196,7196,00,7196,rgb,0.0010202213888987899,0.00047087142593227327,0.0005493499920703471,0.814208984375,0.3272705078125,0.016017092391848564
plant_7196,7196,00,7196,depth,0.0008513347711414099,0.00043110630940645933,0.0004202284326311201,0.7982177734375,0.2503662109375,0.01494628842920065
plant_7196,7196,00,7196,ref,0.0006924653425812721,0.0003142602217849344,0.0003782051207963377,0.7667236328125,0.2425537109375,0.01451010163873434
plant_7203,7203,00,7203,rgb,0.0106836361810565,0.009641029872000217,0.001042606309056282,0.9515380859375,0.690673828125,0.02543076127767563
plant_7203,7203,00,7203,depth,0.009084945544600487,0.008139672689139843,0.0009452723897993565,0.944091796875,0.650634765625,0.02455219440162182
plant_7203,7203,00,7203,ref,0.002010166412219405,0.0010258971014991403,0.0009842694271355867,0.939453125,0.6910400390625,0.02562585659325123
plant_7224,7224,00,7224,rgb,0.0033797319047152996,0.0026325839571654797,0.0007471478311344981,0.88427734375,0.516357421875,0.020311729982495308
plant_7224,7224,00,7224,depth,0.004144043195992708,0.0032360078766942024,0.0009080350864678621,0.923583984375,0.627197265625,0.02316408045589924
plant_7224,7224,00,7224,ref,0.00112991186324507,0.0006718372460454702,0.0004580745880957693,0.8096923828125,0.3297119140625,0.015696275979280472
plant_7228,7228,00,7228,rgb,0.002437687711790204,0.0011497143423184752,0.0012879733694717288,0.8896484375,0.5621337890625,0.02241070568561554
plant_7228,7228,00,7228,depth,0.00228985957801342,0.0011171153746545315,0.0011727442033588886,0.8663330078125,0.5062255859375,0.020184988155961037
plant_7228,7228,00,7228,ref,0.0007460577180609107,0.0003152410499751568,0.0004308166971895844,0.80029296875,0.2691650390625,0.015322821214795113
plant_7229,7229,00,7229,rgb,0.0009957961738109589,0.00047742147580720484,0.0005183746106922626,0.7337646484375,0.292724609375,0.013888559304177761
plant_7229,7229,00,7229,depth,0.0009850841015577316,0.0005186944617889822,0.000466389610664919,0.779052734375,0.29443359375,0.014934948645532131
plant_7229,7229,00,7229,ref,0.0009498213184997439,0.0004960672231391072,0.0004537540953606367,0.7904052734375,0.2843017578125,0.014944714494049549
plant_7234,7234,00,7234,rgb,0.0008546687895432115,0.0005147966439835727,0.0003398721746634692,0.769287109375,0.2320556640625,0.014551179483532906
plant_7234,7234,00,7234,depth,0.001275664079003036,0.0007163901464082301,0.0005592739908024669,0.847412109375,0.4144287109375,0.01806076057255268
plant_7234,7234,00,7234,ref,0.0004539557849057019,0.0002168942883145064,0.00023706149659119546,0.560302734375,0.1357421875,0.011025496758520603
plant_7247,7247,00,7247,rgb,0.0013254114892333746,0.0005348235717974603,0.0007905879174359143,0.8929443359375,0.4755859375,0.019334830343723297
plant_7247,7247,00,7247,depth,0.0011538243852555752,0.0005147791234776378,0.0006390452617779374,0.8736572265625,0.4296875,0.018273839727044106
plant_7247,7247,00,7247,ref,0.0019619883969426155,0.0008211636450141668,0.0011408248683437705,0.947021484375,0.733642578125,0.02794954925775528
plant_7254,7254,00,7254,rgb,0.001666032476350665,0.0008450797758996487,0.0008209527004510164,0.8343505859375,0.442138671875,0.01827051490545273
plant_7254,7254,00,7254,depth,0.0015607799869030714,0.0007507811533287168,0.0008099988917820156,0.830810546875,0.4420166015625,0.018384382128715515
plant_7254,7254,00,7254,ref,0.0006482049357146025,0.00030142709147185087,0.0003467777860350907,0.7462158203125,0.263427734375,0.014822915196418762
plant_7257,7257,00,7257,rgb,0.002286621369421482,0.001535725430585444,0.0007508959388360381,0.7919921875,0.331298828125,0.015985114499926567
plant_7257,7257,00,7257,depth,0.0014358011540025473,0.0007083423552103341,0.0007274586823768914,0.77734375,0.301025390625,0.015170145779848099
plant_7257,7257,00,7257,ref,0.0014087841846048832,0.0006896177073940635,0.0007191665354184806,0.822021484375,0.38232421875,0.017034150660037994
plant_7258,7258,00,7258,rgb,0.0013568708673119545,0.0006537956651300192,0.0007030751439742744,0.8675537109375,0.4044189453125,0.017677998170256615
plant_7258,7258,00,7258,depth,0.0018600146286189556,0.0008543357253074646,0.0010056790197268128,0.8914794921875,0.5299072265625,0.02099992148578167
plant_7258,7258,00,7258,ref,0.0007509799324907362,0.000373288756236434,0.00037769117625430226,0.754150390625,0.2265625,0.01438248809427023
plant_7260,7260,00,7260,rgb,0.0016189046436920762,0.0010956607293337584,0.0005232439143583179,0.8751220703125,0.3759765625,0.017401481047272682
plant_7260,7260,00,7260,depth,0.0013974924804642797,0.0009543364867568016,0.00044315605191513896,0.8563232421875,0.3359375,0.01670718565583229
plant_7260,7260,00,7260,ref,0.0013664746657013893,0.000797963934019208,0.0005685107898898423,0.8868408203125,0.42626953125,0.018258417025208473
plant_7261,7261,00,7261,rgb,0.0015714280307292938,0.0009389405604451895,0.0006324873538687825,0.864990234375,0.4136962890625,0.017931077629327774
plant_7261,7261,00,7261,depth,0.0013516147155314684,0.000821826746687293,0.0005297879688441753,0.8475341796875,0.3594970703125,0.01710347644984722
plant_7261,7261,00,7261,ref,0.0021621997002512217,0.001118732732720673,0.0010434669675305486,0.915771484375,0.6661376953125,0.024912551045417786
plant_7262,7262,00,7262,rgb,0.001899977563880384,0.0006489432416856289,0.001251034322194755,0.875,0.5557861328125,0.021873973309993744
plant_7262,7262,00,7262,depth,0.001714034122414887,0.0006071332609280944,0.0011069008614867926,0.8653564453125,0.4884033203125,0.019617419689893723
plant_7262,7262,00,7262,ref,0.000830833800137043,0.0003372431674506515,0.000493590603582561,0.75244140625,0.276123046875,0.014395422302186489
plant_7265,7265,00,7265,rgb,0.0011877301149070263,0.0007285822066478431,0.0004591478791553527,0.859130859375,0.3636474609375,0.01734301820397377
plant_7265,7265,00,7265,depth,0.0009820337872952223,0.0005525329615920782,0.0004295007965993136,0.830322265625,0.3082275390625,0.015934210270643234
plant_7265,7265,00,7265,ref,0.0007025134982541203,0.0002828998549375683,0.0004196136142127216,0.72998046875,0.262939453125,0.014198836870491505
plant_7267,7267,00,7267,rgb,0.005575115792453289,0.004434043541550636,0.0011410719016566873,0.9239501953125,0.625732421875,0.02470424212515354
plant_7267,7267,00,7267,depth,0.0044184159487485886,0.003628117498010397,0.0007902985671535134,0.9171142578125,0.575927734375,0.02211969532072544
plant_7267,7267,00,7267,ref,0.002184525830671191,0.0015383691061288118,0.0006461567827500403,0.7767333984375,0.343505859375,0.015794286504387856
plant_7293,7293,00,7293,rgb,0.0015547140501439571,0.0008983525913208723,0.0006563614006154239,0.890625,0.4825439453125,0.01963919959962368
plant_7293,7293,00,7293,depth,0.0009301393292844296,0.0005141113651916385,0.0004160279640927911,0.8702392578125,0.3785400390625,0.01759941130876541
plant_7293,7293,00,7293,ref,0.0010943106608465314,0.000513098668307066,0.0005812119925394654,0.8829345703125,0.4434814453125,0.0188344307243824
plant_7314,7314,00,7314,rgb,0.0011915405048057437,0.0007471541175618768,0.00044438635814003646,0.81640625,0.3197021484375,0.016168400645256042
plant_7314,7314,00,7314,depth,0.001350992708466947,0.000813524704426527,0.0005374680040404201,0.8455810546875,0.4296875,0.018167702481150627
plant_7314,7314,00,7314,ref,0.0004949256544932723,0.00023669710208196193,0.0002582286251708865,0.6885986328125,0.142822265625,0.012633103877305984
plant_7319,7319,00,7319,rgb,0.00041801738552749157,0.00016226382285822183,0.00025575357722118497,0.6912841796875,0.12060546875,0.012515785172581673
plant_7319,7319,00,7319,depth,0.00044269286445342004,0.00017701851902529597,0.00026567434542812407,0.7081298828125,0.124267578125,0.012695812620222569
plant_7319,7319,00,7319,ref,0.0005936410743743181,0.00024451635545119643,0.00034912474802695215,0.7470703125,0.2669677734375,0.014904029667377472
plant_7323,7323,00,7323,rgb,0.0028669130988419056,0.0021944581530988216,0.000672454945743084,0.8726806640625,0.429443359375,0.01833912916481495
plant_7323,7323,00,7323,depth,0.005987951532006264,0.0050590462051332,0.0009289052686654031,0.958740234375,0.6256103515625,0.023448659107089043
plant_7323,7323,00,7323,ref,0.00166348647326231,0.0009168537799268961,0.0007466327515430748,0.8233642578125,0.3641357421875,0.01704534702003002
plant_7332,7332,00,7332,rgb,0.0020009479485452175,0.0007159187225624919,0.0012850292259827256,0.901611328125,0.5347900390625,0.020881693810224533
plant_7332,7332,00,7332,depth,0.0021052039228379726,0.0008197501301765442,0.0012854537926614285,0.9029541015625,0.5521240234375,0.021363813430070877
plant_7332,7332,00,7332,ref,0.0022624062839895487,0.000817334686871618,0.0014450716553255916,0.8935546875,0.532958984375,0.020991584286093712
plant_7340,7340,00,7340,rgb,0.002381265629082918,0.0018092619720846415,0.000572003482375294,0.8050537109375,0.4202880859375,0.01735704578459263
plant_7340,7340,00,7340,depth,0.0029810364358127117,0.0017780675552785397,0.001202968880534172,0.8369140625,0.50390625,0.020115278661251068
plant_7340,7340,00,7340,ref,0.0007844070787541568,0.000422846176661551,0.00036156090209260583,0.6173095703125,0.2432861328125,0.012378307990729809
plant_7341,7341,00,7341,rgb,0.0020169594790786505,0.0015059614088386297,0.0005109979538246989,0.7835693359375,0.39453125,0.01742197386920452
plant_7341,7341,00,7341,depth,0.0018539648735895753,0.0014118272811174393,0.000442137592472136,0.784423828125,0.32470703125,0.016284776851534843
plant_7341,7341,00,7341,ref,0.000787971424870193,0.00035148210008628666,0.0004364893538877368,0.62451171875,0.2618408203125,0.013362233527004719
plant_7342,7342,00,7342,rgb,0.0008017932996153831,0.0004169069870840758,0.0003848863416351378,0.7786865234375,0.254150390625,0.014522302895784378
plant_7342,7342,00,7342,depth,0.0008042267872951925,0.00046363292494788766,0.0003405938623473048,0.7694091796875,0.2276611328125,0.014311819337308407
plant_7342,7342,00,7342,ref,0.001148443203419447,0.00047787223593331873,0.0006705709965899587,0.77587890625,0.470947265625,0.018993712961673737
plant_7361,7361,00,7361,rgb,0.000569277792237699,0.00024560702149756253,0.00032367079984396696,0.73486328125,0.2105712890625,0.013881276361644268
plant_7361,7361,00,7361,depth,0.0006142726633697748,0.00030171187245287,0.0003125607909169048,0.7703857421875,0.239990234375,0.01481726486235857
plant_7361,7361,00,7361,ref,0.0004851563717238605,0.00021343860134948045,0.0002717177849262953,0.689697265625,0.1612548828125,0.012766336090862751
plant_7364,7364,00,7364,rgb,0.0017618935089558363,0.0013538446510210633,0.00040804859600029886,0.8125,0.336181640625,0.016746407374739647
plant_7364,7364,00,7364,depth,0.00227960292249918,0.0016954344464465976,0.0005841683596372604,0.8699951171875,0.486083984375,0.019646942615509033
plant_7364,7364,00,7364,ref,0.000534723571036011,0.0002981583238579333,0.00023656523262616247,0.621826171875,0.126953125,0.01176568865776062
plant_7366,7366,00,7366,rgb,0.008406654000282288,0.0075261653400957584,0.0008804888930171728,0.9359130859375,0.6121826171875,0.023271672427654266
plant_7366,7366,00,7366,depth,0.010177827440202236,0.009136218577623367,0.0010416090954095125,0.942626953125,0.62890625,0.023677196353673935
plant_7366,7366,00,7366,ref,0.0028366497717797756,0.0017540353583171964,0.001082614529877901,0.9407958984375,0.6702880859375,0.025607256218791008
plant_7381,7381,00,7381,rgb,0.0013568592257797718,0.0009214652236551046,0.0004353940312284976,0.8157958984375,0.2730712890625,0.01536976546049118
plant_7381,7381,00,7381,depth,0.0013459192123264074,0.0009375911904498935,0.00040832802187651396,0.8394775390625,0.2830810546875,0.015909042209386826
plant_7381,7381,00,7381,ref,0.0019660298712551594,0.0009611763525754213,0.001004853518679738,0.8699951171875,0.6141357421875,0.023703444749116898
plant_7387,7387,00,7387,rgb,0.0022328027989715338,0.0014405172551050782,0.0007922856020741165,0.9080810546875,0.5902099609375,0.02283065766096115
plant_7387,7387,00,7387,depth,0.02350863814353943,0.021746691316366196,0.0017619463615119457,0.97412109375,0.797119140625,0.03157002851366997
plant_7387,7387,00,7387,ref,0.0021873810328543186,0.0012034293031319976,0.0009839516133069992,0.9150390625,0.6815185546875,0.025537142530083656
plant_7388,7388,00,7388,rgb,0.011114107444882393,0.007437226362526417,0.0036768808495253325,0.97607421875,0.84716796875,0.04091174155473709
plant_7388,7388,00,7388,depth,0.014599231071770191,0.011251077055931091,0.0033481540158391,0.9788818359375,0.867919921875,0.03690827637910843
plant_7388,7388,00,7388,ref,0.005499726161360741,0.0024558939039707184,0.0030438322573900223,0.9627685546875,0.8160400390625,0.032854821532964706
plant_7392,7392,00,7392,rgb,0.0028641680255532265,0.0010610615136101842,0.001803106628358364,0.90673828125,0.6195068359375,0.025246605277061462
plant_7392,7392,00,7392,depth,0.003166127484291792,0.0012077133869752288,0.001958414213731885,0.9183349609375,0.6502685546875,0.02543197199702263
plant_7392,7392,00,7392,ref,0.0013621347025036812,0.0005767233669757843,0.000785411277320236,0.7877197265625,0.501220703125,0.020024793222546577
plant_7402,7402,00,7402,rgb,0.0004346097994130105,0.0002237408043583855,0.00021086899505462497,0.596435546875,0.1116943359375,0.011349720880389214
plant_7402,7402,00,7402,depth,0.0004428239190019667,0.00024114528787322342,0.00020167866023257375,0.5885009765625,0.0992431640625,0.011161763221025467
plant_7402,7402,00,7402,ref,0.0004276556137483567,0.00018941779853776097,0.00023823781521059573,0.5391845703125,0.1435546875,0.010566812008619308
plant_7418,7418,00,7418,rgb,0.0024003181606531143,0.0017379212658852339,0.0006623968365602195,0.8695068359375,0.5108642578125,0.020259227603673935
plant_7418,7418,00,7418,depth,0.002905813045799732,0.0019389991648495197,0.0009668138809502125,0.8995361328125,0.6234130859375,0.023935208097100258
plant_7418,7418,00,7418,ref,0.005648817867040634,0.003969873767346144,0.0016789439832791686,0.9515380859375,0.752197265625,0.031009063124656677
plant_7443,7443,00,7443,rgb,0.0005956072709523141,0.00026282743783667684,0.0003327798331156373,0.7760009765625,0.249755859375,0.01502876728773117
plant_7443,7443,00,7443,depth,0.0007497519254684448,0.0003769185859709978,0.0003728332812897861,0.80615234375,0.3055419921875,0.015793664380908012
plant_7443,7443,00,7443,ref,0.0007141450187191367,0.00026197178522124887,0.00045217323349788785,0.830322265625,0.2950439453125,0.015924733132123947
plant_7449,7449,00,7449,rgb,0.004550209268927574,0.0037336410023272038,0.0008165680919773877,0.91064453125,0.489990234375,0.019766779616475105
plant_7449,7449,00,7449,depth,0.003847698913887143,0.0030191766563802958,0.0008285223157145083,0.889404296875,0.492919921875,0.01981552504003048
plant_7449,7449,00,7449,ref,0.0033144494518637657,0.0019101370126008987,0.0014043125556781888,0.7681884765625,0.3653564453125,0.0162546094506979
plant_7467,7467,00,7467,rgb,0.0010236334055662155,0.0005317828035913408,0.0004918506601825356,0.8001708984375,0.318359375,0.015679767355322838
plant_7467,7467,00,7467,depth,0.0009020434226840734,0.0004715128743555397,0.00043053054832853377,0.8062744140625,0.30712890625,0.015524466522037983
plant_7467,7467,00,7467,ref,0.0004678557743318379,0.0002309575502295047,0.00023689825320616364,0.6744384765625,0.1309814453125,0.012377869337797165
plant_7469,7469,00,7469,rgb,0.0008759266929700971,0.0004095852782484144,0.0004663414438255131,0.7935791015625,0.302734375,0.015468446537852287
plant_7469,7469,00,7469,depth,0.0011853924952447414,0.0005472800112329423,0.0006381124258041382,0.842041015625,0.377685546875,0.017180461436510086
plant_7469,7469,00,7469,ref,0.0012856657849624753,0.0006218197522684932,0.0006638460326939821,0.81494140625,0.374755859375,0.016966437920928
plant_7473,7473,00,7473,rgb,0.0019657134544104338,0.001343084149993956,0.0006226293044164777,0.881591796875,0.5101318359375,0.02018742635846138
plant_7473,7473,00,7473,depth,0.0011741543421521783,0.000790269928984344,0.00038388444227166474,0.810302734375,0.3212890625,0.016447432339191437
plant_7473,7473,00,7473,ref,0.0011523517314344645,0.0003974840510636568,0.0007548677967861295,0.782470703125,0.504150390625,0.02015872299671173
plant_7480,7480,00,7480,rgb,0.0011968479957431555,0.0005311968852765858,0.0006656511104665697,0.8408203125,0.4488525390625,0.018379608169198036
plant_7480,7480,00,7480,depth,0.0012775057693943381,0.0006277926731854677,0.0006497130962088704,0.841796875,0.4371337890625,0.018322743475437164
plant_7480,7480,00,7480,ref,0.0024567688815295696,0.0014266533544287086,0.001030115527100861,0.9442138671875,0.7032470703125,0.026822039857506752
plant_7487,7487,00,7487,rgb,0.0035620522685348988,0.002581659471616149,0.0009803925640881062,0.9261474609375,0.574462890625,0.022551530972123146
plant_7487,7487,00,7487,depth,0.004681575112044811,0.003856838680803776,0.0008247365476563573,0.9208984375,0.5706787109375,0.022366473451256752
plant_7487,7487,00,7487,ref,0.0019859932363033295,0.0014744093641638756,0.0005115839885547757,0.8858642578125,0.4027099609375,0.017885155975818634
plant_7492,7492,00,7492,rgb,0.0020277893636375666,0.0008100820705294609,0.0012177072931081057,0.9091796875,0.6119384765625,0.024505387991666794
plant_7492,7492,00,7492,depth,0.0020465091802179813,0.0008005150011740625,0.0012459942372515798,0.9052734375,0.6104736328125,0.024244558066129684
plant_7492,7492,00,7492,ref,0.0014117269311100245,0.0007654714863747358,0.0006462553865276277,0.8721923828125,0.4959716796875,0.019909732043743134
plant_7499,7499,00,7499,rgb,0.002998094540089369,0.0022886316291987896,0.0007094629108905792,0.772705078125,0.4549560546875,0.018100343644618988
plant_7499,7499,00,7499,depth,0.0025550941936671734,0.0020653021056205034,0.000489792029839009,0.788330078125,0.359619140625,0.016296787187457085
plant_7499,7499,00,7499,ref,0.0042249467223882675,0.0022020014002919197,0.0020229455549269915,0.7203369140625,0.3096923828125,0.014646211639046669
plant_7505,7505,00,7505,rgb,0.0018678815104067326,0.0011679575545713305,0.0006999238394200802,0.8448486328125,0.371826171875,0.016851065680384636
plant_7505,7505,00,7505,depth,0.0017528838943690062,0.0011261663166806102,0.000626717577688396,0.8551025390625,0.4306640625,0.018371718004345894
plant_7505,7505,00,7505,ref,0.001962146954610944,0.001192304422147572,0.0007698425324633718,0.802490234375,0.3927001953125,0.016958970576524734
plant_7516,7516,00,7516,rgb,0.0010315384715795517,0.00040967052336782217,0.0006218679482117295,0.8685302734375,0.40380859375,0.017820972949266434
plant_7516,7516,00,7516,depth,0.000905945897102356,0.00041379002504982054,0.0004921559011563659,0.8453369140625,0.359375,0.016844457015395164
plant_7516,7516,00,7516,ref,0.0008881611283868551,0.0004017114406451583,0.0004864497168455273,0.8494873046875,0.368896484375,0.016941573470830917
plant_7518,7518,00,7518,rgb,0.0020666271448135376,0.001097260625101626,0.0009693664032965899,0.868408203125,0.5147705078125,0.02069343440234661
plant_7518,7518,00,7518,depth,0.00265517714433372,0.0013537079794332385,0.0013014691649004817,0.89306640625,0.61328125,0.025368228554725647
plant_7518,7518,00,7518,ref,0.0006994061404839158,0.00034505847725085914,0.0003543476923368871,0.638671875,0.1796875,0.012242612428963184
plant_7523,7523,00,7523,rgb,0.0040502967312932014,0.003416941035538912,0.0006333558703772724,0.7451171875,0.3660888671875,0.015179061330854893
plant_7523,7523,00,7523,depth,0.003405417548492551,0.002670127432793379,0.0007352900574915111,0.703125,0.36865234375,0.015401086769998074
plant_7523,7523,00,7523,ref,0.0034672608599066734,0.002227643970400095,0.0012396168895065784,0.6300048828125,0.3570556640625,0.013391274027526379
plant_7529,7529,00,7529,rgb,0.00111618812661618,0.0006466571940109134,0.00046953101991675794,0.8570556640625,0.3670654296875,0.016853341832756996
plant_7529,7529,00,7529,depth,0.0009623795049265027,0.0005055402871221304,0.00045683924690820277,0.8515625,0.392578125,0.017317960038781166
plant_7529,7529,00,7529,ref,0.0005423460970632732,0.00025789340725168586,0.00028445268981158733,0.7474365234375,0.189697265625,0.01369111891835928
plant_7532,7532,00,7532,rgb,0.001714829821139574,0.00092226208653301,0.000792567734606564,0.8480224609375,0.420166015625,0.017958924174308777
plant_7532,7532,00,7532,depth,0.0032679536379873753,0.0024122896138578653,0.0008556639077141881,0.814208984375,0.34423828125,0.016276873648166656
plant_7532,7532,00,7532,ref,0.0016621291870251298,0.0008548859623260796,0.0008072432246990502,0.9046630859375,0.5364990234375,0.020899582654237747
plant_7533,7533,00,7533,rgb,0.0017342868959531188,0.0006304652197286487,0.0011038216762244701,0.8719482421875,0.5291748046875,0.02081579901278019
plant_7533,7533,00,7533,depth,0.0017335008597001433,0.0005745933158323169,0.0011589075438678265,0.880615234375,0.5194091796875,0.02049843780696392
plant_7533,7533,00,7533,ref,0.0014117840910330415,0.0005516536766663194,0.0008601304143667221,0.856201171875,0.404052734375,0.017820483073592186
plant_7536,7536,00,7536,rgb,0.003061725525185466,0.0020163869485259056,0.0010453388094902039,0.931396484375,0.69287109375,0.02752009965479374
plant_7536,7536,00,7536,depth,0.002600520383566618,0.001938949222676456,0.000661571160890162,0.9053955078125,0.518310546875,0.020350659266114235
plant_7536,7536,00,7536,ref,0.0010252437787130475,0.0005786615656688809,0.000446582242147997,0.7457275390625,0.2265625,0.014020062051713467
plant_7539,7539,00,7539,rgb,0.004796316381543875,0.0019035404548048973,0.0028927759267389774,0.9691162109375,0.802490234375,0.0338810570538044
plant_7539,7539,00,7539,depth,0.003952652215957642,0.0018677946645766497,0.0020848573185503483,0.96923828125,0.77392578125,0.03139127045869827
plant_7539,7539,00,7539,ref,0.0035563772544264793,0.002006332855671644,0.001550044515170157,0.9573974609375,0.73291015625,0.029289672151207924
plant_7542,7542,00,7542,rgb,0.0012283225078135729,0.0006443591555580497,0.0005839632358402014,0.8687744140625,0.4278564453125,0.018170557916164398
plant_7542,7542,00,7542,depth,0.001563514582812786,0.0009308073786087334,0.0006327073788270354,0.8841552734375,0.4671630859375,0.01905675046145916
plant_7542,7542,00,7542,ref,0.001541885081678629,0.000718460651114583,0.0008234244887717068,0.9248046875,0.606689453125,0.02326028421521187
plant_7550,7550,00,7550,rgb,0.0019213652703911066,0.0010044703958556056,0.0009168948163278401,0.840576171875,0.4473876953125,0.0180356502532959
plant_7550,7550,00,7550,depth,0.0015003990847617388,0.0008009485900402069,0.0006994505529291928,0.806640625,0.363037109375,0.016212400048971176
plant_7550,7550,00,7550,ref,0.0006133000133559108,0.000287555594695732,0.00032574436045251787,0.729248046875,0.1885986328125,0.01355707086622715
plant_7552,7552,00,7552,rgb,0.0047363280318677425,0.0035982474219053984,0.0011380804935470223,0.93212890625,0.617431640625,0.022931182757019997
plant_7552,7552,00,7552,depth,0.004560820758342743,0.0034272277262061834,0.0011335931485518813,0.9249267578125,0.6259765625,0.023675674572587013
plant_7552,7552,00,7552,ref,0.00134878174867481,0.0005056764930486679,0.000843105255626142,0.7535400390625,0.42724609375,0.017483793199062347
plant_7557,7557,00,7557,rgb,0.0009587690001353621,0.0005291559500619769,0.00042961310828104615,0.7340087890625,0.1849365234375,0.013200966641306877
plant_7557,7557,00,7557,depth,0.0011569653870537877,0.0006157441530376673,0.0005412212340161204,0.773193359375,0.215087890625,0.013947424478828907
plant_7557,7557,00,7557,ref,0.0006634157616645098,0.0003313662309665233,0.000332049501594156,0.728759765625,0.194580078125,0.013499326072633266
plant_7576,7576,00,7576,rgb,0.0007965568220242858,0.00032722088508307934,0.00046933593694120646,0.8221435546875,0.3131103515625,0.015732336789369583
plant_7576,7576,00,7576,depth,0.0008411856833845377,0.00031277493690140545,0.0005284107173793018,0.828857421875,0.3519287109375,0.016454512253403664
plant_7576,7576,00,7576,ref,0.0007532420568168163,0.00032031675800681114,0.00043292526970617473,0.826904296875,0.3133544921875,0.016274891793727875
plant_7589,7589,00,7589,rgb,0.0017992423381656408,0.0012225441168993711,0.0005766982212662697,0.8502197265625,0.429443359375,0.018013324588537216
plant_7589,7589,00,7589,depth,0.0017499562818557024,0.001153325429186225,0.0005966309108771384,0.8624267578125,0.4598388671875,0.01900370977818966
plant_7589,7589,00,7589,ref,0.0008774253656156361,0.0005608063656836748,0.0003166189999319613,0.697998046875,0.2293701171875,0.013725061900913715
plant_7608,7608,00,7608,rgb,0.002323932945728302,0.0016099035274237394,0.0007140292436815798,0.908447265625,0.60009765625,0.022494981065392494
plant_7608,7608,00,7608,depth,0.002555644605308771,0.001778247649781406,0.0007773967226967216,0.915283203125,0.638427734375,0.023566970601677895
plant_7608,7608,00,7608,ref,0.0017971263732761145,0.000936891243327409,0.0008602350717410445,0.900634765625,0.544677734375,0.021347880363464355
plant_7613,7613,00,7613,rgb,0.0009380396222695708,0.0003610657586250454,0.0005769738927483559,0.8167724609375,0.3470458984375,0.016261663287878036
plant_7613,7613,00,7613,depth,0.0013173251645639539,0.0005069085746072233,0.0008104166481643915,0.8720703125,0.5035400390625,0.020112840458750725
plant_7613,7613,00,7613,ref,0.0012852400541305542,0.0005082113202661276,0.0007770286756567657,0.803955078125,0.425048828125,0.017640426754951477
plant_7624,7624,00,7624,rgb,0.0007781867170706391,0.000425724865635857,0.0003524618805386126,0.7257080078125,0.2120361328125,0.013688946142792702
plant_7624,7624,00,7624,depth,0.0006885788170620799,0.0004166865546721965,0.0002718922623898834,0.7027587890625,0.17724609375,0.013146793469786644
plant_7624,7624,00,7624,ref,0.0008056653896346688,0.0003887456841766834,0.0004169197054579854,0.6126708984375,0.241943359375,0.012199591845273972
plant_7627,7627,00,7627,rgb,0.0007031092536635697,0.0004001196357421577,0.000302989617921412,0.761474609375,0.2127685546875,0.014434565789997578
plant_7627,7627,00,7627,depth,0.0009182748617604375,0.0005302091594785452,0.00038806573138572276,0.7869873046875,0.2928466796875,0.015589358285069466
plant_7627,7627,00,7627,ref,0.0006027653580531478,0.0002833884209394455,0.0003193769371137023,0.758544921875,0.243896484375,0.014440429396927357
plant_7632,7632,00,7632,rgb,0.0017546383896842599,0.0009624313097447157,0.0007922070799395442,0.906494140625,0.5640869140625,0.02164079248905182
plant_7632,7632,00,7632,depth,0.0014330013655126095,0.0008326928364112973,0.0006003084708936512,0.909423828125,0.535888671875,0.02085314318537712
plant_7632,7632,00,7632,ref,0.0013231879565864801,0.000675893563311547,0.0006472943350672722,0.9085693359375,0.4920654296875,0.01979816146194935
plant_7642,7642,00,7642,rgb,0.0019254731014370918,0.0008288170793093741,0.0010966559639200568,0.933349609375,0.6214599609375,0.023394975811243057
plant_7642,7642,00,7642,depth,0.0022289888001978397,0.0008818635833449662,0.0013471250422298908,0.939208984375,0.6409912109375,0.024794261902570724
plant_7642,7642,00,7642,ref,0.001643926021642983,0.0008400834631174803,0.0008038425585255027,0.94287109375,0.66650390625,0.024863911792635918
plant_7654,7654,00,7654,rgb,0.0027936077676713467,0.002154546556994319,0.0006390610942617059,0.8538818359375,0.4595947265625,0.018992865458130836
plant_7654,7654,00,7654,depth,0.0024410353507846594,0.0017478448571637273,0.0006931904936209321,0.840087890625,0.3936767578125,0.01739327423274517
plant_7654,7654,00,7654,ref,0.0011655313428491354,0.0006101090693846345,0.0005554223316721618,0.7423095703125,0.3106689453125,0.01508468296378851
plant_7659,7659,00,7659,rgb,0.0010750291403383017,0.00037440279265865684,0.0007006264058873057,0.8416748046875,0.37060546875,0.01671225018799305
plant_7659,7659,00,7659,depth,0.0009756347863003612,0.0004105652333237231,0.0005650695529766381,0.8350830078125,0.3304443359375,0.016258010640740395
plant_7659,7659,00,7659,ref,0.0010174686321988702,0.0003622276708483696,0.0006552409613505006,0.8575439453125,0.3887939453125,0.017051490023732185
plant_7665,7665,00,7665,rgb,0.0036616441793739796,0.001301154145039618,0.0023604899179190397,0.880615234375,0.609130859375,0.025685276836156845
plant_7665,7665,00,7665,depth,0.0033332775346934795,0.001184718799777329,0.0021485586185008287,0.866943359375,0.5531005859375,0.022445065900683403
plant_7665,7665,00,7665,ref,0.0007614512578584254,0.0004027974500786513,0.0003586538368836045,0.7557373046875,0.276123046875,0.015327097848057747
plant_7670,7670,00,7670,rgb,0.0008879193337634206,0.0004730033688247204,0.00041491593583486974,0.79931640625,0.316650390625,0.015527615323662758
plant_7670,7670,00,7670,depth,0.0009125153301283717,0.0004887081449851394,0.00042380724335089326,0.822265625,0.330322265625,0.016274791210889816
plant_7670,7670,00,7670,ref,0.0008994630770757794,0.0004764671321026981,0.0004229959158692509,0.7847900390625,0.3056640625,0.015688465908169746
plant_7676,7676,00,7676,rgb,0.001284068450331688,0.0006008045747876167,0.0006832638173364103,0.83837890625,0.3497314453125,0.016511645168066025
plant_7676,7676,00,7676,depth,0.001579029019922018,0.0007623049314133823,0.0008167241467162967,0.8834228515625,0.4786376953125,0.01946667581796646
plant_7676,7676,00,7676,ref,0.0012866295874118805,0.0006068843649700284,0.000679745280649513,0.83642578125,0.3603515625,0.01668650098145008
plant_7677,7677,00,7677,rgb,0.000894184922799468,0.0004445613594725728,0.0004496235051192343,0.8363037109375,0.2637939453125,0.01562426332384348
plant_7677,7677,00,7677,depth,0.0007646593730896711,0.0004147443105466664,0.00034991506254300475,0.815185546875,0.2227783203125,0.015037511475384235
plant_7677,7677,00,7677,ref,0.0006113937706686556,0.0002674983988981694,0.00034389537177048624,0.7740478515625,0.2047119140625,0.014079916290938854
plant_7690,7690,00,7690,rgb,0.0008106525056064129,0.0004441595810931176,0.00036649295361712575,0.8031005859375,0.2880859375,0.015644049271941185
plant_7690,7690,00,7690,depth,0.0007960982620716095,0.00040195899782702327,0.0003941392933484167,0.8203125,0.302978515625,0.015964996069669724
plant_7690,7690,00,7690,ref,0.0006308052688837051,0.0003003949823323637,0.0003304102865513414,0.7762451171875,0.242431640625,0.014504981227219105
plant_7692,7692,00,7692,rgb,0.0007679603877477348,0.00036882562562823296,0.0003991347912233323,0.764892578125,0.239990234375,0.014285028912127018
plant_7692,7692,00,7692,depth,0.0008576950058341026,0.0004189825849607587,0.00043871242087334394,0.7574462890625,0.2900390625,0.014718967489898205
plant_7692,7692,00,7692,ref,0.002177080139517784,0.0007120860973373055,0.0014649940421804786,0.8262939453125,0.556396484375,0.02237054891884327
plant_7696,7696,00,7696,rgb,0.0016809717053547502,0.0008986914763227105,0.0007822800544090569,0.8642578125,0.41796875,0.01780123822391033
plant_7696,7696,00,7696,depth,0.0019341765437275171,0.0011519052786752582,0.0007822714396752417,0.8642578125,0.4383544921875,0.018290041014552116
plant_7696,7696,00,7696,ref,0.0009336363291367888,0.0004495636676438153,0.000484072690596804,0.7679443359375,0.33984375,0.015589527785778046
plant_7714,7714,00,7714,rgb,0.0009535467252135277,0.0004823410417884588,0.00047120568342506886,0.82470703125,0.3603515625,0.016921158879995346
plant_7714,7714,00,7714,depth,0.0010511914733797312,0.0005772924632765353,0.00047389898099936545,0.86669921875,0.37060546875,0.01748007908463478
plant_7714,7714,00,7714,ref,0.0014675583224743605,0.0006708400323987007,0.0007967183482833207,0.827392578125,0.52001953125,0.020560024306178093
plant_7721,7721,00,7721,rgb,0.002853867830708623,0.0015157988527789712,0.00133806886151433,0.9140625,0.6650390625,0.028057444840669632
plant_7721,7721,00,7721,depth,0.003163107903674245,0.0014386905822902918,0.0017244175542145967,0.9202880859375,0.694091796875,0.029818059876561165
plant_7721,7721,00,7721,ref,0.0007329114014282823,0.0003019198775291443,0.00043099155300296843,0.67919921875,0.291748046875,0.013872331939637661
plant_7728,7728,00,7728,rgb,0.0015063673490658402,0.0007080525974743068,0.0007983148097991943,0.88671875,0.5008544921875,0.020027529448270798
plant_7728,7728,00,7728,depth,0.0011520769912749529,0.0005924347788095474,0.0005596422124654055,0.83349609375,0.37890625,0.017412032932043076
plant_7728,7728,00,7728,ref,0.0028852177783846855,0.0021088893990963697,0.0007763283792883158,0.8699951171875,0.4595947265625,0.018919968977570534
plant_7733,7733,00,7733,rgb,0.0016489643603563309,0.0007926103426143527,0.0008563540177419782,0.887939453125,0.515625,0.020495472475886345
plant_7733,7733,00,7733,depth,0.0014241186436265707,0.0006527517107315361,0.0007713669328950346,0.882080078125,0.4830322265625,0.01949637569487095
plant_7733,7733,00,7733,ref,0.0013763661263510585,0.0005957921966910362,0.0007805739296600223,0.888671875,0.4952392578125,0.01987491548061371
plant_7738,7738,00,7738,rgb,0.002087617991492152,0.0009432164952158928,0.0011444014962762594,0.8974609375,0.51904296875,0.020420966669917107
plant_7738,7738,00,7738,depth,0.0022547482512891293,0.0009860472055152059,0.0012687011621892452,0.9095458984375,0.553466796875,0.021534854546189308
plant_7738,7738,00,7738,ref,0.0009628586703911424,0.0003854985989164561,0.0005773600423708558,0.794189453125,0.2908935546875,0.015583556145429611
plant_7746,7746,00,7746,rgb,0.0011600301368162036,0.0004738341667689383,0.0006861959700472653,0.8470458984375,0.4892578125,0.019651202484965324
plant_7746,7746,00,7746,depth,0.001063218922354281,0.00047322845784947276,0.0005899905227124691,0.84326171875,0.448974609375,0.018657566979527473
plant_7746,7746,00,7746,ref,0.0007953018648549914,0.000359249854227528,0.0004360520397312939,0.7724609375,0.301513671875,0.015288242138922215
plant_7748,7748,00,7748,rgb,0.0011877750512212515,0.0006447930354624987,0.0005429820157587528,0.85791015625,0.357177734375,0.01687965914607048
plant_7748,7748,00,7748,depth,0.0009711437160149217,0.0004885824746452272,0.00048256118316203356,0.814697265625,0.350830078125,0.016683923080563545
plant_7748,7748,00,7748,ref,0.0013196268118917942,0.000580240972340107,0.0007393858395516872,0.85595703125,0.4525146484375,0.018571006134152412
plant_7756,7756,00,7756,rgb,0.000959051656536758,0.0005317626637406647,0.00042728896369226277,0.7562255859375,0.2802734375,0.014706405811011791
plant_7756,7756,00,7756,depth,0.0013104956597089767,0.0007143366965465248,0.000596158963162452,0.7855224609375,0.285888671875,0.015242848545312881
plant_7756,7756,00,7756,ref,0.0009241715306416154,0.0003493654658086598,0.0005748060648329556,0.7591552734375,0.384521484375,0.016690976917743683
plant_7772,7772,00,7772,rgb,0.003093687817454338,0.0016870374092832208,0.001406650641001761,0.9176025390625,0.609619140625,0.02361294813454151
plant_7772,7772,00,7772,depth,0.0019285688176751137,0.0013852217234671116,0.000543347152415663,0.8800048828125,0.4241943359375,0.018544301390647888
plant_7772,7772,00,7772,ref,0.0011774783488363028,0.0005958504625596106,0.0005816278280690312,0.8704833984375,0.356689453125,0.01699746400117874
plant_7777,7777,00,7777,rgb,0.00047906063264235854,0.0002484236902091652,0.0002306369278812781,0.7054443359375,0.1336669921875,0.012851055711507797
plant_7777,7777,00,7777,depth,0.0005022056284360588,0.0002632527321111411,0.00023895288177300245,0.7259521484375,0.1380615234375,0.013311191461980343
plant_7777,7777,00,7777,ref,0.0006006566691212356,0.00025092734722420573,0.00034972935100086033,0.718994140625,0.27197265625,0.014002624899148941
plant_7778,7778,00,7778,rgb,0.0016653052298352122,0.0007534836768172681,0.0009118215530179441,0.8743896484375,0.5018310546875,0.020063966512680054
plant_7778,7778,00,7778,depth,0.0011507292510941625,0.0005381591035984457,0.0006125701474957168,0.82763671875,0.3040771484375,0.016053209081292152
plant_7778,7778,00,7778,ref,0.0009341932600364089,0.0003930025268346071,0.0005411907332018018,0.7958984375,0.3812255859375,0.01694207638502121
plant_7787,7787,00,7787,rgb,0.0008587766205891967,0.0003458117716945708,0.000512964790686965,0.7742919921875,0.301025390625,0.015203182585537434
plant_7787,7787,00,7787,depth,0.0012000342831015587,0.0004720014694612473,0.0007280328427441418,0.828125,0.3856201171875,0.016864582896232605
plant_7787,7787,00,7787,ref,0.0008485508733429015,0.0003665909171104431,0.00048195995623245835,0.76123046875,0.348388671875,0.01601538248360157
plant_7788,7788,00,7788,rgb,0.001198607380501926,0.0006879362626932561,0.0005106711760163307,0.8165283203125,0.357666015625,0.01680063083767891
plant_7788,7788,00,7788,depth,0.0010249499464407563,0.0005899726529605687,0.00043497729348018765,0.8123779296875,0.2879638671875,0.015723668038845062
plant_7788,7788,00,7788,ref,0.0008886783616617322,0.0003852145455311984,0.0005034637870267034,0.8153076171875,0.2774658203125,0.015612252056598663
plant_7794,7794,00,7794,rgb,0.0006345993606373668,0.0003516209253575653,0.00028297846438363194,0.7259521484375,0.1639404296875,0.013397705741226673
plant_7794,7794,00,7794,depth,0.0006351452320814133,0.0003404782328289002,0.0002946669701486826,0.7196044921875,0.148193359375,0.013161243870854378
plant_7794,7794,00,7794,ref,0.0014954241923987865,0.0005363743402995169,0.0009590499103069305,0.89404296875,0.605712890625,0.0232851505279541
plant_7802,7802,00,7802,rgb,0.0016831529792398214,0.0010568093275651336,0.0006263437098823488,0.90380859375,0.490478515625,0.019793955609202385
plant_7802,7802,00,7802,depth,0.001507436390966177,0.0009381088893860579,0.0005693273851647973,0.903076171875,0.5042724609375,0.02010784111917019
plant_7802,7802,00,7802,ref,0.0011192715028300881,0.0005333879962563515,0.0005858836229890585,0.89697265625,0.4569091796875,0.019108615815639496
plant_7822,7822,00,7822,rgb,0.0008575919782742858,0.0004320709849707782,0.00042552099330350757,0.7606201171875,0.2579345703125,0.014451063238084316
plant_7822,7822,00,7822,depth,0.0008407281711697578,0.00044989801244810224,0.00039083012961782515,0.7781982421875,0.2662353515625,0.01503323670476675
plant_7822,7822,00,7822,ref,0.0004316564300097525,0.0001888432598207146,0.00024281317018903792,0.6142578125,0.1639404296875,0.01213807612657547
plant_7825,7825,00,7825,rgb,0.0013526973780244589,0.000578773848246783,0.0007739236461929977,0.855712890625,0.4404296875,0.01842627115547657
plant_7825,7825,00,7825,depth,0.0011755400337278843,0.000495126994792372,0.0006804129225201905,0.8355712890625,0.38232421875,0.01691368781030178
plant_7825,7825,00,7825,ref,0.001176971010863781,0.0006743245758116245,0.0005026463186368346,0.81982421875,0.3114013671875,0.015583944506943226
plant_7826,7826,00,7826,rgb,0.002316843019798398,0.001291745575144887,0.001025097444653511,0.8751220703125,0.49658203125,0.019884059205651283
plant_7826,7826,00,7826,depth,0.0014518109383061528,0.0008091885247267783,0.0006426224135793746,0.860595703125,0.394775390625,0.017621677368879318
plant_7826,7826,00,7826,ref,0.0007915989262983203,0.00032221066066995263,0.0004693882365245372,0.75634765625,0.2796630859375,0.014930647797882557
plant_7835,7835,00,7835,rgb,0.0014190684305503964,0.0009082458564080298,0.0005108225741423666,0.8406982421875,0.3936767578125,0.017452070489525795
plant_7835,7835,00,7835,depth,0.001860557240433991,0.0013326655607670546,0.0005278916796669364,0.8486328125,0.4378662109375,0.018643751740455627
plant_7835,7835,00,7835,ref,0.001201737322844565,0.0007046167156659067,0.0004971206071786582,0.7933349609375,0.3817138671875,0.016787583008408546
plant_7840,7840,00,7840,rgb,0.005576282273977995,0.004655797034502029,0.0009204852976836264,0.885986328125,0.55419921875,0.02165527269244194
plant_7840,7840,00,7840,depth,0.008216551505029202,0.0072205523028969765,0.0009959994349628687,0.9114990234375,0.6446533203125,0.02500694803893566
plant_7840,7840,00,7840,ref,0.005627636332064867,0.004093909170478582,0.0015337272780016065,0.9356689453125,0.669189453125,0.02526058629155159
plant_7845,7845,00,7845,rgb,0.001173230935819447,0.00047835116856731474,0.0006948797381483018,0.8651123046875,0.4625244140625,0.01898568496108055
plant_7845,7845,00,7845,depth,0.0016945175593718886,0.0006828729528933764,0.0010116447228938341,0.9000244140625,0.579833984375,0.02239835076034069
plant_7845,7845,00,7845,ref,0.0010104887187480927,0.000579139799810946,0.0004313489480409771,0.8084716796875,0.2904052734375,0.015440781600773335
plant_7855,7855,00,7855,rgb,0.00124504289124161,0.0008050501928664744,0.00043999269837513566,0.842041015625,0.338134765625,0.016456613317131996
plant_7855,7855,00,7855,depth,0.0014100495027378201,0.0008970432681962848,0.0005130062345415354,0.851806640625,0.380615234375,0.017232317477464676
plant_7855,7855,00,7855,ref,0.00045674966531805694,0.0002084289153572172,0.00024832074996083975,0.698974609375,0.1343994140625,0.012599832378327847
plant_7862,7862,00,7862,rgb,0.0007266051834449172,0.00043313359492458403,0.00029347161762416363,0.8123779296875,0.2398681640625,0.015148655511438847
plant_7862,7862,00,7862,depth,0.0008486048318445683,0.0005293723079375923,0.00031923255301080644,0.8155517578125,0.2789306640625,0.015636583790183067
plant_7862,7862,00,7862,ref,0.0007095322944223881,0.0003726053691934794,0.00033692692522890866,0.791015625,0.2431640625,0.01473009679466486
plant_7867,7867,00,7867,rgb,0.0026472415775060654,0.001928178477101028,0.0007190629839897156,0.882568359375,0.447509765625,0.018650971353054047
plant_7867,7867,00,7867,depth,0.002184993587434292,0.0014467646833509207,0.0007382288458757102,0.879150390625,0.467041015625,0.019160235300660133
plant_7867,7867,00,7867,ref,0.004454330075532198,0.003036098089069128,0.0014182322192937136,0.92529296875,0.587646484375,0.022987421602010727
plant_7871,7871,00,7871,rgb,0.0006572420243173838,0.0003508426889311522,0.00030639927717857063,0.721435546875,0.2027587890625,0.013543958775699139
plant_7871,7871,00,7871,depth,0.0012118556769564748,0.0006146967061795294,0.0005971590289846063,0.8392333984375,0.4244384765625,0.01800593174993992
plant_7871,7871,00,7871,ref,0.0007967683486640453,0.0003500353777781129,0.00044673291267827153,0.7103271484375,0.30615234375,0.014793424867093563
plant_7880,7880,00,7880,rgb,0.0027722215745598078,0.0014214194379746914,0.0013508021365851164,0.9322509765625,0.6488037109375,0.025038573890924454
plant_7880,7880,00,7880,depth,0.002554001286625862,0.0011665181955322623,0.0013874832075089216,0.9342041015625,0.6995849609375,0.025829153135418892
plant_7880,7880,00,7880,ref,0.0021246885880827904,0.001129377051256597,0.0009953116532415152,0.91064453125,0.5760498046875,0.0223441943526268
plant_7885,7885,00,7885,rgb,0.005101409740746021,0.0027633649297058582,0.0023380450438708067,0.9539794921875,0.735595703125,0.032203711569309235
plant_7885,7885,00,7885,depth,0.004462549462914467,0.002957959659397602,0.0015045900363475084,0.9599609375,0.7655029296875,0.028979113325476646
plant_7885,7885,00,7885,ref,0.003105275798588991,0.0020271630492061377,0.0010781125165522099,0.9163818359375,0.5782470703125,0.022684849798679352
plant_7887,7887,00,7887,rgb,0.0013048271648585796,0.0005300627090036869,0.0007747644558548927,0.8555908203125,0.4866943359375,0.019566763192415237
plant_7887,7887,00,7887,depth,0.0014166681794449687,0.000622331746853888,0.0007943364907987416,0.8731689453125,0.5032958984375,0.0200907364487648
plant_7887,7887,00,7887,ref,0.0018489428330212831,0.0006718566291965544,0.0011770861456170678,0.89697265625,0.634765625,0.024571508169174194
plant_7888,7888,00,7888,rgb,0.0008706407970748842,0.0003957779845222831,0.0004748628125526011,0.807861328125,0.3524169921875,0.016511527821421623
plant_7888,7888,00,7888,depth,0.000965322193223983,0.00046706077409908175,0.0004982614191249013,0.800048828125,0.3734130859375,0.016766656190156937
plant_7888,7888,00,7888,ref,0.0005524816224351525,0.00023600633721798658,0.00031647528521716595,0.686279296875,0.248046875,0.013674423098564148
plant_7889,7889,00,7889,rgb,0.0015683183446526527,0.0008562748553231359,0.0007120434893295169,0.92919921875,0.550537109375,0.021257242187857628
plant_7889,7889,00,7889,depth,0.0016206467989832163,0.0009512944961898029,0.0006693521863780916,0.9222412109375,0.525634765625,0.0205345768481493
plant_7889,7889,00,7889,ref,0.0019775477703660727,0.001212832983583212,0.0007647147867828608,0.9346923828125,0.598388671875,0.02236304059624672
plant_7890,7890,00,7890,rgb,0.002387405838817358,0.0018222460057586432,0.000565159774851054,0.910888671875,0.46240234375,0.019182315096259117
plant_7890,7890,00,7890,depth,0.0035645372699946165,0.002738878596574068,0.0008256586734205484,0.91748046875,0.5546875,0.02170831337571144
plant_7890,7890,00,7890,ref,0.0013813740806654096,0.0008721115300431848,0.0005092625506222248,0.876953125,0.382080078125,0.017715100198984146
plant_7894,7894,00,7894,rgb,0.0008047380251809955,0.000375295989215374,0.000429442006861791,0.836181640625,0.3133544921875,0.016066286712884903
plant_7894,7894,00,7894,depth,0.0008078509708866477,0.0003864376631099731,0.0004214133368805051,0.8262939453125,0.327880859375,0.016336115077137947
plant_7894,7894,00,7894,ref,0.0012600540649145842,0.0005883824196644127,0.0006716715288348496,0.886962890625,0.5205078125,0.020505612716078758
plant_7895,7895,00,7895,rgb,0.001865649363026023,0.0007058581104502082,0.0011597912525758147,0.9012451171875,0.5775146484375,0.022448578849434853
plant_7895,7895,00,7895,depth,0.0018516334239393473,0.000830886245239526,0.001020747353322804,0.894287109375,0.5340576171875,0.020822077989578247
plant_7895,7895,00,7895,ref,0.0008445378625765443,0.0003871946537401527,0.000457343237940222,0.828369140625,0.3944091796875,0.017549317330121994
plant_7911,7911,00,7911,rgb,0.0032897540368139744,0.002441216493025422,0.0008485376602038741,0.897705078125,0.5916748046875,0.022680196911096573
plant_7911,7911,00,7911,depth,0.0033746338449418545,0.0024747487623244524,0.0008998849662020802,0.906005859375,0.6326904296875,0.023859966546297073
plant_7911,7911,00,7911,ref,0.0010381441097706556,0.000624695501755923,0.00041344852070324123,0.8741455078125,0.38232421875,0.01770581118762493
plant_7917,7917,00,7917,rgb,0.002457993570715189,0.0013790478697046638,0.0010789457010105252,0.8802490234375,0.4842529296875,0.01952364668250084
plant_7917,7917,00,7917,depth,0.002359705977141857,0.001177016762085259,0.0011826892150565982,0.91259765625,0.5294189453125,0.020974529907107353
plant_7917,7917,00,7917,ref,0.0021488149650394917,0.0012466380139812827,0.0009021768346428871,0.91015625,0.5491943359375,0.02145291492342949
plant_7919,7919,00,7919,rgb,0.002705140970647335,0.0021661659702658653,0.0005389748839661479,0.7994384765625,0.4219970703125,0.01762724667787552
plant_7919,7919,00,7919,depth,0.002070284215733409,0.0016361731104552746,0.00043411104707047343,0.7962646484375,0.3592529296875,0.016872717067599297
plant_7919,7919,00,7919,ref,0.00228530028834939,0.0012264047982171178,0.0010588952573016286,0.9354248046875,0.619140625,0.023443199694156647
plant_7920,7920,00,7920,rgb,0.0014167025219649076,0.000812772021163255,0.0006039305590093136,0.8599853515625,0.445556640625,0.0184188075363636
plant_7920,7920,00,7920,depth,0.0008244207128882408,0.0004793719563167542,0.0003450486983638257,0.7982177734375,0.2509765625,0.015031691640615463
plant_7920,7920,00,7920,ref,0.0007295913528650999,0.00040112691931426525,0.00032846437534317374,0.712890625,0.210205078125,0.013421136885881424
plant_7927,7927,00,7927,rgb,0.0014238478615880013,0.001044590724632144,0.00037925707874819636,0.7860107421875,0.2529296875,0.014978202059864998
plant_7927,7927,00,7927,depth,0.0014628581702709198,0.0010997438803315163,0.0003631142608355731,0.8021240234375,0.255859375,0.015088144689798355
plant_7927,7927,00,7927,ref,0.001400950364768505,0.0007930822321213782,0.0006078681326471269,0.829345703125,0.32421875,0.01602383889257908
plant_7934,7934,00,7934,rgb,0.0018436283571645617,0.0010098009370267391,0.0008338274201378226,0.9307861328125,0.6474609375,0.023723281919956207
plant_7934,7934,00,7934,depth,0.00206928513944149,0.0011227616341784596,0.0009465235052630305,0.942138671875,0.6881103515625,0.02496773563325405
plant_7934,7934,00,7934,ref,0.000995681737549603,0.0005277008167468011,0.0004679808916989714,0.8563232421875,0.364990234375,0.017129164189100266
plant_7942,7942,00,7942,rgb,0.0036992672830820084,0.002871372736990452,0.0008278945460915565,0.9000244140625,0.5439453125,0.02107207663357258
plant_7942,7942,00,7942,depth,0.003634362481534481,0.002823604503646493,0.0008107578032650054,0.888916015625,0.529296875,0.020707394927740097
plant_7942,7942,00,7942,ref,0.001460951054468751,0.0007639512186869979,0.0006969997193664312,0.918701171875,0.568603515625,0.02160692773759365
plant_7952,7952,00,7952,rgb,0.0011653925757855177,0.0005703421775251627,0.0005950504564680159,0.8018798828125,0.33251953125,0.01592802256345749
plant_7952,7952,00,7952,depth,0.001749375369399786,0.0010956001933664083,0.0006537752342410386,0.85302734375,0.39306640625,0.01763608306646347
plant_7952,7952,00,7952,ref,0.0012490922817960382,0.0004778476431965828,0.0007712446385994554,0.7955322265625,0.3782958984375,0.017117641866207123
plant_7954,7954,00,7954,rgb,0.0010456183226779103,0.0006951043615117669,0.0003505139611661434,0.8330078125,0.2996826171875,0.01626848615705967
plant_7954,7954,00,7954,depth,0.000867409398779273,0.0005258434684947133,0.0003415659593883902,0.8145751953125,0.275390625,0.015794934704899788
plant_7954,7954,00,7954,ref,0.0005193136166781187,0.00023813605366740376,0.00028117760666646063,0.715087890625,0.1854248046875,0.013342748396098614
plant_7955,7955,00,7955,rgb,0.0012656389735639095,0.0006535471766255796,0.0006120917969383299,0.8792724609375,0.46337890625,0.019025232642889023
plant_7955,7955,00,7955,depth,0.0013509433483704925,0.0007370717357844114,0.000613871612586081,0.8900146484375,0.4737548828125,0.01937832124531269
plant_7955,7955,00,7955,ref,0.0008216624846681952,0.00034193109604530036,0.00047973141772672534,0.802001953125,0.33837890625,0.016353176906704903
plant_7967,7967,00,7967,rgb,0.0011066299630329013,0.0004689847119152546,0.0006376452511176467,0.8406982421875,0.3690185546875,0.017024673521518707
plant_7967,7967,00,7967,depth,0.0012589804828166962,0.0005939771072007716,0.0006650034338235855,0.8638916015625,0.418701171875,0.01788042113184929
plant_7967,7967,00,7967,ref,0.0007234098738990724,0.00033285710378549993,0.0003905527701135725,0.7259521484375,0.186767578125,0.013460865244269371
plant_7969,7969,00,7969,rgb,0.00125535624101758,0.0007857084856368601,0.0004696477553807199,0.8790283203125,0.4022216796875,0.018199559301137924
plant_7969,7969,00,7969,depth,0.001448318362236023,0.0008875849889591336,0.0005607333150692284,0.88818359375,0.45947265625,0.01921776868402958
plant_7969,7969,00,7969,ref,0.0011238765437155962,0.0006065956549718976,0.0005172808305360377,0.8638916015625,0.3016357421875,0.016423916444182396
plant_7986,7986,00,7986,rgb,0.0012750502210110426,0.0006755425129085779,0.0005995077663101256,0.882080078125,0.4400634765625,0.018732894212007523
plant_7986,7986,00,7986,depth,0.00212110485881567,0.0011814989848062396,0.0009396059904247522,0.9119873046875,0.5445556640625,0.021029632538557053
plant_7986,7986,00,7986,ref,0.0015033618547022343,0.0005828819121234119,0.0009204798843711615,0.7877197265625,0.4755859375,0.0192997008562088
plant_7989,7989,00,7989,rgb,0.0009131506085395813,0.00042614591075107455,0.00048700469778850675,0.825927734375,0.3504638671875,0.016581347212195396
plant_7989,7989,00,7989,depth,0.0009483140311203897,0.00045874970965087414,0.0004895643796771765,0.8367919921875,0.370361328125,0.017092376947402954
plant_7989,7989,00,7989,ref,0.0021422700956463814,0.0009231284493580461,0.0012191417627036572,0.9044189453125,0.5859375,0.022587187588214874
plant_7991,7991,00,7991,rgb,0.0011405269615352154,0.0005803926032967865,0.0005601344746537507,0.7890625,0.3856201171875,0.016883861273527145
plant_7991,7991,00,7991,depth,0.0008123656734824181,0.0004000907065346837,0.0004122749378439039,0.762451171875,0.2745361328125,0.01495325192809105
plant_7991,7991,00,7991,ref,0.0012371721677482128,0.0006687764544039965,0.0005683956551365554,0.7398681640625,0.356201171875,0.01607532985508442
plant_8001,8001,00,8001,rgb,0.0006245877011679113,0.00024064605531748384,0.0003839415730908513,0.7320556640625,0.20361328125,0.013686549849808216
plant_8001,8001,00,8001,depth,0.0006757739465683699,0.00028870630194433033,0.0003870676155202091,0.7557373046875,0.2161865234375,0.014003527350723743
plant_8001,8001,00,8001,ref,0.0012692015152424574,0.0006701573147438467,0.0005990442004986107,0.7886962890625,0.367431640625,0.016554366797208786
plant_8003,8003,00,8003,rgb,0.00178242358379066,0.000925944244954735,0.000856479280628264,0.8558349609375,0.5194091796875,0.020534243434667587
plant_8003,8003,00,8003,depth,0.0015915186377242208,0.0008950604824349284,0.0006964581552892923,0.8446044921875,0.5108642578125,0.020318811759352684
plant_8003,8003,00,8003,ref,0.0005078832618892193,0.00023041955137159675,0.0002774636959657073,0.6719970703125,0.19677734375,0.012966338545084
plant_8017,8017,00,8017,rgb,0.0016760672442615032,0.000997385592199862,0.0006786817102693021,0.8006591796875,0.39013671875,0.017337242141366005
plant_8017,8017,00,8017,depth,0.001246068044565618,0.0007153149927034974,0.0005307530518621206,0.7607421875,0.34033203125,0.01589297503232956
plant_8017,8017,00,8017,ref,0.0015004711458459496,0.0007595665520057082,0.0007409045938402414,0.7149658203125,0.3485107421875,0.015269635245203972
plant_8019,8019,00,8019,rgb,0.006101248785853386,0.0036424940917640924,0.002458754926919937,0.9287109375,0.654296875,0.025921959429979324
plant_8019,8019,00,8019,depth,0.005959365516901016,0.004169248044490814,0.0017901173559948802,0.92578125,0.5926513671875,0.022803254425525665
plant_8019,8019,00,8019,ref,0.001962188398465514,0.0009952123509719968,0.0009669758728705347,0.9239501953125,0.5928955078125,0.022901734337210655
plant_8020,8020,00,8020,rgb,0.0027732527814805508,0.002022482454776764,0.0007507703849114478,0.9200439453125,0.5780029296875,0.021871646866202354
plant_8020,8020,00,8020,depth,0.0029638924170285463,0.0021681110374629498,0.0007957813795655966,0.9239501953125,0.562744140625,0.02171003632247448
plant_8020,8020,00,8020,ref,0.0023337900638580322,0.0013346673222258687,0.0009991228580474854,0.89111328125,0.5667724609375,0.022089054808020592
plant_8026,8026,00,8026,rgb,0.0006575218285433948,0.000338606332661584,0.0003189154958818108,0.7498779296875,0.18994140625,0.014039913192391396
plant_8026,8026,00,8026,depth,0.0006847690092399716,0.000366786407539621,0.0003179825725965202,0.7493896484375,0.20263671875,0.01416853442788124
plant_8026,8026,00,8026,ref,0.0006971375551074743,0.00033783429535105824,0.00035930328886024654,0.794677734375,0.2393798828125,0.015293702483177185
plant_8027,8027,00,8027,rgb,0.002037838101387024,0.0009670997387729585,0.0010707385372370481,0.8753662109375,0.603759765625,0.02418053150177002
plant_8027,8027,00,8027,depth,0.00213314825668931,0.0009774630889296532,0.0011556852841749787,0.88671875,0.6163330078125,0.024657467380166054
plant_8027,8027,00,8027,ref,0.0005248686065897346,0.00028569335700012743,0.00023917527869343758,0.6077880859375,0.1591796875,0.011525275185704231
plant_8031,8031,00,8031,rgb,0.0015223673544824123,0.0009366740705445409,0.0005856932257302105,0.89111328125,0.4583740234375,0.019055120646953583
plant_8031,8031,00,8031,depth,0.0015426904428750277,0.0009298819350078702,0.0006128084496594965,0.8856201171875,0.45654296875,0.019021393731236458
plant_8031,8031,00,8031,ref,0.0010435320436954498,0.000511354417540133,0.0005321775679476559,0.854248046875,0.4033203125,0.01799481175839901
plant_8032,8032,00,8032,rgb,0.002747557358816266,0.0017371722497045994,0.0010103851091116667,0.8826904296875,0.4073486328125,0.017908575013279915
plant_8032,8032,00,8032,depth,0.0033861997071653605,0.0022872467525303364,0.001098952954635024,0.903076171875,0.4832763671875,0.019625037908554077
plant_8032,8032,00,8032,ref,0.0032665501348674297,0.00234274473041296,0.0009238054044544697,0.9166259765625,0.5628662109375,0.021489618346095085
plant_8033,8033,00,8033,rgb,0.001198328915052116,0.000519047025591135,0.0006792818894609809,0.8800048828125,0.5009765625,0.020022470504045486
plant_8033,8033,00,8033,depth,0.0011340449564158916,0.0005195801495574415,0.0006144647486507893,0.8685302734375,0.477294921875,0.019389143213629723
plant_8033,8033,00,8033,ref,0.0009184641530737281,0.00037243912811391056,0.0005460251122713089,0.8359375,0.375,0.017035285010933876
plant_8044,8044,00,8044,rgb,0.0006759414100088179,0.0003280208329670131,0.0003479205770418048,0.722900390625,0.2080078125,0.01377140637487173
plant_8044,8044,00,8044,depth,0.0006437679985538125,0.00030600905301980674,0.0003377589746378362,0.7430419921875,0.195556640625,0.013932758942246437
plant_8044,8044,00,8044,ref,0.0007111778832040727,0.0003413267550058663,0.0003698511281982064,0.748291015625,0.23974609375,0.014407576993107796
plant_8052,8052,00,8052,rgb,0.009502597153186798,0.0053391410037875175,0.004163455683737993,0.9671630859375,0.7861328125,0.03486526012420654
plant_8052,8052,00,8052,depth,0.007943321019411087,0.004791927989572287,0.0031513934955000877,0.962890625,0.7762451171875,0.03146864473819733
plant_8052,8052,00,8052,ref,0.0036802696995437145,0.0012831587810069323,0.0023971109185367823,0.8883056640625,0.553955078125,0.0215170718729496
plant_8058,8058,00,8058,rgb,0.0016991794109344482,0.0011669646482914686,0.0005322147626429796,0.881103515625,0.4613037109375,0.019169988110661507
plant_8058,8058,00,8058,depth,0.0016952746082097292,0.0010787289356812835,0.0006165457307361066,0.87548828125,0.4339599609375,0.0186417568475008
plant_8058,8058,00,8058,ref,0.0012781238183379173,0.0006747309817001224,0.000603392836637795,0.8963623046875,0.477294921875,0.019485032185912132
plant_8070,8070,00,8070,rgb,0.0011788601987063885,0.00042827564175240695,0.0007505844696424901,0.8154296875,0.3721923828125,0.016591813415288925
plant_8070,8070,00,8070,depth,0.0017103359568864107,0.0005825010011903942,0.0011278350139036775,0.8369140625,0.4329833984375,0.017713934183120728
plant_8070,8070,00,8070,ref,0.000923071289435029,0.00031293448409996927,0.0006101368344388902,0.7923583984375,0.4154052734375,0.017404818907380104
plant_8077,8077,00,8077,rgb,0.0007791412062942982,0.0002964397135656327,0.00048270152183249593,0.754150390625,0.27001953125,0.014765704981982708
plant_8077,8077,00,8077,depth,0.0008963887812569737,0.00036409421591088176,0.000532294565346092,0.8050537109375,0.3409423828125,0.01635606773197651
plant_8077,8077,00,8077,ref,0.0006579633336514235,0.00029182687285356224,0.0003661364899016917,0.7276611328125,0.2476806640625,0.014283156022429466
plant_8079,8079,00,8079,rgb,0.0007924367673695087,0.00042372342431917787,0.0003687134012579918,0.79150390625,0.308349609375,0.015931662172079086
plant_8079,8079,00,8079,depth,0.0011310535483062267,0.0006040967418812215,0.0005269567482173443,0.8455810546875,0.4031982421875,0.01767713390290737
plant_8079,8079,00,8079,ref,0.0009288467699661851,0.0004565581912174821,0.0004722886369563639,0.682373046875,0.3167724609375,0.014402185566723347
plant_8080,8080,00,8080,rgb,0.0038864980451762676,0.002689553890377283,0.0011969440383836627,0.9166259765625,0.58837890625,0.02242937497794628
plant_8080,8080,00,8080,depth,0.004015152342617512,0.0026055006310343742,0.0014096522936597466,0.918701171875,0.6976318359375,0.02723931334912777
plant_8080,8080,00,8080,ref,0.0009242934756912291,0.0005312971770763397,0.0003929962986148894,0.6885986328125,0.161376953125,0.012515537440776825
plant_8090,8090,00,8090,rgb,0.0015963310142979026,0.000984301557764411,0.0006120294565334916,0.8662109375,0.4075927734375,0.01819978468120098
plant_8090,8090,00,8090,depth,0.0024097240529954433,0.0012930358061566949,0.0011166881304234266,0.9017333984375,0.50732421875,0.02013985440135002
plant_8090,8090,00,8090,ref,0.001097848522476852,0.0005516387172974646,0.0005462098051793873,0.835205078125,0.3515625,0.016495633870363235
plant_8097,8097,00,8097,rgb,0.0009716972708702087,0.0005486895679496229,0.0004230077611282468,0.8173828125,0.2869873046875,0.015717484056949615
plant_8097,8097,00,8097,depth,0.0010743923485279083,0.0005570888752117753,0.0005173034151084721,0.8154296875,0.3162841796875,0.015977229923009872
plant_8097,8097,00,8097,ref,0.001328847138211131,0.0005542011931538582,0.0007746459450572729,0.8555908203125,0.460205078125,0.01876888796687126
plant_8109,8109,00,8109,rgb,0.0007057171314954758,0.00032820095657370985,0.00037751614581793547,0.768310546875,0.2301025390625,0.014637564308941364
plant_8109,8109,00,8109,depth,0.0007604097481817007,0.0003901273594237864,0.0003702824469655752,0.741943359375,0.22119140625,0.013971345499157906
plant_8109,8109,00,8109,ref,0.000665751751512289,0.00027219674666412175,0.00039355497574433684,0.7354736328125,0.2359619140625,0.014413374476134777
plant_8117,8117,00,8117,rgb,0.003496855730190873,0.0023045067209750414,0.0011923490092158318,0.9146728515625,0.622802734375,0.023484233766794205
plant_8117,8117,00,8117,depth,0.004404333420097828,0.003449849784374237,0.0009544836357235909,0.904541015625,0.584228515625,0.02242939919233322
plant_8117,8117,00,8117,ref,0.00223168870434165,0.0011409602593630552,0.001090728328563273,0.9383544921875,0.610107421875,0.023017073050141335
plant_8134,8134,00,8134,rgb,0.0014415017794817686,0.0004809483070857823,0.0009605534723959863,0.8922119140625,0.5152587890625,0.020392362028360367
plant_8134,8134,00,8134,depth,0.0018200520426034927,0.0006471835076808929,0.0011728685349225998,0.8955078125,0.537841796875,0.02104964666068554
plant_8134,8134,00,8134,ref,0.0014082295820116997,0.0006785328732803464,0.0007296966505236924,0.8753662109375,0.4637451171875,0.01919734477996826
plant_8136,8136,00,8136,rgb,0.001078794477507472,0.0006845017778687179,0.00039429267053492367,0.8375244140625,0.3072509765625,0.016263587400317192
plant_8136,8136,00,8136,depth,0.0016221001278609037,0.0009792828932404518,0.0006428171182051301,0.872802734375,0.4715576171875,0.01919783279299736
plant_8136,8136,00,8136,ref,0.0006210808060131967,0.00030296554905362427,0.00031811525695957243,0.703857421875,0.1768798828125,0.012973924167454243
plant_8144,8144,00,8144,rgb,0.0011685825884342194,0.00047734391409903765,0.0006912386743351817,0.8575439453125,0.4051513671875,0.017757100984454155
plant_8144,8144,00,8144,depth,0.0012789431493729353,0.0005518568214029074,0.0007270863861776888,0.8648681640625,0.4190673828125,0.018021216616034508
plant_8144,8144,00,8144,ref,0.0011045008432120085,0.00037692266050726175,0.0007275782409124076,0.8837890625,0.4859619140625,0.019661445170640945
plant_8145,8145,00,8145,rgb,0.0008906162111088634,0.0004892461583949625,0.00040137002361007035,0.794189453125,0.284423828125,0.01563136652112007
plant_8145,8145,00,8145,depth,0.0007968900026753545,0.00042525096796453,0.00037163906381465495,0.7374267578125,0.2142333984375,0.013884349726140499
plant_8145,8145,00,8145,ref,0.0008005514973774552,0.0003635083558037877,0.00043704311246983707,0.738525390625,0.2728271484375,0.013903516344726086
plant_8155,8155,00,8155,rgb,0.0013495511375367641,0.0007086211116984487,0.0006409300258383155,0.7984619140625,0.3790283203125,0.016802018508315086
plant_8155,8155,00,8155,depth,0.0014801385113969445,0.0008064291323535144,0.0006737093790434301,0.83740234375,0.384521484375,0.017146244645118713
plant_8155,8155,00,8155,ref,0.0008410644950345159,0.0005227854708209634,0.0003182790824212134,0.7607421875,0.2266845703125,0.014270562678575516
plant_8168,8168,00,8168,rgb,0.0010124415857717395,0.0005765739479102194,0.00043586757965385914,0.7816162109375,0.2835693359375,0.014880984090268612
plant_8168,8168,00,8168,depth,0.0010329494252800941,0.0005939347320236266,0.0004390147514641285,0.76953125,0.2586669921875,0.014581763185560703
plant_8168,8168,00,8168,ref,0.0004554851329885423,0.00020608618797268718,0.0002493989304639399,0.6651611328125,0.1527099609375,0.01238788291811943
plant_8172,8172,00,8172,rgb,0.0014260015450417995,0.0005222159088589251,0.0009037855779752135,0.88818359375,0.4935302734375,0.019831931218504906
plant_8172,8172,00,8172,depth,0.001358184963464737,0.0005723835784010589,0.0007858013268560171,0.902587890625,0.53564453125,0.020924579352140427
plant_8172,8172,00,8172,ref,0.001499508274719119,0.0007752591627649963,0.0007242491701617837,0.91552734375,0.510498046875,0.020267078652977943
plant_8185,8185,00,8185,rgb,0.0014207223430275917,0.0005820696242153645,0.0008386527770198882,0.83349609375,0.4835205078125,0.01947326958179474
plant_8185,8185,00,8185,depth,0.0015870954375714064,0.0007737567066214979,0.0008133388473652303,0.8441162109375,0.48388671875,0.01952902227640152
plant_8185,8185,00,8185,ref,0.0016940860077738762,0.0006158284959383309,0.0010782574536278844,0.828369140625,0.473876953125,0.019177960231900215
plant_8189,8189,00,8189,rgb,0.0008381524821743369,0.0004160948155913502,0.0004220576083753258,0.8267822265625,0.2845458984375,0.015929436311125755
plant_8189,8189,00,8189,depth,0.0006979628233239055,0.000359795696567744,0.00033816718496382236,0.8138427734375,0.241455078125,0.015018491074442863
plant_8189,8189,00,8189,ref,0.0010055908933281898,0.00036525740870274603,0.0006403335719369352,0.81298828125,0.3741455078125,0.016501571983098984
plant_8195,8195,00,8195,rgb,0.0006849310593679547,0.0003201455110684037,0.000364785548299551,0.8155517578125,0.245361328125,0.015165249817073345
plant_8195,8195,00,8195,depth,0.0006611855933442712,0.00028997333720326424,0.0003712122270371765,0.791015625,0.2469482421875,0.014966488815844059
plant_8195,8195,00,8195,ref,0.0007013927097432315,0.00033298981725238264,0.0003684028924908489,0.7921142578125,0.2998046875,0.015927663072943687
plant_8204,8204,00,8204,rgb,0.002949947025626898,0.001466129207983613,0.001483817701227963,0.9305419921875,0.5965576171875,0.02270381525158882
plant_8204,8204,00,8204,depth,0.003256682539358735,0.002093907678499818,0.0011627748608589172,0.924560546875,0.57373046875,0.021887727081775665
plant_8204,8204,00,8204,ref,0.0018238674383610487,0.0009346369188278913,0.0008892306941561401,0.90478515625,0.5247802734375,0.020559292286634445
plant_8214,8214,00,8214,rgb,0.0013138807844370604,0.0004399274766910821,0.0008739533368498087,0.864990234375,0.4891357421875,0.01965547353029251
plant_8214,8214,00,8214,depth,0.0013526073889806867,0.0004878428007941693,0.0008647646172903478,0.87744140625,0.47412109375,0.019345054402947426
plant_8214,8214,00,8214,ref,0.0012762085534632206,0.0005294688744470477,0.000746739620808512,0.900390625,0.5213623046875,0.020554469898343086
plant_8236,8236,00,8236,rgb,0.0007181197288446128,0.00034298020182177424,0.0003751395270228386,0.7410888671875,0.270751953125,0.01449539978057146
plant_8236,8236,00,8236,depth,0.0008396134944632649,0.00037820282159373164,0.0004614106728695333,0.79638671875,0.296875,0.0154566690325737
plant_8236,8236,00,8236,ref,0.0007486362010240555,0.0002889778697863221,0.0004596583603415638,0.7489013671875,0.2691650390625,0.014485004357993603
plant_8246,8246,00,8246,rgb,0.0028569067362695932,0.002075641416013241,0.0007812652620486915,0.909423828125,0.55810546875,0.021916154772043228
plant_8246,8246,00,8246,depth,0.0036382672842592,0.00230615958571434,0.0013321076985448599,0.94921875,0.6954345703125,0.02636907994747162
plant_8246,8246,00,8246,ref,0.002127540996298194,0.0011769202537834644,0.0009506208007223904,0.902587890625,0.6158447265625,0.024132875725626945
plant_8250,8250,00,8250,rgb,0.0018760402454063296,0.0009385506273247302,0.0009374896180815995,0.9244384765625,0.531494140625,0.020825404673814774
plant_8250,8250,00,8250,depth,0.0019484953954815865,0.0009895035764202476,0.0009589919354766607,0.9139404296875,0.5220947265625,0.02056388556957245
plant_8250,8250,00,8250,ref,0.0013748849742114544,0.0006318164523690939,0.0007430685800500214,0.8782958984375,0.4766845703125,0.019315915182232857
plant_8270,8270,00,8270,rgb,0.004548290744423866,0.002437968272715807,0.002110322006046772,0.9610595703125,0.79443359375,0.03496585786342621
plant_8270,8270,00,8270,depth,0.004653971642255783,0.002637864788994193,0.00201610685326159,0.965576171875,0.7822265625,0.03452373296022415
plant_8270,8270,00,8270,ref,0.002057509496808052,0.0010626163566485047,0.0009948932565748692,0.91796875,0.5430908203125,0.021014021709561348
plant_8304,8304,00,8304,rgb,0.0007697161054238677,0.0003950156969949603,0.00037470037932507694,0.7757568359375,0.2799072265625,0.015165934339165688
plant_8304,8304,00,8304,depth,0.0008748783729970455,0.00046298449160531163,0.00041189385228790343,0.8101806640625,0.3204345703125,0.01632094942033291
plant_8304,8304,00,8304,ref,0.0005623846082016826,0.00028300832491368055,0.00027937631239183247,0.691162109375,0.189453125,0.013294054195284843
plant_8309,8309,00,8309,rgb,0.001197792706079781,0.0006387275061570108,0.0005590651417151093,0.7911376953125,0.345703125,0.016162335872650146
plant_8309,8309,00,8309,depth,0.0020091314800083637,0.0008433402981609106,0.001165791298262775,0.850341796875,0.50830078125,0.020232053473591805
plant_8309,8309,00,8309,ref,0.0012485665502026677,0.0004976364434696734,0.0007509301649406552,0.69775390625,0.485107421875,0.01935471221804619
plant_8317,8317,00,8317,rgb,0.0009785299189388752,0.0004729360807687044,0.0005055938381701708,0.7578125,0.308837890625,0.014893685467541218
plant_8317,8317,00,8317,depth,0.0009148063836619258,0.0004849238321185112,0.0004298824642319232,0.757568359375,0.3040771484375,0.015027906745672226
plant_8317,8317,00,8317,ref,0.0003939074231311679,0.0001662400463828817,0.0002276673767482862,0.5240478515625,0.125244140625,0.010458860546350479
plant_8327,8327,00,8327,rgb,0.0006869561038911343,0.0002982232253998518,0.0003887329075951129,0.716064453125,0.247314453125,0.013865979388356209
plant_8327,8327,00,8327,depth,0.0006968506495468318,0.00031061936169862747,0.0003862312878482044,0.7154541015625,0.251220703125,0.014120746403932571
plant_8327,8327,00,8327,ref,0.000717176531907171,0.00034297886304557323,0.0003741976688615978,0.76416015625,0.2911376953125,0.01532259676605463
plant_8331,8331,00,8331,rgb,0.0015302911633625627,0.0008337546023540199,0.0006965365610085428,0.8665771484375,0.4322509765625,0.01858946494758129
plant_8331,8331,00,8331,depth,0.0014286390505731106,0.000765565549954772,0.0006630735588259995,0.8636474609375,0.459228515625,0.019152946770191193
plant_8331,8331,00,8331,ref,0.0007996060885488987,0.0004139886877965182,0.00038561742985621095,0.71142578125,0.2894287109375,0.014205687679350376
plant_8333,8333,00,8333,rgb,0.001176592893898487,0.0006810266640968621,0.0004955662880092859,0.7940673828125,0.3118896484375,0.015683839097619057
plant_8333,8333,00,8333,depth,0.0009710018057376146,0.0005888775922358036,0.00038212418439798057,0.738037109375,0.2720947265625,0.014904024079442024
plant_8333,8333,00,8333,ref,0.0007894601440057158,0.0004551605670712888,0.00033429954783059657,0.7066650390625,0.219482421875,0.013520423322916031
plant_8335,8335,00,8335,rgb,0.0006976013537496328,0.00030184100614860654,0.00039576031849719584,0.7724609375,0.26513671875,0.015192084945738316
plant_8335,8335,00,8335,depth,0.0008166143670678139,0.0003402013680897653,0.00047641299897804856,0.76416015625,0.324951171875,0.01588001474738121
plant_8335,8335,00,8335,ref,0.0006302265683189034,0.00029099913081154227,0.0003392274375073612,0.758544921875,0.2491455078125,0.014810455031692982
plant_8338,8338,00,8338,rgb,0.0006810685154050589,0.00037167250411584973,0.00030939606949687004,0.7781982421875,0.21435546875,0.014604495838284492
plant_8338,8338,00,8338,depth,0.0006609464762732387,0.0003620128845795989,0.0002989335625898093,0.781494140625,0.2073974609375,0.014504965394735336
plant_8338,8338,00,8338,ref,0.0007614855421707034,0.00041198660619556904,0.00034949893597513437,0.724365234375,0.2510986328125,0.013925899751484394
plant_8345,8345,00,8345,rgb,0.00208493135869503,0.0015370086766779423,0.0005479225656017661,0.84716796875,0.375732421875,0.017242925241589546
plant_8345,8345,00,8345,depth,0.002378140576183796,0.0018423034343868494,0.0005358370835892856,0.8714599609375,0.433837890625,0.018265338614583015
plant_8345,8345,00,8345,ref,0.001206053071655333,0.0007520762155763805,0.0004539768269751221,0.83544921875,0.3529052734375,0.016648974269628525
plant_8348,8348,00,8348,rgb,0.0010730181820690632,0.0006355838850140572,0.0004374342388473451,0.8067626953125,0.324462890625,0.015880271792411804
plant_8348,8348,00,8348,depth,0.0007895389571785927,0.00045471411431208253,0.00033482478465884924,0.74755859375,0.2269287109375,0.01407603733241558
plant_8348,8348,00,8348,ref,0.000902099534869194,0.0005024558631703258,0.00039964361349120736,0.823974609375,0.306640625,0.015867125242948532
plant_8361,8361,00,8361,rgb,0.0011933285277336836,0.0005973860388621688,0.0005959424888715148,0.8629150390625,0.40869140625,0.01795169524848461
plant_8361,8361,00,8361,depth,0.001167575130239129,0.0006510204402729869,0.0005165546899661422,0.86328125,0.3682861328125,0.017096491530537605
plant_8361,8361,00,8361,ref,0.000842405715957284,0.000359964556992054,0.00048244115896523,0.7596435546875,0.26123046875,0.014323296025395393
plant_8362,8362,00,8362,rgb,0.004962213337421417,0.0032081448007375,0.0017540683038532734,0.9383544921875,0.7373046875,0.03051718696951866
plant_8362,8362,00,8362,depth,0.00448441319167614,0.0029902744572609663,0.0014941387344151735,0.93994140625,0.7064208984375,0.02830478921532631
plant_8362,8362,00,8362,ref,0.0033547391649335623,0.0017979919211938977,0.0015567472437396646,0.9312744140625,0.677490234375,0.025955917313694954
plant_8367,8367,00,8367,rgb,0.0005769697017967701,0.0002765057433862239,0.00030046398751437664,0.7996826171875,0.2222900390625,0.01503410842269659
plant_8367,8367,00,8367,depth,0.0005896922666579485,0.00029259035363793373,0.00029710191302001476,0.79931640625,0.221435546875,0.014956650324165821
plant_8367,8367,00,8367,ref,0.0006406317697837949,0.00033616559812799096,0.0003044662007596344,0.7822265625,0.232421875,0.014684658497571945
plant_8377,8377,00,8377,rgb,0.0006251622107811272,0.0003377453831490129,0.00028741679852828383,0.724609375,0.1947021484375,0.013646912761032581
plant_8377,8377,00,8377,depth,0.0005920061958022416,0.00034683046396821737,0.0002451757900416851,0.683837890625,0.1640625,0.012829309329390526
plant_8377,8377,00,8377,ref,0.0005569161148741841,0.0002851599710993469,0.00027175614377483726,0.6390380859375,0.196533203125,0.012612801045179367
plant_8383,8383,00,8383,rgb,0.0005679303430952132,0.0003033902612514794,0.00026454005273990333,0.6358642578125,0.1544189453125,0.011856247670948505
plant_8383,8383,00,8383,depth,0.000524205737747252,0.0002715662121772766,0.0002526394964661449,0.611083984375,0.1563720703125,0.011569465510547161
plant_8383,8383,00,8383,ref,0.000633956165984273,0.0003295454371254891,0.0003044106997549534,0.6915283203125,0.1951904296875,0.013076376169919968
plant_8385,8385,00,8385,rgb,0.0010316604748368263,0.0005413003964349627,0.0004903600784018636,0.82080078125,0.302490234375,0.015534666366875172
plant_8385,8385,00,8385,depth,0.001062309485860169,0.0005975913954898715,0.0004647181194741279,0.8231201171875,0.3165283203125,0.01574801094830036
plant_8385,8385,00,8385,ref,0.001744758919812739,0.0007635370129719377,0.0009812219068408012,0.8975830078125,0.5616455078125,0.021705975756049156
plant_8392,8392,00,8392,rgb,0.0021952844690531492,0.001646250020712614,0.0005490344483405352,0.8758544921875,0.50732421875,0.020196573808789253
plant_8392,8392,00,8392,depth,0.0019881799817085266,0.0014841379597783089,0.0005040421383455396,0.8759765625,0.4852294921875,0.019643405452370644
plant_8392,8392,00,8392,ref,0.002452726475894451,0.0015122490003705025,0.0009404773591086268,0.9017333984375,0.6005859375,0.023876935243606567
plant_8401,8401,00,8401,rgb,0.0012545784702524543,0.0008030590834096074,0.0004515193577390164,0.7808837890625,0.3006591796875,0.015091456472873688
plant_8401,8401,00,8401,depth,0.0013921840582042933,0.0008719791076146066,0.0005202050087973475,0.7740478515625,0.3670654296875,0.016231218352913857
plant_8401,8401,00,8401,ref,0.000916199351195246,0.0003526901127770543,0.0005635092384181917,0.692626953125,0.322998046875,0.014680121093988419
plant_8409,8409,00,8409,rgb,0.0008400676888413727,0.00034791219513863325,0.0004921554937027395,0.7850341796875,0.33056640625,0.015745164826512337
plant_8409,8409,00,8409,depth,0.0007777008577249944,0.00035294709959998727,0.00042475375812500715,0.7899169921875,0.3016357421875,0.01558931078761816
plant_8409,8409,00,8409,ref,0.0011542800348252058,0.0004303033056203276,0.0007239767583087087,0.8406982421875,0.4794921875,0.01937001571059227
plant_8421,8421,00,8421,rgb,0.0018445877358317375,0.0011833130847662687,0.0006612746510654688,0.90283203125,0.4737548828125,0.019405046477913857
plant_8421,8421,00,8421,depth,0.0015437961556017399,0.0008908984600566328,0.0006528976373374462,0.887939453125,0.4818115234375,0.019552377983927727
plant_8421,8421,00,8421,ref,0.001436581602320075,0.0006869346834719181,0.000749646860640496,0.921142578125,0.5430908203125,0.02112909033894539
plant_8423,8423,00,8423,rgb,0.0021866855677217245,0.0010554204927757382,0.001131265191361308,0.8651123046875,0.4833984375,0.019558141008019447
plant_8423,8423,00,8423,depth,0.0015646994579583406,0.0007132606115192175,0.0008514388464391232,0.867919921875,0.4320068359375,0.018389027565717697
plant_8423,8423,00,8423,ref,0.0014723020140081644,0.0004618172824848443,0.0010104847606271505,0.800537109375,0.5279541015625,0.021209020167589188
plant_8429,8429,00,8429,rgb,0.0011976788518950343,0.0007928776904009283,0.00040480116149410605,0.862548828125,0.329345703125,0.016962485387921333
plant_8429,8429,00,8429,depth,0.0014634819235652685,0.0010529663413763046,0.000410515523981303,0.8626708984375,0.3155517578125,0.01684119924902916
plant_8429,8429,00,8429,ref,0.002650876995176077,0.0019464923534542322,0.0007043846999295056,0.865966796875,0.406982421875,0.01774095557630062
plant_8430,8430,00,8430,rgb,0.0009264049003832042,0.0004651246126741171,0.00046128028770908713,0.8209228515625,0.3543701171875,0.01660410687327385
plant_8430,8430,00,8430,depth,0.0009543618652969599,0.00047999079106375575,0.0004743710742332041,0.8271484375,0.313232421875,0.01606203056871891
plant_8430,8430,00,8430,ref,0.0011663995683193207,0.0005123640294186771,0.0006540355389006436,0.728515625,0.3050537109375,0.014774075709283352
plant_8442,8442,00,8442,rgb,0.0031948857940733433,0.001426609931513667,0.0017682758625596762,0.889892578125,0.6287841796875,0.026129985228180885
plant_8442,8442,00,8442,depth,0.0007917706971056759,0.0004659285768866539,0.00032584212021902204,0.76708984375,0.2381591796875,0.014988752081990242
plant_8442,8442,00,8442,ref,0.0004645538574550301,0.0002099609118886292,0.00025459291646257043,0.6419677734375,0.1553955078125,0.012258448638021946
plant_8451,8451,00,8451,rgb,0.0010943571105599403,0.0005574027309194207,0.0005369543796405196,0.8502197265625,0.3887939453125,0.017383519560098648
plant_8451,8451,00,8451,depth,0.0011604820610955358,0.0006092942785471678,0.000551187782548368,0.8614501953125,0.4052734375,0.01770699955523014
plant_8451,8451,00,8451,ref,0.001300254836678505,0.0006430928478948772,0.0006571619305759668,0.857421875,0.4061279296875,0.017548447474837303
plant_8456,8456,00,8456,rgb,0.006175455171614885,0.005390887148678303,0.0007845680229365826,0.9031982421875,0.5283203125,0.020894387736916542
plant_8456,8456,00,8456,depth,0.0032183679286390543,0.0024269246496260166,0.0007914432208053768,0.8941650390625,0.5377197265625,0.021065838634967804
plant_8456,8456,00,8456,ref,0.0017387439729645848,0.0010979627259075642,0.0006407812470570207,0.8902587890625,0.534423828125,0.021011868491768837
plant_8463,8463,00,8463,rgb,0.0008344748057425022,0.00037535649607889354,0.0004591182805597782,0.8250732421875,0.314208984375,0.01595863327383995
plant_8463,8463,00,8463,depth,0.0006721870740875602,0.0003149162803310901,0.00035727082286030054,0.8055419921875,0.2747802734375,0.01522782165557146
plant_8463,8463,00,8463,ref,0.0006141840131022036,0.00024947169004008174,0.00036471232306212187,0.7611083984375,0.26806640625,0.01502384152263403
plant_8465,8465,00,8465,rgb,0.0033987038768827915,0.0030271124560385942,0.00037159136263653636,0.8370361328125,0.310546875,0.01598709635436535
plant_8465,8465,00,8465,depth,0.0034170642029494047,0.002857392420992255,0.0005596717819571495,0.880859375,0.4261474609375,0.018089452758431435
plant_8465,8465,00,8465,ref,0.0017944080755114555,0.0010998893994838,0.0006945186178199947,0.9127197265625,0.5572509765625,0.02152010053396225
plant_8466,8466,00,8466,rgb,0.001054277759976685,0.000644099316559732,0.00041017847252078354,0.7821044921875,0.21240234375,0.01404741033911705
plant_8466,8466,00,8466,depth,0.0017126344610005617,0.0009437240078113973,0.0007689105113968253,0.784423828125,0.2689208984375,0.01432349719107151
plant_8466,8466,00,8466,ref,0.0005902003613300622,0.0003340188995935023,0.00025618146173655987,0.74609375,0.15478515625,0.013369313441216946
plant_8478,8478,00,8478,rgb,0.0007437918102368712,0.00041835103183984756,0.00032544080750085413,0.734375,0.227294921875,0.013886424712836742
plant_8478,8478,00,8478,depth,0.0008462972473353148,0.00045609805965796113,0.0003901991876773536,0.73046875,0.2310791015625,0.013798307627439499
plant_8478,8478,00,8478,ref,0.001052090316079557,0.00044975837226957083,0.0006023319438099861,0.738525390625,0.3065185546875,0.014570428989827633
plant_8484,8484,00,8484,rgb,0.0008709339890629053,0.00047876412281766534,0.0003921698371414095,0.8067626953125,0.3038330078125,0.015797598287463188
plant_8484,8484,00,8484,depth,0.0011929927859455347,0.000661929661873728,0.0005310631240718067,0.8203125,0.3802490234375,0.017016885802149773
plant_8484,8484,00,8484,ref,0.0007434107828885317,0.0004804651835002005,0.0002629455993883312,0.7725830078125,0.1729736328125,0.013916700147092342
plant_8485,8485,00,8485,rgb,0.001391092548146844,0.0006429189234040678,0.0007481736829504371,0.84619140625,0.463134765625,0.01895321160554886
plant_8485,8485,00,8485,depth,0.0010995774064213037,0.0005376216140575707,0.000561955850571394,0.8126220703125,0.36962890625,0.016697237268090248
plant_8485,8485,00,8485,ref,0.0009610579581931233,0.00036222609924152493,0.0005988318589515984,0.670654296875,0.3251953125,0.014770749025046825
plant_8488,8488,00,8488,rgb,0.0007549300789833069,0.00041771846008487046,0.0003372116480022669,0.8018798828125,0.2054443359375,0.014720342122018337
plant_8488,8488,00,8488,depth,0.0009334912756457925,0.0005689393728971481,0.00036455184454098344,0.8193359375,0.24462890625,0.015054088085889816
plant_8488,8488,00,8488,ref,0.0011471023317426443,0.0006458626594394445,0.0005012397887185216,0.8485107421875,0.310791015625,0.016275659203529358
plant_8500,8500,00,8500,rgb,0.0008296641753986478,0.0004033601435367018,0.00042630400275811553,0.844970703125,0.31201171875,0.016350332647562027
plant_8500,8500,00,8500,depth,0.0006735394708812237,0.0003509101807139814,0.00032262931927107275,0.8115234375,0.2366943359375,0.01520534697920084
plant_8500,8500,00,8500,ref,0.0005828681169077754,0.0002739699848461896,0.00030889816116541624,0.7613525390625,0.2108154296875,0.0144308190792799
plant_8511,8511,00,8511,rgb,0.0012664911337196827,0.0006051174132153392,0.0006613737787120044,0.833984375,0.434814453125,0.018315522000193596
plant_8511,8511,00,8511,depth,0.0014862249372527003,0.0008663774933665991,0.0006198474438861012,0.8580322265625,0.436279296875,0.018450360745191574
plant_8511,8511,00,8511,ref,0.0009956005960702896,0.0004889288102276623,0.0005066718440502882,0.8433837890625,0.387939453125,0.017629088833928108
plant_8523,8523,00,8523,rgb,0.002247643657028675,0.0010025842348113656,0.0012450595386326313,0.8681640625,0.6021728515625,0.024660656228661537
plant_8523,8523,00,8523,depth,0.002732899971306324,0.001661520916968584,0.00107137905433774,0.8985595703125,0.6043701171875,0.02394675835967064
plant_8523,8523,00,8523,ref,0.0018751474563032389,0.0010166122810915112,0.0008585351752117276,0.910400390625,0.645263671875,0.024364905431866646
plant_8527,8527,00,8527,rgb,0.0009789681062102318,0.0005561404395848513,0.00042282763752155006,0.8243408203125,0.3057861328125,0.01599404774606228
plant_8527,8527,00,8527,depth,0.0011209276271983981,0.0006566600641235709,0.00046426753397099674,0.827392578125,0.3333740234375,0.01646205224096775
plant_8527,8527,00,8527,ref,0.00106116384267807,0.0005904986755922437,0.00047066505067050457,0.8023681640625,0.3702392578125,0.016696570441126823
plant_8541,8541,00,8541,rgb,0.0034469913225620985,0.00248483894392848,0.0009621524368412793,0.915771484375,0.6385498046875,0.024449843913316727
plant_8541,8541,00,8541,depth,0.0034488625824451447,0.0024317337665706873,0.0010171289322897792,0.897705078125,0.598876953125,0.02331959642469883
plant_8541,8541,00,8541,ref,0.0016066739335656166,0.0008198895957320929,0.0007867842796258628,0.8753662109375,0.537353515625,0.020983664318919182
plant_8577,8577,00,8577,rgb,0.0010019048349931836,0.0006365565932355821,0.00036534821265377104,0.8267822265625,0.2957763671875,0.015979990363121033
plant_8577,8577,00,8577,depth,0.0009952298132702708,0.0006151516572572291,0.0003800781269092113,0.8248291015625,0.3201904296875,0.016498513519763947
plant_8577,8577,00,8577,ref,0.0013243734138086438,0.0007100072107277811,0.0006143662030808628,0.8558349609375,0.3792724609375,0.016919312998652458
plant_8591,8591,00,8591,rgb,0.0019104387611150742,0.0009287892025895417,0.0009816496167331934,0.9127197265625,0.5975341796875,0.02336924523115158
plant_8591,8591,00,8591,depth,0.001569023123010993,0.0007902658544480801,0.0007787572685629129,0.911376953125,0.5677490234375,0.021873826161026955
plant_8591,8591,00,8591,ref,0.0012686626287177205,0.0005639615119434893,0.0007047011167742312,0.885986328125,0.4610595703125,0.01893550530076027
plant_8594,8594,00,8594,rgb,0.0024970248341560364,0.0017256317660212517,0.0007713931845501065,0.9244384765625,0.5772705078125,0.021971793845295906
plant_8594,8594,00,8594,depth,0.002327686408534646,0.0016617168439552188,0.0006659696809947491,0.9259033203125,0.554931640625,0.021222932264208794
plant_8594,8594,00,8594,ref,0.00287463515996933,0.0011706979712471366,0.0017039371887221932,0.8992919921875,0.5108642578125,0.020270736888051033
plant_8598,8598,00,8598,rgb,0.0030202586203813553,0.0017995350062847137,0.0012207234976813197,0.8995361328125,0.56884765625,0.022412274032831192
plant_8598,8598,00,8598,depth,0.003384234383702278,0.002023023087531328,0.0013612116454169154,0.8922119140625,0.5787353515625,0.022704388946294785
plant_8598,8598,00,8598,ref,0.0028239754028618336,0.001168196089565754,0.001655779080465436,0.905029296875,0.501220703125,0.02005268819630146
plant_8610,8610,00,8610,rgb,0.001284678583033383,0.0007407896919175982,0.0005438888911157846,0.8568115234375,0.4305419921875,0.01817663386464119
plant_8610,8610,00,8610,depth,0.0009136195294559002,0.0005072761559858918,0.0004063433734700084,0.8353271484375,0.3173828125,0.016384165734052658
plant_8610,8610,00,8610,ref,0.0028874422423541546,0.0024171455297619104,0.0004702965961769223,0.8201904296875,0.3175048828125,0.01627226546406746
plant_8616,8616,00,8616,rgb,0.0017026423010975122,0.0004983861581422389,0.0012042562011629343,0.886474609375,0.513427734375,0.02037636935710907
plant_8616,8616,00,8616,depth,0.0021097506396472454,0.0003986936644650996,0.001711056916974485,0.877685546875,0.5169677734375,0.020782195031642914
plant_8616,8616,00,8616,ref,0.0021621889900416136,0.0007766471826471388,0.0013855418656021357,0.942138671875,0.6524658203125,0.02575555257499218
plant_8620,8620,00,8620,rgb,0.000991092063486576,0.00044358870945870876,0.0005475034122355282,0.78955078125,0.3739013671875,0.016607102006673813
plant_8620,8620,00,8620,depth,0.0014198545832186937,0.0006836946122348309,0.0007361599709838629,0.849365234375,0.421142578125,0.018207961693406105
plant_8620,8620,00,8620,ref,0.0009978454327210784,0.00040245288982987404,0.0005953926010988653,0.7344970703125,0.286865234375,0.014283775351941586
plant_8621,8621,00,8621,rgb,0.0016564081888645887,0.0007113883038982749,0.0009450198267586529,0.859619140625,0.4664306640625,0.019045231863856316
plant_8621,8621,00,8621,depth,0.0020266249775886536,0.0008345029200427234,0.0011921219993382692,0.86767578125,0.5260009765625,0.02087334170937538
plant_8621,8621,00,8621,ref,0.0013663554564118385,0.0006501900497823954,0.0007161653484217823,0.8624267578125,0.4605712890625,0.01901971362531185
plant_8623,8623,00,8623,rgb,0.0028303489089012146,0.0017267956864088774,0.0011035529896616936,0.91064453125,0.605712890625,0.023316558450460434
plant_8623,8623,00,8623,depth,0.0028774908278137445,0.001549622742459178,0.0013278680853545666,0.9188232421875,0.631591796875,0.02422342821955681
plant_8623,8623,00,8623,ref,0.0008378216298297048,0.0004533232713583857,0.00038449841667898,0.7755126953125,0.2618408203125,0.014878345653414726
plant_8625,8625,00,8625,rgb,0.0004885632661171257,0.00025165482657030225,0.00023690841044299304,0.6434326171875,0.1610107421875,0.012114851735532284
plant_8625,8625,00,8625,depth,0.0007378755253739655,0.0003693655598908663,0.00036850993637926877,0.7347412109375,0.26953125,0.014316413551568985
plant_8625,8625,00,8625,ref,0.0007597010117024183,0.0003897697024513036,0.0003699313383549452,0.76953125,0.260498046875,0.014710778370499611
plant_8629,8629,00,8629,rgb,0.0014696202706545591,0.0009503096807748079,0.0005193105898797512,0.8841552734375,0.4052734375,0.017677688971161842
plant_8629,8629,00,8629,depth,0.0016995195765048265,0.0011120496783405542,0.0005874698981642723,0.8876953125,0.4473876953125,0.01859953999519348
plant_8629,8629,00,8629,ref,0.002942629624158144,0.0016752907540649176,0.0012673387536779046,0.9661865234375,0.7762451171875,0.02778926119208336
plant_8633,8633,00,8633,rgb,0.0017326421802863479,0.0010411185212433338,0.000691523659043014,0.8245849609375,0.40771484375,0.017742272466421127
plant_8633,8633,00,8633,depth,0.001721181790344417,0.0009677094640210271,0.00075347232632339,0.83447265625,0.449951171875,0.018552564084529877
plant_8633,8633,00,8633,ref,0.0016626639990136027,0.0006945667555555701,0.0009680973598733544,0.8299560546875,0.4273681640625,0.01810261979699135
plant_8649,8649,00,8649,rgb,0.0012332992628216743,0.0006419301498681307,0.0005913691129535437,0.8463134765625,0.4095458984375,0.017985034734010696
plant_8649,8649,00,8649,depth,0.0011327224783599377,0.0005845059058628976,0.000548216630704701,0.8350830078125,0.3857421875,0.017292680218815804
plant_8649,8649,00,8649,ref,0.001353744650259614,0.0005982138682156801,0.0007555308402515948,0.8819580078125,0.531982421875,0.020819099619984627
plant_8651,8651,00,8651,rgb,0.0010234713554382324,0.0005014404305256903,0.0005220309249125421,0.850341796875,0.34814453125,0.0166778601706028
plant_8651,8651,00,8651,depth,0.0011211642995476723,0.0005591808585450053,0.0005619832081720233,0.8582763671875,0.370361328125,0.01720777526497841
plant_8651,8651,00,8651,ref,0.0011084814323112369,0.0005305084632709622,0.0005779729690402746,0.8262939453125,0.435791015625,0.018019044771790504
plant_8653,8653,00,8653,rgb,0.0072010960429906845,0.005015281494706869,0.0021858145482838154,0.96044921875,0.779541015625,0.028630077838897705
plant_8653,8653,00,8653,depth,0.005872896872460842,0.004534758161753416,0.0013381383614614606,0.948486328125,0.7191162109375,0.026826053857803345
plant_8653,8653,00,8653,ref,0.006320656277239323,0.004339111968874931,0.001981544541195035,0.9556884765625,0.721435546875,0.027297265827655792
plant_8657,8657,00,8657,rgb,0.008164996281266212,0.0057406947016716,0.0024243020452558994,0.947265625,0.707275390625,0.03037552908062935
plant_8657,8657,00,8657,depth,0.00635680602863431,0.004340599291026592,0.0020162067376077175,0.941162109375,0.667236328125,0.026130015030503273
plant_8657,8657,00,8657,ref,0.0016538933850824833,0.0008561327122151852,0.0007977606728672981,0.9163818359375,0.5531005859375,0.021323399618268013
plant_8664,8664,00,8664,rgb,0.0028170542791485786,0.0021016313694417477,0.0007154230261221528,0.790771484375,0.425537109375,0.017687128856778145
plant_8664,8664,00,8664,depth,0.0026050894521176815,0.0019404286285862327,0.0006646609399467707,0.791015625,0.4105224609375,0.0175034087151289
plant_8664,8664,00,8664,ref,0.000817627995274961,0.0004368157824501395,0.00038081221282482147,0.58642578125,0.2388916015625,0.011828351765871048
plant_8665,8665,00,8665,rgb,0.0019802819006145,0.0013014235300943255,0.0006788584869354963,0.8956298828125,0.5020751953125,0.020023934543132782
plant_8665,8665,00,8665,depth,0.0017481567338109016,0.001140353735536337,0.0006078029982745647,0.8953857421875,0.492431640625,0.01980886422097683
plant_8665,8665,00,8665,ref,0.0009678589412942529,0.0004446061502676457,0.0005232528201304376,0.7669677734375,0.3140869140625,0.015492795035243034
plant_8667,8667,00,8667,rgb,0.0013311896473169327,0.0007720699650235474,0.0005591197987087071,0.8382568359375,0.3214111328125,0.016352467238903046
plant_8667,8667,00,8667,depth,0.0014813072048127651,0.0008221465977840126,0.0006591606652364135,0.8533935546875,0.3758544921875,0.01732201687991619
plant_8667,8667,00,8667,ref,0.0009690177394077182,0.0004498496709857136,0.000519168097525835,0.81396484375,0.41162109375,0.017686938866972923
plant_8671,8671,00,8671,rgb,0.0027762309182435274,0.002189143095165491,0.0005870878230780363,0.9027099609375,0.486083984375,0.019710242748260498
plant_8671,8671,00,8671,depth,0.002614160068333149,0.002041586907580495,0.0005725731607526541,0.908447265625,0.5518798828125,0.021113524213433266
plant_8671,8671,00,8671,ref,0.002824319526553154,0.0021355757489800453,0.0006887437775731087,0.919921875,0.6009521484375,0.02229215018451214
plant_8673,8673,00,8673,rgb,0.0026570758782327175,0.0010452314745634794,0.00161184452008456,0.9344482421875,0.6884765625,0.027630984783172607
plant_8673,8673,00,8673,depth,0.002223642310127616,0.0009240397484973073,0.0012996025616303086,0.91552734375,0.6295166015625,0.02445891872048378
plant_8673,8673,00,8673,ref,0.0013476493768393993,0.0005878128577023745,0.0007598365773446858,0.8837890625,0.4742431640625,0.019365478307008743
plant_8676,8676,00,8676,rgb,0.000995419453829527,0.0006141316262073815,0.00038128785672597587,0.7923583984375,0.306884765625,0.015986952930688858
plant_8676,8676,00,8676,depth,0.0009537817677482963,0.0005933267530053854,0.0003604550438467413,0.7718505859375,0.2813720703125,0.01568247564136982
plant_8676,8676,00,8676,ref,0.0007255984237417579,0.00034315692028030753,0.0003824415325652808,0.69091796875,0.2742919921875,0.013862159103155136
plant_8681,8681,00,8681,rgb,0.0009710567537695169,0.0005111617501825094,0.0004598950035870075,0.769775390625,0.3162841796875,0.015072502195835114
plant_8681,8681,00,8681,depth,0.001316889189183712,0.0006753606721758842,0.0006415284005925059,0.8106689453125,0.385498046875,0.016776088625192642
plant_8681,8681,00,8681,ref,0.0005992697551846504,0.00030438462272286415,0.00029488513246178627,0.7281494140625,0.211181640625,0.013756874948740005
plant_8696,8696,00,8696,rgb,0.0007707772310823202,0.00032716989517211914,0.0004436073068063706,0.8209228515625,0.3572998046875,0.016315309330821037
plant_8696,8696,00,8696,depth,0.0007916758768260479,0.0002993799280375242,0.0004922959487885237,0.8023681640625,0.37109375,0.016801774501800537
plant_8696,8696,00,8696,ref,0.0014056668151170015,0.0006631227442994714,0.0007425440708175302,0.8548583984375,0.536865234375,0.02108263596892357
plant_8711,8711,00,8711,rgb,0.0016711375210434198,0.0009317697258666158,0.0007393677951768041,0.7498779296875,0.36572265625,0.01574866473674774
plant_8711,8711,00,8711,depth,0.0018367307493463159,0.0009214278543367982,0.0009153028950095177,0.7481689453125,0.33203125,0.015424171462655067
plant_8711,8711,00,8711,ref,0.0010903626680374146,0.0004676786484196782,0.0006226840778253973,0.718017578125,0.38671875,0.01632067933678627
plant_8713,8713,00,8713,rgb,0.0028787506744265556,0.002337019657716155,0.0005417309585027397,0.8482666015625,0.343505859375,0.01661710813641548
plant_8713,8713,00,8713,depth,0.0016097001498565078,0.0011655587004497647,0.0004441414203029126,0.8338623046875,0.354248046875,0.016902534291148186
plant_8713,8713,00,8713,ref,0.0014064651913940907,0.0008185407496057451,0.0005879243253730237,0.8385009765625,0.401611328125,0.017708154395222664
plant_8716,8716,00,8716,rgb,0.003797278506681323,0.002524898387491703,0.0012723800027742982,0.88427734375,0.5333251953125,0.02100442349910736
plant_8716,8716,00,8716,depth,0.0028232885524630547,0.0021506231278181076,0.000672665482852608,0.8499755859375,0.477294921875,0.019367141649127007
plant_8716,8716,00,8716,ref,0.0008941186242736876,0.0005297468160279095,0.00036437175003811717,0.7801513671875,0.2432861328125,0.0146930618211627
plant_8719,8719,00,8719,rgb,0.0005676905275322497,0.0003007418126799166,0.00026694871485233307,0.6749267578125,0.178955078125,0.012578343972563744
plant_8719,8719,00,8719,depth,0.0006499406881630421,0.0003378505352884531,0.00031209015287458897,0.7144775390625,0.23583984375,0.013787812553346157
plant_8719,8719,00,8719,ref,0.000682293321006,0.0003674040490295738,0.0003148892428725958,0.7393798828125,0.2020263671875,0.013748551718890667
plant_8732,8732,00,8732,rgb,0.002583462977781892,0.0010207933373749256,0.0015626696404069662,0.8668212890625,0.5675048828125,0.023927781730890274
plant_8732,8732,00,8732,depth,0.001887670485302806,0.0007508638664148748,0.0011368064442649484,0.8548583984375,0.5394287109375,0.02168935351073742
plant_8732,8732,00,8732,ref,0.0007929569110274315,0.00040974057628773153,0.0003832163056358695,0.749755859375,0.28271484375,0.014639712870121002
plant_8740,8740,00,8740,rgb,0.0023091412149369717,0.0014414713950827718,0.0008676695870235562,0.8592529296875,0.48583984375,0.019546473398804665
plant_8740,8740,00,8740,depth,0.002632089890539646,0.0018133237026631832,0.0008187661878764629,0.89892578125,0.6044921875,0.023357383906841278
plant_8740,8740,00,8740,ref,0.0006342103006318212,0.0003400346904527396,0.0002941755810752511,0.6868896484375,0.2379150390625,0.013502647168934345
plant_8742,8742,00,8742,rgb,0.0008916428778320551,0.00045241761836223304,0.00043922531767748296,0.806640625,0.3421630859375,0.01643180660903454
plant_8742,8742,00,8742,depth,0.0007189621683210135,0.0003631720901466906,0.0003557901072781533,0.777587890625,0.2872314453125,0.01535048894584179
plant_8742,8742,00,8742,ref,0.0005479453247971833,0.00026989594334736466,0.00027804935234598815,0.6986083984375,0.1800537109375,0.013306681998074055
plant_8743,8743,00,8743,rgb,0.0014068986056372523,0.0007666049641557038,0.0006402935832738876,0.848388671875,0.4742431640625,0.019384324550628662
plant_8743,8743,00,8743,depth,0.0014946896117180586,0.0007948459242470562,0.0006998437456786633,0.85302734375,0.469482421875,0.01932060718536377
plant_8743,8743,00,8743,ref,0.0016045555239543319,0.0005844889092259109,0.00102006655652076,0.857421875,0.45751953125,0.019025510177016258
plant_8745,8745,00,8745,rgb,0.004232781007885933,0.002548108110204339,0.0016846726648509502,0.9296875,0.6082763671875,0.023741573095321655
plant_8745,8745,00,8745,depth,0.0044101146049797535,0.002210472244769335,0.002199642127379775,0.946533203125,0.657470703125,0.025375405326485634
plant_8745,8745,00,8745,ref,0.0019030109979212284,0.0009593091672286391,0.0009437017724849284,0.876220703125,0.4527587890625,0.018823131918907166
plant_8748,8748,00,8748,rgb,0.001291225547902286,0.0006613866426050663,0.0006298389052972198,0.8585205078125,0.389892578125,0.01742396503686905
plant_8748,8748,00,8748,depth,0.0015797608066350222,0.0007003024220466614,0.0008794584427960217,0.8602294921875,0.4288330078125,0.018225504085421562
plant_8748,8748,00,8748,ref,0.0016619514208287,0.0007771695381961763,0.0008847819408401847,0.90234375,0.5174560546875,0.02047758549451828
plant_8759,8759,00,8759,rgb,0.0009632116416469216,0.0003457064158283174,0.0006175052258186042,0.858154296875,0.421142578125,0.018156809732317924
plant_8759,8759,00,8759,depth,0.0008485342259518802,0.0003034684923477471,0.0005450657336041331,0.842529296875,0.37353515625,0.017232250422239304
plant_8759,8759,00,8759,ref,0.0007027855608612299,0.0002396669442532584,0.00046311860205605626,0.7742919921875,0.2939453125,0.015303601510822773
plant_8770,8770,00,8770,rgb,0.0018944956827908754,0.000739967217668891,0.0011545284651219845,0.860107421875,0.458984375,0.01887427642941475
plant_8770,8770,00,8770,depth,0.0017569710034877062,0.0007703688461333513,0.0009866021573543549,0.8609619140625,0.4783935546875,0.019416194409132004
plant_8770,8770,00,8770,ref,0.0025609913282096386,0.0009674219181761146,0.0015935692936182022,0.860595703125,0.513427734375,0.020408013835549355
plant_8775,8775,00,8775,rgb,0.001071455073542893,0.00046713443589396775,0.0006043206667527556,0.8760986328125,0.456787109375,0.018925940617918968
plant_8775,8775,00,8775,depth,0.0008756837341934443,0.0004101096710655838,0.00046557403402402997,0.8568115234375,0.411865234375,0.018016939982771873
plant_8775,8775,00,8775,ref,0.001197124714963138,0.00047075911425054073,0.0007263656007125974,0.87109375,0.461181640625,0.019016938284039497
plant_8777,8777,00,8777,rgb,0.0005851449095644057,0.00039742430089972913,0.0001877205795608461,0.62646484375,0.0799560546875,0.011661246418952942
plant_8777,8777,00,8777,depth,0.0005690741818398237,0.00037373160012066364,0.00019534262537490577,0.653076171875,0.0965576171875,0.011979416012763977
plant_8777,8777,00,8777,ref,0.000592388620134443,0.0003116469015367329,0.0002807416894938797,0.636962890625,0.164306640625,0.01203711237758398
plant_8780,8780,00,8780,rgb,0.0009498322615399957,0.0004256080719642341,0.0005242241895757616,0.8514404296875,0.3929443359375,0.017550060525536537
plant_8780,8780,00,8780,depth,0.0010030041448771954,0.00043990969425067306,0.000563094625249505,0.847900390625,0.3992919921875,0.01778712123632431
plant_8780,8780,00,8780,ref,0.0010486590908840299,0.0005020112730562687,0.0005466478178277612,0.8109130859375,0.3775634765625,0.017283134162425995
plant_8787,8787,00,8787,rgb,0.0012924554757773876,0.000676153926178813,0.0006163013749755919,0.85791015625,0.476806640625,0.01937680132687092
plant_8787,8787,00,8787,depth,0.0016814501723274589,0.0009731539757922292,0.0007082961965352297,0.8994140625,0.512451171875,0.02026989497244358
plant_8787,8787,00,8787,ref,0.002040088176727295,0.0009850519709289074,0.0010550360893830657,0.9254150390625,0.678466796875,0.025502007454633713
plant_8807,8807,00,8807,rgb,0.0011382263619452715,0.0004540329100564122,0.0006841933936811984,0.86279296875,0.41943359375,0.018021360039711
plant_8807,8807,00,8807,depth,0.0013806321658194065,0.0006045897025614977,0.0007760424050502479,0.8887939453125,0.4730224609375,0.01936614327132702
plant_8807,8807,00,8807,ref,0.0008358265040442348,0.0003982998605351895,0.00043752658530138433,0.8299560546875,0.3624267578125,0.017152084037661552
plant_8812,8812,00,8812,rgb,0.0007397190202027559,0.0003522394399624318,0.00038747958024032414,0.769775390625,0.250244140625,0.01516369916498661
plant_8812,8812,00,8812,depth,0.0006772225606255233,0.0002980132703669369,0.0003792093484662473,0.743408203125,0.263427734375,0.015039256773889065
plant_8812,8812,00,8812,ref,0.0013060435885563493,0.000499528890941292,0.0008065146976150572,0.77978515625,0.420654296875,0.017327826470136642
plant_8823,8823,00,8823,rgb,0.002827466232702136,0.0017860495718196034,0.0010414166608825326,0.9449462890625,0.63623046875,0.023270858451724052
plant_8823,8823,00,8823,depth,0.002823479240760207,0.0019673716742545366,0.0008561076247133315,0.9407958984375,0.625244140625,0.02264704927802086
plant_8823,8823,00,8823,ref,0.0038301749154925346,0.002345063490793109,0.0014851114246994257,0.97607421875,0.86328125,0.03369281813502312
plant_8826,8826,00,8826,rgb,0.0008269333047792315,0.0003906500933226198,0.00043628321145661175,0.7901611328125,0.2650146484375,0.0150021743029356
plant_8826,8826,00,8826,depth,0.0008186331833712757,0.0004531990271061659,0.00036543418536894023,0.7891845703125,0.2396240234375,0.014951390214264393
plant_8826,8826,00,8826,ref,0.000802388065494597,0.00037756169331260026,0.00042482640128582716,0.81982421875,0.3673095703125,0.01704728975892067
plant_8838,8838,00,8838,rgb,0.0005346519174054265,0.00028729805490002036,0.00024735386250540614,0.69970703125,0.1572265625,0.013133810833096504
plant_8838,8838,00,8838,depth,0.0006368597969412804,0.00036207574885338545,0.0002747840480878949,0.7176513671875,0.19140625,0.013611245900392532
plant_8838,8838,00,8838,ref,0.0007215358782559633,0.00039813676266931,0.0003233991446904838,0.733154296875,0.2498779296875,0.014371168799698353
plant_8840,8840,00,8840,rgb,0.0006588842952623963,0.0002823603281285614,0.0003765239962376654,0.807373046875,0.2462158203125,0.01528088003396988
plant_8840,8840,00,8840,depth,0.0005682980408892035,0.0002785085525829345,0.0002897895174100995,0.778564453125,0.181396484375,0.014280415140092373
plant_8840,8840,00,8840,ref,0.0007254196098074317,0.0003368186007719487,0.00038860103813931346,0.823974609375,0.349853515625,0.017006756737828255
plant_8844,8844,00,8844,rgb,0.0008930015610530972,0.0003552428970579058,0.0005377586930990219,0.7645263671875,0.2918701171875,0.014948834665119648
plant_8844,8844,00,8844,depth,0.010589971207082272,0.0021132961846888065,0.008476675488054752,0.933349609375,0.737060546875,0.04895839840173721
plant_8844,8844,00,8844,ref,0.0009344569407403469,0.00038398223114199936,0.000550474738702178,0.761474609375,0.2474365234375,0.01446093712002039
plant_8849,8849,00,8849,rgb,0.0007898494368419051,0.00047120192903093994,0.0003186474787071347,0.7550048828125,0.2349853515625,0.014514726586639881
plant_8849,8849,00,8849,depth,0.0012431303039193153,0.0007224325672723353,0.0005206976784393191,0.7794189453125,0.32177734375,0.01582443341612816
plant_8849,8849,00,8849,ref,0.001040597097016871,0.000553754682186991,0.00048684238572604954,0.698974609375,0.2745361328125,0.014191454276442528
plant_8855,8855,00,8855,rgb,0.0015813251957297325,0.0009628793923184276,0.000618445803411305,0.902099609375,0.4915771484375,0.01979399099946022
plant_8855,8855,00,8855,depth,0.0016896104207262397,0.0010701719438657165,0.0006194384768605232,0.8924560546875,0.4569091796875,0.018962135538458824
plant_8855,8855,00,8855,ref,0.0009528071968816221,0.0005612247041426599,0.0003915824927389622,0.80908203125,0.3070068359375,0.015636075288057327
plant_8860,8860,00,8860,rgb,0.0017160288989543915,0.0005838587530888617,0.0011321702040731907,0.912841796875,0.6153564453125,0.023388637229800224
plant_8860,8860,00,8860,depth,0.001885183504782617,0.0005908041493967175,0.0012943793553858995,0.9212646484375,0.6375732421875,0.02436104230582714
plant_8860,8860,00,8860,ref,0.0007427500677295029,0.00028978564660064876,0.0004529644502326846,0.7509765625,0.300537109375,0.014923710376024246
plant_8861,8861,00,8861,rgb,0.0012725754640996456,0.0005429877783171833,0.0007295875693671405,0.859130859375,0.43212890625,0.018297284841537476
plant_8861,8861,00,8861,depth,0.0011122364085167646,0.0005065927980467677,0.0006056436104699969,0.8494873046875,0.3651123046875,0.016940558329224586
plant_8861,8861,00,8861,ref,0.0007089502178132534,0.00033205427462235093,0.000376895914087072,0.763916015625,0.2401123046875,0.014471694827079773
plant_8862,8862,00,8862,rgb,0.0015011318027973175,0.0008451949106529355,0.000655936892144382,0.8551025390625,0.444580078125,0.01858467608690262
plant_8862,8862,00,8862,depth,0.00176533916965127,0.000981858349405229,0.0007834808202460408,0.8748779296875,0.502197265625,0.02009071595966816
plant_8862,8862,00,8862,ref,0.0007707294425927103,0.0003155621816404164,0.00045516726095229387,0.720458984375,0.253662109375,0.013890324160456657
plant_8876,8876,00,8876,rgb,0.0009552404517307878,0.00041195855010300875,0.000543281901627779,0.8416748046875,0.3714599609375,0.01717565581202507
plant_8876,8876,00,8876,depth,0.0009294517803937197,0.00040538920438848436,0.0005240626051090658,0.8558349609375,0.359619140625,0.016846831887960434
plant_8876,8876,00,8876,ref,0.0010036167223006487,0.0004345799970906228,0.0005690367543138564,0.7989501953125,0.3399658203125,0.016141541302204132
plant_8880,8880,00,8880,rgb,0.001676010200753808,0.0004299808933865279,0.0012460292782634497,0.8275146484375,0.4649658203125,0.018871190026402473
plant_8880,8880,00,8880,depth,0.0012863243464380503,0.00032990542240440845,0.0009564189822413027,0.7373046875,0.2880859375,0.014207030646502972
plant_8880,8880,00,8880,ref,0.0018705116817727685,0.0006959200836718082,0.0011745915981009603,0.8544921875,0.60107421875,0.024620812386274338
plant_8885,8885,00,8885,rgb,0.001671456266194582,0.0007029064581729472,0.0009685499826446176,0.9083251953125,0.5201416015625,0.020428281277418137
plant_8885,8885,00,8885,depth,0.0019208223093301058,0.0009398383554071188,0.000980983953922987,0.9267578125,0.53955078125,0.020903367549180984
plant_8885,8885,00,8885,ref,0.001403492409735918,0.0006913477554917336,0.0007121446542441845,0.89892578125,0.465087890625,0.019250329583883286
plant_8889,8889,00,8889,rgb,0.0037117903120815754,0.0023141971323639154,0.0013975930633023381,0.9305419921875,0.6282958984375,0.024218302220106125
plant_8889,8889,00,8889,depth,0.00765068456530571,0.006412222050130367,0.0012384626315906644,0.939453125,0.636474609375,0.023701362311840057
plant_8889,8889,00,8889,ref,0.003188283648341894,0.001990724354982376,0.0011975591769441962,0.938720703125,0.6004638671875,0.022986244410276413
plant_8890,8890,00,8890,rgb,0.0015672810841351748,0.0009175811428576708,0.0006496999994851649,0.8780517578125,0.4674072265625,0.019374053925275803
plant_8890,8890,00,8890,depth,0.0020416448824107647,0.0014697634615004063,0.0005718814209103584,0.8712158203125,0.42431640625,0.018191710114479065
plant_8890,8890,00,8890,ref,0.0013101689983159304,0.0006479399162344635,0.000662229023873806,0.8270263671875,0.421630859375,0.017827697098255157
plant_8892,8892,00,8892,rgb,0.0019408015068620443,0.0014581630239263177,0.0004826385120395571,0.876953125,0.4154052734375,0.01817658171057701
plant_8892,8892,00,8892,depth,0.0021835509687662125,0.0016618219669908285,0.000521728943567723,0.893798828125,0.4683837890625,0.019318437203764915
plant_8892,8892,00,8892,ref,0.0013320599682629108,0.0008343539666384459,0.0004977059434168041,0.8250732421875,0.2967529296875,0.015276479534804821
plant_8894,8894,00,8894,rgb,0.001099107088521123,0.0005217233556322753,0.0005773836746811867,0.87744140625,0.3963623046875,0.01809556968510151
plant_8894,8894,00,8894,depth,0.0011193451937288046,0.0005529785994440317,0.0005663665942847729,0.8792724609375,0.4189453125,0.018458591774106026
plant_8894,8894,00,8894,ref,0.0012058941647410393,0.0006198338232934475,0.0005860603996552527,0.8687744140625,0.3929443359375,0.01790604554116726
plant_8902,8902,00,8902,rgb,0.0014074875507503748,0.0008634926052764058,0.0005439950036816299,0.7423095703125,0.2813720703125,0.014526679180562496
plant_8902,8902,00,8902,depth,0.001334181404672563,0.0008207048522308469,0.0005134765524417162,0.72021484375,0.271240234375,0.01399149838835001
plant_8902,8902,00,8902,ref,0.0006322888657450676,0.0002612554235383868,0.0003710334131028503,0.706298828125,0.209716796875,0.013327323831617832
plant_8906,8906,00,8906,rgb,0.001734323101118207,0.0012491580564528704,0.00048516501556150615,0.8414306640625,0.385986328125,0.017487458884716034
plant_8906,8906,00,8906,depth,0.001612009946256876,0.0012147777015343308,0.00039723230293020606,0.84228515625,0.3516845703125,0.017043517902493477
plant_8906,8906,00,8906,ref,0.0014981036074459553,0.0006633468437939882,0.0008347567054443061,0.8603515625,0.5367431640625,0.02156154252588749
plant_8908,8908,00,8908,rgb,0.0009049212094396353,0.00046330911573022604,0.0004416120355017483,0.80029296875,0.3187255859375,0.015966307371854782
plant_8908,8908,00,8908,depth,0.000798832974396646,0.00040405572508461773,0.0003947773075196892,0.790283203125,0.265380859375,0.015041358768939972
plant_8908,8908,00,8908,ref,0.0008279741741716862,0.0003546734224073589,0.0004733007517643273,0.7825927734375,0.3876953125,0.01705099269747734
plant_8911,8911,00,8911,rgb,0.0012416240060701966,0.000795961357653141,0.00044566267752088606,0.80419921875,0.2742919921875,0.015124425292015076
plant_8911,8911,00,8911,depth,0.0016944517847150564,0.0011075579095631838,0.0005868938169442117,0.8359375,0.334716796875,0.01622244343161583
plant_8911,8911,00,8911,ref,0.0008941781707108021,0.00037765351589769125,0.0005165245966054499,0.7330322265625,0.2935791015625,0.014307255856692791
plant_8917,8917,00,8917,rgb,0.0011430378071963787,0.0007462766370736063,0.00039676117012277246,0.78076171875,0.2928466796875,0.015241961926221848
plant_8917,8917,00,8917,depth,0.0009654182940721512,0.000651801994536072,0.00031361624132841825,0.734130859375,0.228271484375,0.0136856185272336
plant_8917,8917,00,8917,ref,0.0012603013310581446,0.0007301598670892417,0.0005301414057612419,0.7696533203125,0.3280029296875,0.015542400069534779
plant_8919,8919,00,8919,rgb,0.001021555857732892,0.0004487909027375281,0.0005727648385800421,0.78125,0.33154296875,0.015349850058555603
plant_8919,8919,00,8919,depth,0.0015525920316576958,0.0006617657491005957,0.0008908262825571001,0.841796875,0.49169921875,0.019588081166148186
plant_8919,8919,00,8919,ref,0.0005177757702767849,0.0002524236333556473,0.0002653521078173071,0.6728515625,0.193603515625,0.012940948829054832
plant_8920,8920,00,8920,rgb,0.001768787857145071,0.0009634948219172657,0.0008052930352278054,0.8839111328125,0.45068359375,0.018780075013637543
plant_8920,8920,00,8920,depth,0.0012987778754904866,0.0006358007667586207,0.0006629771087318659,0.869873046875,0.3702392578125,0.017158981412649155
plant_8920,8920,00,8920,ref,0.0008915787329897285,0.0003501337778288871,0.00054144486784935,0.836669921875,0.3868408203125,0.01721574366092682
plant_8923,8923,00,8923,rgb,0.001516017597168684,0.001063493313267827,0.0004525243421085179,0.830322265625,0.359130859375,0.017133496701717377
plant_8923,8923,00,8923,depth,0.0014858983922749758,0.0009023909806273878,0.0005835073534399271,0.8204345703125,0.3721923828125,0.017342807725071907
plant_8923,8923,00,8923,ref,0.001547905383631587,0.000895167060662061,0.000652738381177187,0.8470458984375,0.40478515625,0.017603429034352303
plant_8933,8933,00,8933,rgb,0.0015095857670530677,0.0007289330824278295,0.0007806526846252382,0.9024658203125,0.5177001953125,0.020443063229322433
plant_8933,8933,00,8933,depth,0.002371822018176317,0.0013118686620146036,0.0010599534725770354,0.9329833984375,0.64208984375,0.02380739524960518
plant_8933,8933,00,8933,ref,0.001216953038237989,0.0006811310304328799,0.000535822007805109,0.89453125,0.39990234375,0.018195461481809616
plant_8940,8940,00,8940,rgb,0.0011094881920143962,0.0007237087702378631,0.00038577939267270267,0.8277587890625,0.321533203125,0.016258057206869125
plant_8940,8940,00,8940,depth,0.0011210674419999123,0.0007473721634596586,0.0003736952203325927,0.820556640625,0.3157958984375,0.01625683158636093
plant_8940,8940,00,8940,ref,0.0019463690696284175,0.0010753332171589136,0.0008710358524695039,0.9398193359375,0.6776123046875,0.02566460892558098
plant_8967,8967,00,8967,rgb,0.001535485964268446,0.000972702051512897,0.0005627840291708708,0.8641357421875,0.4453125,0.018738048151135445
plant_8967,8967,00,8967,depth,0.001536363735795021,0.0009469176875427365,0.0005894460482522845,0.87841796875,0.4732666015625,0.019389204680919647
plant_8967,8967,00,8967,ref,0.0016469821566715837,0.0009363313438370824,0.0007106508128345013,0.8868408203125,0.510009765625,0.02026151679456234
plant_8968,8968,00,8968,rgb,0.0019523471128195524,0.0011473000049591064,0.0008050470496527851,0.826171875,0.4632568359375,0.018853450194001198
plant_8968,8968,00,8968,depth,0.0014991508796811104,0.0009236265905201435,0.0005755243473686278,0.791259765625,0.36669921875,0.01671331562101841
plant_8968,8968,00,8968,ref,0.0005255248979665339,0.0002361264341743663,0.00028939847834408283,0.5848388671875,0.2108154296875,0.011637827381491661
plant_8994,8994,00,8994,rgb,0.0006648792186751962,0.00037963083013892174,0.0002852484176401049,0.750732421875,0.19580078125,0.014117260463535786
plant_8994,8994,00,8994,depth,0.00071674061473459,0.0004074671305716038,0.00030927351326681674,0.76953125,0.222900390625,0.014781208708882332
plant_8994,8994,00,8994,ref,0.0012905371841043234,0.0005580992437899113,0.0007324378821067512,0.833984375,0.4549560546875,0.01880648173391819
plant_9011,9011,00,9011,rgb,0.001609700033441186,0.0010891372803598642,0.0005205626948736608,0.8370361328125,0.30126953125,0.016158269718289375
plant_9011,9011,00,9011,depth,0.0017265679780393839,0.0012041451409459114,0.0005224228370934725,0.8551025390625,0.32470703125,0.01667020283639431
plant_9011,9011,00,9011,ref,0.0009979261085391045,0.0005974524538032711,0.0004004736547358334,0.8411865234375,0.3187255859375,0.01643628254532814
plant_9016,9016,00,9016,rgb,0.002018861472606659,0.0011487521696835756,0.0008701094193384051,0.9044189453125,0.585693359375,0.022922391071915627
plant_9016,9016,00,9016,depth,0.0019567213021218777,0.0011169274803251028,0.0008397939382120967,0.896728515625,0.5465087890625,0.021382132545113564
plant_9016,9016,00,9016,ref,0.001071791397407651,0.0005226214416325092,0.0005491700139828026,0.8642578125,0.4234619140625,0.018280018121004105
plant_9019,9019,00,9019,rgb,0.0008169698412530124,0.0003222577506676316,0.0004947120905853808,0.8004150390625,0.2764892578125,0.014914479106664658
plant_9019,9019,00,9019,depth,0.0007365563069470227,0.00029993633506819606,0.0004366199718788266,0.7874755859375,0.291015625,0.015078345313668251
plant_9019,9019,00,9019,ref,0.0006549690151587129,0.00027110890368930995,0.00038386008236557245,0.80419921875,0.282958984375,0.01572312042117119
plant_9021,9021,00,9021,rgb,0.0006119642639532685,0.00029061042005196214,0.00032135387300513685,0.75634765625,0.2257080078125,0.014311233535408974
plant_9021,9021,00,9021,depth,0.000523892231285572,0.00025092350551858544,0.00027296869666315615,0.70654296875,0.1688232421875,0.013266078196465969
plant_9021,9021,00,9021,ref,0.00047713788808323443,0.00019249302567914128,0.0002846448333002627,0.6290283203125,0.1572265625,0.012055883184075356
plant_9025,9025,00,9025,rgb,0.0017954466165974736,0.0009323388803750277,0.000863107736222446,0.9022216796875,0.5540771484375,0.021444080397486687
plant_9025,9025,00,9025,depth,0.0022905366495251656,0.0011647206265479326,0.001125816022977233,0.9219970703125,0.6082763671875,0.023191027343273163
plant_9025,9025,00,9025,ref,0.0012665335088968277,0.0006255166372284293,0.0006410168716683984,0.8927001953125,0.490234375,0.019801778718829155
plant_9040,9040,00,9040,rgb,0.000678903772495687,0.00033329104189760983,0.0003456127305980772,0.7236328125,0.188720703125,0.013425908051431179
plant_9040,9040,00,9040,depth,0.0007129029836505651,0.0003520212194416672,0.0003608817933127284,0.721923828125,0.2197265625,0.013642972335219383
plant_9040,9040,00,9040,ref,0.0007574972696602345,0.0003824490704573691,0.00037504819920286536,0.7542724609375,0.1943359375,0.01359531469643116
plant_9041,9041,00,9041,rgb,0.0017175903776660562,0.0011770857963711023,0.0005405045230872929,0.8787841796875,0.42333984375,0.01833181455731392
plant_9041,9041,00,9041,depth,0.0018693703459575772,0.0013039696495980024,0.0005654006963595748,0.8978271484375,0.4713134765625,0.019397184252738953
plant_9041,9041,00,9041,ref,0.001025690813548863,0.0005007312283851206,0.0005249595851637423,0.8319091796875,0.39794921875,0.017277322709560394
plant_9056,9056,00,9056,rgb,0.0017050087917596102,0.0012894805986434221,0.00041552825132384896,0.84375,0.30078125,0.0161344725638628
plant_9056,9056,00,9056,depth,0.002550474600866437,0.002073184819892049,0.0004772897227667272,0.8697509765625,0.3785400390625,0.01755286194384098
plant_9056,9056,00,9056,ref,0.0010350111406296492,0.0005013252375647426,0.0005336859612725675,0.900390625,0.4796142578125,0.01956319808959961
plant_9062,9062,00,9062,rgb,0.0026204704772681,0.0016610417515039444,0.0009594287839718163,0.94091796875,0.6607666015625,0.024396724998950958
plant_9062,9062,00,9062,depth,0.0030841717962175608,0.002093104412779212,0.0009910676162689924,0.9088134765625,0.6070556640625,0.0229279026389122
plant_9062,9062,00,9062,ref,0.0022282092832028866,0.0012377438833937049,0.0009904652833938599,0.9332275390625,0.6802978515625,0.025175096467137337
plant_9072,9072,00,9072,rgb,0.0009664444369263947,0.0005516731180250645,0.00041477131890133023,0.814453125,0.2864990234375,0.015606553293764591
plant_9072,9072,00,9072,depth,0.0009501705644652247,0.0005211896495893598,0.0004289808857720345,0.808837890625,0.29248046875,0.01570041850209236
plant_9072,9072,00,9072,ref,0.0009264865657314658,0.00043930616811849177,0.00048718045582063496,0.760986328125,0.2783203125,0.014767095446586609
plant_9075,9075,00,9075,rgb,0.009202712215483189,0.004781062249094248,0.004421649966388941,0.967041015625,0.7581787109375,0.03317057341337204
plant_9075,9075,00,9075,depth,0.012223281897604465,0.009262893348932266,0.0029603885486721992,0.98291015625,0.8480224609375,0.03458423539996147
plant_9075,9075,00,9075,ref,0.007608582265675068,0.0057186102494597435,0.001889971550554037,0.9776611328125,0.8546142578125,0.033634793013334274
plant_9082,9082,00,9082,rgb,0.0017864697147160769,0.0013268946204334497,0.00045957512338645756,0.827392578125,0.3843994140625,0.01705155335366726
plant_9082,9082,00,9082,depth,0.0019398764707148075,0.0014667719369754195,0.00047310470836237073,0.869873046875,0.3995361328125,0.017661113291978836
plant_9082,9082,00,9082,ref,0.0012142689665779471,0.0007768287905491889,0.00043744020513258874,0.7650146484375,0.3179931640625,0.015115438960492611
plant_9088,9088,00,9088,rgb,0.00195779325440526,0.0007476786850020289,0.0012101144529879093,0.8768310546875,0.5662841796875,0.022233212366700172
plant_9088,9088,00,9088,depth,0.0015805670991539955,0.0006352655473165214,0.0009453014936298132,0.9027099609375,0.564453125,0.0219704732298851
plant_9088,9088,00,9088,ref,0.0008837197674438357,0.00039653899148106575,0.00048718074685893953,0.8236083984375,0.3609619140625,0.016602927818894386
plant_9095,9095,00,9095,rgb,0.001141924411058426,0.000559984240680933,0.0005819401703774929,0.78515625,0.3406982421875,0.016006937250494957
plant_9095,9095,00,9095,depth,0.0008633261895738542,0.0004792420950252563,0.00038408409454859793,0.7508544921875,0.3089599609375,0.015436463989317417
plant_9095,9095,00,9095,ref,0.0010345568880438805,0.0004608042654581368,0.0005737526225857437,0.68115234375,0.4029541015625,0.016161108389496803
plant_9096,9096,00,9096,rgb,0.0015687996055930853,0.0011170689249411225,0.0004517305933404714,0.8243408203125,0.3045654296875,0.01594652235507965
plant_9096,9096,00,9096,depth,0.0015693922759965062,0.001017287839204073,0.0005521044950000942,0.8631591796875,0.3924560546875,0.01772979460656643
plant_9096,9096,00,9096,ref,0.0014997939579188824,0.0006313871126621962,0.0008684069034643471,0.87255859375,0.4139404296875,0.017832906916737556
plant_9097,9097,00,9097,rgb,0.0006549319950863719,0.00033329278812743723,0.0003216391778551042,0.7069091796875,0.2003173828125,0.013355652801692486
plant_9097,9097,00,9097,depth,0.0006269974983297288,0.0002989383356180042,0.0003280591918155551,0.7220458984375,0.1876220703125,0.013541360385715961
plant_9097,9097,00,9097,ref,0.0007205838919617236,0.00033985916525125504,0.00038072472671046853,0.800537109375,0.27099609375,0.015518603846430779
plant_9123,9123,00,9123,rgb,0.0019439503084868193,0.0006911887903697789,0.0012527614599093795,0.86572265625,0.609619140625,0.02459794096648693
plant_9123,9123,00,9123,depth,0.002034175908192992,0.0007297105039469898,0.0013044653460383415,0.8673095703125,0.6285400390625,0.025326812639832497
plant_9123,9123,00,9123,ref,0.0013297554105520248,0.0004288726777303964,0.000900882703717798,0.8109130859375,0.5015869140625,0.02004270628094673
plant_9124,9124,00,9124,rgb,0.0006132456474006176,0.000328798167174682,0.0002844475384335965,0.7376708984375,0.1839599609375,0.013850122690200806
plant_9124,9124,00,9124,depth,0.0006745501304976642,0.00035920695518143475,0.0003153432044200599,0.7872314453125,0.2264404296875,0.014798466116189957
plant_9124,9124,00,9124,ref,0.0004994462942704558,0.00023720083117950708,0.0002622454194352031,0.6683349609375,0.1846923828125,0.013096461072564125
plant_9136,9136,00,9136,rgb,0.0025787907652556896,0.0016488407272845507,0.0009299501543864608,0.942626953125,0.641845703125,0.023810816928744316
plant_9136,9136,00,9136,depth,0.003103872761130333,0.002139355055987835,0.0009645175887271762,0.9508056640625,0.7022705078125,0.024979932233691216
plant_9136,9136,00,9136,ref,0.002743049990385771,0.001417456311173737,0.0013255937956273556,0.89111328125,0.50732421875,0.02023407071828842
plant_9146,9146,00,9146,rgb,0.0009745477000251412,0.0003439001156948507,0.0006306476425379515,0.816650390625,0.3443603515625,0.01634286344051361
plant_9146,9146,00,9146,depth,0.0012855443637818098,0.0005116136162541807,0.0007739306893199682,0.86865234375,0.4384765625,0.018575293943285942
plant_9146,9146,00,9146,ref,0.001055598957464099,0.00036101668956689537,0.0006945822387933731,0.8013916015625,0.4420166015625,0.018521282821893692
plant_9151,9151,00,9151,rgb,0.002026009140536189,0.0015289238654077053,0.0004970853333361447,0.8946533203125,0.386962890625,0.017771869897842407
plant_9151,9151,00,9151,depth,0.001292022643610835,0.0008654705015942454,0.00042655208380892873,0.86474609375,0.31884765625,0.0166209377348423
plant_9151,9151,00,9151,ref,0.0010035765590146184,0.00040932997944764793,0.0005942466086708009,0.88037109375,0.4114990234375,0.017967751249670982
plant_9154,9154,00,9154,rgb,0.0008818043861538172,0.0004872481804341078,0.00039455617661587894,0.82568359375,0.212158203125,0.01481313444674015
plant_9154,9154,00,9154,depth,0.0008452434558421373,0.00043713132617995143,0.0004081121296621859,0.80029296875,0.2203369140625,0.014731262810528278
plant_9154,9154,00,9154,ref,0.0014508503954857588,0.0006429670029319823,0.0008078833343461156,0.8272705078125,0.4644775390625,0.018889084458351135
plant_9155,9155,00,9155,rgb,0.001436602440662682,0.0007783196633681655,0.0006582826608791947,0.8873291015625,0.512939453125,0.02032637596130371
plant_9155,9155,00,9155,depth,0.0014588757185265422,0.0007269218331202865,0.0007319538854062557,0.8863525390625,0.494873046875,0.019867580384016037
plant_9155,9155,00,9155,ref,0.001945648924447596,0.0007907603867352009,0.0011548885377123952,0.8924560546875,0.556884765625,0.0218491367995739
plant_9158,9158,00,9158,rgb,0.010853467509150505,0.002999258693307638,0.007854209281504154,0.9310302734375,0.73388671875,0.03209574893116951
plant_9158,9158,00,9158,depth,0.0017336832825094461,0.0009403112344443798,0.0007933719898574054,0.8426513671875,0.4239501953125,0.017993731424212456
plant_9158,9158,00,9158,ref,0.0008875878993421793,0.00049119524192065,0.00039639268652535975,0.7725830078125,0.274169921875,0.014503688551485538
plant_9163,9163,00,9163,rgb,0.0022308751940727234,0.0006879249704070389,0.0015429501654580235,0.9267578125,0.658447265625,0.02576948143541813
plant_9163,9163,00,9163,depth,0.0052090599201619625,0.0017440069932490587,0.0034650531597435474,0.9530029296875,0.7813720703125,0.038456544280052185
plant_9163,9163,00,9163,ref,0.0016817874275147915,0.000588737428188324,0.0010930501157417893,0.927001953125,0.6065673828125,0.02315821312367916
plant_9169,9169,00,9169,rgb,0.001850708737038076,0.0010009438265115023,0.0008497649105265737,0.817138671875,0.446533203125,0.017851265147328377
plant_9169,9169,00,9169,depth,0.0016771296504884958,0.0009336672956123948,0.0007434622384607792,0.818359375,0.4481201171875,0.017870673909783363
plant_9169,9169,00,9169,ref,0.0003775316581595689,0.0001742816821206361,0.0002032499760389328,0.52783203125,0.0926513671875,0.010311157442629337
plant_9175,9175,00,9175,rgb,0.0012231685686856508,0.0006849185447208583,0.0005382500239647925,0.869873046875,0.384521484375,0.017809245735406876
plant_9175,9175,00,9175,depth,0.001261112280189991,0.0006498183938674629,0.0006112938863225281,0.8341064453125,0.337646484375,0.016220947727560997
plant_9175,9175,00,9175,ref,0.0013576382771134377,0.0008156027179211378,0.0005420356173999608,0.8878173828125,0.4658203125,0.019284864887595177
plant_9176,9176,00,9176,rgb,0.000641776598058641,0.00029241055017337203,0.0003493660769890994,0.6942138671875,0.25634765625,0.014103745110332966
plant_9176,9176,00,9176,depth,0.0007596666691824794,0.00036347878631204367,0.0003961878828704357,0.71533203125,0.2950439453125,0.014819715172052383
plant_9176,9176,00,9176,ref,0.0004854987491853535,0.00022512266878038645,0.00026037608040496707,0.6259765625,0.1937255859375,0.012415897101163864
plant_9177,9177,00,9177,rgb,0.0026066177524626255,0.001524184481240809,0.0010824332712218165,0.86572265625,0.532470703125,0.02104550413787365
plant_9177,9177,00,9177,depth,0.0018697765190154314,0.0009343385463580489,0.0009354378562420607,0.845947265625,0.4781494140625,0.01935659721493721
plant_9177,9177,00,9177,ref,0.0009546085493639112,0.00036543470923788846,0.0005891738110221922,0.728515625,0.27197265625,0.013655747286975384
plant_9192,9192,00,9192,rgb,0.0008355326717719436,0.0005190540105104446,0.000316478603053838,0.7884521484375,0.248046875,0.015004032291471958
plant_9192,9192,00,9192,depth,0.001123992376960814,0.0007743366877548397,0.0003496557183098048,0.829345703125,0.2965087890625,0.016125237569212914
plant_9192,9192,00,9192,ref,0.000591397809330374,0.00030615099240094423,0.00028524681692942977,0.7283935546875,0.186767578125,0.013561277650296688
plant_9207,9207,00,9207,rgb,0.003759679850190878,0.0018511468078941107,0.001908533158712089,0.9566650390625,0.6947021484375,0.026058506220579147
plant_9207,9207,00,9207,depth,0.003907638601958752,0.0020529937464743853,0.00185464508831501,0.93603515625,0.63623046875,0.024164849892258644
plant_9207,9207,00,9207,ref,0.004264011979103088,0.0029738545417785645,0.0012901575537398458,0.9732666015625,0.8046875,0.030273832380771637
plant_9213,9213,00,9213,rgb,0.0021854336373507977,0.0016760360449552536,0.0005093975341878831,0.844482421875,0.292236328125,0.016105471178889275
plant_9213,9213,00,9213,depth,0.0011295503936707973,0.0007989750010892749,0.0003305754216853529,0.8349609375,0.234375,0.015504145994782448
plant_9213,9213,00,9213,ref,0.0006005338509567082,0.00029885367257520556,0.00030168017838150263,0.76171875,0.1944580078125,0.014325440861284733
plant_9216,9216,00,9216,rgb,0.0050135888159275055,0.0031748537439852953,0.0018387353047728539,0.91259765625,0.6956787109375,0.029219893738627434
plant_9216,9216,00,9216,depth,0.0020725035574287176,0.0015038163401186466,0.0005686869844794273,0.884033203125,0.50390625,0.020108165219426155
plant_9216,9216,00,9216,ref,0.002266937866806984,0.0016298997215926647,0.0006370380287989974,0.901611328125,0.464599609375,0.019168714061379433
plant_9219,9219,00,9219,rgb,0.0007384399650618434,0.00045571362716145813,0.0002827263087965548,0.769287109375,0.18603515625,0.014218645170331001
plant_9219,9219,00,9219,depth,0.0007250122725963593,0.000438051822129637,0.0002869604213628918,0.7757568359375,0.2138671875,0.014483107253909111
plant_9219,9219,00,9219,ref,0.0007259820704348385,0.000304513203445822,0.00042146886698901653,0.690673828125,0.2020263671875,0.013202674686908722
plant_9224,9224,00,9224,rgb,0.00195507425814867,0.0010172624606639147,0.0009378117974847555,0.8382568359375,0.3662109375,0.01680542156100273
plant_9224,9224,00,9224,depth,0.001982200425118208,0.0010609700111672282,0.0009212302975356579,0.82763671875,0.3641357421875,0.0165839996188879
plant_9224,9224,00,9224,ref,0.001805875450372696,0.0006071407115086913,0.0011987346224486828,0.638671875,0.3135986328125,0.013516257517039776
plant_9229,9229,00,9229,rgb,0.0010495017049834132,0.0005203734617680311,0.0005291281850077212,0.831298828125,0.3543701171875,0.016926052048802376
plant_9229,9229,00,9229,depth,0.0011008991859853268,0.0005755755701102316,0.0005253235576674342,0.84619140625,0.3709716796875,0.017071327194571495
plant_9229,9229,00,9229,ref,0.0006893917452543974,0.00031481916084885597,0.0003745725844055414,0.754150390625,0.1767578125,0.013877702876925468
plant_9230,9230,00,9230,rgb,0.0009177997708320618,0.00036831427132710814,0.0005494854995049536,0.7608642578125,0.3056640625,0.015119442716240883
plant_9230,9230,00,9230,depth,0.0011124680750072002,0.00043409335194155574,0.0006783747812733054,0.7642822265625,0.2947998046875,0.015072601847350597
plant_9230,9230,00,9230,ref,0.0009331842884421349,0.0004071122966706753,0.0005260719917714596,0.7156982421875,0.34375,0.015295782126486301
plant_9231,9231,00,9231,rgb,0.000561412307433784,0.0002813016180880368,0.0002801107184495777,0.6923828125,0.181884765625,0.013132828287780285
plant_9231,9231,00,9231,depth,0.0006699796649627388,0.0003403451410122216,0.00032963455305434763,0.75732421875,0.2388916015625,0.014255864545702934
plant_9231,9231,00,9231,ref,0.0010859027970582247,0.0004731288063339889,0.0006127739325165749,0.7490234375,0.31494140625,0.015462451614439487
plant_9232,9232,00,9232,rgb,0.0021343864500522614,0.0015444441232830286,0.0005899422685615718,0.8115234375,0.4586181640625,0.018924852833151817
plant_9232,9232,00,9232,depth,0.0031379181891679764,0.0020358306355774403,0.0011020874371752143,0.868408203125,0.610107421875,0.023568768054246902
plant_9232,9232,00,9232,ref,0.0007129681762307882,0.0003249317524023354,0.0003880364238284528,0.6575927734375,0.2894287109375,0.013123883865773678
plant_9244,9244,00,9244,rgb,0.0011657883878797293,0.00042571965605020523,0.000740068790037185,0.88720703125,0.4796142578125,0.019469326362013817
plant_9244,9244,00,9244,depth,0.0011182829039171338,0.00040903923218138516,0.0007092436426319182,0.8909912109375,0.4813232421875,0.019601181149482727
plant_9244,9244,00,9244,ref,0.0009654402965679765,0.0003593966248445213,0.0006060436717234552,0.906494140625,0.529052734375,0.020560529083013535
plant_9248,9248,00,9248,rgb,0.0027520605362951756,0.0017769001424312592,0.0009751602774485946,0.911865234375,0.622802734375,0.02411532774567604
plant_9248,9248,00,9248,depth,0.0031659810338169336,0.0019831988029181957,0.001182782230898738,0.9307861328125,0.666015625,0.026779446750879288
plant_9248,9248,00,9248,ref,0.000359721714630723,0.00017718577873893082,0.00018253593589179218,0.56298828125,0.0936279296875,0.010838648304343224
plant_9258,9258,00,9258,rgb,0.0030771694146096706,0.0015472262166440487,0.0015299429651349783,0.8865966796875,0.5694580078125,0.02279752679169178
plant_9258,9258,00,9258,depth,0.005095561034977436,0.0023795091547071934,0.002716051647439599,0.9129638671875,0.6336669921875,0.026437917724251747
plant_9258,9258,00,9258,ref,0.0023624589666724205,0.0010661704000085592,0.0012962885666638613,0.872314453125,0.514404296875,0.02054659277200699
plant_9261,9261,00,9261,rgb,0.002533398102968931,0.0012413798831403255,0.0012920181034132838,0.9339599609375,0.6571044921875,0.02587345987558365
plant_9261,9261,00,9261,depth,0.0019418149022385478,0.0009640508214943111,0.0009777640225365758,0.919921875,0.585693359375,0.022932246327400208
plant_9261,9261,00,9261,ref,0.0025373301468789577,0.0011701132170856,0.001367216813378036,0.89013671875,0.5322265625,0.0211805310100317
plant_9272,9272,00,9272,rgb,0.002554558916017413,0.0015894194366410375,0.0009651394211687148,0.934814453125,0.6378173828125,0.02413126453757286
plant_9272,9272,00,9272,depth,0.002279500011354685,0.0013355371775105596,0.0009439628920517862,0.912109375,0.572265625,0.02188418246805668
plant_9272,9272,00,9272,ref,0.0011828257702291012,0.0005486385198310018,0.0006341873086057603,0.8424072265625,0.4356689453125,0.01846916414797306
plant_9273,9273,00,9273,rgb,0.001793842064216733,0.0006346012814901769,0.0011592407245188951,0.9197998046875,0.591064453125,0.023369230329990387
plant_9273,9273,00,9273,depth,0.0017114675138145685,0.0006180849741213024,0.001093382597900927,0.9124755859375,0.5877685546875,0.02319200523197651
plant_9273,9273,00,9273,ref,0.0012431570794433355,0.0004847970267292112,0.0007583600236102939,0.8917236328125,0.4796142578125,0.019429123029112816
plant_9278,9278,00,9278,rgb,0.004174491856247187,0.0034135892055928707,0.0007609025342389941,0.9217529296875,0.5531005859375,0.02112177573144436
plant_9278,9278,00,9278,depth,0.004136804025620222,0.0034265685826539993,0.0007102355011738837,0.923828125,0.537109375,0.02074791118502617
plant_9278,9278,00,9278,ref,0.005513194017112255,0.003590848995372653,0.0019223452545702457,0.938720703125,0.5936279296875,0.02248426340520382
plant_9279,9279,00,9279,rgb,0.00165926618501544,0.0005818380741402507,0.0010774281108751893,0.880615234375,0.52294921875,0.020708132535219193
plant_9279,9279,00,9279,depth,0.0016334966057911515,0.0005248103989288211,0.0011086863232776523,0.864501953125,0.5262451171875,0.020806623622775078
plant_9279,9279,00,9279,ref,0.0009846012108027935,0.0004321830638218671,0.0005524181760847569,0.8328857421875,0.404296875,0.017712334170937538
plant_9282,9282,00,9282,rgb,0.00151054747402668,0.0010886805830523372,0.0004218668909743428,0.8902587890625,0.3995361328125,0.018358618021011353
plant_9282,9282,00,9282,depth,0.0022576397750526667,0.0017395203467458487,0.000518119428306818,0.9000244140625,0.47900390625,0.019653117284178734
plant_9282,9282,00,9282,ref,0.0006652813754044473,0.00042476359521970153,0.0002405177801847458,0.761962890625,0.14990234375,0.013904898427426815
plant_9284,9284,00,9284,rgb,0.0011618727585300803,0.00041920828516595066,0.0007426645024679601,0.8001708984375,0.3455810546875,0.016251545399427414
plant_9284,9284,00,9284,depth,0.001487678848206997,0.0005662404000759125,0.0009214383899234235,0.78955078125,0.40625,0.017185375094413757
plant_9284,9284,00,9284,ref,0.0008895074715837836,0.0003152031567879021,0.0005743043147958815,0.720947265625,0.2386474609375,0.0137545857578516
plant_9285,9285,00,9285,rgb,0.0020509520545601845,0.0014556539244949818,0.0005952981882728636,0.857177734375,0.3978271484375,0.017874963581562042
plant_9285,9285,00,9285,depth,0.0023208006750792265,0.001775172189809382,0.0005456284852698445,0.8641357421875,0.40771484375,0.018096666783094406
plant_9285,9285,00,9285,ref,0.0007317110430449247,0.00031910082907415926,0.000412610184866935,0.753173828125,0.2177734375,0.014034757390618324
plant_9286,9286,00,9286,rgb,0.0008984334417618811,0.00047627673484385014,0.000422156706918031,0.783203125,0.28125,0.015266669914126396
plant_9286,9286,00,9286,depth,0.0011077069211751223,0.0005773090524598956,0.0005303978687152267,0.7808837890625,0.3502197265625,0.01614522375166416
plant_9286,9286,00,9286,ref,0.0011301243212074041,0.00038250014767982066,0.0007476242026314139,0.8614501953125,0.4375,0.018349885940551758
plant_9287,9287,00,9287,rgb,0.0015065131010487676,0.0010034921579062939,0.0005030209431424737,0.834228515625,0.3568115234375,0.016505543142557144
plant_9287,9287,00,9287,depth,0.0017701374599710107,0.0012057260610163212,0.0005644113989546895,0.878173828125,0.3765869140625,0.017479801550507545
plant_9287,9287,00,9287,ref,0.001028502476401627,0.0006921016611158848,0.0003364007861819118,0.8040771484375,0.2266845703125,0.014652037993073463
plant_9297,9297,00,9297,rgb,0.0012027797056362033,0.0008114676456898451,0.00039131208905018866,0.8050537109375,0.289306640625,0.01586034893989563
plant_9297,9297,00,9297,depth,0.001281987177208066,0.0008693764684721828,0.0004126106796320528,0.8115234375,0.2869873046875,0.015788225457072258
plant_9297,9297,00,9297,ref,0.0009673495078459382,0.0004936672048643231,0.00047368230298161507,0.827880859375,0.341552734375,0.01692115142941475
plant_9299,9299,00,9299,rgb,0.0010203337296843529,0.0005918479873798788,0.0004284857423044741,0.8271484375,0.352294921875,0.0167970210313797
plant_9299,9299,00,9299,depth,0.0012065244372934103,0.000720469222869724,0.00048605521442368627,0.8681640625,0.401123046875,0.017714297398924828
plant_9299,9299,00,9299,ref,0.0012280313530936837,0.00044535452616401017,0.000782676856033504,0.7607421875,0.4757080078125,0.019118964672088623
plant_9312,9312,00,9312,rgb,0.0018908384954556823,0.0013483609072864056,0.0005424775881692767,0.7833251953125,0.346923828125,0.016307853162288666
plant_9312,9312,00,9312,depth,0.0018499582074582577,0.0012762609403580427,0.000573697267100215,0.779296875,0.4027099609375,0.017167305573821068
plant_9312,9312,00,9312,ref,0.0007034139125607908,0.00034877759753726423,0.00035463631502352655,0.6429443359375,0.263671875,0.012877484783530235
plant_9318,9318,00,9318,rgb,0.004369978327304125,0.002962118946015835,0.0014078594977036119,0.9390869140625,0.68212890625,0.02707516960799694
plant_9318,9318,00,9318,depth,0.007407613098621368,0.004642312414944172,0.002765300450846553,0.96630859375,0.8189697265625,0.03032747469842434
plant_9318,9318,00,9318,ref,0.0033643916249275208,0.0016778468852862716,0.0016865446232259274,0.910888671875,0.5626220703125,0.021614521741867065
plant_9319,9319,00,9319,rgb,0.0005724076763726771,0.00025634269695729017,0.0003160649794153869,0.7412109375,0.1962890625,0.01386537216603756
plant_9319,9319,00,9319,depth,0.0005350207793526351,0.0002562458685133606,0.0002787749108392745,0.70751953125,0.1571044921875,0.013004675507545471
plant_9319,9319,00,9319,ref,0.0005950639024376869,0.0002487385063432157,0.0003463253960944712,0.671875,0.254638671875,0.013879982754588127
plant_9322,9322,00,9322,rgb,0.001461838255636394,0.0007415407453663647,0.0007202976266853511,0.8857421875,0.528564453125,0.020748920738697052
plant_9322,9322,00,9322,depth,0.0016275157686322927,0.0009488175273872912,0.0006786981830373406,0.87744140625,0.499267578125,0.01996953971683979
plant_9322,9322,00,9322,ref,0.0012092172401025891,0.0006771243060939014,0.0005320928758010268,0.8934326171875,0.4791259765625,0.019521964713931084
plant_9325,9325,00,9325,rgb,0.001795887015759945,0.0010137796634808183,0.0007821074104867876,0.915283203125,0.5321044921875,0.02067405916750431
plant_9325,9325,00,9325,depth,0.0027638855390250683,0.0018405639566481113,0.0009233214659616351,0.9395751953125,0.658203125,0.023928605020046234
plant_9325,9325,00,9325,ref,0.0013704486191272736,0.0008584064780734479,0.0005120420828461647,0.86181640625,0.343017578125,0.016997162252664566
plant_9326,9326,00,9326,rgb,0.0008717217133380473,0.00043787603499367833,0.0004338457074481994,0.787353515625,0.33056640625,0.01603311114013195
plant_9326,9326,00,9326,depth,0.0007954166503623128,0.00043065135832875967,0.00036476526292972267,0.7579345703125,0.246826171875,0.014463342726230621
plant_9326,9326,00,9326,ref,0.0006338241510093212,0.00032534945057705045,0.0003084747295361012,0.62353515625,0.18701171875,0.011943848803639412
plant_9335,9335,00,9335,rgb,0.0012473941314965487,0.0008598255808465183,0.0003875685506500304,0.8458251953125,0.3326416015625,0.016773533076047897
plant_9335,9335,00,9335,depth,0.0013155522756278515,0.0009310207096859813,0.0003845315659418702,0.84423828125,0.3284912109375,0.016585154458880424
plant_9335,9335,00,9335,ref,0.0006358278333209455,0.0003193595039192587,0.0003164683294016868,0.72314453125,0.1778564453125,0.013389119878411293
plant_9337,9337,00,9337,rgb,0.003032105974853039,0.0015572470147162676,0.001474859076552093,0.884033203125,0.5692138671875,0.02336019091308117
plant_9337,9337,00,9337,depth,0.0019696892704814672,0.0012391330674290657,0.0007305562030524015,0.8621826171875,0.5509033203125,0.02174754999577999
plant_9337,9337,00,9337,ref,0.0018379120156168938,0.0010017921449616551,0.0008361198124475777,0.85693359375,0.5455322265625,0.021721215918660164
plant_9339,9339,00,9339,rgb,0.0034239364322274923,0.0020631877705454826,0.0013607486616820097,0.935302734375,0.757080078125,0.03141804039478302
plant_9339,9339,00,9339,depth,0.0033285326790064573,0.002279255772009492,0.0010492766741663218,0.9215087890625,0.6494140625,0.025409217923879623
plant_9339,9339,00,9339,ref,0.0007588007720187306,0.0003476259589660913,0.0004111748421564698,0.7587890625,0.232666015625,0.014095863327383995
plant_9341,9341,00,9341,rgb,0.0006861852598376572,0.0003433926613070071,0.00034279259853065014,0.787109375,0.2734375,0.01530483178794384
plant_9341,9341,00,9341,depth,0.0007957692723721266,0.0004258814442437142,0.0003698878863360733,0.7738037109375,0.2332763671875,0.014629929326474667
plant_9341,9341,00,9341,ref,0.0009279244113713503,0.0004586520080920309,0.00046927243238314986,0.7333984375,0.354736328125,0.01614103838801384
plant_9343,9343,00,9343,rgb,0.0009769245516508818,0.00045117229456081986,0.000525752198882401,0.773193359375,0.27734375,0.014504943042993546
plant_9343,9343,00,9343,depth,0.001038903370499611,0.0004901117063127458,0.0005487916059792042,0.8040771484375,0.3218994140625,0.015552490018308163
plant_9343,9343,00,9343,ref,0.0009473970858380198,0.00043407647171989083,0.000513320614118129,0.7833251953125,0.3250732421875,0.015559940598905087
plant_9350,9350,00,9350,rgb,0.002192665822803974,0.0012922636233270168,0.0009004020830616355,0.946044921875,0.7225341796875,0.02657400071620941
plant_9350,9350,00,9350,depth,0.0021972793620079756,0.0011627336498349905,0.001034545712172985,0.95166015625,0.74951171875,0.028254058212041855
plant_9350,9350,00,9350,ref,0.0009739655070006847,0.0004401637997943908,0.0005338016781024635,0.8697509765625,0.349609375,0.017212793231010437
plant_9358,9358,00,9358,rgb,0.00174351513851434,0.0009900894947350025,0.0007534255855716765,0.9052734375,0.5352783203125,0.020960945636034012
plant_9358,9358,00,9358,depth,0.0016122160013765097,0.0009128713281825185,0.0006993446731939912,0.9014892578125,0.5306396484375,0.020791875198483467
plant_9358,9358,00,9358,ref,0.0010182431433349848,0.000533682235982269,0.0004845609364565462,0.8431396484375,0.34423828125,0.016463294625282288
plant_9362,9362,00,9362,rgb,0.0008316412568092346,0.0005023047560825944,0.0003293365298304707,0.6549072265625,0.2098388671875,0.012924755923449993
plant_9362,9362,00,9362,depth,0.0013483697548508644,0.0007585682324133813,0.000589801580645144,0.77099609375,0.3514404296875,0.016144532710313797
plant_9362,9362,00,9362,ref,0.00055880774743855,0.00035380470217205584,0.00020500304526649415,0.57421875,0.11669921875,0.011007477529346943
plant_9364,9364,00,9364,rgb,0.0010662461863830686,0.0004520593211054802,0.0006141868652775884,0.8470458984375,0.4041748046875,0.0176741611212492
plant_9364,9364,00,9364,depth,0.0009779792744666338,0.00041990127647295594,0.0005580779397860169,0.8446044921875,0.4150390625,0.017875095829367638
plant_9364,9364,00,9364,ref,0.0006865477771498263,0.0002995418035425246,0.0003870059736073017,0.7781982421875,0.287353515625,0.01525860745459795
plant_9365,9365,00,9365,rgb,0.0006754866917617619,0.0003444383619353175,0.00033104830072261393,0.76806640625,0.2464599609375,0.014616982080042362
plant_9365,9365,00,9365,depth,0.0007756341947242618,0.00039393920451402664,0.0003816949902102351,0.807861328125,0.28173828125,0.015420936979353428
plant_9365,9365,00,9365,ref,0.0007199199171736836,0.0003189228009432554,0.0004009971162304282,0.7587890625,0.30224609375,0.015080466866493225
plant_9369,9369,00,9369,rgb,0.0016331594670191407,0.0005720386398024857,0.001061120769008994,0.858154296875,0.4384765625,0.018275171518325806
plant_9369,9369,00,9369,depth,0.0020984639413654804,0.0007444635266438127,0.0013540004147216678,0.872802734375,0.5179443359375,0.020600181072950363
plant_9369,9369,00,9369,ref,0.0006745535647496581,0.0002522675204090774,0.0004222861025482416,0.7364501953125,0.255615234375,0.014438830316066742
plant_9374,9374,00,9374,rgb,0.007954259403049946,0.006923050619661808,0.001031207968480885,0.96533203125,0.7261962890625,0.026212193071842194
plant_9374,9374,00,9374,depth,0.009186374954879284,0.008279780857264996,0.0009065938647836447,0.9527587890625,0.691162109375,0.025111520662903786
plant_9374,9374,00,9374,ref,0.002726523671299219,0.001800712663680315,0.0009258111822418869,0.9488525390625,0.65234375,0.023373743519186974
plant_9377,9377,00,9377,rgb,0.0007530099246650934,0.0002811849699355662,0.00047182495472952724,0.7896728515625,0.2752685546875,0.01530112512409687
plant_9377,9377,00,9377,depth,0.000801171874627471,0.0003324631252326071,0.00046870874939486384,0.8223876953125,0.290283203125,0.01587863638997078
plant_9377,9377,00,9377,ref,0.0012666704133152962,0.0006233644089661539,0.0006433060043491423,0.843994140625,0.5057373046875,0.020150838419795036
plant_9386,9386,00,9386,rgb,0.0036286083050072193,0.0022872264962643385,0.0013413815759122372,0.8995361328125,0.5050048828125,0.0201290063560009
plant_9386,9386,00,9386,depth,0.00807829201221466,0.004781587515026331,0.0032967047300189734,0.9468994140625,0.7344970703125,0.029722850769758224
plant_9386,9386,00,9386,ref,0.0025464161299169064,0.001668278593569994,0.0008781374199315906,0.9398193359375,0.6063232421875,0.022396188229322433
plant_9391,9391,00,9391,rgb,0.00129320053383708,0.0005698928143829107,0.0007233077194541693,0.8511962890625,0.3624267578125,0.016991982236504555
plant_9391,9391,00,9391,depth,0.001539957127533853,0.000728096638340503,0.0008118604891933501,0.873291015625,0.4356689453125,0.018713919445872307
plant_9391,9391,00,9391,ref,0.0012062869500368834,0.00039754578028805554,0.0008087411988526583,0.814453125,0.313232421875,0.015901820734143257
plant_9396,9396,00,9396,rgb,0.0007873588474467397,0.0003437299747020006,0.0004436289018485695,0.72216796875,0.2247314453125,0.013407999649643898
plant_9396,9396,00,9396,depth,0.0008960599079728127,0.00039619908784516156,0.0004998608492314816,0.7247314453125,0.2437744140625,0.013755937106907368
plant_9396,9396,00,9396,ref,0.000836406194139272,0.00029441204969771206,0.0005419941735453904,0.7481689453125,0.2994384765625,0.014701660722494125
plant_9404,9404,00,9404,rgb,0.0006850704085081816,0.00032206522882916033,0.00036300523788668215,0.7701416015625,0.2579345703125,0.014880441129207611
plant_9404,9404,00,9404,depth,0.0006806098390370607,0.000319881655741483,0.0003607281541917473,0.7493896484375,0.22509765625,0.01423740480095148
plant_9404,9404,00,9404,ref,0.0005271892878226936,0.00021892106451559812,0.0003082682378590107,0.6790771484375,0.2198486328125,0.013366288505494595
plant_9405,9405,00,9405,rgb,0.0004891566350124776,0.00022702454589307308,0.00026213208911940455,0.660400390625,0.1497802734375,0.012266719713807106
plant_9405,9405,00,9405,depth,0.0005335541209205985,0.0002558720007073134,0.00027768209110945463,0.647705078125,0.178955078125,0.012268046848475933
plant_9405,9405,00,9405,ref,0.0004918078775517642,0.00022843280748929828,0.00026337505551055074,0.6002197265625,0.16845703125,0.011572754941880703
plant_9418,9418,00,9418,rgb,0.0009205152746289968,0.0004029920091852546,0.0005175232654437423,0.7984619140625,0.232177734375,0.01476954948157072
plant_9418,9418,00,9418,depth,0.0007676309905946255,0.00038857533945702016,0.00037905568024143577,0.83154296875,0.228759765625,0.015497919172048569
plant_9418,9418,00,9418,ref,0.0007125867414288223,0.0002947495668195188,0.000417837145505473,0.7919921875,0.2054443359375,0.014780919067561626
plant_9426,9426,00,9426,rgb,0.003456586506217718,0.0010546172270551324,0.002401969162747264,0.8709716796875,0.5802001953125,0.02304835617542267
plant_9426,9426,00,9426,depth,0.0028736661188304424,0.0010681707644835114,0.001805495354346931,0.891357421875,0.5682373046875,0.02255096286535263
plant_9426,9426,00,9426,ref,0.0014129156479611993,0.0005430256715044379,0.0008698899764567614,0.8431396484375,0.5078125,0.020227981731295586
plant_9433,9433,00,9433,rgb,0.0005660573369823396,0.00030362725374288857,0.00026243008323945105,0.7596435546875,0.16650390625,0.013920607976615429
plant_9433,9433,00,9433,depth,0.0006082560867071152,0.0003158017643727362,0.0002924542932305485,0.7664794921875,0.197021484375,0.01421068049967289
plant_9433,9433,00,9433,ref,0.000675516203045845,0.00036165709025226533,0.0003138591127935797,0.7705078125,0.23486328125,0.01434017438441515
plant_9454,9454,00,9454,rgb,0.0007847507949918509,0.0004137275100219995,0.0003710232558660209,0.7996826171875,0.2745361328125,0.015642264857888222
plant_9454,9454,00,9454,depth,0.000916986376978457,0.0004449348780326545,0.000472051469841972,0.8267822265625,0.3514404296875,0.016918323934078217
plant_9454,9454,00,9454,ref,0.0011571968207135797,0.0004491197469178587,0.0007080771028995514,0.9031982421875,0.5531005859375,0.021809397265315056
plant_9458,9458,00,9458,rgb,0.0005636649439111352,0.0002603089378681034,0.0003033559478353709,0.746826171875,0.21044921875,0.01388280838727951
plant_9458,9458,00,9458,depth,0.000617956044152379,0.00029976374935358763,0.00031819232390262187,0.7392578125,0.2193603515625,0.014034337364137173
plant_9458,9458,00,9458,ref,0.000437310867710039,0.0001995677303057164,0.00023774313740432262,0.655029296875,0.1419677734375,0.012540049850940704
plant_9467,9467,00,9467,rgb,0.0008925341535359621,0.0003817304677795619,0.0005108037148602307,0.7877197265625,0.32763671875,0.015394959598779678
plant_9467,9467,00,9467,depth,0.0008866250282153487,0.00035860875505022705,0.0005280163022689521,0.8065185546875,0.3302001953125,0.01575595699250698
plant_9467,9467,00,9467,ref,0.0005965636810287833,0.00022044531942810863,0.0003761183761525899,0.7137451171875,0.298095703125,0.014511696062982082
plant_9479,9479,00,9479,rgb,0.0015670103020966053,0.000746390491258353,0.0008206198690459132,0.877685546875,0.4840087890625,0.01957373134791851
plant_9479,9479,00,9479,depth,0.0012857342371717095,0.0006450542132370174,0.0006406799657270312,0.850830078125,0.4215087890625,0.018074916675686836
plant_9479,9479,00,9479,ref,0.0015097627183422446,0.0006958615849725902,0.0008139011333696544,0.828369140625,0.4615478515625,0.018912769854068756
plant_9481,9481,00,9481,rgb,0.001582016353495419,0.0010940834181383252,0.00048793296446092427,0.851806640625,0.38671875,0.01744762435555458
plant_9481,9481,00,9481,depth,0.00133134622592479,0.0008696981822140515,0.0004616480728145689,0.8546142578125,0.36376953125,0.017100920900702477
plant_9481,9481,00,9481,ref,0.0006052632816135883,0.000293599849101156,0.0003116634034086019,0.693359375,0.170166015625,0.012738619931042194
plant_9496,9496,00,9496,rgb,0.001717163948342204,0.0009028846397995949,0.0008142792503349483,0.85107421875,0.4593505859375,0.018672997131943703
plant_9496,9496,00,9496,depth,0.0015899190912023187,0.0008573526283726096,0.000732566462829709,0.8450927734375,0.4664306640625,0.018723376095294952
plant_9496,9496,00,9496,ref,0.00037261677789501846,0.0001878491893876344,0.00018476758850738406,0.544677734375,0.0750732421875,0.010457229800522327
plant_9500,9500,00,9500,rgb,0.0010313396342098713,0.00043403200106695294,0.0005973075749352574,0.852294921875,0.3787841796875,0.017203036695718765
plant_9500,9500,00,9500,depth,0.0011514656944200397,0.0004775394918397069,0.0006739262025803328,0.863037109375,0.4036865234375,0.017833387479186058
plant_9500,9500,00,9500,ref,0.0009557424345985055,0.000477384019177407,0.00047835850273258984,0.7818603515625,0.3193359375,0.015926355496048927
plant_9502,9502,00,9502,rgb,0.001419940497726202,0.000706608290784061,0.0007133322069421411,0.8692626953125,0.50439453125,0.02011367678642273
plant_9502,9502,00,9502,depth,0.0016830371459946036,0.0008291254634968936,0.0008539116242900491,0.8912353515625,0.57763671875,0.0225808285176754
plant_9502,9502,00,9502,ref,0.000553912075702101,0.0002533968654461205,0.0003005152102559805,0.6153564453125,0.2081298828125,0.012196680530905724
plant_9509,9509,00,9509,rgb,0.002031370298936963,0.0011378303170204163,0.0008935399819165468,0.8536376953125,0.5081787109375,0.02033313177525997
plant_9509,9509,00,9509,depth,0.001334564876742661,0.0008756416500546038,0.0004589232848957181,0.810546875,0.359130859375,0.01681574247777462
plant_9509,9509,00,9509,ref,0.0006278548389673233,0.0003168030525557697,0.00031105184461921453,0.707275390625,0.208984375,0.01355214137583971
plant_9517,9517,00,9517,rgb,0.0032508240547031164,0.0023507592268288136,0.0009000650024972856,0.9296875,0.6702880859375,0.024946779012680054
plant_9517,9517,00,9517,depth,0.003765973960980773,0.002527357079088688,0.001238616881892085,0.9405517578125,0.6964111328125,0.026570843532681465
plant_9517,9517,00,9517,ref,0.0031039861496537924,0.0009319383534602821,0.0021720477379858494,0.8800048828125,0.70068359375,0.03080391325056553
plant_9523,9523,00,9523,rgb,0.002411250025033951,0.0014493354829028249,0.0009619146585464478,0.8475341796875,0.48583984375,0.01950005628168583
plant_9523,9523,00,9523,depth,0.0037701246328651905,0.0019212113693356514,0.0018489131471142173,0.8773193359375,0.580322265625,0.023336291313171387
plant_9523,9523,00,9523,ref,0.0010857847519218922,0.0006242787931114435,0.00046150604612194,0.6912841796875,0.257568359375,0.013636451214551926
plant_9528,9528,00,9528,rgb,0.0029386235401034355,0.002005951479077339,0.0009326720028184354,0.873291015625,0.5587158203125,0.02182425744831562
plant_9528,9528,00,9528,depth,0.0032603819854557514,0.0022150627337396145,0.001045319135300815,0.8841552734375,0.5684814453125,0.02211841754615307
plant_9528,9528,00,9528,ref,0.0009114600252360106,0.0005223280168138444,0.000389132066629827,0.79833984375,0.2769775390625,0.01523070689290762
plant_9547,9547,00,9547,rgb,0.001213163835927844,0.000533159589394927,0.000680004246532917,0.859130859375,0.38818359375,0.017560474574565887
plant_9547,9547,00,9547,depth,0.0011507212184369564,0.0005819682846777141,0.0005687529337592423,0.850341796875,0.40283203125,0.01790798082947731
plant_9547,9547,00,9547,ref,0.0016578307840973139,0.0005298877949826419,0.001127942930907011,0.9095458984375,0.64013671875,0.024725401774048805
plant_9549,9549,00,9549,rgb,0.0009445577161386609,0.00047954131150618196,0.00046501640463247895,0.8009033203125,0.3214111328125,0.016120383515954018
plant_9549,9549,00,9549,depth,0.0010577328503131866,0.0005255937576293945,0.000532139150891453,0.8018798828125,0.3480224609375,0.016559453681111336
plant_9549,9549,00,9549,ref,0.0007526051485911012,0.0003637373447418213,0.00038886783295311034,0.7091064453125,0.2821044921875,0.014382148161530495
plant_9557,9557,00,9557,rgb,0.003527719061821699,0.0019135808106511831,0.0016141386004164815,0.945556640625,0.7740478515625,0.03544801473617554
plant_9557,9557,00,9557,depth,0.0035946136340498924,0.002189796883612871,0.001404816866852343,0.954345703125,0.7686767578125,0.03118053637444973
plant_9557,9557,00,9557,ref,0.0013129995204508305,0.0006396425305865705,0.0006733570480719209,0.859130859375,0.4595947265625,0.01883367821574211
plant_9572,9572,00,9572,rgb,0.001368046272546053,0.0008594664395786822,0.0005085800075903535,0.894287109375,0.4437255859375,0.018933331593871117
plant_9572,9572,00,9572,depth,0.0020348974503576756,0.001082256087101996,0.0009526412468403578,0.91259765625,0.5997314453125,0.022538388147950172
plant_9572,9572,00,9572,ref,0.0014564890880137682,0.0008577965199947357,0.0005986925098113716,0.8902587890625,0.451171875,0.018964719027280807
plant_9574,9574,00,9574,rgb,0.001515050302259624,0.0011764665832743049,0.0003385837480891496,0.6962890625,0.26904296875,0.01426014769822359
plant_9574,9574,00,9574,depth,0.0020171734504401684,0.0014213003451004624,0.0005958731053397059,0.817626953125,0.4263916015625,0.017681701108813286
plant_9574,9574,00,9574,ref,0.0006475679110735655,0.00036452215863391757,0.0002830458106473088,0.6385498046875,0.216552734375,0.012583218514919281
plant_9584,9584,00,9584,rgb,0.008749077096581459,0.0025211554020643234,0.006227921228855848,0.9124755859375,0.7139892578125,0.035962704569101334
plant_9584,9584,00,9584,depth,0.001705896807834506,0.0005678413435816765,0.0011380554642528296,0.84423828125,0.52294921875,0.020811961963772774
plant_9584,9584,00,9584,ref,0.0026714722625911236,0.0008597690612077713,0.0018117032013833523,0.8553466796875,0.64990234375,0.032804399728775024
plant_9586,9586,00,9586,rgb,0.0010503558441996574,0.000671307323500514,0.0003790484624914825,0.7822265625,0.272705078125,0.015328135341405869
plant_9586,9586,00,9586,depth,0.0012452410301193595,0.0007925365353003144,0.0004527045239228755,0.830810546875,0.3773193359375,0.01753641478717327
plant_9586,9586,00,9586,ref,0.0015434962697327137,0.0006380245322361588,0.0009054716792888939,0.8150634765625,0.40087890625,0.017428923398256302
plant_9588,9588,00,9588,rgb,0.0013715536333620548,0.000532450620085001,0.0008391030132770538,0.884033203125,0.4893798828125,0.019682887941598892
plant_9588,9588,00,9588,depth,0.0014019077643752098,0.000648098939564079,0.0007538088248111308,0.9010009765625,0.516845703125,0.02039111778140068
plant_9588,9588,00,9588,ref,0.001158034661784768,0.0005324987578205764,0.0006255358457565308,0.857177734375,0.389892578125,0.01750907115638256
plant_9595,9595,00,9595,rgb,0.0022313029039651155,0.0008466555736958981,0.0013846474466845393,0.935302734375,0.686767578125,0.02706982009112835
plant_9595,9595,00,9595,depth,0.0016706855967640877,0.0006431643269024789,0.0010275212116539478,0.894287109375,0.580810546875,0.022271042689681053
plant_9595,9595,00,9595,ref,0.0011366952676326036,0.0005104977753944695,0.0006261974922381341,0.8809814453125,0.5,0.01999972015619278
plant_9596,9596,00,9596,rgb,0.0031066862866282463,0.0021796345245093107,0.0009270516457036138,0.8704833984375,0.53173828125,0.020928945392370224
plant_9596,9596,00,9596,depth,0.003217208432033658,0.002246052958071232,0.0009711555321700871,0.8837890625,0.55810546875,0.02178305573761463
plant_9596,9596,00,9596,ref,0.0006344055873341858,0.00032675883267074823,0.00030764672555960715,0.7484130859375,0.2117919921875,0.014180934987962246
plant_9613,9613,00,9613,rgb,0.0008213388500735164,0.00038470272556878626,0.0004366360662970692,0.77099609375,0.3292236328125,0.015582242980599403
plant_9613,9613,00,9613,depth,0.0010994154727086425,0.0005122354486957192,0.0005871800240129232,0.843017578125,0.4222412109375,0.018007485195994377
plant_9613,9613,00,9613,ref,0.0005250820540823042,0.0002375229960307479,0.00028755905805155635,0.6573486328125,0.23876953125,0.01349455676972866
plant_9614,9614,00,9614,rgb,0.0006757098017260432,0.00033672689460217953,0.00033898293622769415,0.786865234375,0.2353515625,0.01452668011188507
plant_9614,9614,00,9614,depth,0.0008054549107328057,0.00041427163523621857,0.0003911833046004176,0.79150390625,0.2598876953125,0.01488749124109745
plant_9614,9614,00,9614,ref,0.0009922890458256006,0.0004198888782411814,0.0005724001675844193,0.791748046875,0.4129638671875,0.01781865395605564
plant_9624,9624,00,9624,rgb,0.0005880179814994335,0.0002635408309288323,0.0003244771505706012,0.783447265625,0.2314453125,0.014803048223257065
plant_9624,9624,00,9624,depth,0.0005688002565875649,0.00025872254627756774,0.0003100777685176581,0.7921142578125,0.24169921875,0.015149367041885853
plant_9624,9624,00,9624,ref,0.0004990929737687111,0.0002152130036847666,0.00028387995553202927,0.7847900390625,0.215087890625,0.014753852039575577
plant_9626,9626,00,9626,rgb,0.0007098842179402709,0.00035965273855254054,0.0003502315084915608,0.75048828125,0.2205810546875,0.014245926402509212
plant_9626,9626,00,9626,depth,0.0007320414297282696,0.00035265873884782195,0.0003793826908804476,0.747802734375,0.244873046875,0.01450337190181017
plant_9626,9626,00,9626,ref,0.0007204529829323292,0.0003532178234308958,0.0003672352177090943,0.684814453125,0.2666015625,0.014003937132656574
plant_9627,9627,00,9627,rgb,0.004742019809782505,0.0026090422179549932,0.002132977358996868,0.89404296875,0.6383056640625,0.027315355837345123
plant_9627,9627,00,9627,depth,0.004978466313332319,0.0029320605099201202,0.002046405803412199,0.9281005859375,0.753662109375,0.03275993466377258
plant_9627,9627,00,9627,ref,0.0006925798370502889,0.0002847544092219323,0.0004078254278283566,0.67626953125,0.3111572265625,0.014415283687412739
plant_9661,9661,00,9661,rgb,0.0009913751855492592,0.0004940555081702769,0.0004973196773789823,0.833740234375,0.3570556640625,0.016846245154738426
plant_9661,9661,00,9661,depth,0.0010196971707046032,0.0005679184687323868,0.0004517788183875382,0.8282470703125,0.324462890625,0.016357436776161194
plant_9661,9661,00,9661,ref,0.000998552655801177,0.0004305097390897572,0.0005680429749190807,0.8621826171875,0.424560546875,0.01823444664478302
plant_9663,9663,00,9663,rgb,0.0005290315020829439,0.00025471870321780443,0.00027431276976130903,0.744384765625,0.193603515625,0.013848870992660522
plant_9663,9663,00,9663,depth,0.0006074814009480178,0.0003129590768367052,0.00029452232411131263,0.7672119140625,0.20654296875,0.01421268004924059
plant_9663,9663,00,9663,ref,0.0005105769960209727,0.0001905708631966263,0.0003200061328243464,0.7896728515625,0.2467041015625,0.01521302480250597
plant_9664,9664,00,9664,rgb,0.0027889066841453314,0.0013333813985809684,0.001455525285564363,0.8780517578125,0.5712890625,0.023033807054162025
plant_9664,9664,00,9664,depth,0.00180229137185961,0.0009153910796158016,0.0008869003504514694,0.8485107421875,0.4620361328125,0.018567001447081566
plant_9664,9664,00,9664,ref,0.0004462114884518087,0.00023774796864017844,0.00020846353436354548,0.594482421875,0.11181640625,0.011469891294836998
plant_9668,9668,00,9668,rgb,0.0009406861499883235,0.0005730604752898216,0.0003676256746985018,0.80419921875,0.2650146484375,0.015511193312704563
plant_9668,9668,00,9668,depth,0.0009200781350955367,0.0005050229374319315,0.00041505522676743567,0.8370361328125,0.3258056640625,0.016649959608912468
plant_9668,9668,00,9668,ref,0.0011967967730015516,0.0004846074734814465,0.0007121892995201051,0.786865234375,0.2955322265625,0.01522272452712059
plant_9676,9676,00,9676,rgb,0.001439708168618381,0.0007667114259675145,0.0006729966262355447,0.8546142578125,0.43701171875,0.018332576379179955
plant_9676,9676,00,9676,depth,0.0014753362629562616,0.0008444874547421932,0.0006308488664217293,0.8560791015625,0.406494140625,0.017770817503333092
plant_9676,9676,00,9676,ref,0.0008242629701271653,0.00037533207796514034,0.0004489308630581945,0.7734375,0.27294921875,0.014909500256180763
plant_9698,9698,00,9698,rgb,0.002494403626769781,0.0012364145368337631,0.001257989089936018,0.92822265625,0.64111328125,0.024808334186673164
plant_9698,9698,00,9698,depth,0.0021908855997025967,0.0013969100546091795,0.0007939754286780953,0.9305419921875,0.6258544921875,0.02303338423371315
plant_9698,9698,00,9698,ref,0.0015920692821964622,0.0007409782847389579,0.0008510909974575043,0.8665771484375,0.4210205078125,0.017958924174308777
plant_9706,9706,00,9706,rgb,0.0015267597045749426,0.0006588042597286403,0.0008679553284309804,0.908935546875,0.5640869140625,0.02200651727616787
plant_9706,9706,00,9706,depth,0.0012171950656920671,0.0005503601278178394,0.0006668349378742278,0.86767578125,0.4620361328125,0.018913015723228455
plant_9706,9706,00,9706,ref,0.0011277509620413184,0.0004320019797887653,0.0006957489531487226,0.8074951171875,0.4775390625,0.01933162473142147
plant_9709,9709,00,9709,rgb,0.0010989955626428127,0.00039873551577329636,0.0007002600468695164,0.8599853515625,0.405517578125,0.01786094158887863
plant_9709,9709,00,9709,depth,0.001207773806527257,0.0004524257965385914,0.0007553480099886656,0.873779296875,0.417236328125,0.017967969179153442
plant_9709,9709,00,9709,ref,0.0008316962048411369,0.0003717925283126533,0.00045990367652848363,0.8197021484375,0.2991943359375,0.015553420409560204
plant_9710,9710,00,9710,rgb,0.002774470718577504,0.0013349468354135752,0.001439523883163929,0.90478515625,0.618896484375,0.024781914427876472
plant_9710,9710,00,9710,depth,0.003513002535328269,0.0017056004144251347,0.0018074021209031343,0.9200439453125,0.673095703125,0.026936421170830727
plant_9710,9710,00,9710,ref,0.000742741278372705,0.0003898181894328445,0.00035292305983603,0.7930908203125,0.242919921875,0.014754367992281914
plant_9711,9711,00,9711,rgb,0.0006096641882322729,0.0003065768978558481,0.0003030872903764248,0.779052734375,0.2060546875,0.014578450471162796
plant_9711,9711,00,9711,depth,0.0007831642287783325,0.0004274369275663048,0.0003557273303158581,0.7781982421875,0.2318115234375,0.014634663239121437
plant_9711,9711,00,9711,ref,0.0005807160632684827,0.000264469301328063,0.0003162467328365892,0.6961669921875,0.214111328125,0.013544014655053616
plant_9723,9723,00,9723,rgb,0.0006189077394083142,0.00026383096701465547,0.0003550767432898283,0.7784423828125,0.2371826171875,0.014755859039723873
plant_9723,9723,00,9723,depth,0.0006993251154199243,0.0003013159439433366,0.000398009258788079,0.802001953125,0.2752685546875,0.015413346700370312
plant_9723,9723,00,9723,ref,0.000790602876804769,0.0002965507737826556,0.000494052073918283,0.759765625,0.3388671875,0.015531020238995552
plant_9724,9724,00,9724,rgb,0.0012683637905865908,0.0007229309994727373,0.0005454327911138535,0.809814453125,0.3697509765625,0.016433900222182274
plant_9724,9724,00,9724,depth,0.0008997294935397804,0.000521759910043329,0.0003779695834964514,0.765869140625,0.265625,0.014846043661236763
plant_9724,9724,00,9724,ref,0.0005374198663048446,0.00022702246496919543,0.00031039738678373396,0.615234375,0.2252197265625,0.012551841326057911
plant_9731,9731,00,9731,rgb,0.0010905552189797163,0.0006643006345257163,0.000426254584454,0.821533203125,0.2791748046875,0.015475383959710598
plant_9731,9731,00,9731,depth,0.0007805346976965666,0.0004730297951027751,0.0003075049025937915,0.7886962890625,0.205078125,0.014799685217440128
plant_9731,9731,00,9731,ref,0.0008332161232829094,0.0004999885568395257,0.00033322759554721415,0.7061767578125,0.2056884765625,0.013583979569375515
plant_9743,9743,00,9743,rgb,0.0009702187962830067,0.0005998777924105525,0.0003703409747686237,0.78857421875,0.2994384765625,0.015529450960457325
plant_9743,9743,00,9743,depth,0.0008699521422386169,0.0005208923248574138,0.0003490597882773727,0.789794921875,0.2684326171875,0.015417186543345451
plant_9743,9743,00,9743,ref,0.0018098538275808096,0.0013138834619894624,0.0004959703655913472,0.9051513671875,0.4234619140625,0.018613362684845924
plant_9748,9748,00,9748,rgb,0.0009476301493123174,0.0004144025733694434,0.000533227575942874,0.756591796875,0.2987060546875,0.014891251921653748
plant_9748,9748,00,9748,depth,0.0010559034999459982,0.0004542744718492031,0.0006016289698891342,0.769775390625,0.353271484375,0.015942277386784554
plant_9748,9748,00,9748,ref,0.0012370336335152388,0.00047371722757816315,0.0007633164059370756,0.884033203125,0.4215087890625,0.01819242164492607
plant_9750,9750,00,9750,rgb,0.0010824280325323343,0.0005781290819868445,0.0005042990087531507,0.8038330078125,0.346923828125,0.01641526259481907
plant_9750,9750,00,9750,depth,0.0013271442148834467,0.0008715736330486834,0.0004555705818347633,0.81884765625,0.323974609375,0.016542432829737663
plant_9750,9750,00,9750,ref,0.001181581523269415,0.0006198022747412324,0.0005617792485281825,0.836669921875,0.390869140625,0.017648769542574883
plant_9761,9761,00,9761,rgb,0.0009610856068320572,0.00043268274748697877,0.0005284028593450785,0.8477783203125,0.4315185546875,0.018302997574210167
plant_9761,9761,00,9761,depth,0.0012847757898271084,0.0005630481173284352,0.0007217277307063341,0.8758544921875,0.5399169921875,0.021186958998441696
plant_9761,9761,00,9761,ref,0.0009676482295617461,0.0004314635880291462,0.0005361846415325999,0.804931640625,0.382080078125,0.017008891329169273
plant_9773,9773,00,9773,rgb,0.0006567365489900112,0.00026328550302423537,0.0003934510750696063,0.731689453125,0.2474365234375,0.013807350769639015
plant_9773,9773,00,9773,depth,0.0008319910848513246,0.0003176135942339897,0.0005143774906173348,0.7469482421875,0.2855224609375,0.014361300505697727
plant_9773,9773,00,9773,ref,0.0008052487974055111,0.0003083809569943696,0.0004968678113073111,0.7584228515625,0.2845458984375,0.014515506103634834
plant_9781,9781,00,9781,rgb,0.0010229027830064297,0.0004391756665427238,0.0005837271455675364,0.81494140625,0.4248046875,0.018000373616814613
plant_9781,9781,00,9781,depth,0.0011490762699395418,0.000532106903847307,0.0006169693660922348,0.82568359375,0.431884765625,0.018271904438734055
plant_9781,9781,00,9781,ref,0.0008214005501940846,0.00030737975612282753,0.0005140207940712571,0.7823486328125,0.3905029296875,0.01720326766371727
plant_9785,9785,00,9785,rgb,0.0021986819338053465,0.0009418870322406292,0.0012567949015647173,0.9442138671875,0.6650390625,0.024999776855111122
plant_9785,9785,00,9785,depth,0.0020092034246772528,0.0009678765200078487,0.001041326904669404,0.9395751953125,0.64794921875,0.02386303059756756
plant_9785,9785,00,9785,ref,0.0014608828350901604,0.0008280616602860391,0.0006328212330117822,0.8958740234375,0.51708984375,0.020374201238155365
plant_9790,9790,00,9790,rgb,0.0008012136677280068,0.00042250912520103157,0.0003787044552154839,0.7386474609375,0.2354736328125,0.01412604283541441
plant_9790,9790,00,9790,depth,0.0014672926627099514,0.0009521833853796124,0.000515109277330339,0.7960205078125,0.2611083984375,0.014698819257318974
plant_9790,9790,00,9790,ref,0.001106205745600164,0.0007272703223861754,0.000378935452317819,0.7352294921875,0.24609375,0.014127908274531364
plant_9794,9794,00,9794,rgb,0.0006052318494766951,0.00030112359672784805,0.00030410828185267746,0.6939697265625,0.1539306640625,0.012902602553367615
plant_9794,9794,00,9794,depth,0.00091123441234231,0.0005096580716781318,0.00040157634066417813,0.768798828125,0.2305908203125,0.014758585952222347
plant_9794,9794,00,9794,ref,0.001193917472846806,0.0006388891488313675,0.0005550283240154386,0.7767333984375,0.3861083984375,0.016673494130373
plant_9795,9795,00,9795,rgb,0.0010319295106455684,0.0004304087196942419,0.000601520761847496,0.8565673828125,0.4969482421875,0.019922707229852676
plant_9795,9795,00,9795,depth,0.001107923686504364,0.00043442510650493205,0.0006734986091032624,0.8548583984375,0.5069580078125,0.020218251273036003
plant_9795,9795,00,9795,ref,0.0018474656390026212,0.0006047784117981791,0.001242687227204442,0.8873291015625,0.6129150390625,0.024453990161418915
plant_9796,9796,00,9796,rgb,0.001315588247962296,0.0006710372399538755,0.0006445510080084205,0.881591796875,0.4580078125,0.01908254250884056
plant_9796,9796,00,9796,depth,0.0018854085355997086,0.0008841780363582075,0.001001230557449162,0.8934326171875,0.5345458984375,0.02092653699219227
plant_9796,9796,00,9796,ref,0.0014362302608788013,0.000543674745131284,0.0008925555157475173,0.8798828125,0.489990234375,0.019731663167476654
plant_9797,9797,00,9797,rgb,0.0007888376130722463,0.0003062050382141024,0.000482632516650483,0.8118896484375,0.3348388671875,0.01618126779794693
plant_9797,9797,00,9797,depth,0.0007094809552654624,0.00027144388877786696,0.0004380370955914259,0.8154296875,0.321044921875,0.01595464162528515
plant_9797,9797,00,9797,ref,0.0005982558941468596,0.00026001539663411677,0.0003382404684089124,0.8011474609375,0.263671875,0.015244802460074425
plant_9800,9800,00,9800,rgb,0.0010193901835009456,0.000526124145835638,0.0004932660376653075,0.845458984375,0.317626953125,0.016211191192269325
plant_9800,9800,00,9800,depth,0.0007137953070923686,0.00039805963751859963,0.00031573569867759943,0.78564453125,0.1876220703125,0.014407520182430744
plant_9800,9800,00,9800,ref,0.0009318348602391779,0.0005015266360715032,0.0004303082241676748,0.8487548828125,0.2984619140625,0.016155220568180084
plant_9807,9807,00,9807,rgb,0.0021728500723838806,0.00077721884008497,0.0013956311158835888,0.921875,0.6439208984375,0.02519655041396618
plant_9807,9807,00,9807,depth,0.0009601917117834091,0.00038482589297927916,0.0005753658479079604,0.8416748046875,0.3929443359375,0.017519906163215637
plant_9807,9807,00,9807,ref,0.0008988142944872379,0.0003315707144793123,0.0005672435509040952,0.7991943359375,0.3740234375,0.016884060576558113
plant_9817,9817,00,9817,rgb,0.003917161375284195,0.0013762046582996845,0.0025409564841538668,0.950927734375,0.6759033203125,0.026601199060678482
plant_9817,9817,00,9817,depth,0.0046419184654951096,0.0023939248640090227,0.002247993601486087,0.94677734375,0.702880859375,0.027533316984772682
plant_9817,9817,00,9817,ref,0.0030033886432647705,0.0014480091631412506,0.00155537948012352,0.935791015625,0.612060546875,0.023235011845827103
plant_9819,9819,00,9819,rgb,0.003512272145599127,0.0021061920560896397,0.0014060800895094872,0.92431640625,0.67724609375,0.02561376430094242
plant_9819,9819,00,9819,depth,0.0029794368892908096,0.0015617988537997007,0.0014176381519064307,0.9288330078125,0.71923828125,0.028254371136426926
plant_9819,9819,00,9819,ref,0.0005164324538782239,0.00027080890140496194,0.0002456235233694315,0.59326171875,0.1585693359375,0.01148519292473793
plant_9822,9822,00,9822,rgb,0.0014460051897913218,0.0004794566775672138,0.0009665484540164471,0.878173828125,0.51708984375,0.020408373326063156
plant_9822,9822,00,9822,depth,0.0013379467418417335,0.00047097032074816525,0.0008669764501973987,0.8597412109375,0.5291748046875,0.02075090818107128
plant_9822,9822,00,9822,ref,0.0007603977574035525,0.00030576688004657626,0.00045463090646080673,0.7596435546875,0.3336181640625,0.016168197616934776
plant_9826,9826,00,9826,rgb,0.001388446893543005,0.0008036623476073146,0.0005847845459356904,0.84716796875,0.3924560546875,0.017498217523097992
plant_9826,9826,00,9826,depth,0.0014946694718673825,0.0008408674621023238,0.0006538019515573978,0.89990234375,0.47314453125,0.019366485998034477
plant_9826,9826,00,9826,ref,0.0005532849463634193,0.0002478782262187451,0.0003054066910408437,0.6966552734375,0.18994140625,0.012954157777130604
plant_9834,9834,00,9834,rgb,0.0005108825280331075,0.0002547318290453404,0.0002561506989877671,0.669921875,0.161865234375,0.012380175292491913
plant_9834,9834,00,9834,depth,0.0005738727049902081,0.00030938893905840814,0.00026448373682796955,0.6429443359375,0.168212890625,0.012173394672572613
plant_9834,9834,00,9834,ref,0.0004932427546009421,0.00023330620024353266,0.00025993658346123993,0.6669921875,0.18359375,0.013234011828899384
plant_9836,9836,00,9836,rgb,0.0013696616515517235,0.000582443259190768,0.0007872184505686164,0.85205078125,0.48681640625,0.01962238736450672
plant_9836,9836,00,9836,depth,0.001019932795315981,0.0005793638993054628,0.00044056883780285716,0.80712890625,0.3153076171875,0.01615247316658497
plant_9836,9836,00,9836,ref,0.0005506125744432211,0.00025606201961636543,0.0002945505839306861,0.5850830078125,0.1859130859375,0.011730761267244816
plant_9849,9849,00,9849,rgb,0.0017263016197830439,0.0009499163716100156,0.0007763851899653673,0.902587890625,0.5753173828125,0.02229616418480873
plant_9849,9849,00,9849,depth,0.0015144387725740671,0.0008387325797230005,0.0006757061346434057,0.9024658203125,0.534912109375,0.020937666296958923
plant_9849,9849,00,9849,ref,0.0014640798326581717,0.000750970677472651,0.0007131090969778597,0.8992919921875,0.51171875,0.02026836946606636
plant_9854,9854,00,9854,rgb,0.0008361503714695573,0.0004603833658620715,0.00037576694739982486,0.7659912109375,0.3079833984375,0.015076255425810814
plant_9854,9854,00,9854,depth,0.0006759347161278129,0.0003691128804348409,0.00030682183569297194,0.7152099609375,0.25927734375,0.013913498260080814
plant_9854,9854,00,9854,ref,0.0006085339700803161,0.00026963624986819923,0.0003388976620044559,0.6982421875,0.2564697265625,0.0137700866907835
plant_9856,9856,00,9856,rgb,0.0012175592128187418,0.0005693747662007809,0.0006481844466179609,0.8232421875,0.4122314453125,0.017512165009975433
plant_9856,9856,00,9856,depth,0.0010884921066462994,0.0005600822623819113,0.0005284098442643881,0.8153076171875,0.3419189453125,0.01644476130604744
plant_9856,9856,00,9856,ref,0.0016990520525723696,0.0007904315716587007,0.0009086206555366516,0.8638916015625,0.4818115234375,0.01952962763607502
plant_9860,9860,00,9860,rgb,0.0010880352929234505,0.0005027716979384422,0.0005852635949850082,0.8538818359375,0.37890625,0.017313526943325996
plant_9860,9860,00,9860,depth,0.0007135983905754983,0.00034703436540439725,0.0003665640251711011,0.8065185546875,0.255126953125,0.015078553929924965
plant_9860,9860,00,9860,ref,0.0006414060480892658,0.00029949459712952375,0.00034191145095974207,0.7552490234375,0.22705078125,0.014540661126375198
plant_9861,9861,00,9861,rgb,0.001336227054707706,0.0007082274532876909,0.0006279996014200151,0.8831787109375,0.471923828125,0.01943616010248661
plant_9861,9861,00,9861,depth,0.0012320317327976227,0.0007103152456693351,0.0005217164871282876,0.8865966796875,0.490966796875,0.01979176327586174
plant_9861,9861,00,9861,ref,0.0013038574252277613,0.000705939601175487,0.0005979177658446133,0.836669921875,0.4920654296875,0.019766245037317276
plant_9869,9869,00,9869,rgb,0.0023311013355851173,0.0014437168138101697,0.0008873846381902695,0.857666015625,0.475341796875,0.01935737393796444
plant_9869,9869,00,9869,depth,0.0024327109567821026,0.0015491645317524672,0.0008835465996526182,0.843505859375,0.452392578125,0.018763046711683273
plant_9869,9869,00,9869,ref,0.0012556000147014856,0.0005188659415580332,0.0007367341313511133,0.8177490234375,0.4178466796875,0.01778961718082428
plant_9872,9872,00,9872,rgb,0.0010532322339713573,0.0006372624775394797,0.00041596987284719944,0.8658447265625,0.33203125,0.016965726390480995
plant_9872,9872,00,9872,depth,0.0015358792152255774,0.001050925231538713,0.0004849538381677121,0.899658203125,0.450927734375,0.019031452015042305
plant_9872,9872,00,9872,ref,0.0014741230988875031,0.0007807716610841453,0.0006933514378033578,0.9105224609375,0.5677490234375,0.021727222949266434
plant_9877,9877,00,9877,rgb,0.0008720923215150833,0.00037646578857675195,0.0004956265911459923,0.8056640625,0.3116455078125,0.015621380880475044
plant_9877,9877,00,9877,depth,0.0010923929512500763,0.00044397273450158536,0.0006484202458523214,0.822998046875,0.359130859375,0.01647670567035675
plant_9877,9877,00,9877,ref,0.001379149965941906,0.0004741419106721878,0.00090500817168504,0.8521728515625,0.5479736328125,0.021821316331624985
plant_9879,9879,00,9879,rgb,0.0025144347455352545,0.001968701835721731,0.0005457327933982015,0.86376953125,0.4090576171875,0.01797207072377205
plant_9879,9879,00,9879,depth,0.0023797033354640007,0.0018815882503986359,0.0004981150268577039,0.8426513671875,0.373779296875,0.017531247809529305
plant_9879,9879,00,9879,ref,0.0007645139703527093,0.0004405090003274381,0.0003240049700252712,0.762451171875,0.2318115234375,0.014155849814414978
plant_9883,9883,00,9883,rgb,0.00162905000615865,0.001206135842949152,0.0004229141923133284,0.850341796875,0.3702392578125,0.017260197550058365
plant_9883,9883,00,9883,depth,0.0016513536684215069,0.0013086781837046146,0.0003426755720283836,0.8355712890625,0.276611328125,0.01586487703025341
plant_9883,9883,00,9883,ref,0.0011123688891530037,0.000776069238781929,0.0003362996503710747,0.79052734375,0.236572265625,0.014279330149292946
plant_9889,9889,00,9889,rgb,0.0028631696477532387,0.0006962095503695309,0.002166959922760725,0.9234619140625,0.6800537109375,0.031788960099220276
plant_9889,9889,00,9889,depth,0.002191442996263504,0.0006194678135216236,0.0015719749499112368,0.9156494140625,0.628173828125,0.026465008035302162
plant_9889,9889,00,9889,ref,0.0014216946437954903,0.0004797740839421749,0.0009419205598533154,0.8675537109375,0.4813232421875,0.019491368904709816
plant_9892,9892,00,9892,rgb,0.001218835124745965,0.000724122510291636,0.0004947126726619899,0.843994140625,0.3697509765625,0.01665935106575489
plant_9892,9892,00,9892,depth,0.0015004994347691536,0.0009323707781732082,0.0005681285983882844,0.86376953125,0.423095703125,0.01819620281457901
plant_9892,9892,00,9892,ref,0.001071690465323627,0.0006593732978217304,0.0004123171966057271,0.83349609375,0.2872314453125,0.015844294801354408
plant_9901,9901,00,9901,rgb,0.0027768102008849382,0.0015694336034357548,0.0012073768302798271,0.8792724609375,0.496826171875,0.019891832023859024
plant_9901,9901,00,9901,depth,0.0027859872207045555,0.0016479541081935167,0.0011380332289263606,0.8946533203125,0.499755859375,0.019986487925052643
plant_9901,9901,00,9901,ref,0.000742373347748071,0.0003472384705673903,0.00039513487718068063,0.6558837890625,0.2294921875,0.012725244276225567
plant_9905,9905,00,9905,rgb,0.0006440278375521302,0.00026400721981190145,0.00038002064684405923,0.7510986328125,0.2403564453125,0.014139547944068909
plant_9905,9905,00,9905,depth,0.000667320447973907,0.0003069167723879218,0.0003604036755859852,0.7545166015625,0.226318359375,0.014042744413018227
plant_9905,9905,00,9905,ref,0.0005455573555082083,0.00026848839479498565,0.0002770689898170531,0.644287109375,0.157958984375,0.012193611823022366
plant_9907,9907,00,9907,rgb,0.003446858376264572,0.002421909011900425,0.001024949480779469,0.8895263671875,0.6463623046875,0.025637906044721603
plant_9907,9907,00,9907,depth,0.003703800495713949,0.0021680411882698536,0.0015357593074440956,0.916015625,0.7052001953125,0.029012279585003853
plant_9907,9907,00,9907,ref,0.00043766817543655634,0.00022213775082491338,0.0002155303955078125,0.5576171875,0.091064453125,0.010806972160935402
plant_9908,9908,00,9908,rgb,0.005045149475336075,0.0033655131701380014,0.0016796361887827516,0.9173583984375,0.5760498046875,0.02220241166651249
plant_9908,9908,00,9908,depth,0.003985133022069931,0.002747657708823681,0.0012374753132462502,0.9193115234375,0.573974609375,0.0219392329454422
plant_9908,9908,00,9908,ref,0.0011728715617209673,0.0006381879793480039,0.0005346835823729634,0.8583984375,0.3486328125,0.016957860440015793
plant_9909,9909,00,9909,rgb,0.00100128841586411,0.0005735084996558726,0.0004277799162082374,0.789794921875,0.2630615234375,0.014750608243048191
plant_9909,9909,00,9909,depth,0.001070199767127633,0.0005805002292618155,0.0004896995960734785,0.793212890625,0.283203125,0.015137814916670322
plant_9909,9909,00,9909,ref,0.0011781626380980015,0.0004583647823892534,0.0007197977975010872,0.8092041015625,0.3275146484375,0.015921056270599365
plant_9915,9915,00,9915,rgb,0.0018990552052855492,0.0011450701858848333,0.0007539849611930549,0.843505859375,0.4390869140625,0.018201835453510284
plant_9915,9915,00,9915,depth,0.0015537815634161234,0.0008667183574289083,0.000687063264194876,0.8592529296875,0.4169921875,0.017962023615837097
plant_9915,9915,00,9915,ref,0.0015532397665083408,0.000888227135874331,0.0006650125724263489,0.8380126953125,0.3797607421875,0.016910608857870102
plant_9931,9931,00,9931,rgb,0.0005424384726211429,0.00030126143246889114,0.0002411769819445908,0.717529296875,0.1390380859375,0.013037780299782753
plant_9931,9931,00,9931,depth,0.0006191831780597568,0.0003482038155198097,0.0002709793916437775,0.7568359375,0.16796875,0.01365845650434494
plant_9931,9931,00,9931,ref,0.00043274968629702926,0.00016854492423590273,0.00026420471840538085,0.754638671875,0.1868896484375,0.013723209500312805
plant_9936,9936,00,9936,rgb,0.000649704597890377,0.0003440098080318421,0.0003056947607547045,0.7265625,0.176513671875,0.01373974233865738
plant_9936,9936,00,9936,depth,0.0020192523952573538,0.001395689439959824,0.0006235630135051906,0.8291015625,0.3590087890625,0.016581673175096512
plant_9936,9936,00,9936,ref,0.0011676228605210781,0.00053683907026425,0.0006307837902568281,0.6959228515625,0.3546142578125,0.014949220232665539
plant_9937,9937,00,9937,rgb,0.006131565198302269,0.003727974370121956,0.002403590362519026,0.9366455078125,0.7745361328125,0.036006636917591095
plant_9937,9937,00,9937,depth,0.002601428423076868,0.0019529579440131783,0.0006484705954790115,0.8792724609375,0.5394287109375,0.02122093364596367
plant_9937,9937,00,9937,ref,0.0032387415412813425,0.002003128407523036,0.0012356131337583065,0.80615234375,0.437255859375,0.017915327101945877
plant_9949,9949,00,9949,rgb,0.003128579119220376,0.0023421975784003735,0.0007863814826123416,0.9244384765625,0.583740234375,0.022034529596567154
plant_9949,9949,00,9949,depth,0.007853269577026367,0.006914591416716576,0.000938678509555757,0.9423828125,0.6640625,0.024204354733228683
plant_9949,9949,00,9949,ref,0.0029672887176275253,0.0019148446153849363,0.0010524439858272672,0.9395751953125,0.6241455078125,0.023220598697662354
plant_9951,9951,00,9951,rgb,0.000801206799224019,0.00041779843741096556,0.0003834084200207144,0.810546875,0.282958984375,0.015361450612545013
plant_9951,9951,00,9951,depth,0.0008388510905206203,0.00043294712668284774,0.00040590399294160306,0.8243408203125,0.3245849609375,0.01628020592033863
plant_9951,9951,00,9951,ref,0.0006243600510060787,0.00031524754012934864,0.0003091125108767301,0.7686767578125,0.2049560546875,0.013953479938209057
plant_9956,9956,00,9956,rgb,0.0005899148527532816,0.0002817179774865508,0.00030819690437056124,0.6903076171875,0.1622314453125,0.01255696453154087
plant_9956,9956,00,9956,depth,0.0005229620728641748,0.00022464498761110008,0.00029831708525307477,0.6962890625,0.1644287109375,0.012875811196863651
plant_9956,9956,00,9956,ref,0.0005815859185531735,0.00024480887805111706,0.00033677706960588694,0.7086181640625,0.202392578125,0.013217577710747719
plant_9957,9957,00,9957,rgb,0.0011485412251204252,0.0004779233131557703,0.000670617853756994,0.849365234375,0.43505859375,0.0180764552205801
plant_9957,9957,00,9957,depth,0.0008407596033066511,0.00040593359153717756,0.000434826040873304,0.8309326171875,0.3328857421875,0.01635420136153698
plant_9957,9957,00,9957,ref,0.0007997808279469609,0.00037282289122231305,0.0004269579076208174,0.7593994140625,0.274169921875,0.015284783206880093
plant_9959,9959,00,9959,rgb,0.0009497644496150315,0.00042206753278151155,0.0005276969168335199,0.7982177734375,0.3218994140625,0.015547527931630611
plant_9959,9959,00,9959,depth,0.0010783241596072912,0.00046376907266676426,0.000614555028732866,0.8275146484375,0.3724365234375,0.01694832742214203
plant_9959,9959,00,9959,ref,0.0007421723566949368,0.0004264535673428327,0.0003157187602482736,0.7470703125,0.22705078125,0.014128927141427994
plant_9960,9960,00,9960,rgb,0.003947803750634193,0.0011268917005509138,0.002820911817252636,0.9141845703125,0.74609375,0.037466634064912796
plant_9960,9960,00,9960,depth,0.003144002053886652,0.0010426209773868322,0.0021013810764998198,0.9049072265625,0.6995849609375,0.031311552971601486
plant_9960,9960,00,9960,ref,0.0015840725973248482,0.0005744180525653064,0.0010096544865518808,0.8695068359375,0.55517578125,0.021698731929063797
plant_9961,9961,00,9961,rgb,0.0008873208425939083,0.0005479687824845314,0.0003393520601093769,0.831787109375,0.2760009765625,0.01578568108379841
plant_9961,9961,00,9961,depth,0.0009479478467255831,0.0005591701483353972,0.0003887776692863554,0.8306884765625,0.3408203125,0.016775688156485558
plant_9961,9961,00,9961,ref,0.0008127086330205202,0.0003611654101405293,0.0004515432519838214,0.747802734375,0.266357421875,0.014478661119937897
plant_9982,9982,00,9982,rgb,0.0008523532305844128,0.00035107610165141523,0.0005012770998291671,0.83447265625,0.352294921875,0.0166338998824358
plant_9982,9982,00,9982,depth,0.0009209368145093322,0.0004887089016847312,0.00043222797103226185,0.838134765625,0.3341064453125,0.016688494011759758
plant_9982,9982,00,9982,ref,0.0012006326578557491,0.0005286131636239588,0.0006720194942317903,0.8619384765625,0.43994140625,0.01850968226790428
plant_9990,9990,00,9990,rgb,0.0018557978328317404,0.001231594942510128,0.0006242028903216124,0.8922119140625,0.42431640625,0.01820676401257515
plant_9990,9990,00,9990,depth,0.0019422023324295878,0.0012497107964009047,0.0006924915360286832,0.8968505859375,0.4552001953125,0.018971072509884834
plant_9990,9990,00,9990,ref,0.0012486909981817007,0.0006476634298451245,0.0006010275683365762,0.835693359375,0.3177490234375,0.01587040163576603
plant_9991,9991,00,9991,rgb,0.002091128844767809,0.0011537494137883186,0.0009373795473948121,0.8924560546875,0.508056640625,0.02022561803460121
plant_9991,9991,00,9991,depth,0.002119434531778097,0.0012682706583291292,0.0008511637570336461,0.9176025390625,0.5887451171875,0.022317446768283844
plant_9991,9991,00,9991,ref,0.0018416354432702065,0.0011286688968539238,0.0007129665464162827,0.9000244140625,0.49755859375,0.019949685782194138
plant_9994,9994,00,9994,rgb,0.0006071986281313002,0.00028583905077539384,0.00032135957735590637,0.650390625,0.225830078125,0.012637949548661709
plant_9994,9994,00,9994,depth,0.0007082019583322108,0.0003420933790039271,0.00036610857932828367,0.6839599609375,0.245361328125,0.013414924964308739
plant_9994,9994,00,9994,ref,0.0005677710869349539,0.00028161396039649844,0.0002861571265384555,0.646240234375,0.2174072265625,0.012805109843611717
plant_9995,9995,00,9995,rgb,0.0007093216991052032,0.000384066574042663,0.00032525515416637063,0.7066650390625,0.211181640625,0.013680127449333668
plant_9995,9995,00,9995,depth,0.000745846948120743,0.00041139964014291763,0.0003344473079778254,0.71240234375,0.2235107421875,0.013585167936980724
plant_9995,9995,00,9995,ref,0.0006513439584523439,0.0003733562771230936,0.0002779876522254199,0.5660400390625,0.175048828125,0.011250107549130917
plant_9996,9996,00,9996,rgb,0.0023117908276617527,0.0011114097433164716,0.0012003809679299593,0.893310546875,0.603759765625,0.023560352623462677
plant_9996,9996,00,9996,depth,0.0028642816469073296,0.0016040276968851686,0.0012602538336068392,0.9100341796875,0.5906982421875,0.022784119471907616
plant_9996,9996,00,9996,ref,0.0046456074342131615,0.00248366454616189,0.002161943120881915,0.93310546875,0.6876220703125,0.02682971954345703
plant_9997,9997,00,9997,rgb,0.0008120762067846954,0.0004883621586486697,0.00032371404813602567,0.7607421875,0.218505859375,0.01425120234489441
plant_9997,9997,00,9997,depth,0.0008934313082136214,0.0005581834702752531,0.0003352478379383683,0.79833984375,0.248291015625,0.01495463028550148
plant_9997,9997,00,9997,ref,0.0007028530235402286,0.00041332628461532295,0.00028952673892490566,0.773193359375,0.164306640625,0.013854202814400196
plant_9999,9999,00,9999,rgb,0.0008051836048252881,0.00041445286478847265,0.0003907307400368154,0.81591796875,0.2744140625,0.01535610668361187
plant_9999,9999,00,9999,depth,0.000824225484393537,0.00042771120206452906,0.0003965142532251775,0.8314208984375,0.28955078125,0.015810465440154076
plant_9999,9999,00,9999,ref,0.0013947405386716127,0.0005709279212169349,0.0008238126174546778,0.824462890625,0.4981689453125,0.01995360665023327
