plant,split,extremeness,rank
0,train,2.9614,0.8210
1,train,2.2869,0.5238
2,train,1.3752,0.0833
3,test,2.4975,0.6332
4,train,1.7026,0.1996
5,train,1.8325,0.2666
6,train,2.3361,0.5503
7,train,2.9150,0.8060
8,test,3.1957,0.8810
9,test,2.2748,0.5172
10,val,4.7354,0.9922
11,val,2.9349,0.8121
12,train,1.4788,0.1136
13,val,2.5186,0.6442
14,train,1.7315,0.2138
15,train,1.0453,0.0222
16,train,1.5242,0.1301
17,val,2.6662,0.7158
18,test,2.3840,0.5756
19,train,1.1979,0.0431
20,train,2.3084,0.5356
21,val,3.2673,0.8942
22,train,1.1230,0.0311
23,train,0.6820,0.0019
24,train,2.4886,0.6289
25,train,1.7613,0.2302
26,val,2.4903,0.6295
27,train,1.4656,0.1087
28,train,2.0798,0.4037
29,val,3.8078,0.9598
30,test,2.1200,0.4271
31,train,1.3309,0.0721
32,train,2.2934,0.5273
33,train,1.0670,0.0247
34,train,1.7076,0.2028
35,train,1.3886,0.0861
36,train,1.6920,0.1963
37,train,2.5981,0.6854
38,train,1.7862,0.2428
39,train,2.4116,0.5896
40,train,1.4263,0.0961
41,val,2.6764,0.7195
42,train,1.7988,0.2497
43,val,3.3504,0.9082
44,test,3.0427,0.8447
45,train,2.3916,0.5801
46,val,2.2374,0.4981
47,train,2.4731,0.6204
48,train,1.9867,0.3502
49,train,1.9160,0.3122
50,train,2.5669,0.6690
51,train,2.5535,0.6612
52,test,2.3546,0.5606
53,train,3.7150,0.9513
54,test,1.2538,0.0527
55,train,1.9454,0.3286
56,train,2.1710,0.4596
57,train,0.8995,0.0091
58,train,3.8627,0.9638
59,train,1.8888,0.2985
60,test,2.2310,0.4946
61,train,1.3088,0.0663
62,train,1.4367,0.1001
63,test,3.8820,0.9653
64,train,2.6147,0.6930
65,test,2.0816,0.4049
66,train,1.7220,0.2086
67,test,3.0259,0.8396
68,train,2.3474,0.5565
69,train,0.8348,0.0059
70,train,1.7609,0.2301
71,train,1.6178,0.1663
72,val,3.6104,0.9417
73,train,1.7453,0.2207
74,test,3.1664,0.8740
75,test,3.6699,0.9472
76,train,1.3189,0.0692
77,train,2.4136,0.5906
78,train,1.2762,0.0579
79,train,1.8827,0.2953
80,val,2.6440,0.7060
81,train,1.5382,0.1345
82,val,2.3195,0.5422
83,val,3.4158,0.9178
84,val,2.1361,0.4353
85,train,2.3336,0.5488
86,train,0.8141,0.0050
87,val,2.3073,0.5349
88,train,2.4759,0.6218
89,train,1.8479,0.2760
90,train,2.0410,0.3820
91,train,1.3935,0.0871
92,test,2.5969,0.6845
93,test,2.7022,0.7307
94,train,1.8448,0.2736
95,train,2.6222,0.6964
96,train,3.8230,0.9610
97,train,1.8455,0.2739
98,train,1.7508,0.2242
99,train,2.0643,0.3939
100,train,3.1352,0.8663
101,train,2.5960,0.6839
102,train,2.3749,0.5704
103,train,1.8207,0.2603
104,val,2.0563,0.3900
105,val,3.5966,0.9403
106,train,2.0275,0.3738
107,train,1.3628,0.0802
108,test,2.8284,0.7763
109,train,2.7830,0.7604
110,test,2.7037,0.7314
111,train,2.6466,0.7076
112,train,2.5035,0.6366
113,train,2.0773,0.4019
114,train,2.1685,0.4575
115,test,3.4450,0.9220
116,val,3.4620,0.9248
117,train,1.4925,0.1175
118,val,2.5255,0.6468
119,test,3.8681,0.9641
120,train,1.0593,0.0240
121,train,2.4633,0.6159
122,test,2.3819,0.5745
123,train,2.9492,0.8159
124,train,2.0352,0.3788
125,val,3.8165,0.9609
126,train,2.1192,0.4266
127,train,3.5701,0.9379
128,train,1.0863,0.0268
129,train,1.8007,0.2507
130,train,2.8850,0.7953
131,train,2.1466,0.4418
132,train,1.6758,0.1895
133,val,3.5519,0.9361
134,train,1.8230,0.2614
135,train,3.7532,0.9546
136,train,2.5635,0.6668
137,train,1.3196,0.0695
138,train,2.0193,0.3687
139,train,0.9217,0.0102
140,train,1.1071,0.0295
141,train,2.0772,0.4017
142,train,2.7251,0.7391
143,train,2.3614,0.5644
144,train,1.3028,0.0644
145,val,2.9504,0.8164
146,train,1.9360,0.3236
147,train,1.8511,0.2779
148,train,1.9162,0.3123
149,train,2.3305,0.5475
150,test,2.2038,0.4792
151,train,1.6884,0.1945
152,train,2.0731,0.3992
153,train,2.0578,0.3910
154,train,2.8066,0.7685
155,train,2.0975,0.4142
156,train,1.4216,0.0947
157,train,3.6855,0.9484
158,train,1.8689,0.2868
159,train,2.1619,0.4529
160,train,1.7217,0.2084
161,train,1.6552,0.1817
162,train,2.2178,0.4866
163,val,2.3793,0.5729
164,train,2.1358,0.4348
165,train,1.7467,0.2216
166,train,1.8726,0.2883
167,train,1.7931,0.2467
168,train,1.6683,0.1869
169,train,2.3348,0.5494
170,train,2.6521,0.7099
171,train,2.1513,0.4444
172,val,2.4571,0.6130
173,train,2.6306,0.6998
174,test,4.6442,0.9911
175,train,2.5181,0.6440
176,test,3.4447,0.9219
177,train,2.3108,0.5373
178,train,1.2856,0.0604
179,test,2.5930,0.6825
180,train,2.0159,0.3666
181,train,2.4333,0.6013
182,train,3.2676,0.8943
183,train,1.9231,0.3166
184,train,1.9814,0.3474
185,train,1.8321,0.2662
186,train,3.2618,0.8923
187,test,3.3863,0.9141
188,train,1.9744,0.3442
189,train,1.7343,0.2152
190,train,1.2816,0.0591
191,train,2.1234,0.4286
192,test,3.1611,0.8730
193,train,1.8638,0.2846
194,val,2.8628,0.7877
195,val,1.6660,0.1861
196,train,2.3296,0.5472
197,val,2.4417,0.6063
198,val,3.2700,0.8949
199,train,1.1668,0.0384
200,val,3.0417,0.8443
201,train,2.3568,0.5621
202,train,1.7703,0.2357
203,train,3.0761,0.8529
204,train,2.3773,0.5721
205,test,2.6109,0.6906
206,train,1.3728,0.0827
207,train,2.4464,0.6087
208,train,1.8658,0.2858
209,train,2.6949,0.7273
210,train,2.1682,0.4572
211,train,2.6544,0.7111
212,train,1.8646,0.2850
213,train,1.6610,0.1838
214,train,1.6573,0.1828
215,train,2.7185,0.7364
216,train,1.8464,0.2747
217,train,1.9149,0.3114
218,train,2.6620,0.7141
219,train,2.6160,0.6936
220,test,3.7598,0.9552
221,val,1.6046,0.1601
222,train,1.8237,0.2615
223,test,2.7310,0.7421
224,train,1.7115,0.2043
225,test,4.0635,0.9754
226,train,2.6675,0.7162
227,train,3.7970,0.9588
228,train,2.3901,0.5792
229,test,3.1613,0.8731
230,train,2.2942,0.5279
231,train,2.5730,0.6721
232,train,1.7640,0.2321
233,train,2.4335,0.6014
234,train,1.6728,0.1887
235,train,2.8837,0.7946
236,train,1.1450,0.0344
237,train,1.7699,0.2352
238,train,2.1532,0.4456
239,train,3.4750,0.9264
240,train,1.7591,0.2289
241,test,3.2045,0.8829
242,test,3.2577,0.8917
243,train,2.1243,0.4289
244,val,3.4703,0.9261
245,train,3.3601,0.9095
246,train,2.1505,0.4442
247,val,4.1979,0.9807
248,train,3.1275,0.8649
249,train,1.0755,0.0255
250,val,3.4864,0.9274
251,train,2.3622,0.5648
252,train,2.0985,0.4150
253,val,2.6237,0.6968
254,train,1.9345,0.3227
255,train,2.1218,0.4280
256,train,3.0993,0.8587
257,train,2.2352,0.4970
258,train,2.8078,0.7690
259,train,1.8704,0.2872
260,train,1.5558,0.1412
261,train,1.9164,0.3126
262,train,3.6247,0.9431
263,train,2.1543,0.4466
264,train,1.2114,0.0448
265,train,1.3644,0.0807
266,train,2.2579,0.5081
267,train,1.7587,0.2288
268,train,1.6480,0.1785
269,train,2.6137,0.6921
270,train,0.9656,0.0137
271,train,2.3781,0.5724
272,test,2.5173,0.6435
273,train,1.4253,0.0959
274,train,2.6299,0.6995
275,val,1.6972,0.1979
276,val,2.4386,0.6038
277,train,2.3427,0.5541
278,val,3.7830,0.9574
279,test,2.8094,0.7696
280,train,2.6949,0.7274
281,val,4.3694,0.9859
282,train,1.9486,0.3304
283,train,3.0359,0.8429
284,train,1.9144,0.3110
285,train,2.4001,0.5852
286,train,2.1621,0.4531
287,val,4.0589,0.9752
288,train,2.4554,0.6120
289,test,2.3997,0.5847
290,train,0.9647,0.0136
291,train,3.8515,0.9630
292,test,2.3497,0.5580
293,train,2.2319,0.4954
294,train,2.9569,0.8191
295,test,3.4496,0.9229
296,train,3.0459,0.8458
297,train,1.7801,0.2395
298,val,4.1504,0.9794
299,test,2.0930,0.4115
300,train,2.0249,0.3721
301,val,2.7169,0.7355
302,val,2.4205,0.5946
303,test,2.5187,0.6443
304,train,2.1890,0.4710
305,train,3.3453,0.9071
306,train,2.5522,0.6605
307,train,1.9882,0.3510
308,test,4.5471,0.9898
309,train,2.6012,0.6867
310,val,3.3171,0.9024
311,train,1.3786,0.0840
312,train,1.2769,0.0581
313,train,1.5107,0.1248
314,train,2.5150,0.6422
315,train,1.9591,0.3356
316,train,2.4839,0.6268
317,train,1.7163,0.2060
318,train,2.8431,0.7816
319,val,2.4640,0.6162
320,train,2.4634,0.6160
321,test,3.4762,0.9266
322,train,1.8406,0.2713
323,train,2.0686,0.3972
324,train,2.9238,0.8095
325,train,2.3402,0.5528
326,train,2.1136,0.4234
327,train,1.7376,0.2168
328,val,3.0742,0.8525
329,train,1.8140,0.2562
330,test,3.6115,0.9419
331,train,1.5327,0.1329
332,train,1.3031,0.0647
333,train,3.9611,0.9702
334,test,3.2347,0.8881
335,train,2.2144,0.4844
336,train,1.8526,0.2788
337,test,3.1699,0.8749
338,test,2.6269,0.6985
339,test,2.4946,0.6313
340,test,2.4593,0.6141
341,val,2.0433,0.3832
342,train,1.4076,0.0908
343,train,2.7411,0.7449
344,train,2.6553,0.7116
345,train,2.5662,0.6686
346,train,2.6606,0.7136
347,test,2.7619,0.7531
348,train,2.5939,0.6829
349,test,1.9948,0.3548
350,val,3.2188,0.8853
351,test,2.8196,0.7730
352,train,1.7495,0.2233
353,train,2.8211,0.7736
354,train,2.2678,0.5136
355,train,1.8927,0.3002
356,val,2.6396,0.7040
357,train,1.8610,0.2828
358,train,2.5005,0.6351
359,train,2.6081,0.6896
360,train,1.2906,0.0614
361,val,2.9828,0.8284
362,train,1.8229,0.2613
363,test,2.3916,0.5800
364,train,1.7579,0.2283
365,train,2.2021,0.4784
366,val,2.8409,0.7811
367,train,1.7192,0.2076
368,train,1.4058,0.0905
369,train,2.2352,0.4970
370,val,3.1563,0.8718
371,test,3.2333,0.8879
372,val,3.8468,0.9626
373,val,4.6191,0.9907
374,train,2.2957,0.5287
375,train,1.1892,0.0417
376,val,3.1206,0.8639
377,train,1.1141,0.0301
378,train,1.2409,0.0498
379,test,3.0000,0.8328
380,train,2.5402,0.6549
381,train,1.9249,0.3178
382,train,2.6058,0.6886
383,test,2.7622,0.7533
384,val,2.4900,0.6294
385,train,1.0950,0.0281
386,train,1.4905,0.1168
387,train,2.3754,0.5710
388,train,2.1545,0.4469
389,train,2.7569,0.7504
390,val,2.2386,0.4987
391,train,3.4598,0.9243
392,train,1.6753,0.1891
393,train,2.1822,0.4669
394,train,1.9369,0.3240
395,train,2.0276,0.3740
396,test,2.1085,0.4210
397,train,0.8109,0.0048
398,train,2.1869,0.4698
399,train,2.0209,0.3696
400,train,2.9019,0.8013
401,train,0.9538,0.0126
402,train,2.4122,0.5900
403,train,3.4195,0.9184
404,train,2.4224,0.5958
405,train,2.3378,0.5513
406,train,1.4271,0.0965
407,train,2.5443,0.6569
408,train,1.9235,0.3168
409,train,1.4671,0.1091
410,train,1.5813,0.1513
411,train,2.0374,0.3802
412,train,1.9176,0.3133
413,train,1.8330,0.2671
414,train,2.3489,0.5576
415,train,2.4979,0.6332
416,train,2.1742,0.4624
417,train,1.4761,0.1125
418,test,2.5294,0.6481
419,val,3.0331,0.8419
420,train,2.3408,0.5531
421,train,2.5907,0.6810
422,train,2.7439,0.7460
423,train,2.4464,0.6088
424,train,1.7096,0.2035
425,val,3.0001,0.8329
426,val,3.3776,0.9127
427,val,2.8964,0.7993
428,train,2.8159,0.7717
429,train,1.1870,0.0413
430,train,1.7171,0.2065
431,train,2.5525,0.6608
432,train,2.5687,0.6700
433,val,1.8789,0.2922
434,train,2.7152,0.7352
435,train,1.1290,0.0320
436,train,1.9212,0.3156
437,val,4.4215,0.9873
438,val,3.2956,0.8987
439,test,2.7858,0.7613
440,train,1.7082,0.2031
441,train,1.8348,0.2681
442,val,3.8629,0.9639
443,train,2.3426,0.5540
444,train,2.4210,0.5950
445,train,2.0983,0.4148
446,train,1.9539,0.3328
447,val,3.1407,0.8675
448,train,1.9910,0.3530
449,train,2.5649,0.6678
450,val,2.6563,0.7119
451,train,2.1270,0.4303
452,val,2.5954,0.6835
453,val,2.8288,0.7766
454,val,2.3747,0.5702
455,train,2.1844,0.4684
456,val,3.1387,0.8673
457,train,1.7798,0.2394
458,test,1.7879,0.2439
459,train,2.5729,0.6720
460,test,3.0340,0.8421
461,train,3.5195,0.9319
462,train,2.1550,0.4475
463,train,3.6827,0.9481
464,train,2.0359,0.3793
465,test,2.8062,0.7684
466,train,1.4302,0.0978
467,val,2.7619,0.7531
468,train,1.8325,0.2666
469,train,3.5143,0.9309
470,train,1.7255,0.2108
471,train,2.3957,0.5820
472,train,1.1555,0.0370
473,val,4.7270,0.9921
474,val,2.3696,0.5676
475,val,2.7429,0.7456
476,test,2.9842,0.8289
477,train,1.2266,0.0471
478,train,2.2987,0.5302
479,train,3.0434,0.8450
480,train,2.8104,0.7699
481,train,1.9658,0.3391
482,train,2.6476,0.7077
483,test,3.0281,0.8403
484,train,1.6585,0.1831
485,test,3.1008,0.8597
486,train,1.7318,0.2141
487,test,2.8694,0.7902
488,train,1.7147,0.2055
489,train,2.5938,0.6828
490,train,1.8203,0.2600
491,train,0.9785,0.0151
492,train,1.1920,0.0419
493,train,2.7515,0.7491
494,train,1.8521,0.2786
495,test,2.6862,0.7238
496,train,2.3093,0.5360
497,train,3.0926,0.8575
498,val,2.3026,0.5322
499,train,3.3318,0.9052
500,train,3.4895,0.9278
501,train,1.6149,0.1651
502,test,1.8772,0.2910
503,train,1.9936,0.3544
504,train,2.1516,0.4447
505,train,2.5020,0.6362
506,train,1.8920,0.2998
507,val,3.4691,0.9259
508,test,1.9240,0.3171
509,train,4.4617,0.9880
510,train,2.5312,0.6498
511,train,1.6855,0.1933
512,train,4.1211,0.9779
513,train,2.5632,0.6666
514,test,3.6688,0.9471
515,train,1.1485,0.0350
516,val,3.3938,0.9153
517,val,2.4167,0.5924
518,val,2.4213,0.5952
519,train,1.7770,0.2383
520,train,0.8358,0.0060
521,test,2.9340,0.8119
522,val,2.3884,0.5781
523,train,2.6528,0.7103
524,train,1.5701,0.1473
525,train,3.0757,0.8527
526,test,4.9480,0.9947
527,test,2.3824,0.5750
528,train,2.0106,0.3634
529,train,2.4120,0.5898
530,train,2.5774,0.6746
531,train,2.2448,0.5018
532,train,1.9980,0.3564
533,val,2.7911,0.7634
534,train,1.4197,0.0941
535,train,1.7662,0.2333
536,val,2.3068,0.5344
537,train,1.9450,0.3285
538,train,1.8821,0.2946
539,test,2.0283,0.3746
540,train,2.1989,0.4762
541,train,2.1553,0.4479
542,train,1.1441,0.0341
543,train,1.9145,0.3111
544,train,2.9738,0.8249
545,train,2.0515,0.3874
546,test,3.6950,0.9491
547,train,1.8883,0.2980
548,train,4.4302,0.9873
549,train,3.1167,0.8628
550,train,1.6447,0.1773
551,train,3.0190,0.8379
552,train,1.4530,0.1051
553,train,1.7431,0.2197
554,test,3.5897,0.9398
555,val,2.8740,0.7915
556,test,3.0890,0.8559
557,val,2.6872,0.7243
558,train,1.4852,0.1153
559,train,1.9196,0.3150
560,train,1.3268,0.0712
561,train,1.9420,0.3271
562,train,1.5598,0.1429
563,train,2.3156,0.5404
564,train,1.4614,0.1079
565,test,2.2215,0.4886
566,train,1.9208,0.3154
567,train,1.8363,0.2688
568,train,2.4318,0.6005
569,val,2.2883,0.5247
570,train,3.0840,0.8547
571,train,1.1461,0.0346
572,test,3.8142,0.9606
573,train,1.9317,0.3211
574,train,2.2375,0.4982
575,train,1.8619,0.2834
576,train,0.9823,0.0157
577,train,1.8381,0.2699
578,train,2.5516,0.6602
579,train,1.7230,0.2095
580,val,2.6265,0.6981
581,train,1.7491,0.2229
582,train,2.1947,0.4737
583,test,2.8813,0.7935
584,val,2.1992,0.4765
585,val,2.7232,0.7381
586,test,1.4996,0.1203
587,val,4.8465,0.9938
588,train,1.9782,0.3458
589,train,1.4878,0.1163
590,train,1.5827,0.1518
591,train,2.2194,0.4873
592,test,1.7776,0.2386
593,train,2.0904,0.4099
594,train,2.0208,0.3696
595,train,1.5987,0.1577
596,train,3.1676,0.8743
597,train,2.0505,0.3867
598,test,2.0227,0.3708
599,test,2.6930,0.7265
600,test,4.0020,0.9722
601,train,1.5436,0.1369
602,val,2.8401,0.7806
603,train,2.0930,0.4116
604,train,1.5127,0.1259
605,train,2.9842,0.8290
606,val,2.2324,0.4956
607,train,0.9015,0.0093
608,test,3.4319,0.9203
609,train,1.7494,0.2233
610,train,2.6217,0.6960
611,train,1.6366,0.1736
612,val,2.9569,0.8191
613,train,2.4294,0.5994
614,train,1.7506,0.2239
615,val,2.7417,0.7451
616,train,2.0302,0.3756
617,train,1.9387,0.3251
618,train,1.9095,0.3091
619,train,1.9573,0.3346
620,test,3.5747,0.9383
621,train,1.5774,0.1497
622,val,3.5347,0.9337
623,train,3.0460,0.8459
624,train,1.2051,0.0439
625,train,1.9305,0.3199
626,train,1.8807,0.2938
627,test,1.8613,0.2830
628,train,2.4069,0.5871
629,test,2.8228,0.7746
630,train,1.0988,0.0284
631,test,1.9822,0.3478
632,val,2.3219,0.5431
633,train,2.4385,0.6037
634,test,2.7309,0.7419
635,train,2.7872,0.7621
636,val,3.0330,0.8419
637,test,2.5595,0.6647
638,train,2.3130,0.5388
639,train,2.4418,0.6064
640,train,1.7934,0.2468
641,train,2.2642,0.5115
642,val,2.4710,0.6195
643,train,1.6650,0.1858
644,train,2.2680,0.5138
645,train,1.6728,0.1887
646,train,2.6910,0.7261
647,train,0.7095,0.0022
648,test,3.2528,0.8913
649,train,3.0737,0.8523
650,train,1.5613,0.1432
651,train,1.6942,0.1970
652,val,2.3587,0.5630
653,train,1.9548,0.3335
654,train,1.7073,0.2024
655,train,2.0718,0.3988
656,train,2.9522,0.8171
657,train,1.3864,0.0855
658,test,3.5855,0.9394
659,train,1.4050,0.0902
660,val,3.9045,0.9671
661,test,2.9325,0.8113
662,val,2.9861,0.8293
663,train,1.6124,0.1640
664,train,1.9811,0.3474
665,train,1.2515,0.0521
666,train,1.9069,0.3069
667,train,1.4865,0.1158
668,train,3.3054,0.9005
669,train,1.0013,0.0173
670,train,1.7644,0.2323
671,train,2.3070,0.5346
672,train,2.3024,0.5319
673,test,2.9747,0.8253
674,train,1.6645,0.1856
675,train,1.5485,0.1384
676,train,2.6166,0.6938
677,train,2.9144,0.8057
678,val,3.7039,0.9500
679,train,2.5346,0.6518
680,train,1.2108,0.0447
681,train,2.0356,0.3791
682,train,3.4809,0.9269
683,train,2.9449,0.8150
684,train,1.8826,0.2950
685,train,2.1353,0.4347
686,train,1.7432,0.2198
687,train,2.8379,0.7796
688,train,1.7636,0.2319
689,train,1.5203,0.1291
690,train,1.9356,0.3234
691,train,1.5512,0.1395
692,train,1.2373,0.0495
693,train,1.7373,0.2165
694,train,1.8884,0.2981
695,test,3.5365,0.9341
696,train,1.5265,0.1305
697,train,2.1706,0.4592
698,train,2.1176,0.4257
699,train,2.0222,0.3704
700,train,1.5785,0.1502
701,val,2.6312,0.7004
702,train,1.9367,0.3238
703,train,1.9976,0.3561
704,test,2.0519,0.3878
705,test,4.0150,0.9727
706,val,3.1608,0.8729
707,val,2.9679,0.8231
708,train,2.0596,0.3916
709,train,1.6401,0.1750
710,train,3.7392,0.9535
711,train,2.1770,0.4642
712,train,1.4844,0.1149
713,train,2.5630,0.6664
714,train,1.3480,0.0765
715,train,2.5132,0.6414
716,train,2.9823,0.8281
717,train,1.3459,0.0760
718,train,2.6450,0.7066
719,train,2.0014,0.3585
720,train,2.1314,0.4327
721,train,2.2892,0.5252
722,train,0.9463,0.0123
723,train,1.2979,0.0632
724,train,1.8564,0.2804
725,train,0.6608,0.0014
726,train,1.3223,0.0701
727,test,1.8560,0.2803
728,train,1.9637,0.3380
729,train,1.9242,0.3172
730,train,2.1315,0.4328
731,test,2.1294,0.4316
732,test,2.8939,0.7985
733,val,2.5919,0.6819
734,train,1.9926,0.3538
735,train,1.4625,0.1081
736,train,1.6893,0.1953
737,val,2.3096,0.5364
738,train,2.1348,0.4344
739,val,1.8637,0.2845
740,val,1.7026,0.1997
741,train,0.9404,0.0115
742,val,3.4926,0.9281
743,val,2.0802,0.4038
744,val,3.2532,0.8915
745,train,1.6524,0.1805
746,train,1.3466,0.0763
747,val,1.7418,0.2186
748,train,1.3151,0.0680
749,train,1.8592,0.2820
750,train,2.5105,0.6399
751,train,2.6758,0.7192
752,train,2.4854,0.6275
753,train,2.2997,0.5304
754,train,2.3495,0.5578
755,test,2.6721,0.7180
756,val,2.7307,0.7417
757,test,3.1763,0.8765
758,train,2.5000,0.6348
759,val,3.2279,0.8871
760,train,1.2366,0.0491
761,test,2.6245,0.6971
762,train,3.3898,0.9149
763,train,2.0448,0.3838
764,train,2.1661,0.4559
765,val,4.0499,0.9744
766,train,2.5870,0.6786
767,train,1.9297,0.3194
768,train,3.8531,0.9631
769,train,2.4940,0.6310
770,train,2.1034,0.4184
771,test,1.8977,0.3028
772,train,2.7472,0.7474
773,train,1.9949,0.3549
774,train,2.0039,0.3601
775,val,2.7885,0.7628
776,test,3.4464,0.9222
777,train,2.0412,0.3821
778,val,2.5747,0.6729
779,train,2.1176,0.4258
780,train,1.8004,0.2505
781,train,1.5604,0.1429
782,train,2.0532,0.3886
783,val,3.8023,0.9591
784,val,2.1050,0.4190
785,train,4.5936,0.9904
786,train,1.7134,0.2049
787,test,1.4927,0.1176
788,test,3.1951,0.8807
789,train,1.8433,0.2726
790,train,1.6424,0.1759
791,test,3.0134,0.8367
792,train,2.1446,0.4406
793,train,2.6600,0.7133
794,train,2.6395,0.7039
795,train,2.3027,0.5325
796,train,2.4778,0.6230
797,train,1.3105,0.0669
798,val,3.6497,0.9454
799,test,1.9021,0.3050
800,train,1.5271,0.1310
801,train,1.9792,0.3463
802,train,2.9579,0.8195
803,val,5.6876,0.9982
804,test,2.3150,0.5400
805,train,2.6362,0.7025
806,val,2.8738,0.7914
807,val,2.3737,0.5696
808,train,3.3075,0.9009
809,train,1.8528,0.2790
810,train,2.3427,0.5540
811,train,1.8479,0.2762
812,train,1.9759,0.3446
813,train,1.3434,0.0752
814,val,2.1291,0.4314
815,val,2.0779,0.4024
816,val,2.9225,0.8090
817,train,1.8249,0.2621
818,train,2.7196,0.7369
819,val,2.6523,0.7102
820,train,2.2624,0.5102
821,train,1.7317,0.2139
822,val,2.7545,0.7500
823,train,2.3842,0.5757
824,train,1.6025,0.1595
825,train,1.8537,0.2793
826,train,2.1906,0.4717
827,train,2.4828,0.6262
828,val,2.0661,0.3956
829,train,2.1664,0.4562
830,val,1.7517,0.2248
831,train,2.2033,0.4788
832,train,2.0805,0.4040
833,test,3.5491,0.9357
834,val,2.2872,0.5240
835,train,1.7353,0.2157
836,val,2.0813,0.4045
837,test,2.8379,0.7795
838,val,3.0315,0.8413
839,train,2.2192,0.4872
840,train,2.9991,0.8325
841,train,2.0132,0.3644
842,train,2.4430,0.6073
843,train,1.5057,0.1219
844,train,1.4952,0.1185
845,train,2.4261,0.5979
846,test,2.2598,0.5088
847,train,3.3345,0.9056
848,train,1.8251,0.2623
849,train,1.1329,0.0323
850,train,3.1889,0.8795
851,train,1.8633,0.2844
852,train,2.4712,0.6196
853,val,2.6839,0.7226
854,test,3.2347,0.8881
855,train,2.0779,0.4022
856,train,1.7245,0.2103
857,train,2.0772,0.4018
858,train,3.1376,0.8668
859,val,2.5894,0.6800
860,train,2.2648,0.5122
861,train,3.3736,0.9123
862,val,2.9092,0.8039
863,val,2.7749,0.7578
864,train,2.2380,0.4984
865,train,2.3678,0.5669
866,train,1.0994,0.0285
867,train,1.6009,0.1586
868,val,2.5402,0.6550
869,train,2.2247,0.4906
870,val,3.6652,0.9467
871,train,1.6710,0.1881
872,train,0.9579,0.0129
873,train,2.5850,0.6772
874,val,2.2527,0.5052
875,train,1.8610,0.2828
876,val,3.3274,0.9041
877,train,2.5663,0.6686
878,train,2.4832,0.6263
879,train,1.6456,0.1777
880,test,1.8536,0.2792
881,train,2.1803,0.4658
882,val,2.4812,0.6254
883,train,1.3263,0.0708
884,val,3.5450,0.9353
885,train,1.4275,0.0966
886,train,3.6479,0.9451
887,train,1.2930,0.0619
888,train,1.7382,0.2171
889,train,3.1411,0.8678
890,train,1.6135,0.1643
891,train,1.2435,0.0507
892,train,1.5735,0.1485
893,test,3.5251,0.9327
894,train,2.2896,0.5254
895,train,1.2603,0.0545
896,train,2.5296,0.6484
897,test,4.1433,0.9791
898,train,1.4271,0.0965
899,train,1.6817,0.1917
900,train,1.4265,0.0962
901,train,2.4148,0.5914
902,train,2.0254,0.3724
903,val,2.4678,0.6176
904,train,3.2007,0.8817
905,train,1.7254,0.2107
906,train,2.0762,0.4010
907,test,3.3235,0.9035
908,train,2.2207,0.4878
909,test,2.4575,0.6133
910,train,1.9368,0.3239
911,test,2.5460,0.6573
912,test,3.0945,0.8579
913,train,1.7728,0.2366
914,test,2.2260,0.4916
915,train,3.2716,0.8951
916,train,1.7836,0.2416
917,train,2.7247,0.7389
918,train,2.4558,0.6121
919,train,1.4683,0.1095
920,train,1.3638,0.0805
921,train,1.0330,0.0207
922,train,1.7792,0.2393
923,train,1.4374,0.1004
924,test,4.3417,0.9848
925,train,2.5922,0.6822
926,train,1.7732,0.2368
927,train,2.1183,0.4260
928,train,1.8491,0.2768
929,val,1.9062,0.3066
930,train,1.7295,0.2127
931,val,2.3012,0.5314
932,train,2.7106,0.7336
933,train,1.5492,0.1389
934,test,2.9145,0.8058
935,train,2.6979,0.7292
936,val,2.3787,0.5726
937,train,2.4315,0.6003
938,train,2.3770,0.5718
939,train,2.4382,0.6036
940,train,1.2231,0.0465
941,train,2.8146,0.7713
942,train,2.5256,0.6469
943,train,2.1967,0.4753
944,test,2.7848,0.7609
945,val,3.2590,0.8919
946,train,2.7775,0.7587
947,train,2.1560,0.4484
948,train,2.5346,0.6518
949,train,1.1541,0.0365
950,train,2.2337,0.4962
951,test,1.8213,0.2607
952,test,2.4504,0.6102
953,test,2.6555,0.7118
954,test,3.1294,0.8653
955,train,1.7312,0.2135
956,train,1.9484,0.3301
957,train,3.1154,0.8627
958,val,2.5255,0.6466
959,train,2.1818,0.4668
960,test,2.8060,0.7682
961,train,2.2657,0.5127
962,val,1.8107,0.2552
963,val,3.6805,0.9481
964,val,2.8668,0.7893
965,val,4.3597,0.9855
966,test,2.1863,0.4695
967,train,1.3645,0.0808
968,train,1.2360,0.0490
969,train,1.3521,0.0774
970,train,2.5600,0.6651
971,train,2.8177,0.7722
972,train,2.6378,0.7032
973,train,2.1063,0.4198
974,train,2.5929,0.6824
975,test,2.5410,0.6555
976,train,0.9649,0.0137
977,train,4.1668,0.9799
978,test,3.2792,0.8961
979,train,2.6216,0.6960
980,train,2.1674,0.4567
981,test,2.5934,0.6826
982,train,1.5088,0.1235
983,train,1.7056,0.2014
984,val,2.3990,0.5843
985,train,2.1052,0.4193
986,train,2.3152,0.5400
987,train,2.6295,0.6994
988,train,1.7175,0.2069
989,train,1.6631,0.1851
990,train,1.4999,0.1206
991,train,1.6231,0.1690
992,train,1.0535,0.0231
993,train,2.6529,0.7104
994,train,2.5155,0.6428
995,test,2.1060,0.4197
996,train,1.2689,0.0562
997,train,2.2225,0.4893
998,train,2.4158,0.5918
999,val,3.0535,0.8475
1000,train,1.6095,0.1621
1001,val,2.2007,0.4773
1002,train,1.6216,0.1683
1003,test,4.2090,0.9809
1004,train,2.1388,0.4372
1005,train,0.7737,0.0038
1006,train,3.3648,0.9103
1007,val,2.0860,0.4075
1008,train,0.7618,0.0036
1009,train,2.0067,0.3613
1010,test,2.6769,0.7199
1011,train,2.9506,0.8165
1012,test,3.1436,0.8685
1013,test,3.7438,0.9537
1014,train,1.9330,0.3218
1015,test,2.5052,0.6374
1016,test,2.5901,0.6806
1017,train,1.6967,0.1977
1018,train,2.1533,0.4457
1019,train,1.7147,0.2055
1020,train,2.0460,0.3844
1021,train,2.2778,0.5190
1022,train,2.3317,0.5479
1023,train,1.8680,0.2865
1024,train,3.0767,0.8531
1025,train,1.3027,0.0643
1026,train,2.5505,0.6595
1027,train,1.8962,0.3022
1028,train,2.2913,0.5262
1029,test,4.3354,0.9846
1030,train,3.2836,0.8969
1031,train,2.5041,0.6368
1032,test,2.1483,0.4430
1033,train,1.5835,0.1522
1034,train,1.8180,0.2586
1035,train,2.1837,0.4678
1036,train,2.7318,0.7424
1037,train,1.5381,0.1343
1038,test,2.1653,0.4550
1039,train,1.7623,0.2309
1040,train,2.0606,0.3922
1041,test,3.3543,0.9089
1042,val,2.6658,0.7156
1043,train,2.3743,0.5700
1044,train,6.4223,0.9992
1045,train,1.5104,0.1243
1046,train,2.1275,0.4305
1047,test,3.0717,0.8521
1048,test,2.7533,0.7496
1049,train,1.7261,0.2111
1050,train,1.6091,0.1620
1051,train,2.7878,0.7625
1052,test,2.7375,0.7438
1053,train,2.9177,0.8071
1054,train,1.1529,0.0361
1055,val,2.8470,0.7828
1056,test,2.6704,0.7174
1057,test,3.1222,0.8639
1058,train,2.9663,0.8226
1059,train,1.9291,0.3191
1060,test,5.5024,0.9979
1061,train,2.9399,0.8138
1062,test,2.9568,0.8190
1063,test,3.1483,0.8698
1064,val,2.1867,0.4697
1065,test,3.4491,0.9227
1066,train,2.0294,0.3750
1067,train,1.5622,0.1437
1068,val,3.2208,0.8861
1069,train,1.3713,0.0822
1070,train,1.7658,0.2331
1071,train,2.3546,0.5609
1072,train,1.9465,0.3289
1073,val,1.8985,0.3032
1074,val,3.2140,0.8847
1075,train,2.2787,0.5194
1076,train,1.7100,0.2037
1077,train,1.9889,0.3516
1078,train,2.0166,0.3669
1079,train,1.8598,0.2822
1080,test,2.5966,0.6842
1081,val,2.5031,0.6365
1082,train,3.1934,0.8803
1083,train,1.3867,0.0857
1084,val,2.7221,0.7378
1085,train,1.4530,0.1050
1086,train,2.1299,0.4318
1087,train,1.9573,0.3347
1088,train,2.7265,0.7399
1089,train,2.7654,0.7547
1090,val,2.0179,0.3678
1091,train,2.2979,0.5298
1092,train,3.0648,0.8502
1093,train,2.1820,0.4668
1094,val,1.9426,0.3274
1095,train,2.0295,0.3753
1096,train,2.2752,0.5176
1097,train,1.7131,0.2047
1098,train,2.4691,0.6183
1099,train,1.0462,0.0223
1100,train,1.7536,0.2257
1101,test,2.3711,0.5682
1102,train,2.2210,0.4880
1103,train,3.3503,0.9081
1104,train,1.7180,0.2071
1105,train,1.8647,0.2851
1106,train,2.8214,0.7738
1107,train,1.8127,0.2558
1108,val,3.2640,0.8932
1109,test,2.6327,0.7010
1110,train,2.2135,0.4838
1111,train,1.4510,0.1043
1112,val,2.6534,0.7106
1113,test,3.2180,0.8853
1114,train,1.4513,0.1045
1115,train,1.7594,0.2291
1116,test,3.7733,0.9565
1117,train,1.4925,0.1174
1118,train,3.6655,0.9469
1119,train,2.6521,0.7100
1120,val,2.7620,0.7532
1121,train,1.7849,0.2421
1122,train,2.1168,0.4254
1123,test,2.8007,0.7661
1124,val,2.1682,0.4572
1125,train,1.9736,0.3437
1126,train,1.6764,0.1899
1127,train,2.0345,0.3784
1128,train,2.0241,0.3714
1129,test,2.5271,0.6475
1130,train,1.7487,0.2227
1131,train,1.5592,0.1424
1132,train,1.7049,0.2009
1133,train,4.0470,0.9743
1134,train,1.1694,0.0390
1135,train,2.2650,0.5122
1136,train,2.1377,0.4362
1137,val,3.1112,0.8621
1138,train,1.9890,0.3516
1139,train,1.7686,0.2345
1140,test,2.9339,0.8119
1141,train,2.1961,0.4748
1142,test,2.9606,0.8205
1143,train,3.5412,0.9349
1144,train,2.6582,0.7125
1145,train,2.3447,0.5554
1146,val,2.5512,0.6598
1147,train,2.7306,0.7416
1148,train,1.8358,0.2684
1149,val,5.1822,0.9967
1150,train,3.4780,0.9268
1151,train,2.7361,0.7436
1152,train,2.5160,0.6430
1153,train,2.7601,0.7518
1154,train,1.5752,0.1493
1155,test,2.9232,0.8093
1156,train,2.3343,0.5492
1157,test,1.8885,0.2983
1158,train,2.4348,0.6022
1159,test,2.1128,0.4233
1160,train,2.2152,0.4850
1161,train,1.7567,0.2272
1162,train,1.0837,0.0265
1163,val,3.5461,0.9355
1164,train,3.2729,0.8953
1165,test,3.7804,0.9571
1166,train,1.3370,0.0734
1167,val,2.2446,0.5016
1168,train,2.1086,0.4211
1169,train,1.4961,0.1193
1170,train,1.7346,0.2153
1171,test,2.4197,0.5940
1172,train,2.3320,0.5483
1173,train,1.6083,0.1617
1174,train,2.5761,0.6736
1175,train,2.2354,0.4972
1176,train,1.6109,0.1630
1177,train,2.5652,0.6681
1178,train,1.2613,0.0546
1179,train,2.4419,0.6066
1180,train,1.7515,0.2247
1181,test,3.1943,0.8805
1182,train,2.1829,0.4670
1183,train,3.8988,0.9667
1184,test,4.0868,0.9767
1185,train,1.8432,0.2724
1186,test,3.3664,0.9107
1187,train,2.0673,0.3964
1188,train,1.8492,0.2768
1189,val,2.2758,0.5179
1190,train,0.9533,0.0125
1191,train,1.5082,0.1231
1192,train,1.8295,0.2652
1193,train,3.5814,0.9389
1194,train,2.2344,0.4967
1195,train,1.7946,0.2477
1196,train,1.9038,0.3056
1197,train,1.7401,0.2177
1198,train,2.6519,0.7097
1199,val,3.1719,0.8756
1200,train,2.5890,0.6795
1201,val,3.4360,0.9209
1202,train,0.9988,0.0168
1203,train,1.9478,0.3297
1204,train,1.5886,0.1547
1205,train,3.3526,0.9086
1206,test,1.9557,0.3340
1207,test,3.3628,0.9100
1208,train,1.6893,0.1953
1209,train,1.2468,0.0514
1210,test,2.7034,0.7311
1211,train,3.1026,0.8599
1212,train,3.3415,0.9065
1213,val,2.6869,0.7242
1214,train,2.0212,0.3698
1215,train,1.8478,0.2758
1216,train,1.5931,0.1565
1217,train,1.7050,0.2010
1218,train,2.1538,0.4460
1219,test,2.9883,0.8299
1220,train,1.8802,0.2932
1221,train,2.2094,0.4813
1222,train,1.7222,0.2087
1223,train,4.3584,0.9855
1224,train,2.6457,0.7074
1225,train,2.1191,0.4266
1226,val,2.6355,0.7020
1227,train,1.7895,0.2447
1228,train,2.6416,0.7048
1229,train,2.3955,0.5818
1230,train,2.5812,0.6757
1231,train,1.8053,0.2522
1232,train,2.1250,0.4291
1233,train,1.3304,0.0720
1234,train,2.6699,0.7172
1235,val,3.2864,0.8973
1236,val,3.4713,0.9261
1237,train,1.0297,0.0203
1238,train,2.6234,0.6967
1239,train,2.5064,0.6383
1240,val,3.8591,0.9634
1241,test,1.5976,0.1573
1242,train,1.8330,0.2672
1243,train,3.1090,0.8617
1244,train,2.4844,0.6272
1245,train,3.1144,0.8625
1246,train,1.6678,0.1868
1247,train,1.7207,0.2083
1248,train,1.5150,0.1267
1249,val,3.2865,0.8975
1250,train,1.3423,0.0749
1251,train,5.4931,0.9977
1252,train,1.9312,0.3207
1253,train,3.9141,0.9675
1254,train,1.8551,0.2798
1255,val,2.7967,0.7655
1256,train,1.5003,0.1207
1257,train,1.8428,0.2722
1258,test,2.9640,0.8219
1259,train,1.5619,0.1435
1260,val,2.6957,0.7276
1261,test,2.0558,0.3896
1262,train,2.4799,0.6244
1263,train,2.5021,0.6362
1264,val,2.5538,0.6613
1265,test,2.9826,0.8282
1266,train,2.4343,0.6019
1267,test,2.7656,0.7549
1268,train,1.1336,0.0325
1269,train,2.3413,0.5534
1270,train,2.7308,0.7418
1271,train,2.1219,0.4280
1272,train,3.5630,0.9374
1273,train,1.9106,0.3094
1274,train,2.4184,0.5932
1275,test,1.8843,0.2960
1276,train,2.7237,0.7385
1277,test,1.8761,0.2904
1278,train,2.3125,0.5384
1279,train,1.6190,0.1671
1280,train,1.5233,0.1296
1281,train,1.2170,0.0456
1282,train,2.0488,0.3860
1283,test,3.4409,0.9214
1284,val,2.2805,0.5206
1285,train,2.9013,0.8009
1286,test,2.2879,0.5245
1287,test,1.9377,0.3243
1288,val,3.5441,0.9352
1289,train,2.8126,0.7708
1290,test,2.4408,0.6055
1291,train,1.9347,0.3229
1292,train,1.8148,0.2568
1293,train,2.0686,0.3972
1294,test,2.5575,0.6636
1295,val,2.8356,0.7785
1296,train,1.1422,0.0339
1297,train,1.5490,0.1387
1298,train,2.0826,0.4055
1299,train,2.5510,0.6598
1300,train,3.0797,0.8541
1301,train,1.7548,0.2263
1302,train,2.0785,0.4027
1303,train,1.5788,0.1503
1304,train,1.2518,0.0523
1305,train,2.3444,0.5553
1306,train,1.5653,0.1449
1307,test,5.4138,0.9975
1308,train,2.2796,0.5200
1309,train,0.9123,0.0097
1310,train,1.7028,0.1998
1311,train,1.2971,0.0629
1312,train,2.4070,0.5873
1313,val,4.2502,0.9825
1314,train,1.3635,0.0805
1315,test,2.9217,0.8088
1316,train,2.1503,0.4440
1317,train,2.6803,0.7215
1318,train,2.0634,0.3935
1319,train,2.1701,0.4586
1320,train,1.1468,0.0347
1321,train,2.3586,0.5629
1322,train,2.3435,0.5544
1323,train,1.3591,0.0793
1324,test,3.0205,0.8383
1325,train,1.0708,0.0251
1326,val,2.2155,0.4851
1327,train,2.0398,0.3816
1328,train,2.1690,0.4577
1329,train,2.7597,0.7513
1330,test,2.7457,0.7469
1331,train,2.3510,0.5588
1332,test,3.1255,0.8645
1333,train,1.9960,0.3554
1334,val,2.5642,0.6672
1335,train,1.7872,0.2433
1336,train,2.2768,0.5184
1337,train,2.1153,0.4246
1338,train,1.9503,0.3310
1339,train,2.5869,0.6785
1340,train,2.6795,0.7212
1341,train,2.2324,0.4957
1342,train,3.7300,0.9528
1343,train,2.1552,0.4478
1344,test,2.0025,0.3594
1345,train,0.6683,0.0016
1346,val,3.5318,0.9333
1347,train,2.8393,0.7803
1348,test,3.1328,0.8657
1349,val,2.2063,0.4801
1350,val,2.5974,0.6848
1351,train,2.2853,0.5228
1352,val,2.2980,0.5298
1353,val,2.5814,0.6758
1354,train,1.4612,0.1077
1355,train,2.0764,0.4012
1356,train,2.2391,0.4989
1357,train,1.0345,0.0209
1358,train,1.5110,0.1249
1359,test,2.2579,0.5082
1360,train,1.1233,0.0312
1361,train,1.2600,0.0544
1362,test,4.4627,0.9881
1363,train,1.7876,0.2435
1364,train,1.9144,0.3110
1365,train,1.1403,0.0333
1366,train,2.1109,0.4225
1367,train,2.1582,0.4506
1368,train,1.8378,0.2694
1369,train,1.4424,0.1021
1370,train,2.6025,0.6872
1371,train,2.0875,0.4083
1372,val,2.9832,0.8286
1373,train,2.0667,0.3958
1374,train,1.8007,0.2508
1375,train,2.1295,0.4316
1376,train,2.5393,0.6546
1377,train,2.1407,0.4384
1378,train,1.9396,0.3256
1379,train,2.2481,0.5032
1380,train,2.0003,0.3581
1381,train,1.5595,0.1426
1382,val,3.6353,0.9438
1383,test,2.2988,0.5302
1384,train,1.9762,0.3448
1385,train,3.1279,0.8651
1386,train,1.8575,0.2808
1387,val,2.3745,0.5701
1388,train,1.4429,0.1022
1389,train,3.4432,0.9217
1390,val,3.0440,0.8452
1391,train,3.1493,0.8702
1392,test,3.7593,0.9551
1393,test,2.9632,0.8216
1394,test,2.5299,0.6486
1395,train,2.0137,0.3648
1396,train,2.1436,0.4397
1397,train,2.5672,0.6692
1398,train,2.2763,0.5181
1399,val,3.3876,0.9145
1400,test,2.3118,0.5378
1401,train,3.3013,0.8997
1402,train,1.6863,0.1935
1403,train,2.5913,0.6813
1404,val,1.9681,0.3409
1405,test,2.3617,0.5646
1406,train,1.7270,0.2117
1407,train,1.3058,0.0656
1408,train,2.2122,0.4829
1409,train,1.5452,0.1375
1410,train,2.4063,0.5869
1411,val,3.2236,0.8864
1412,train,0.9636,0.0135
1413,train,2.1587,0.4510
1414,train,1.6124,0.1639
1415,test,3.4454,0.9221
1416,train,1.9331,0.3218
1417,test,2.6444,0.7064
1418,val,1.9895,0.3520
1419,train,1.1778,0.0404
1420,train,1.4092,0.0915
1421,val,3.1410,0.8677
1422,test,2.3142,0.5395
1423,test,2.4465,0.6088
1424,val,2.6919,0.7264
1425,train,1.0263,0.0197
1426,train,2.2964,0.5292
1427,train,2.3142,0.5394
1428,train,1.7879,0.2439
1429,train,1.2832,0.0597
1430,train,2.9629,0.8215
1431,train,1.5192,0.1283
1432,train,1.2096,0.0445
1433,test,3.4606,0.9246
1434,val,2.6638,0.7147
1435,train,1.5617,0.1434
1436,test,2.5990,0.6856
1437,train,1.6860,0.1934
1438,test,2.1880,0.4703
1439,test,2.9203,0.8082
1440,train,1.8717,0.2879
1441,train,4.2568,0.9827
1442,train,1.7476,0.2219
1443,train,2.4657,0.6168
1444,train,2.0639,0.3938
1445,train,2.3511,0.5589
1446,train,1.8878,0.2977
1447,train,0.8489,0.0066
1448,train,2.8484,0.7835
1449,train,1.7874,0.2433
1450,train,1.8462,0.2746
1451,train,0.8191,0.0053
1452,val,2.9788,0.8270
1453,train,1.8691,0.2868
1454,val,3.5039,0.9297
1455,train,1.8787,0.2918
1456,train,1.9420,0.3270
1457,train,2.5760,0.6736
1458,train,1.8479,0.2760
1459,train,2.6267,0.6983
1460,train,0.8575,0.0069
1461,train,2.6858,0.7236
1462,val,2.4942,0.6312
1463,train,2.0177,0.3675
1464,train,1.8901,0.2989
1465,train,1.5085,0.1233
1466,train,1.8306,0.2656
1467,train,1.6055,0.1606
1468,test,2.3699,0.5678
1469,val,2.1953,0.4742
1470,train,2.2625,0.5102
1471,train,3.7214,0.9519
1472,train,3.7188,0.9516
1473,test,4.0734,0.9761
1474,train,1.6002,0.1583
1475,val,2.1592,0.4516
1476,train,1.4602,0.1075
1477,train,2.9527,0.8173
1478,val,2.4165,0.5922
1479,val,4.2447,0.9821
1480,train,1.7508,0.2241
1481,val,2.8955,0.7992
1482,train,1.9741,0.3441
1483,test,4.7044,0.9917
1484,train,1.1794,0.0405
1485,train,1.6235,0.1691
1486,train,3.7193,0.9517
1487,train,1.9320,0.3212
1488,train,2.1689,0.4576
1489,train,1.8263,0.2630
1490,train,1.2551,0.0529
1491,train,2.8978,0.7998
1492,train,2.6895,0.7252
1493,test,2.8403,0.7808
1494,train,2.6023,0.6870
1495,test,3.2714,0.8951
1496,train,2.5434,0.6563
1497,train,2.6219,0.6963
1498,val,2.8162,0.7718
1499,train,1.5523,0.1399
1500,train,1.8906,0.2993
1501,train,4.0555,0.9747
1502,test,2.2911,0.5261
1503,train,1.8902,0.2990
1504,val,3.1379,0.8669
1505,test,2.7021,0.7306
1506,val,2.9354,0.8123
1507,train,1.9302,0.3197
1508,val,2.2237,0.4899
1509,test,3.2944,0.8983
1510,train,1.8202,0.2597
1511,test,2.3220,0.5432
1512,train,2.3487,0.5574
1513,train,1.4251,0.0958
1514,val,3.8613,0.9637
1515,train,1.5338,0.1332
1516,train,1.4090,0.0915
1517,train,1.6303,0.1715
1518,val,2.5697,0.6710
1519,val,2.3072,0.5348
1520,train,2.3139,0.5392
1521,train,2.3060,0.5337
1522,test,2.7194,0.7368
1523,test,3.5065,0.9299
1524,val,2.8660,0.7891
1525,train,1.8708,0.2874
1526,train,2.7280,0.7405
1527,test,2.8945,0.7989
1528,test,2.5523,0.6606
1529,val,2.8257,0.7755
1530,train,3.6747,0.9477
1531,train,2.1748,0.4628
1532,train,1.4128,0.0926
1533,train,4.0128,0.9726
1534,val,2.4138,0.5908
1535,train,2.0333,0.3776
1536,train,2.5565,0.6632
1537,train,1.9954,0.3552
1538,train,2.3591,0.5632
1539,train,2.7513,0.7490
1540,train,1.9628,0.3372
1541,train,1.1627,0.0381
1542,train,1.2985,0.0634
1543,train,1.6506,0.1795
1544,train,1.6852,0.1931
1545,train,1.6583,0.1830
1546,test,3.2734,0.8953
1547,val,2.7300,0.7414
1548,train,1.9308,0.3202
1549,train,2.6693,0.7171
1550,test,2.9055,0.8025
1551,train,1.5086,0.1234
1552,test,2.1917,0.4722
1553,test,2.5182,0.6440
1554,test,4.2443,0.9821
1555,train,3.5820,0.9390
1556,train,1.9965,0.3556
1557,train,1.9541,0.3330
1558,train,1.8556,0.2800
1559,train,3.1588,0.8723
1560,test,3.0877,0.8555
1561,train,2.0115,0.3637
1562,val,2.9463,0.8153
1563,train,3.2409,0.8894
1564,test,3.5154,0.9311
1565,train,1.8004,0.2506
1566,train,2.3813,0.5742
1567,train,2.1507,0.4442
1568,train,1.9098,0.3092
1569,train,2.4536,0.6112
1570,val,2.7309,0.7420
1571,test,2.3493,0.5577
1572,train,2.1311,0.4324
1573,train,2.8218,0.7741
1574,train,1.7409,0.2181
1575,test,2.4504,0.6101
1576,val,1.9062,0.3066
1577,train,1.0448,0.0221
1578,test,5.3698,0.9973
1579,train,3.2435,0.8900
1580,train,2.6037,0.6876
1581,test,1.7232,0.2097
1582,train,2.2858,0.5231
1583,test,1.8782,0.2915
1584,train,1.6139,0.1645
1585,train,2.1000,0.4162
1586,test,2.1707,0.4593
1587,train,1.5767,0.1495
1588,train,1.7183,0.2073
1589,test,2.3378,0.5512
1590,val,2.2221,0.4891
1591,train,2.4663,0.6170
1592,train,1.8141,0.2565
1593,train,1.7919,0.2459
1594,train,1.7886,0.2443
1595,train,3.1340,0.8661
1596,train,2.3365,0.5506
1597,val,2.5594,0.6646
1598,train,1.7553,0.2266
1599,train,2.5515,0.6600
1600,train,2.5688,0.6704
1601,train,4.7989,0.9934
1602,train,1.7968,0.2485
1603,train,1.4217,0.0948
1604,train,1.8346,0.2679
1605,train,2.1557,0.4482
1606,train,1.7981,0.2491
1607,train,2.6138,0.6922
1608,train,3.9606,0.9701
1609,test,2.4285,0.5988
1610,val,1.9467,0.3291
1611,val,2.3884,0.5782
1612,val,2.3817,0.5744
1613,train,1.7387,0.2173
1614,train,3.0384,0.8435
1615,train,2.1835,0.4675
1616,test,3.8663,0.9639
1617,train,2.4096,0.5886
1618,train,1.8896,0.2986
1619,train,1.2753,0.0576
1620,train,2.1734,0.4615
1621,train,2.2693,0.5143
1622,train,1.9697,0.3417
1623,test,2.1565,0.4487
1624,val,2.6423,0.7052
1625,val,4.2764,0.9831
1626,train,0.6706,0.0017
1627,train,2.3753,0.5708
1628,train,2.3507,0.5586
1629,train,2.1693,0.4580
1630,test,2.4449,0.6082
1631,train,2.2302,0.4942
1632,test,2.0815,0.4048
1633,train,3.4531,0.9235
1634,train,1.3548,0.0782
1635,test,4.3504,0.9852
1636,test,2.3316,0.5478
1637,test,2.2955,0.5286
1638,train,2.7165,0.7354
1639,val,2.4372,0.6032
1640,test,4.0886,0.9768
1641,val,2.8605,0.7870
1642,val,2.7014,0.7304
1643,test,2.0805,0.4042
1644,train,2.5726,0.6720
1645,train,0.8913,0.0087
1646,train,3.2353,0.8883
1647,val,3.2360,0.8885
1648,train,1.8202,0.2598
1649,train,2.3742,0.5699
1650,train,1.4580,0.1069
1651,train,2.1344,0.4340
1652,train,2.4968,0.6326
1653,train,1.7314,0.2137
1654,train,2.6457,0.7073
1655,train,0.8885,0.0085
1656,train,2.4037,0.5863
1657,val,2.1843,0.4682
1658,val,2.1253,0.4294
1659,train,1.9651,0.3389
1660,train,1.7535,0.2257
1661,test,2.8298,0.7768
1662,test,2.4570,0.6128
1663,train,1.9117,0.3102
1664,val,3.1100,0.8619
1665,test,3.2331,0.8879
1666,train,2.3882,0.5780
1667,train,2.2294,0.4936
1668,train,3.5222,0.9323
1669,train,1.5737,0.1487
1670,train,1.5234,0.1298
1671,val,3.2924,0.8981
1672,train,1.7295,0.2127
1673,train,2.2021,0.4782
1674,test,2.9803,0.8278
1675,train,1.9078,0.3078
1676,train,1.8048,0.2519
1677,train,1.7908,0.2454
1678,val,4.0054,0.9724
1679,train,1.5015,0.1209
1680,test,2.0261,0.3730
1681,test,2.6044,0.6880
1682,test,3.9884,0.9718
1683,train,1.9473,0.3294
1684,train,3.1078,0.8613
1685,train,2.1975,0.4756
1686,train,1.9511,0.3313
1687,val,2.1849,0.4686
1688,train,0.9740,0.0145
1689,train,1.3868,0.0858
1690,val,2.2143,0.4843
1691,train,2.1091,0.4214
1692,train,1.8503,0.2776
1693,train,1.6305,0.1717
1694,train,1.7698,0.2351
1695,train,2.4839,0.6269
1696,train,2.5670,0.6692
1697,val,3.0462,0.8460
1698,train,2.3387,0.5518
1699,train,2.1739,0.4620
1700,train,1.8226,0.2611
1701,train,2.7502,0.7486
1702,train,1.1722,0.0394
1703,train,1.7734,0.2369
1704,test,3.2007,0.8818
1705,train,2.3232,0.5439
1706,train,2.8367,0.7788
1707,val,2.7268,0.7400
1708,train,1.8709,0.2875
1709,val,2.5521,0.6604
1710,train,1.6365,0.1735
1711,train,2.2439,0.5014
1712,test,3.2801,0.8963
1713,train,0.9885,0.0160
1714,train,2.5914,0.6814
1715,train,2.1996,0.4767
1716,train,3.5186,0.9317
1717,val,3.2985,0.8991
1718,train,2.6721,0.7181
1719,train,2.7190,0.7366
1720,train,1.5870,0.1540
1721,train,0.7680,0.0037
1722,train,1.7911,0.2455
1723,test,2.5636,0.6669
1724,train,3.0614,0.8491
1725,train,2.3960,0.5824
1726,train,1.7053,0.2012
1727,train,2.1312,0.4325
1728,test,2.1824,0.4670
1729,train,1.4260,0.0961
1730,val,3.3880,0.9147
1731,train,2.5264,0.6472
1732,val,2.5232,0.6456
1733,train,1.9030,0.3052
1734,train,2.4158,0.5919
1735,test,2.3666,0.5662
1736,train,1.5489,0.1387
1737,train,1.7683,0.2343
1738,train,2.2411,0.4996
1739,val,2.6450,0.7066
1740,test,2.1142,0.4240
1741,test,2.2442,0.5014
1742,train,2.5368,0.6533
1743,val,3.0761,0.8529
1744,train,1.3795,0.0841
1745,train,1.6347,0.1729
1746,train,2.2549,0.5066
1747,train,1.8621,0.2836
1748,train,1.1377,0.0330
1749,train,1.1671,0.0386
1750,train,2.0898,0.4094
1751,train,1.8920,0.2998
1752,train,1.6427,0.1761
1753,train,1.1186,0.0305
1754,train,4.0008,0.9721
1755,train,2.4422,0.6068
1756,train,2.4780,0.6235
1757,train,2.0530,0.3884
1758,train,1.0270,0.0199
1759,test,1.9832,0.3483
1760,train,2.5858,0.6779
1761,train,2.6441,0.7062
1762,train,1.3454,0.0757
1763,test,4.5419,0.9897
1764,train,2.0651,0.3946
1765,train,2.4311,0.6002
1766,train,2.9955,0.8315
1767,train,2.5101,0.6398
1768,train,1.2203,0.0463
1769,test,3.3352,0.9058
1770,train,1.4245,0.0952
1771,train,2.6002,0.6863
1772,train,1.5088,0.1235
1773,train,2.2577,0.5080
1774,test,3.8284,0.9612
1775,test,2.4974,0.6331
1776,train,1.9091,0.3086
1777,val,3.3287,0.9043
1778,train,2.7003,0.7299
1779,val,4.0438,0.9743
1780,test,4.5302,0.9895
1781,train,2.1379,0.4366
1782,val,2.6219,0.6962
1783,test,2.4114,0.5894
1784,test,2.0266,0.3734
1785,val,3.6585,0.9461
1786,val,3.6244,0.9429
1787,train,1.3647,0.0809
1788,val,2.5003,0.6349
1789,train,2.2122,0.4830
1790,test,2.4294,0.5995
1791,train,1.9020,0.3050
1792,val,4.1960,0.9806
1793,train,2.2561,0.5075
1794,train,1.3527,0.0776
1795,val,2.3959,0.5821
1796,train,2.4769,0.6222
1797,test,1.9334,0.3220
1798,train,2.4962,0.6323
1799,train,2.8106,0.7700
1800,val,2.2290,0.4932
1801,train,2.5250,0.6462
1802,train,1.3651,0.0811
1803,train,2.4496,0.6099
1804,train,2.1932,0.4731
1805,train,2.8226,0.7745
1806,train,1.2314,0.0482
1807,train,1.5078,0.1231
1808,train,2.0916,0.4105
1809,train,2.7203,0.7371
1810,test,2.5767,0.6740
1811,train,2.2004,0.4771
1812,train,2.3156,0.5404
1813,train,2.7800,0.7596
1814,train,2.8996,0.8002
1815,train,3.2044,0.8829
1816,train,1.7584,0.2286
1817,train,1.1524,0.0360
1818,train,2.5214,0.6451
1819,train,2.0932,0.4118
1820,train,2.5292,0.6480
1821,train,1.8447,0.2734
1822,train,2.0747,0.4004
1823,train,2.1516,0.4446
1824,train,2.0018,0.3590
1825,train,2.3005,0.5307
1826,train,2.9073,0.8032
1827,train,1.6164,0.1660
1828,train,1.7300,0.2131
1829,val,3.6888,0.9486
1830,val,2.4374,0.6033
1831,train,2.1922,0.4725
1832,train,0.7448,0.0031
1833,train,1.9729,0.3433
1834,train,2.1492,0.4434
1835,train,2.4962,0.6324
1836,test,2.3079,0.5353
1837,test,3.1087,0.8616
1838,train,2.6077,0.6892
1839,train,1.5447,0.1372
1840,train,1.5625,0.1439
1841,test,3.3173,0.9025
1842,train,2.3570,0.5622
1843,train,1.5700,0.1471
1844,test,3.2156,0.8850
1845,train,3.4732,0.9263
1846,train,1.9535,0.3326
1847,train,2.4792,0.6240
1848,train,2.3950,0.5816
1849,train,2.2359,0.4976
1850,train,2.1775,0.4645
1851,train,1.7143,0.2052
1852,train,1.3857,0.0853
1853,test,3.2982,0.8991
1854,test,2.8851,0.7953
1855,train,2.5118,0.6406
1856,train,1.8391,0.2708
1857,train,2.1254,0.4295
1858,val,1.8092,0.2543
1859,test,2.5547,0.6621
1860,test,2.5817,0.6759
1861,train,2.0231,0.3711
1862,val,3.1585,0.8723
1863,val,3.4006,0.9165
1864,val,1.9517,0.3316
1865,train,1.0095,0.0180
1866,test,2.8258,0.7755
1867,test,3.7275,0.9525
1868,test,2.6622,0.7142
1869,train,2.5853,0.6775
1870,train,2.4979,0.6333
1871,train,2.0117,0.3638
1872,val,2.8032,0.7673
1873,train,3.0688,0.8511
1874,train,2.7894,0.7629
1875,train,1.0034,0.0175
1876,train,3.6628,0.9465
1877,train,1.9922,0.3537
1878,test,2.3757,0.5711
1879,val,2.4896,0.6292
1880,val,3.9254,0.9681
1881,train,1.9691,0.3414
1882,train,1.6720,0.1883
1883,train,2.8524,0.7847
1884,train,0.8271,0.0056
1885,test,3.7350,0.9533
1886,train,0.9760,0.0147
1887,test,2.9748,0.8253
1888,train,1.8303,0.2655
1889,train,1.5106,0.1247
1890,train,2.0053,0.3607
1891,train,2.1145,0.4242
1892,train,3.8608,0.9637
1893,test,2.9008,0.8007
1894,train,0.9136,0.0098
1895,train,0.9324,0.0108
1896,train,2.7065,0.7326
1897,test,2.2488,0.5037
1898,test,2.6872,0.7242
1899,train,2.2248,0.4908
1900,train,1.5258,0.1303
1901,train,2.5006,0.6353
1902,val,2.9892,0.8303
1903,val,1.9305,0.3201
1904,train,1.7561,0.2269
1905,train,2.0166,0.3670
1906,test,2.8233,0.7747
1907,val,2.5491,0.6590
1908,train,3.6735,0.9475
1909,val,2.7376,0.7440
1910,train,2.7647,0.7545
1911,val,2.6591,0.7129
1912,train,2.0466,0.3846
1913,train,2.1728,0.4613
1914,test,2.5583,0.6640
1915,train,1.8640,0.2847
1916,test,4.1895,0.9805
1917,train,1.0718,0.0252
1918,train,2.7234,0.7382
1919,train,1.0088,0.0179
1920,train,1.6416,0.1755
1921,train,2.6350,0.7018
1922,val,2.6357,0.7021
1923,train,0.9936,0.0164
1924,train,1.9382,0.3248
1925,train,2.5589,0.6642
1926,train,2.6510,0.7093
1927,val,2.9051,0.8023
1928,test,2.1985,0.4760
1929,train,1.6509,0.1799
1930,train,2.1001,0.4164
1931,train,2.1196,0.4268
1932,test,2.2035,0.4789
1933,train,1.6951,0.1974
1934,train,1.6138,0.1644
1935,train,1.7416,0.2183
1936,train,2.9230,0.8092
1937,train,2.0668,0.3961
1938,test,2.2841,0.5225
1939,train,2.6863,0.7240
1940,train,1.4801,0.1140
1941,train,1.3245,0.0705
1942,train,1.3422,0.0747
1943,train,2.4389,0.6039
1944,train,1.3530,0.0777
1945,test,3.4280,0.9200
1946,train,1.4734,0.1114
1947,test,2.8645,0.7884
1948,train,1.8787,0.2920
1949,train,1.4353,0.0996
1950,train,0.5637,0.0006
1951,test,2.8689,0.7899
1952,train,2.8653,0.7888
1953,train,1.9840,0.3488
1954,train,2.0969,0.4138
1955,train,3.6393,0.9443
1956,train,1.7341,0.2151
1957,train,2.2021,0.4783
1958,train,1.7151,0.2057
1959,train,1.7258,0.2109
1960,train,0.7774,0.0039
1961,val,2.3389,0.5520
1962,train,2.5672,0.6693
1963,val,3.0840,0.8549
1964,train,1.0626,0.0245
1965,train,1.6642,0.1855
1966,train,1.4593,0.1073
1967,train,2.1094,0.4217
1968,val,2.8345,0.7782
1969,train,2.5573,0.6635
1970,test,2.2326,0.4960
1971,val,2.2722,0.5157
1972,train,1.6598,0.1835
1973,train,1.1555,0.0371
1974,test,2.4349,0.6022
1975,train,2.4534,0.6111
1976,train,2.4890,0.6291
1977,train,1.9869,0.3504
1978,train,2.1517,0.4448
1979,train,2.2698,0.5144
1980,train,3.1048,0.8607
1981,train,2.8317,0.7776
1982,val,1.6461,0.1778
1983,val,2.6638,0.7146
1984,train,1.7144,0.2053
1985,train,2.5006,0.6354
1986,train,1.2585,0.0541
1987,val,2.8959,0.7993
1988,val,2.5322,0.6504
1989,train,2.4711,0.6196
1990,train,1.8555,0.2799
1991,train,1.7606,0.2299
1992,train,1.7723,0.2365
1993,val,4.0031,0.9723
1994,train,2.1650,0.4547
1995,val,2.7728,0.7571
1996,train,2.3502,0.5584
1997,train,1.4094,0.0916
1998,train,4.4811,0.9885
1999,train,3.0892,0.8561
2000,train,1.7962,0.2483
2001,train,1.9825,0.3479
2002,val,3.8465,0.9625
2003,train,4.2476,0.9824
2004,test,2.9585,0.8198
2005,train,1.4287,0.0974
2006,train,1.9910,0.3529
2007,train,1.7509,0.2243
2008,train,3.0527,0.8471
2009,val,2.1832,0.4673
2010,train,1.0825,0.0263
2011,val,3.7382,0.9535
2012,val,2.9943,0.8313
2013,train,1.8637,0.2846
2014,train,1.9446,0.3283
2015,train,1.7401,0.2178
2016,train,1.5526,0.1401
2017,train,2.0785,0.4028
2018,test,4.5141,0.9892
2019,train,3.1702,0.8751
2020,val,2.8310,0.7773
2021,train,1.1184,0.0305
2022,test,2.7640,0.7540
2023,train,2.7427,0.7455
2024,train,2.7312,0.7423
2025,train,1.9992,0.3574
2026,test,3.7874,0.9579
2027,train,1.4391,0.1011
2028,val,2.2413,0.4996
2029,val,2.4226,0.5962
2030,train,1.2278,0.0474
2031,val,2.3593,0.5632
2032,train,2.4452,0.6084
2033,train,1.8270,0.2634
2034,train,1.8083,0.2538
2035,train,4.2697,0.9830
2036,train,1.2919,0.0617
2037,train,0.9750,0.0147
2038,train,1.7223,0.2089
2039,train,1.4524,0.1047
2040,train,1.4665,0.1089
2041,train,2.3751,0.5706
2042,train,3.5904,0.9399
2043,train,3.9083,0.9675
2044,train,3.4993,0.9290
2045,train,2.1234,0.4286
2046,train,1.6899,0.1955
2047,test,2.9203,0.8083
2048,train,2.3898,0.5789
2049,train,2.3610,0.5640
2050,train,1.5843,0.1529
2051,train,1.4851,0.1153
2052,train,1.6777,0.1905
2053,val,3.0506,0.8467
2054,test,2.4015,0.5857
2055,train,2.3906,0.5795
2056,train,2.2235,0.4898
2057,train,2.2208,0.4878
2058,val,2.4076,0.5876
2059,train,2.5881,0.6790
2060,val,2.9955,0.8315
2061,train,2.4298,0.5997
2062,train,1.9705,0.3419
2063,train,1.4078,0.0909
2064,train,1.4869,0.1159
2065,val,2.6953,0.7276
2066,val,2.8063,0.7685
2067,train,1.4396,0.1013
2068,test,3.0999,0.8593
2069,train,1.2421,0.0503
2070,train,1.7526,0.2252
2071,val,2.7077,0.7328
2072,train,1.6146,0.1649
2073,test,2.4399,0.6046
2074,train,1.5907,0.1555
2075,train,1.8768,0.2908
2076,val,2.2205,0.4876
2077,test,2.8300,0.7770
2078,val,3.9643,0.9703
2079,train,3.2933,0.8983
2080,train,1.6471,0.1781
2081,val,2.5647,0.6675
2082,train,2.1582,0.4504
2083,test,2.1602,0.4522
2084,test,3.8895,0.9659
2085,train,1.0447,0.0220
2086,train,2.2885,0.5249
2087,val,3.3009,0.8996
2088,train,2.3095,0.5362
2089,train,2.6801,0.7214
2090,train,1.9154,0.3118
2091,test,2.5306,0.6490
2092,train,1.7157,0.2059
2093,val,2.6336,0.7013
2094,train,1.8613,0.2830
2095,test,2.6498,0.7086
2096,test,2.5913,0.6814
2097,train,1.0773,0.0258
2098,train,1.9725,0.3431
2099,val,2.8079,0.7691
2100,train,1.8827,0.2952
2101,train,1.7499,0.2235
2102,val,2.2187,0.4869
2103,train,1.2597,0.0543
2104,train,2.5567,0.6633
2105,train,1.6866,0.1939
2106,train,2.2293,0.4934
2107,test,2.4412,0.6058
2108,train,2.1832,0.4674
2109,train,1.5239,0.1299
2110,test,1.9075,0.3076
2111,val,3.4229,0.9190
2112,train,2.6002,0.6862
2113,test,3.1419,0.8682
2114,train,2.5979,0.6852
2115,train,1.7865,0.2430
2116,test,2.4592,0.6140
2117,train,2.4173,0.5928
2118,train,1.5654,0.1451
2119,train,1.7821,0.2403
2120,train,2.2190,0.4871
2121,train,1.9440,0.3280
2122,train,1.8444,0.2733
2123,train,2.0831,0.4060
2124,test,2.6361,0.7024
2125,train,1.7231,0.2095
2126,train,4.1599,0.9796
2127,test,3.1462,0.8693
2128,train,1.6242,0.1695
2129,train,2.2336,0.4961
2130,test,3.5169,0.9313
2131,train,2.3137,0.5390
2132,train,2.2247,0.4907
2133,train,2.7782,0.7590
2134,train,1.9989,0.3572
2135,train,2.8875,0.7961
2136,train,1.6590,0.1832
2137,test,3.8759,0.9649
2138,train,1.9783,0.3459
2139,train,1.6157,0.1655
2140,train,3.0109,0.8359
2141,test,2.5084,0.6390
2142,train,0.8636,0.0072
2143,train,2.4319,0.6007
2144,train,1.5721,0.1479
2145,val,3.0692,0.8513
2146,train,2.3804,0.5735
2147,train,2.8449,0.7822
2148,train,2.6943,0.7269
2149,val,3.2744,0.8955
2150,test,2.3930,0.5810
2151,train,1.2821,0.0593
2152,test,2.7183,0.7362
2153,test,2.9435,0.8147
2154,train,2.5486,0.6586
2155,train,1.6657,0.1860
2156,test,3.2746,0.8955
2157,test,2.4214,0.5954
2158,train,0.6082,0.0010
2159,train,1.7953,0.2479
2160,val,3.6419,0.9446
2161,train,3.4291,0.9201
2162,train,1.6479,0.1784
2163,val,2.3064,0.5342
2164,train,1.7575,0.2279
2165,train,3.7813,0.9573
2166,val,2.5484,0.6586
2167,test,2.3696,0.5676
2168,train,1.8013,0.2510
2169,train,1.2241,0.0468
2170,test,3.3340,0.9055
2171,train,1.5594,0.1425
2172,train,1.5371,0.1341
2173,train,2.2726,0.5158
2174,train,1.4085,0.0911
2175,train,1.9594,0.3358
2176,train,2.4245,0.5969
2177,train,2.4929,0.6307
2178,test,2.6738,0.7184
2179,val,2.7970,0.7655
2180,train,2.0192,0.3685
2181,train,2.0165,0.3668
2182,train,1.6812,0.1915
2183,train,2.0829,0.4056
2184,train,2.1112,0.4226
2185,test,3.8687,0.9643
2186,train,2.6389,0.7037
2187,train,2.4626,0.6154
2188,val,3.1377,0.8669
2189,val,2.6720,0.7180
2190,train,1.8721,0.2882
2191,train,1.7698,0.2351
2192,train,3.2992,0.8993
2193,val,2.9425,0.8143
2194,train,2.4709,0.6194
2195,train,2.6252,0.6974
2196,train,1.6911,0.1959
2197,val,1.8045,0.2518
2198,test,3.1055,0.8609
2199,test,2.7238,0.7387
2200,val,2.6118,0.6910
2201,train,2.0517,0.3874
2202,val,2.7963,0.7653
2203,train,1.9059,0.3065
2204,train,1.9709,0.3424
2205,val,3.2309,0.8876
2206,train,2.3615,0.5644
2207,test,3.4517,0.9233
2208,val,3.5090,0.9301
2209,val,2.3765,0.5716
2210,train,1.9421,0.3272
2211,train,2.0991,0.4154
2212,train,2.3811,0.5739
2213,val,2.4734,0.6205
2214,train,1.8528,0.2789
2215,train,1.8404,0.2712
2216,train,2.3496,0.5579
2217,val,2.4422,0.6069
2218,train,2.2749,0.5174
2219,train,1.5928,0.1563
2220,train,2.4687,0.6182
2221,train,2.5513,0.6599
2222,train,2.7101,0.7335
2223,test,2.7683,0.7557
2224,test,2.4421,0.6067
2225,test,3.0137,0.8369
2226,train,3.2260,0.8867
2227,train,1.6959,0.1975
2228,train,2.3187,0.5416
2229,val,2.9680,0.8231
2230,train,2.5367,0.6532
2231,train,1.4238,0.0951
2232,train,1.6815,0.1915
2233,train,2.3081,0.5354
2234,train,1.7823,0.2405
2235,train,1.4348,0.0995
2236,val,2.1004,0.4168
2237,test,2.5809,0.6756
2238,test,2.6516,0.7095
2239,train,1.8369,0.2690
2240,train,2.1335,0.4336
2241,train,3.0433,0.8449
2242,val,2.4776,0.6228
2243,train,2.5596,0.6648
2244,train,1.0207,0.0191
2245,val,3.6992,0.9496
2246,test,3.2392,0.8891
2247,val,2.4779,0.6232
2248,train,1.6627,0.1849
2249,train,1.5931,0.1565
2250,train,1.9075,0.3076
2251,train,1.7477,0.2221
2252,test,2.3750,0.5705
2253,train,3.3092,0.9010
2254,test,4.7160,0.9919
2255,val,1.9997,0.3576
2256,val,1.9072,0.3071
2257,train,1.4344,0.0994
2258,train,2.7104,0.7336
2259,val,2.0483,0.3855
2260,train,2.9527,0.8173
2261,train,1.5275,0.1313
2262,train,1.9507,0.3312
2263,val,3.8946,0.9665
2264,train,1.3189,0.0693
2265,train,1.3516,0.0773
2266,train,2.7001,0.7297
2267,test,3.6339,0.9437
2268,train,2.1956,0.4743
2269,train,1.5896,0.1550
2270,train,2.5364,0.6530
2271,train,1.9537,0.3327
2272,test,2.9392,0.8135
2273,test,2.8551,0.7855
2274,train,2.3601,0.5634
2275,test,2.4012,0.5855
2276,train,2.3630,0.5652
2277,val,2.1953,0.4742
2278,train,2.5412,0.6557
2279,train,2.1754,0.4631
2280,train,1.0863,0.0269
2281,train,2.1145,0.4242
2282,train,1.5060,0.1222
2283,train,1.7824,0.2406
2284,test,2.1575,0.4496
2285,test,3.9685,0.9709
2286,test,2.3267,0.5456
2287,test,3.2603,0.8921
2288,train,2.0236,0.3712
2289,train,0.7583,0.0035
2290,train,1.6004,0.1583
2291,val,2.5267,0.6474
2292,val,3.0836,0.8546
2293,train,1.2172,0.0457
2294,train,1.1994,0.0432
2295,train,1.8390,0.2706
2296,val,3.0533,0.8473
2297,train,2.3144,0.5396
2298,test,3.4210,0.9185
2299,test,5.0961,0.9963
2300,test,1.7277,0.2121
2301,test,1.6011,0.1587
2302,val,2.4303,0.5998
2303,train,2.0487,0.3858
2304,train,1.2958,0.0625
2305,train,4.2730,0.9831
2306,train,2.1551,0.4476
2307,test,2.3497,0.5582
2308,train,1.9560,0.3342
2309,val,1.8864,0.2969
2310,train,1.7906,0.2452
2311,train,2.5425,0.6559
2312,test,4.3499,0.9851
2313,train,2.3201,0.5423
2314,val,2.3094,0.5361
2315,train,1.1229,0.0311
2316,val,2.0571,0.3905
2317,train,1.3302,0.0719
2318,train,2.6691,0.7170
2319,train,1.5820,0.1515
2320,train,1.9155,0.3119
2321,train,1.7513,0.2245
2322,train,2.3760,0.5712
2323,train,3.2129,0.8844
2324,train,2.4235,0.5966
2325,train,2.0865,0.4079
2326,train,1.1002,0.0287
2327,train,1.9524,0.3320
2328,test,2.8178,0.7723
2329,train,2.0228,0.3709
2330,train,2.3508,0.5587
2331,train,1.1623,0.0381
2332,test,2.6311,0.7002
2333,test,3.6354,0.9439
2334,val,1.9543,0.3332
2335,train,1.7203,0.2080
2336,train,2.5353,0.6523
2337,train,1.9691,0.3414
2338,train,3.2752,0.8956
2339,train,1.3956,0.0880
2340,val,3.2648,0.8936
2341,train,2.9079,0.8035
2342,train,1.4716,0.1107
2343,train,3.4513,0.9232
2344,test,4.8439,0.9937
2345,train,3.0321,0.8414
2346,train,1.8494,0.2770
2347,train,2.1840,0.4682
2348,train,1.9407,0.3260
2349,train,1.8732,0.2888
2350,train,1.9072,0.3073
2351,train,2.1615,0.4528
2352,train,1.8510,0.2778
2353,train,1.2532,0.0527
2354,train,2.0988,0.4152
2355,train,2.5347,0.6520
2356,val,3.2353,0.8883
2357,val,3.4216,0.9187
2358,train,2.6484,0.7082
2359,train,2.9179,0.8073
2360,train,1.1607,0.0379
2361,train,1.4185,0.0936
2362,test,2.9793,0.8273
2363,train,1.9857,0.3498
2364,train,1.7166,0.2063
2365,train,1.7503,0.2237
2366,val,2.1181,0.4258
2367,test,2.6985,0.7296
2368,train,1.9697,0.3418
2369,train,1.8153,0.2570
2370,train,3.7186,0.9515
2371,train,2.0631,0.3934
2372,train,2.0724,0.3989
2373,train,1.2220,0.0464
2374,test,2.8344,0.7781
2375,val,2.4982,0.6336
2376,train,1.2171,0.0457
2377,train,3.0830,0.8545
2378,train,1.9484,0.3300
2379,train,1.5958,0.1569
2380,train,2.1766,0.4639
2381,train,2.0154,0.3662
2382,val,3.0341,0.8421
2383,test,2.3317,0.5480
2384,train,1.3894,0.0863
2385,train,2.3801,0.5734
2386,test,2.4857,0.6277
2387,train,2.5384,0.6541
2388,val,2.5519,0.6604
2389,train,2.5461,0.6574
2390,train,2.9904,0.8307
2391,train,2.5059,0.6378
2392,train,4.0023,0.9723
2393,val,2.3321,0.5484
2394,train,1.5419,0.1360
2395,train,2.1655,0.4554
2396,val,3.9566,0.9698
2397,train,2.5193,0.6444
2398,train,1.9913,0.3530
2399,train,2.9338,0.8118
2400,train,1.4620,0.1081
2401,val,4.7031,0.9917
2402,train,2.8445,0.7821
2403,test,2.9122,0.8049
2404,train,2.0960,0.4134
2405,train,2.2294,0.4935
2406,train,1.6992,0.1983
2407,train,0.8554,0.0069
2408,val,2.4837,0.6266
2409,train,3.5360,0.9339
2410,train,2.3657,0.5660
2411,train,2.1809,0.4662
2412,train,2.4696,0.6190
2413,train,2.3129,0.5386
2414,train,1.1036,0.0291
2415,train,1.5274,0.1311
2416,train,1.5105,0.1245
2417,test,3.0785,0.8537
2418,val,3.7723,0.9561
2419,test,2.5563,0.6628
2420,val,2.8507,0.7841
2421,test,2.8898,0.7969
2422,test,2.7474,0.7476
2423,train,1.9465,0.3290
2424,train,2.1469,0.4422
2425,val,3.6686,0.9471
2426,train,2.1695,0.4582
2427,test,2.5856,0.6778
2428,test,3.2699,0.8949
2429,train,1.7548,0.2263
2430,train,2.6571,0.7122
2431,train,4.9902,0.9953
2432,train,2.6184,0.6947
2433,val,2.1454,0.4409
2434,train,2.1483,0.4431
2435,train,1.7513,0.2244
2436,val,2.9571,0.8192
2437,train,2.6819,0.7218
2438,train,2.3568,0.5620
2439,train,1.7100,0.2037
2440,val,2.4948,0.6314
2441,train,2.4614,0.6149
2442,train,1.7659,0.2332
2443,train,1.6039,0.1599
2444,test,2.8598,0.7868
2445,val,2.3810,0.5737
2446,train,2.1050,0.4191
2447,val,3.5722,0.9380
2448,test,4.4167,0.9871
2449,train,1.6316,0.1721
2450,val,2.4885,0.6288
2451,train,2.2221,0.4892
2452,val,2.1580,0.4502
2453,train,1.7994,0.2502
2454,test,2.2051,0.4797
2455,train,1.7422,0.2189
2456,train,2.3959,0.5822
2457,train,1.8576,0.2808
2458,train,1.8211,0.2606
2459,test,3.1578,0.8722
2460,test,3.9570,0.9699
2461,val,2.4809,0.6251
2462,train,3.0918,0.8572
2463,train,2.3863,0.5770
2464,train,1.7884,0.2441
2465,train,1.7850,0.2422
2466,train,2.5787,0.6750
2467,train,2.2453,0.5018
2468,val,4.0809,0.9766
2469,train,1.5740,0.1488
2470,train,1.3356,0.0731
2471,test,3.0920,0.8573
2472,val,3.0885,0.8558
2473,val,2.1568,0.4488
2474,train,2.1290,0.4312
2475,val,2.0438,0.3833
2476,train,1.1123,0.0298
2477,train,2.2126,0.4834
2478,train,2.1961,0.4747
2479,test,2.2659,0.5128
2480,test,3.5414,0.9349
2481,val,3.0740,0.8524
2482,train,2.8999,0.8004
2483,train,2.8536,0.7850
2484,train,1.9186,0.3140
2485,val,2.3790,0.5728
2486,train,1.7324,0.2143
2487,train,1.9801,0.3469
2488,train,1.5312,0.1325
2489,train,3.0553,0.8477
2490,train,3.3670,0.9109
2491,test,2.3293,0.5469
2492,val,3.2618,0.8923
2493,train,1.6519,0.1801
2494,train,1.9162,0.3124
2495,train,1.3915,0.0867
2496,train,1.9602,0.3360
2497,train,2.7099,0.7334
2498,train,2.4472,0.6093
2499,train,1.4216,0.0947
2500,test,3.2968,0.8989
2501,train,1.7973,0.2487
2502,train,2.2628,0.5104
2503,train,3.0062,0.8345
2504,train,1.3536,0.0780
2505,train,1.9052,0.3064
2506,test,2.8739,0.7915
2507,train,2.8510,0.7843
2508,test,2.7872,0.7621
2509,test,3.3867,0.9143
2510,train,2.0341,0.3781
2511,val,2.9762,0.8258
2512,train,3.8264,0.9611
2513,train,2.3687,0.5672
2514,val,2.9248,0.8096
2515,train,2.2706,0.5148
2516,train,2.4041,0.5864
2517,train,1.0825,0.0263
2518,train,1.8359,0.2684
2519,train,1.9518,0.3318
2520,val,2.1757,0.4635
2521,train,2.6384,0.7036
2522,train,2.7784,0.7591
2523,test,2.1313,0.4326
2524,train,2.5769,0.6741
2525,train,2.4523,0.6106
2526,train,2.5106,0.6400
2527,train,3.7528,0.9545
2528,test,3.3758,0.9127
2529,train,1.4353,0.0995
2530,test,3.2518,0.8911
2531,test,2.6903,0.7257
2532,train,2.2224,0.4892
2533,test,2.3060,0.5338
2534,train,1.7304,0.2133
2535,train,2.6823,0.7222
2536,train,2.4643,0.6164
2537,test,2.3580,0.5626
2538,test,3.0196,0.8379
2539,train,2.4743,0.6211
2540,train,0.5864,0.0008
2541,test,2.0532,0.3886
2542,val,3.4605,0.9245
2543,train,2.0390,0.3811
2544,train,1.5307,0.1323
2545,val,2.4843,0.6271
2546,train,1.3373,0.0735
2547,train,2.2398,0.4992
2548,train,1.8866,0.2970
2549,test,2.4859,0.6279
2550,train,2.9532,0.8176
2551,train,1.7376,0.2167
2552,train,2.1365,0.4357
2553,train,2.2024,0.4784
2554,test,3.9719,0.9712
2555,train,1.9992,0.3575
2556,train,3.3511,0.9084
2557,test,4.9568,0.9949
2558,train,0.9554,0.0127
2559,train,1.3462,0.0761
2560,test,3.5896,0.9397
2561,train,2.3030,0.5327
2562,test,2.8474,0.7830
2563,train,1.4580,0.1069
2564,train,2.7744,0.7576
2565,train,2.0444,0.3836
2566,train,1.3337,0.0728
2567,test,2.3100,0.5370
2568,train,2.2158,0.4854
2569,train,3.3273,0.9040
2570,train,2.2217,0.4886
2571,train,1.8652,0.2854
2572,train,1.6685,0.1871
2573,train,1.8282,0.2640
2574,train,1.8356,0.2682
2575,train,0.9414,0.0117
2576,train,2.8814,0.7936
2577,val,2.5384,0.6542
2578,val,2.1207,0.4274
2579,val,5.8857,0.9987
2580,train,1.5059,0.1221
2581,train,2.3234,0.5440
2582,train,1.5809,0.1511
2583,train,1.9066,0.3068
2584,train,1.8237,0.2616
2585,test,3.0403,0.8439
2586,train,1.2914,0.0616
2587,train,1.2275,0.0473
2588,train,1.7335,0.2147
2589,val,2.2148,0.4848
2590,train,1.6912,0.1962
2591,val,2.9986,0.8324
2592,train,2.9622,0.8212
2593,val,2.3860,0.5768
2594,train,2.2278,0.4924
2595,train,2.5225,0.6453
2596,train,1.0130,0.0182
2597,train,2.3811,0.5740
2598,train,2.9474,0.8156
2599,train,2.0918,0.4106
2600,train,1.4765,0.1128
2601,train,2.8921,0.7977
2602,test,3.5993,0.9407
2603,val,2.6144,0.6926
2604,val,2.5435,0.6564
2605,train,1.6183,0.1667
2606,train,1.6203,0.1677
2607,val,2.9202,0.8081
2608,val,1.8333,0.2674
2609,train,1.4746,0.1118
2610,val,3.4146,0.9177
2611,val,2.5581,0.6640
2612,train,1.6058,0.1607
2613,train,1.6927,0.1965
2614,val,2.9673,0.8229
2615,train,2.3487,0.5575
2616,test,2.9450,0.8151
2617,val,3.1731,0.8759
2618,train,2.5255,0.6468
2619,train,1.6218,0.1684
2620,val,3.2518,0.8911
2621,train,2.5898,0.6805
2622,train,2.2918,0.5264
2623,train,1.9977,0.3562
2624,train,1.7732,0.2367
2625,train,2.8643,0.7883
2626,val,1.6836,0.1924
2627,train,2.1217,0.4278
2628,test,3.0454,0.8457
2629,test,4.0071,0.9725
2630,train,2.5707,0.6713
2631,train,2.0353,0.3790
2632,train,1.4736,0.1115
2633,train,2.0865,0.4078
2634,val,2.1230,0.4282
2635,train,1.7227,0.2093
2636,val,2.4234,0.5966
2637,train,2.9600,0.8202
2638,train,1.7582,0.2285
2639,train,1.3770,0.0837
2640,test,2.4673,0.6174
2641,train,2.3612,0.5643
2642,val,3.4662,0.9255
2643,train,3.3325,0.9053
2644,test,2.4694,0.6187
2645,train,1.3340,0.0729
2646,test,2.4327,0.6010
2647,train,2.8813,0.7935
2648,train,2.9031,0.8019
2649,val,2.1298,0.4318
2650,train,1.6799,0.1912
2651,val,2.1150,0.4244
2652,val,2.2274,0.4922
2653,val,2.2796,0.5199
2654,train,1.6440,0.1769
2655,test,2.8721,0.7910
2656,val,2.0706,0.3982
2657,train,1.1306,0.0321
2658,val,2.5687,0.6700
2659,train,2.3964,0.5826
2660,val,3.1408,0.8675
2661,train,2.3984,0.5839
2662,test,2.4495,0.6098
2663,train,1.5430,0.1365
2664,train,1.9666,0.3396
2665,train,1.8094,0.2546
2666,train,1.4405,0.1015
2667,train,2.4706,0.6194
2668,train,1.0239,0.0195
2669,val,2.0715,0.3986
2670,test,3.4672,0.9257
2671,train,2.8141,0.7711
2672,train,1.5413,0.1359
2673,test,2.6794,0.7211
2674,val,4.7417,0.9925
2675,train,2.5734,0.6724
2676,train,1.8576,0.2809
2677,val,3.6007,0.9409
2678,train,1.5313,0.1325
2679,train,3.1072,0.8612
2680,train,3.4471,0.9223
2681,train,1.9576,0.3351
2682,train,1.4958,0.1189
2683,train,2.1738,0.4620
2684,train,2.8765,0.7923
2685,train,1.8567,0.2805
2686,train,1.9907,0.3527
2687,val,3.2079,0.8835
2688,train,1.5338,0.1333
2689,val,2.6399,0.7042
2690,train,2.5265,0.6473
2691,train,3.1881,0.8793
2692,test,4.9138,0.9945
2693,test,2.8240,0.7749
2694,val,2.1876,0.4702
2695,train,2.5144,0.6420
2696,train,2.7115,0.7338
2697,val,2.5784,0.6748
2698,train,1.2704,0.0567
2699,train,1.5824,0.1516
2700,train,1.9430,0.3276
2701,val,2.8832,0.7944
2702,val,5.0164,0.9955
2703,train,2.2824,0.5215
2704,val,1.9478,0.3298
2705,train,1.3455,0.0759
2706,val,3.2662,0.8939
2707,val,2.4697,0.6190
2708,train,3.3008,0.8995
2709,train,3.8991,0.9667
2710,val,2.5998,0.6861
2711,train,2.2693,0.5142
2712,train,3.4278,0.9199
2713,train,1.6348,0.1729
2714,train,2.2221,0.4890
2715,val,2.9079,0.8035
2716,train,1.5553,0.1409
2717,train,1.9527,0.3320
2718,test,2.7767,0.7585
2719,train,1.7533,0.2255
2720,train,2.8931,0.7981
2721,val,2.8025,0.7668
2722,test,3.9217,0.9680
2723,train,1.3190,0.0693
2724,train,2.3061,0.5338
2725,train,1.6949,0.1973
2726,val,2.3747,0.5703
2727,train,1.3685,0.0815
2728,train,2.3136,0.5390
2729,train,2.1674,0.4566
2730,train,1.3965,0.0883
2731,train,2.8096,0.7697
2732,train,1.4037,0.0897
2733,train,1.9480,0.3299
2734,val,3.6602,0.9463
2735,train,1.5722,0.1480
2736,train,2.2205,0.4877
2737,test,4.0374,0.9739
2738,train,1.7447,0.2205
2739,val,2.7080,0.7330
2740,test,2.9039,0.8020
2741,val,2.9253,0.8097
2742,train,2.5345,0.6517
2743,train,1.5898,0.1551
2744,train,1.3002,0.0639
2745,train,2.7029,0.7309
2746,train,1.8250,0.2622
2747,train,3.7828,0.9573
2748,train,3.0358,0.8428
2749,val,2.4653,0.6165
2750,test,2.4737,0.6208
2751,train,2.4207,0.5948
2752,test,2.6328,0.7010
2753,val,4.7385,0.9924
2754,val,2.3440,0.5548
2755,train,1.7118,0.2044
2756,train,1.7863,0.2429
2757,train,2.1792,0.4652
2758,test,2.6756,0.7192
2759,test,2.0152,0.3660
2760,train,1.9618,0.3367
2761,val,3.5905,0.9400
2762,test,3.0562,0.8479
2763,train,1.8094,0.2546
2764,train,1.3101,0.0667
2765,train,1.6781,0.1907
2766,train,3.5232,0.9324
2767,train,1.6159,0.1657
2768,val,3.3960,0.9157
2769,val,2.4589,0.6139
2770,train,1.5125,0.1257
2771,val,2.6432,0.7057
2772,train,2.1575,0.4498
2773,train,2.5143,0.6420
2774,train,2.5321,0.6502
2775,train,1.9989,0.3571
2776,train,2.5073,0.6386
2777,train,2.3517,0.5593
2778,test,3.1174,0.8631
2779,train,1.7893,0.2447
2780,train,4.3252,0.9842
2781,train,2.2367,0.4976
2782,val,2.2861,0.5234
2783,train,1.8961,0.3021
2784,train,2.6972,0.7286
2785,test,2.9759,0.8256
2786,test,2.6846,0.7229
2787,train,1.9157,0.3120
2788,train,1.7291,0.2125
2789,train,2.3979,0.5835
2790,test,2.1911,0.4719
2791,train,1.4879,0.1163
2792,train,2.1832,0.4672
2793,train,1.6674,0.1867
2794,train,1.1021,0.0288
2795,train,2.4246,0.5970
2796,train,2.1523,0.4453
2797,val,3.2678,0.8945
2798,train,1.6446,0.1773
2799,val,3.1797,0.8773
2800,test,2.2941,0.5277
2801,train,1.8328,0.2668
2802,val,2.6030,0.6873
2803,val,3.4249,0.9193
2804,train,1.5381,0.1343
2805,val,1.8734,0.2890
2806,test,3.7730,0.9563
2807,train,1.9531,0.3323
2808,train,2.6167,0.6940
2809,train,1.7508,0.2240
2810,val,5.0571,0.9961
2811,test,2.8087,0.7695
2812,train,2.6488,0.7084
2813,train,1.9895,0.3520
2814,train,2.0428,0.3828
2815,test,2.3272,0.5459
2816,train,2.7506,0.7487
2817,train,2.4402,0.6048
2818,train,2.0285,0.3747
2819,train,1.5768,0.1496
2820,val,2.6901,0.7255
2821,train,1.8979,0.3028
2822,train,3.8162,0.9607
2823,train,1.2830,0.0595
2824,train,1.1472,0.0349
2825,test,3.2429,0.8899
2826,train,1.3957,0.0881
2827,train,3.2401,0.8893
2828,train,1.7627,0.2313
2829,train,1.4764,0.1127
2830,train,0.8343,0.0059
2831,train,1.1029,0.0290
2832,train,1.8993,0.3036
2833,test,3.4987,0.9289
2834,train,1.7358,0.2159
2835,test,2.1800,0.4656
2836,train,2.2641,0.5114
2837,train,0.9589,0.0130
2838,train,1.8369,0.2691
2839,train,3.5221,0.9322
2840,train,2.1577,0.4500
2841,train,2.2257,0.4911
2842,train,2.9107,0.8043
2843,train,1.8876,0.2976
2844,train,2.6606,0.7137
2845,train,1.8767,0.2908
2846,train,2.1770,0.4642
2847,train,2.0597,0.3917
2848,test,2.4745,0.6212
2849,train,2.3245,0.5444
2850,train,3.7962,0.9587
2851,val,3.6919,0.9489
2852,train,2.2545,0.5065
2853,train,1.2372,0.0495
2854,train,2.0835,0.4061
2855,val,2.3399,0.5526
2856,train,1.4312,0.0982
2857,test,2.5231,0.6455
2858,val,1.6071,0.1613
2859,val,4.7393,0.9925
2860,val,3.3683,0.9112
2861,train,2.3435,0.5545
2862,train,3.5199,0.9319
2863,train,1.2722,0.0572
2864,val,3.5234,0.9325
2865,train,2.2734,0.5163
2866,train,1.8020,0.2511
2867,train,1.2344,0.0487
2868,train,1.7427,0.2194
2869,test,3.2640,0.8931
2870,test,2.4622,0.6152
2871,train,2.2885,0.5248
2872,train,2.1053,0.4194
2873,test,3.0807,0.8542
2874,val,3.3107,0.9015
2875,train,2.4657,0.6167
2876,train,2.3073,0.5348
2877,train,3.2586,0.8918
2878,train,2.2319,0.4952
2879,val,3.0930,0.8576
2880,train,2.6265,0.6982
2881,test,2.2213,0.4885
2882,train,2.9673,0.8228
2883,train,1.6312,0.1720
2884,train,2.2588,0.5084
2885,test,2.5463,0.6574
2886,train,2.4080,0.5878
2887,test,3.4551,0.9237
2888,train,2.2629,0.5106
2889,test,1.5350,0.1337
2890,train,1.5660,0.1452
2891,val,2.8804,0.7932
2892,val,4.3681,0.9859
2893,test,3.6452,0.9449
2894,val,3.2617,0.8922
2895,val,3.3236,0.9035
2896,train,0.7282,0.0026
2897,val,2.4323,0.6008
2898,train,1.5362,0.1339
2899,train,2.8747,0.7918
2900,train,2.1437,0.4399
2901,train,3.2194,0.8855
2902,train,2.6268,0.6984
2903,train,1.4332,0.0988
2904,train,2.3764,0.5715
2905,val,2.7628,0.7535
2906,train,1.8630,0.2842
2907,train,3.3680,0.9111
2908,train,1.7277,0.2122
2909,test,2.6307,0.7000
2910,test,3.4880,0.9276
2911,train,1.8223,0.2610
2912,test,2.9758,0.8255
2913,train,1.6289,0.1710
2914,train,2.4867,0.6282
2915,train,3.6346,0.9437
2916,val,2.8659,0.7889
2917,val,1.7944,0.2474
2918,train,2.1847,0.4685
2919,train,1.7477,0.2220
2920,test,3.9266,0.9683
2921,test,2.3194,0.5421
2922,test,2.3991,0.5844
2923,train,2.6477,0.7078
2924,val,3.4886,0.9277
2925,train,1.7677,0.2342
2926,train,2.1597,0.4518
2927,train,1.9179,0.3137
2928,val,1.8384,0.2700
2929,train,2.0607,0.3923
2930,train,1.3985,0.0887
2931,train,2.2744,0.5169
2932,train,1.9843,0.3490
2933,train,1.3742,0.0831
2934,val,2.8825,0.7939
2935,train,1.7973,0.2486
2936,train,1.2697,0.0565
2937,train,2.6057,0.6885
2938,train,0.6490,0.0013
2939,test,3.3646,0.9103
2940,val,2.5995,0.6859
2941,val,3.0642,0.8500
2942,train,2.2235,0.4897
2943,test,2.6662,0.7158
2944,train,1.3185,0.0691
2945,train,4.4487,0.9878
2946,train,1.5425,0.1363
2947,train,2.5136,0.6416
2948,val,3.1310,0.8655
2949,train,3.4326,0.9204
2950,train,1.8258,0.2627
2951,train,1.7552,0.2265
2952,val,3.1086,0.8615
2953,train,0.8822,0.0082
2954,val,2.0023,0.3592
2955,train,0.8659,0.0073
2956,train,1.4546,0.1059
2957,train,1.9297,0.3194
2958,train,2.7179,0.7359
2959,val,3.0943,0.8578
2960,test,2.3241,0.5442
2961,val,2.5101,0.6397
2962,train,2.3009,0.5310
2963,train,2.9023,0.8016
2964,val,2.3896,0.5787
2965,train,1.4960,0.1192
2966,train,1.0154,0.0184
2967,train,2.2081,0.4808
2968,train,1.2579,0.0537
2969,train,1.2304,0.0479
2970,train,2.3114,0.5376
2971,train,3.1149,0.8626
2972,train,1.8007,0.2506
2973,train,2.3303,0.5474
2974,train,2.4205,0.5946
2975,val,4.0163,0.9728
2976,train,2.1423,0.4392
2977,train,1.7508,0.2241
2978,train,1.8475,0.2753
2979,test,2.8741,0.7916
2980,train,2.7908,0.7633
2981,val,2.7385,0.7442
2982,train,1.2279,0.0475
2983,train,2.3375,0.5512
2984,train,1.4119,0.0923
2985,train,1.9321,0.3212
2986,val,2.3942,0.5814
2987,train,1.6552,0.1817
2988,test,2.2257,0.4912
2989,val,2.6563,0.7120
2990,train,1.6019,0.1591
2991,test,2.8940,0.7985
2992,train,2.1283,0.4309
2993,train,1.6865,0.1936
2994,val,1.7784,0.2389
2995,val,2.6046,0.6881
2996,test,2.9989,0.8325
2997,test,2.3702,0.5680
2998,train,1.2561,0.0533
2999,val,3.8792,0.9651
3000,train,2.1588,0.4512
3001,train,1.6002,0.1582
3002,val,2.6141,0.6924
3003,test,2.4249,0.5972
3004,test,1.8916,0.2996
3005,train,1.8136,0.2562
3006,train,1.5561,0.1413
3007,train,1.5397,0.1350
3008,train,2.0903,0.4098
3009,train,3.2416,0.8895
3010,train,2.3481,0.5572
3011,train,2.2879,0.5244
3012,val,3.6634,0.9466
3013,train,2.4967,0.6325
3014,train,2.3966,0.5826
3015,train,1.6111,0.1633
3016,train,2.3330,0.5486
3017,train,1.0970,0.0282
3018,train,2.2577,0.5080
3019,test,2.7049,0.7318
3020,test,2.2347,0.4968
3021,train,1.9821,0.3476
3022,val,2.2637,0.5111
3023,test,2.3266,0.5455
3024,train,2.0426,0.3826
3025,train,2.3208,0.5426
3026,train,1.3432,0.0751
3027,train,1.5908,0.1556
3028,val,4.3975,0.9865
3029,train,2.1881,0.4704
3030,train,2.8826,0.7941
3031,train,1.5110,0.1250
3032,test,2.3920,0.5804
3033,train,2.1033,0.4183
3034,train,2.7965,0.7653
3035,train,1.5727,0.1481
3036,train,1.6508,0.1797
3037,train,3.1646,0.8737
3038,train,1.7847,0.2421
3039,train,3.1539,0.8711
3040,train,1.7172,0.2066
3041,train,2.4561,0.6122
3042,train,1.6616,0.1842
3043,train,2.2238,0.4901
3044,val,2.6978,0.7291
3045,test,2.1887,0.4708
3046,train,2.1242,0.4288
3047,train,0.9222,0.0103
3048,train,2.0379,0.3804
3049,val,2.8917,0.7976
3050,val,3.3604,0.9096
3051,train,2.0032,0.3598
3052,train,2.1555,0.4480
3053,train,2.1572,0.4492
3054,train,2.2036,0.4790
3055,train,1.0562,0.0235
3056,train,2.0666,0.3958
3057,train,2.2761,0.5180
3058,val,2.4642,0.6163
3059,train,2.5947,0.6832
3060,train,2.6321,0.7007
3061,val,2.5696,0.6708
3062,train,1.6522,0.1804
3063,test,3.8099,0.9601
3064,train,1.2660,0.0558
3065,train,1.7834,0.2413
3066,train,2.2590,0.5086
3067,train,1.9928,0.3540
3068,train,2.6202,0.6956
3069,train,2.5691,0.6704
3070,val,3.4188,0.9181
3071,val,2.7261,0.7395
3072,train,1.6624,0.1846
3073,val,2.1788,0.4650
3074,train,1.9104,0.3093
3075,train,1.8961,0.3020
3076,val,2.1754,0.4632
3077,train,2.2455,0.5019
3078,val,2.8456,0.7824
3079,train,1.9147,0.3113
3080,train,1.7223,0.2089
3081,test,5.9872,0.9989
3082,test,2.6366,0.7026
3083,train,2.1803,0.4658
3084,train,1.9124,0.3105
3085,val,2.3478,0.5568
3086,train,1.7244,0.2101
3087,test,2.5126,0.6412
3088,train,1.9844,0.3492
3089,train,2.1922,0.4726
3090,train,3.3937,0.9153
3091,test,1.9347,0.3228
3092,train,2.6852,0.7233
3093,test,2.9791,0.8271
3094,train,2.7595,0.7513
3095,train,1.9188,0.3142
3096,val,2.4445,0.6080
3097,train,3.2014,0.8820
3098,train,1.6843,0.1929
3099,train,1.8487,0.2765
3100,test,2.4076,0.5876
3101,train,2.7018,0.7305
3102,train,1.9609,0.3362
3103,test,3.1787,0.8771
3104,train,2.2262,0.4918
3105,val,2.8098,0.7697
3106,val,3.7586,0.9551
3107,train,2.5000,0.6348
3108,val,3.3521,0.9085
3109,train,1.9166,0.3128
3110,train,2.0097,0.3627
3111,test,2.2260,0.4914
3112,val,2.8173,0.7719
3113,train,2.5350,0.6522
3114,train,1.4071,0.0907
3115,train,0.9233,0.0104
3116,train,2.5770,0.6744
3117,train,1.5213,0.1293
3118,test,3.0782,0.8535
3119,train,1.4810,0.1142
3120,val,2.1705,0.4590
3121,val,2.3884,0.5780
3122,test,3.4316,0.9203
3123,train,2.0319,0.3765
3124,train,3.1172,0.8630
3125,train,3.8023,0.9591
3126,train,3.0708,0.8519
3127,test,2.2265,0.4918
3128,train,2.3988,0.5842
3129,train,2.3517,0.5594
3130,test,3.0780,0.8534
3131,val,2.1280,0.4306
3132,train,1.8534,0.2792
3133,train,1.3713,0.0823
3134,train,2.3735,0.5694
3135,train,2.6455,0.7071
3136,train,2.3440,0.5548
3137,train,1.1251,0.0315
3138,train,2.2708,0.5150
3139,train,1.5354,0.1338
3140,train,2.1623,0.4534
3141,test,2.0671,0.3962
3142,val,2.9061,0.8029
3143,test,2.5725,0.6719
3144,train,1.6048,0.1603
3145,train,2.5235,0.6457
3146,test,2.6345,0.7016
3147,train,2.6503,0.7088
3148,test,1.9540,0.3329
3149,train,1.5663,0.1455
3150,train,1.6831,0.1923
3151,val,2.8382,0.7797
3152,train,1.9076,0.3077
3153,train,1.9418,0.3268
3154,train,1.6886,0.1946
3155,train,3.0757,0.8527
3156,test,5.1732,0.9967
3157,train,1.7157,0.2059
3158,train,1.3892,0.0863
3159,train,1.7639,0.2320
3160,train,2.6427,0.7054
3161,train,3.3170,0.9023
3162,train,1.8909,0.2994
3163,train,2.5328,0.6508
3164,val,1.8745,0.2896
3165,train,2.6796,0.7212
3166,test,3.4170,0.9180
3167,train,1.0267,0.0199
3168,train,2.0328,0.3771
3169,train,2.5750,0.6731
3170,train,2.8383,0.7798
3171,train,1.2977,0.0631
3172,train,1.7591,0.2290
3173,test,3.2760,0.8957
3174,train,1.6936,0.1968
3175,test,2.6412,0.7047
3176,train,2.6220,0.6964
3177,val,2.0541,0.3890
3178,train,2.1087,0.4212
3179,train,1.5176,0.1276
3180,val,2.2232,0.4896
3181,train,2.6571,0.7122
3182,train,2.3707,0.5680
3183,train,1.2526,0.0526
3184,test,2.8582,0.7863
3185,train,2.6664,0.7160
3186,test,3.4349,0.9207
3187,train,1.4589,0.1071
3188,train,2.0431,0.3830
3189,train,2.3739,0.5698
3190,test,3.1034,0.8604
3191,train,2.4826,0.6260
3192,test,5.7175,0.9983
3193,test,3.1876,0.8791
3194,train,1.7983,0.2493
3195,train,1.4866,0.1159
3196,train,1.8807,0.2938
3197,train,2.1465,0.4418
3198,train,1.3189,0.0691
3199,train,1.4288,0.0975
3200,train,2.2987,0.5301
3201,val,2.1559,0.4483
3202,test,2.8539,0.7851
3203,train,1.7139,0.2050
3204,train,3.5125,0.9307
3205,train,1.4702,0.1103
3206,test,3.6033,0.9412
3207,train,2.9139,0.8056
3208,train,0.7558,0.0034
3209,train,2.3117,0.5378
3210,train,2.4801,0.6245
3211,val,2.7688,0.7559
3212,test,3.2525,0.8913
3213,val,5.8150,0.9986
3214,train,1.5694,0.1469
3215,train,1.7482,0.2224
3216,test,2.9223,0.8089
3217,val,3.9737,0.9715
3218,train,2.0513,0.3872
3219,train,0.9158,0.0100
3220,train,2.1587,0.4510
3221,train,2.3311,0.5476
3222,train,3.3418,0.9067
3223,train,2.0531,0.3884
3224,train,1.7156,0.2058
3225,val,1.9237,0.3170
3226,train,2.1635,0.4538
3227,train,2.7068,0.7326
3228,train,2.4150,0.5916
3229,val,2.0470,0.3849
3230,train,2.6423,0.7052
3231,train,1.8208,0.2604
3232,train,2.1584,0.4506
3233,train,1.4007,0.0893
3234,test,3.5315,0.9333
3235,train,2.2433,0.5012
3236,train,1.8809,0.2940
3237,train,1.2798,0.0589
3238,train,3.1554,0.8714
3239,train,3.8346,0.9617
3240,test,2.3879,0.5778
3241,train,1.5449,0.1374
3242,train,1.5685,0.1466
3243,train,2.7356,0.7434
3244,train,2.0979,0.4146
3245,test,2.8845,0.7951
3246,train,2.5361,0.6526
3247,train,1.3255,0.0706
3248,train,1.5850,0.1533
3249,val,2.5061,0.6380
3250,train,2.2219,0.4889
3251,train,1.5119,0.1255
3252,train,1.3631,0.0803
3253,train,1.9874,0.3506
3254,train,2.7582,0.7509
3255,val,2.7874,0.7622
3256,test,3.0998,0.8592
3257,train,2.3560,0.5615
3258,train,2.0140,0.3652
3259,train,2.2841,0.5224
3260,train,2.2623,0.5101
3261,train,1.3029,0.0645
3262,test,2.9107,0.8042
3263,test,4.3669,0.9858
3264,val,1.8295,0.2651
3265,val,2.9784,0.8267
3266,train,1.7619,0.2307
3267,train,1.0525,0.0230
3268,test,3.0895,0.8564
3269,train,2.6347,0.7017
3270,train,2.2570,0.5076
3271,train,1.8181,0.2586
3272,test,2.5396,0.6548
3273,train,3.1453,0.8691
3274,train,1.9633,0.3376
3275,train,1.9462,0.3287
3276,train,2.7223,0.7378
3277,test,2.5502,0.6594
3278,train,1.6323,0.1724
3279,train,2.3696,0.5677
3280,test,2.8669,0.7893
3281,test,3.6051,0.9413
3282,train,2.8471,0.7829
3283,train,2.2095,0.4814
3284,train,1.8096,0.2548
3285,train,2.3100,0.5368
3286,val,3.0678,0.8508
3287,val,2.9904,0.8306
3288,test,2.3003,0.5306
3289,test,2.7746,0.7577
3290,train,2.0109,0.3634
3291,val,2.5605,0.6653
3292,train,2.1608,0.4524
3293,train,1.2421,0.0503
3294,val,2.3010,0.5312
3295,train,2.2714,0.5152
3296,train,1.4872,0.1161
3297,train,1.7284,0.2123
3298,train,1.6101,0.1625
3299,val,3.7310,0.9531
3300,test,2.0139,0.3650
3301,train,1.9399,0.3256
3302,train,1.5701,0.1473
3303,train,2.1373,0.4361
3304,test,2.1785,0.4648
3305,train,1.0502,0.0226
3306,test,2.3193,0.5419
3307,train,2.5906,0.6810
3308,train,1.9899,0.3522
3309,train,2.0169,0.3672
3310,train,0.7251,0.0024
3311,val,5.1112,0.9965
3312,val,3.6841,0.9482
3313,train,2.6035,0.6874
3314,train,2.5035,0.6367
3315,train,2.6142,0.6925
3316,test,2.7579,0.7506
3317,train,1.9383,0.3248
3318,val,2.8443,0.7819
3319,train,1.5868,0.1539
3320,train,2.4561,0.6122
3321,val,1.8166,0.2579
3322,train,1.3058,0.0657
3323,train,1.2987,0.0635
3324,train,2.6708,0.7175
3325,train,1.4160,0.0931
3326,train,2.7582,0.7509
3327,train,1.0441,0.0219
3328,val,2.0060,0.3609
3329,train,1.8847,0.2962
3330,train,1.6268,0.1703
3331,train,3.6168,0.9427
3332,train,2.0701,0.3979
3333,train,2.7276,0.7402
3334,val,2.5133,0.6414
3335,test,3.5102,0.9303
3336,train,2.6249,0.6974
3337,train,2.1768,0.4641
3338,val,2.9153,0.8061
3339,train,1.4690,0.1097
3340,val,2.4719,0.6200
3341,train,2.0064,0.3610
3342,train,2.2079,0.4807
3343,train,1.0887,0.0273
3344,train,1.0522,0.0229
3345,train,2.1138,0.4237
3346,train,2.3978,0.5834
3347,val,2.0295,0.3751
3348,val,3.1539,0.8712
3349,train,2.1334,0.4335
3350,test,3.0231,0.8389
3351,train,1.9678,0.3406
3352,train,2.2773,0.5189
3353,test,2.7071,0.7327
3354,train,2.1762,0.4637
3355,train,1.8987,0.3033
3356,train,2.5626,0.6662
3357,test,2.3239,0.5442
3358,train,2.3379,0.5514
3359,test,2.7437,0.7459
3360,train,2.8435,0.7817
3361,train,1.3218,0.0699
3362,train,1.7103,0.2038
3363,val,2.2928,0.5269
3364,train,2.4432,0.6074
3365,test,2.5017,0.6360
3366,val,2.1577,0.4500
3367,val,2.7974,0.7656
3368,train,1.8802,0.2934
3369,train,2.1476,0.4424
3370,train,1.3110,0.0671
3371,val,3.4373,0.9211
3372,train,2.2122,0.4828
3373,train,2.5363,0.6528
3374,train,2.1651,0.4548
3375,val,2.1716,0.4603
3376,train,0.9354,0.0110
3377,train,1.5203,0.1290
3378,train,2.4928,0.6306
3379,train,2.0259,0.3728
3380,train,2.6055,0.6884
3381,train,2.3468,0.5562
3382,test,2.9688,0.8233
3383,train,1.7505,0.2238
3384,val,2.9097,0.8041
3385,train,1.3785,0.0839
3386,train,2.3835,0.5755
3387,test,3.4686,0.9259
3388,val,3.2109,0.8840
3389,val,2.8909,0.7973
3390,train,1.9146,0.3112
3391,train,1.8147,0.2568
3392,val,3.1381,0.8671
3393,train,1.2915,0.0617
3394,train,1.5648,0.1447
3395,train,2.0120,0.3639
3396,test,2.4991,0.6342
3397,train,1.8752,0.2899
3398,train,1.0278,0.0201
3399,test,2.0531,0.3885
3400,val,2.6651,0.7154
3401,train,2.1347,0.4343
3402,train,2.5092,0.6393
3403,val,2.5080,0.6389
3404,train,1.4114,0.0921
3405,train,1.7705,0.2358
3406,train,2.7924,0.7637
3407,train,2.1959,0.4744
3408,train,2.8453,0.7823
3409,train,2.1780,0.4646
3410,train,1.8588,0.2815
3411,train,2.6649,0.7153
3412,train,2.1138,0.4236
3413,test,2.9297,0.8107
3414,test,2.8970,0.7995
3415,train,2.1398,0.4378
3416,val,3.4190,0.9182
3417,train,1.9587,0.3354
3418,train,1.4094,0.0917
3419,test,3.0197,0.8380
3420,train,1.4376,0.1005
3421,train,2.3953,0.5818
3422,train,2.0512,0.3872
3423,train,1.5669,0.1457
3424,train,1.8925,0.3000
3425,train,1.7507,0.2239
3426,test,2.9878,0.8298
3427,test,2.7605,0.7522
3428,train,1.6627,0.1847
3429,test,2.2581,0.5082
3430,train,2.3064,0.5340
3431,train,1.3537,0.0781
3432,train,2.1662,0.4560
3433,train,2.9120,0.8047
3434,train,1.1795,0.0407
3435,train,2.0105,0.3632
3436,train,2.8980,0.7999
3437,train,1.3269,0.0713
3438,val,2.7183,0.7363
3439,val,3.2837,0.8970
3440,val,4.0844,0.9767
3441,train,1.7857,0.2425
3442,train,2.3099,0.5367
3443,train,2.1284,0.4310
3444,val,4.3651,0.9857
3445,val,2.6136,0.6920
3446,test,1.4733,0.1113
3447,train,2.1888,0.4710
3448,train,1.9803,0.3470
3449,train,2.1388,0.4371
3450,train,2.0455,0.3843
3451,train,1.3524,0.0775
3452,train,1.5839,0.1526
3453,train,2.3026,0.5322
3454,train,2.0477,0.3852
3455,train,4.1567,0.9795
3456,train,2.2201,0.4874
3457,test,2.3060,0.5336
3458,train,2.0872,0.4082
3459,train,1.7364,0.2161
3460,val,3.0231,0.8388
3461,train,2.5577,0.6636
3462,train,1.0218,0.0193
3463,train,2.4579,0.6134
3464,train,2.0768,0.4014
3465,train,2.2680,0.5138
3466,val,2.8158,0.7715
3467,val,1.7331,0.2145
3468,test,2.4724,0.6202
3469,train,0.9318,0.0107
3470,train,2.2860,0.5232
3471,val,3.5833,0.9391
3472,train,2.4782,0.6236
3473,train,1.7516,0.2247
3474,train,1.8866,0.2970
3475,train,1.9349,0.3230
3476,train,1.6005,0.1584
3477,val,2.7975,0.7657
3478,train,2.1207,0.4275
3479,val,3.3813,0.9133
3480,train,2.3537,0.5601
3481,train,2.3583,0.5628
3482,train,1.4304,0.0980
3483,train,2.9253,0.8097
3484,train,2.3834,0.5754
3485,train,2.0630,0.3933
3486,train,2.9472,0.8155
3487,train,1.6020,0.1591
3488,train,2.5487,0.6588
3489,val,2.5835,0.6764
3490,train,5.4190,0.9975
3491,val,2.6854,0.7234
3492,train,2.4404,0.6050
3493,train,2.5934,0.6826
3494,train,2.1964,0.4750
3495,test,2.5722,0.6717
3496,test,2.4083,0.5879
3497,val,2.8663,0.7892
3498,train,1.7222,0.2088
3499,test,2.1736,0.4618
3500,test,4.8817,0.9943
3501,test,2.4984,0.6338
3502,val,2.9605,0.8204
3503,train,2.7377,0.7441
3504,train,2.6144,0.6927
3505,test,2.5470,0.6580
3506,train,2.9885,0.8301
3507,train,2.9797,0.8276
3508,train,3.2029,0.8825
3509,test,1.9046,0.3060
3510,train,2.7033,0.7310
3511,train,2.3213,0.5427
3512,test,3.6299,0.9433
3513,test,2.0949,0.4128
3514,train,3.4663,0.9256
3515,train,2.6559,0.7118
3516,train,1.7298,0.2130
3517,val,2.5300,0.6486
3518,test,3.3423,0.9068
3519,train,1.0082,0.0179
3520,train,1.7687,0.2345
3521,train,2.4726,0.6202
3522,val,5.1187,0.9965
3523,train,2.0430,0.3829
3524,train,1.2784,0.0584
3525,train,2.0142,0.3653
3526,train,2.9591,0.8199
3527,train,1.9967,0.3558
3528,train,2.8425,0.7814
3529,val,2.1231,0.4284
3530,val,3.0870,0.8553
3531,test,3.5221,0.9321
3532,train,1.4567,0.1065
3533,train,2.2116,0.4827
3534,train,2.5661,0.6685
3535,train,1.2002,0.0433
3536,train,1.6522,0.1803
3537,train,2.9788,0.8269
3538,train,2.4781,0.6236
3539,train,2.3908,0.5797
3540,val,2.1862,0.4694
3541,train,1.3839,0.0849
3542,train,1.0984,0.0283
3543,test,2.8019,0.7665
3544,val,2.9819,0.8279
3545,train,2.3612,0.5642
3546,train,1.8526,0.2788
3547,train,2.3464,0.5560
3548,test,2.3981,0.5836
3549,train,2.0193,0.3686
3550,train,2.4102,0.5888
3551,train,2.3903,0.5793
3552,train,2.1721,0.4606
3553,train,2.3241,0.5443
3554,train,2.7002,0.7298
3555,train,1.9250,0.3178
3556,train,1.8622,0.2836
3557,train,3.6123,0.9419
3558,train,1.8324,0.2665
3559,train,1.6206,0.1680
3560,train,2.2083,0.4809
3561,train,1.4476,0.1036
3562,val,3.2153,0.8849
3563,train,2.3439,0.5547
3564,train,2.3604,0.5637
3565,train,1.8799,0.2930
3566,val,3.0019,0.8333
3567,train,2.2918,0.5264
3568,train,2.2644,0.5118
3569,train,1.6994,0.1983
3570,train,1.0404,0.0215
3571,train,2.0751,0.4006
3572,train,2.1163,0.4250
3573,test,3.0420,0.8444
3574,test,3.0840,0.8548
3575,train,1.8052,0.2521
3576,train,1.9195,0.3148
3577,test,1.9753,0.3445
3578,train,1.4689,0.1097
3579,val,2.9149,0.8059
3580,train,2.0186,0.3682
3581,train,2.1756,0.4634
3582,train,1.4336,0.0989
3583,test,2.6306,0.6999
3584,train,2.0066,0.3612
3585,train,1.4469,0.1034
3586,test,2.2702,0.5146
3587,train,1.2979,0.0631
3588,val,2.5669,0.6691
3589,train,1.8201,0.2595
3590,test,2.8818,0.7937
3591,test,2.5059,0.6379
3592,train,2.7134,0.7347
3593,train,1.4725,0.1110
3594,train,1.9637,0.3382
3595,test,2.1572,0.4491
3596,train,1.3808,0.0842
3597,train,1.8791,0.2923
3598,test,2.2798,0.5200
3599,train,1.0608,0.0241
3600,val,2.3760,0.5713
3601,test,2.5377,0.6538
3602,test,2.5474,0.6582
3603,test,3.0582,0.8485
3604,train,2.4143,0.5910
3605,test,2.7597,0.7514
3606,train,1.0561,0.0235
3607,val,2.3486,0.5574
3608,train,2.8926,0.7979
3609,test,2.9840,0.8287
3610,train,2.2397,0.4991
3611,train,2.1077,0.4206
3612,val,2.8480,0.7832
3613,train,1.9832,0.3484
3614,train,1.6911,0.1961
3615,train,1.2574,0.0535
3616,train,2.1705,0.4591
3617,train,1.0401,0.0214
3618,val,2.9596,0.8201
3619,train,1.7679,0.2343
3620,test,3.4963,0.9286
3621,train,2.8592,0.7866
3622,train,1.3521,0.0775
3623,test,3.7280,0.9526
3624,train,2.4065,0.5870
3625,train,2.4654,0.6166
3626,train,3.4085,0.9170
3627,val,2.7299,0.7413
3628,train,0.9443,0.0119
3629,train,1.5016,0.1210
3630,test,2.2319,0.4951
3631,train,1.6892,0.1952
3632,train,1.4454,0.1030
3633,train,1.8618,0.2833
3634,train,2.9138,0.8055
3635,train,2.2738,0.5166
3636,train,3.0894,0.8562
3637,test,4.0280,0.9734
3638,train,1.7607,0.2300
3639,train,1.3413,0.0745
3640,train,1.5202,0.1289
3641,train,4.1384,0.9789
3642,train,2.0262,0.3731
3643,val,2.5305,0.6489
3644,train,2.4607,0.6147
3645,val,4.4766,0.9883
3646,val,2.5010,0.6354
3647,train,4.5768,0.9901
3648,train,3.6353,0.9439
3649,train,1.5581,0.1418
3650,val,2.0220,0.3702
3651,train,1.4545,0.1058
3652,train,1.8791,0.2922
3653,val,3.6151,0.9424
3654,val,3.4106,0.9172
3655,train,1.7592,0.2291
3656,test,2.2816,0.5211
3657,train,2.9311,0.8109
3658,test,3.0767,0.8531
3659,test,2.9144,0.8057
3660,train,2.9524,0.8171
3661,train,1.7356,0.2159
3662,val,2.4563,0.6125
3663,train,1.7426,0.2191
3664,val,2.4141,0.5908
3665,train,1.9868,0.3503
3666,test,2.2828,0.5218
3667,train,2.6934,0.7266
3668,train,2.3018,0.5317
3669,train,1.6157,0.1655
3670,test,2.1727,0.4612
3671,test,2.4126,0.5904
3672,test,3.7610,0.9553
3673,val,3.7574,0.9549
3674,train,1.4631,0.1083
3675,train,2.1906,0.4716
3676,train,1.7571,0.2277
3677,train,1.7603,0.2297
3678,val,2.6460,0.7075
3679,train,2.1899,0.4714
3680,train,1.5289,0.1319
3681,train,4.0799,0.9765
3682,train,1.5275,0.1312
3683,train,1.2556,0.0532
3684,train,2.7858,0.7614
3685,val,4.6749,0.9913
3686,val,2.5865,0.6782
3687,train,2.0878,0.4086
3688,train,1.8044,0.2517
3689,train,1.9168,0.3128
3690,train,2.9053,0.8025
3691,train,2.1444,0.4405
3692,train,1.6908,0.1959
3693,val,3.8729,0.9645
3694,val,1.9038,0.3056
3695,test,2.3752,0.5707
3696,train,1.8294,0.2650
3697,train,4.6037,0.9905
3698,test,4.1378,0.9789
3699,test,2.3066,0.5343
3700,val,2.1494,0.4435
3701,train,1.3765,0.0836
3702,test,2.3971,0.5830
3703,train,2.2384,0.4986
3704,train,3.0677,0.8507
3705,train,3.1265,0.8647
3706,train,1.3570,0.0785
3707,val,2.3810,0.5738
3708,val,3.0323,0.8415
3709,val,2.1030,0.4181
3710,train,1.8955,0.3014
3711,train,0.9851,0.0158
3712,val,2.1165,0.4251
3713,train,2.2740,0.5168
3714,train,2.2261,0.4916
3715,test,3.2075,0.8833
3716,train,2.2358,0.4974
3717,test,2.1515,0.4445
3718,train,1.5090,0.1236
3719,val,3.1633,0.8733
3720,train,1.7011,0.1990
3721,train,1.8701,0.2872
3722,train,1.3516,0.0772
3723,train,1.7237,0.2099
3724,train,2.5151,0.6424
3725,train,1.5076,0.1230
3726,train,1.9600,0.3359
3727,val,4.0698,0.9759
3728,val,2.6951,0.7274
3729,train,1.9110,0.3097
3730,val,3.7229,0.9521
3731,val,4.7589,0.9928
3732,train,4.0802,0.9765
3733,train,1.6023,0.1593
3734,train,2.1947,0.4738
3735,train,1.8597,0.2821
3736,train,2.1965,0.4752
3737,test,1.9018,0.3045
3738,train,1.8292,0.2646
3739,train,1.8157,0.2575
3740,train,1.5581,0.1420
3741,train,2.1734,0.4614
3742,val,2.5250,0.6462
3743,train,4.3862,0.9863
3744,test,1.9999,0.3578
3745,train,2.1584,0.4508
3746,test,2.7606,0.7523
3747,train,3.0690,0.8513
3748,train,0.9684,0.0141
3749,train,3.3240,0.9036
3750,train,2.9531,0.8175
3751,test,2.4959,0.6322
3752,train,2.1928,0.4729
3753,test,2.4352,0.6023
3754,train,1.4541,0.1057
3755,train,2.8246,0.7751
3756,train,2.1368,0.4358
3757,train,2.0380,0.3805
3758,train,2.7749,0.7579
3759,train,2.7489,0.7481
3760,val,3.1276,0.8650
3761,train,2.3084,0.5357
3762,test,2.5288,0.6477
3763,train,2.1698,0.4584
3764,val,2.5067,0.6384
3765,train,1.6741,0.1890
3766,train,1.4335,0.0989
3767,test,2.2597,0.5088
3768,train,1.9163,0.3124
3769,train,3.4406,0.9213
3770,train,0.7348,0.0028
3771,train,2.1666,0.4564
3772,val,3.9673,0.9707
3773,test,3.0947,0.8579
3774,train,3.3531,0.9087
3775,train,2.8579,0.7863
3776,train,1.7895,0.2448
3777,train,0.9805,0.0153
3778,train,1.6187,0.1669
3779,test,1.7480,0.2223
3780,train,2.9510,0.8167
3781,train,1.0225,0.0194
3782,train,2.4188,0.5936
3783,train,1.5138,0.1265
3784,test,3.2242,0.8865
3785,test,2.2017,0.4780
3786,test,2.7761,0.7582
3787,train,2.0808,0.4042
3788,train,2.9316,0.8111
3789,train,1.7426,0.2193
3790,val,3.2201,0.8859
3791,train,1.6961,0.1977
3792,train,1.9080,0.3079
3793,test,2.7539,0.7497
3794,train,2.8931,0.7981
3795,train,3.6189,0.9428
3796,train,1.9530,0.3322
3797,test,4.5468,0.9897
3798,train,2.4008,0.5854
3799,train,1.7990,0.2499
3800,val,2.5542,0.6617
3801,train,1.5483,0.1383
3802,test,3.0754,0.8526
3803,train,1.8816,0.2943
3804,train,1.9078,0.3078
3805,train,2.1231,0.4283
3806,train,2.3265,0.5454
3807,train,1.7188,0.2074
3808,val,2.7113,0.7338
3809,test,2.8223,0.7745
3810,train,1.5784,0.1501
3811,train,2.9644,0.8221
3812,test,2.8863,0.7959
3813,train,1.4198,0.0941
3814,val,1.9136,0.3108
3815,train,2.6175,0.6944
3816,train,2.3225,0.5434
3817,val,2.9080,0.8037
3818,train,1.3495,0.0767
3819,val,3.3274,0.9041
3820,train,2.2744,0.5170
3821,train,1.7888,0.2445
3822,train,1.8389,0.2706
3823,test,2.9784,0.8267
3824,val,2.5687,0.6702
3825,train,1.7000,0.1986
3826,train,1.1258,0.0316
3827,val,2.8408,0.7811
3828,val,3.9408,0.9692
3829,val,2.8342,0.7781
3830,train,1.8082,0.2538
3831,train,1.9158,0.3120
3832,train,2.3693,0.5675
3833,train,2.4772,0.6226
3834,train,2.3735,0.5694
3835,val,2.4330,0.6012
3836,train,1.8289,0.2645
3837,train,3.6537,0.9456
3838,test,2.7659,0.7549
3839,train,1.7896,0.2449
3840,test,2.2544,0.5063
3841,val,3.0678,0.8507
3842,train,2.2419,0.5002
3843,val,1.6183,0.1666
3844,train,1.4924,0.1173
3845,train,2.9895,0.8303
3846,train,2.5668,0.6689
3847,train,2.6453,0.7070
3848,train,2.0070,0.3614
3849,train,1.6156,0.1654
3850,train,1.8372,0.2692
3851,train,2.5767,0.6739
3852,train,1.7119,0.2045
3853,train,2.1636,0.4539
3854,train,1.1838,0.0410
3855,train,2.3850,0.5759
3856,val,2.7614,0.7528
3857,train,1.5841,0.1528
3858,train,3.4329,0.9205
3859,train,1.4123,0.0923
3860,train,1.5575,0.1417
3861,val,4.2371,0.9818
3862,train,3.0631,0.8498
3863,val,3.1042,0.8605
3864,train,2.9395,0.8137
3865,test,2.8259,0.7756
3866,train,2.5288,0.6478
3867,train,2.9153,0.8063
3868,train,1.4534,0.1054
3869,test,2.2278,0.4925
3870,train,3.5855,0.9393
3871,train,2.9058,0.8027
3872,train,2.4650,0.6164
3873,train,1.2297,0.0477
3874,train,1.8175,0.2584
3875,train,1.2480,0.0516
3876,train,2.4822,0.6258
3877,train,2.4070,0.5872
3878,train,2.1755,0.4634
3879,train,2.1128,0.4232
3880,test,3.5598,0.9370
3881,test,3.3095,0.9011
3882,train,1.6084,0.1617
3883,train,2.6063,0.6888
3884,train,1.8479,0.2759
3885,val,2.8625,0.7875
3886,train,1.5729,0.1483
3887,train,1.6530,0.1808
3888,train,2.8612,0.7873
3889,train,2.1498,0.4438
3890,train,2.9501,0.8163
3891,train,2.0104,0.3632
3892,train,1.1949,0.0423
3893,val,2.7457,0.7470
3894,test,2.1124,0.4232
3895,train,1.9099,0.3092
3896,val,3.0249,0.8395
3897,train,1.2933,0.0620
3898,train,1.7896,0.2449
3899,train,2.8483,0.7834
3900,train,2.0954,0.4130
3901,val,2.8377,0.7793
3902,train,1.8603,0.2824
3903,val,2.2490,0.5038
3904,train,2.3629,0.5650
3905,train,1.6526,0.1806
3906,test,2.4286,0.5989
3907,train,2.0038,0.3600
3908,train,1.8462,0.2744
3909,train,2.3336,0.5488
3910,train,2.9215,0.8086
3911,test,2.3026,0.5320
3912,train,2.3395,0.5523
3913,train,1.2431,0.0505
3914,train,1.7832,0.2412
3915,val,3.2948,0.8985
3916,train,1.9305,0.3200
3917,test,2.8993,0.8001
3918,val,2.3120,0.5380
3919,train,3.6395,0.9443
3920,train,1.1349,0.0327
3921,train,1.6221,0.1685
3922,train,2.1891,0.4712
3923,train,1.1924,0.0420
3924,val,2.2213,0.4884
3925,train,2.5243,0.6460
3926,train,2.1453,0.4408
3927,train,2.4294,0.5994
3928,train,1.5980,0.1573
3929,train,1.6425,0.1760
3930,train,1.3817,0.0843
3931,train,1.5540,0.1405
3932,train,1.7264,0.2115
3933,train,2.3307,0.5476
3934,train,1.3563,0.0785
3935,train,2.8158,0.7716
3936,train,2.1525,0.4454
3937,test,2.0514,0.3873
3938,val,2.1659,0.4557
3939,test,1.8357,0.2683
3940,val,2.5180,0.6439
3941,test,2.6256,0.6976
3942,val,2.2731,0.5160
3943,train,1.9982,0.3567
3944,train,1.5943,0.1567
3945,train,2.6158,0.6934
3946,test,3.1591,0.8725
3947,train,1.9771,0.3454
3948,val,2.9130,0.8053
3949,train,2.0644,0.3940
3950,train,1.3240,0.0705
3951,train,2.2300,0.4938
3952,train,1.1040,0.0293
3953,train,2.1259,0.4297
3954,train,1.4159,0.0931
3955,train,3.8162,0.9608
3956,train,1.8750,0.2898
3957,train,1.7767,0.2380
3958,train,2.4095,0.5884
3959,train,1.7351,0.2157
3960,train,2.0340,0.3779
3961,test,2.9501,0.8163
3962,train,1.4053,0.0903
3963,train,1.8283,0.2640
3964,val,4.7374,0.9923
3965,train,2.6006,0.6864
3966,train,1.4781,0.1135
3967,train,4.2320,0.9816
3968,train,2.1106,0.4222
3969,train,1.7203,0.2081
3970,train,1.9770,0.3453
3971,train,2.1363,0.4356
3972,train,1.5636,0.1443
3973,val,2.9369,0.8129
3974,train,1.6064,0.1610
3975,train,2.8125,0.7707
3976,test,2.7615,0.7529
3977,test,3.8359,0.9619
3978,train,2.5064,0.6382
3979,train,1.4847,0.1150
3980,train,1.9915,0.3532
3981,train,3.1955,0.8809
3982,val,2.6472,0.7076
3983,train,2.2040,0.4793
3984,train,2.4396,0.6044
3985,train,1.6556,0.1820
3986,train,2.4346,0.6020
3987,test,3.1829,0.8779
3988,train,1.4965,0.1195
3989,train,2.3125,0.5384
3990,train,1.7296,0.2128
3991,test,3.0634,0.8499
3992,train,2.1574,0.4496
3993,train,1.3581,0.0789
3994,train,1.5461,0.1377
3995,test,3.4879,0.9275
3996,train,1.8202,0.2599
3997,train,1.1487,0.0352
3998,train,3.0187,0.8377
3999,train,2.7433,0.7457
4000,train,1.9034,0.3054
4001,train,2.1395,0.4374
4002,val,3.2134,0.8845
4003,train,1.4444,0.1026
4004,train,1.6777,0.1905
4005,train,2.0258,0.3726
4006,train,2.8393,0.7803
4007,train,2.7947,0.7649
4008,train,2.4622,0.6152
4009,test,3.9204,0.9679
4010,train,1.6553,0.1819
4011,train,2.0157,0.3664
4012,train,2.2588,0.5085
4013,train,1.6816,0.1916
4014,train,2.2287,0.4930
4015,train,4.4173,0.9872
4016,train,1.6723,0.1884
4017,train,3.1855,0.8785
4018,train,2.2176,0.4864
4019,train,2.0608,0.3924
4020,test,4.3429,0.9849
4021,val,3.7265,0.9523
4022,train,3.5578,0.9367
4023,val,2.3542,0.5604
4024,train,2.5771,0.6745
4025,val,4.6716,0.9913
4026,train,1.1469,0.0347
4027,test,4.2229,0.9814
4028,train,1.8078,0.2534
4029,train,1.8890,0.2986
4030,val,2.3569,0.5622
4031,train,2.6510,0.7094
4032,val,4.0395,0.9740
4033,train,2.7011,0.7302
4034,train,1.6111,0.1632
4035,train,1.1193,0.0306
4036,val,2.5407,0.6552
4037,train,1.8246,0.2619
4038,train,2.0654,0.3949
4039,train,2.1485,0.4432
4040,train,2.9713,0.8243
4041,train,2.7503,0.7486
4042,train,2.1890,0.4711
4043,train,2.5258,0.6470
4044,train,1.1199,0.0307
4045,train,2.0668,0.3960
4046,train,1.3546,0.0781
4047,train,0.8538,0.0068
4048,train,2.8157,0.7715
4049,train,1.0358,0.0211
4050,train,1.8347,0.2680
4051,val,2.4802,0.6246
4052,train,1.6811,0.1914
4053,train,2.6521,0.7098
4054,train,1.6343,0.1728
4055,train,0.8759,0.0078
4056,val,2.4561,0.6123
4057,train,1.5314,0.1327
4058,train,2.4925,0.6304
4059,val,3.5345,0.9335
4060,test,1.8822,0.2948
4061,val,2.4972,0.6328
4062,train,2.2060,0.4800
4063,train,1.2794,0.0587
4064,train,1.4906,0.1169
4065,train,2.3114,0.5377
4066,val,2.2448,0.5017
4067,test,1.7829,0.2409
4068,train,1.4659,0.1088
4069,train,1.6533,0.1810
4070,train,3.5096,0.9302
4071,train,1.3264,0.0709
4072,train,1.4806,0.1141
4073,train,2.0379,0.3804
4074,train,1.3666,0.0813
4075,train,1.1761,0.0401
4076,train,1.5056,0.1217
4077,train,2.3394,0.5522
4078,val,2.9019,0.8013
4079,test,3.6928,0.9489
4080,val,2.9530,0.8174
4081,train,1.5745,0.1490
4082,train,2.3986,0.5841
4083,train,2.6902,0.7256
4084,train,1.8794,0.2927
4085,val,2.4919,0.6301
4086,val,2.0234,0.3712
4087,train,1.6047,0.1602
4088,train,1.8377,0.2694
4089,val,3.4848,0.9273
4090,train,1.9624,0.3370
4091,train,2.0714,0.3984
4092,val,2.4214,0.5953
4093,test,2.2313,0.4948
4094,train,1.3759,0.0835
4095,train,0.8699,0.0075
4096,val,1.9630,0.3374
4097,train,1.5473,0.1379
4098,train,3.0266,0.8399
4099,train,2.8775,0.7925
4100,test,3.5419,0.9351
4101,train,1.9847,0.3494
4102,test,2.7966,0.7654
4103,train,2.4744,0.6212
4104,train,1.6305,0.1717
4105,train,0.6214,0.0011
4106,val,2.7592,0.7511
4107,test,3.6561,0.9458
4108,train,1.5964,0.1571
4109,train,1.7771,0.2384
4110,train,1.9664,0.3396
4111,train,2.7441,0.7462
4112,train,2.3828,0.5752
4113,train,2.4372,0.6032
4114,train,2.6547,0.7112
4115,val,2.2733,0.5161
4116,train,2.7131,0.7344
4117,test,2.9674,0.8229
4118,val,2.3715,0.5685
4119,train,2.4981,0.6336
4120,train,1.5402,0.1351
4121,train,1.5449,0.1373
4122,train,1.3391,0.0740
4123,train,2.9314,0.8111
4124,val,1.8379,0.2697
4125,train,1.7263,0.2114
4126,train,2.3238,0.5440
4127,train,1.4320,0.0985
4128,test,3.8140,0.9605
4129,test,3.2517,0.8910
4130,test,3.1731,0.8759
4131,train,1.4723,0.1109
4132,train,1.3035,0.0648
4133,train,2.0281,0.3745
4134,train,2.2321,0.4955
4135,train,2.2218,0.4888
4136,train,3.4421,0.9216
4137,train,1.2153,0.0454
4138,train,2.4069,0.5872
4139,train,1.3195,0.0695
4140,val,2.3183,0.5414
4141,train,1.9661,0.3394
4142,train,2.0382,0.3808
4143,train,2.2629,0.5106
4144,train,1.9762,0.3448
4145,val,2.1969,0.4754
4146,train,2.3638,0.5655
4147,train,2.0290,0.3748
4148,val,3.3012,0.8997
4149,test,2.5666,0.6688
4150,train,1.0869,0.0270
4151,train,1.9744,0.3442
4152,train,2.2161,0.4857
4153,train,2.0266,0.3734
4154,test,3.2505,0.8908
4155,val,3.7921,0.9582
4156,val,2.3767,0.5716
4157,train,4.7791,0.9930
4158,train,3.1595,0.8726
4159,test,2.5752,0.6732
4160,test,2.1864,0.4696
4161,train,2.6416,0.7048
4162,train,2.5780,0.6748
4163,train,2.1965,0.4751
4164,val,2.9828,0.8283
4165,train,2.3686,0.5672
4166,test,3.0423,0.8445
4167,train,2.0018,0.3590
4168,test,2.8190,0.7728
4169,train,1.3107,0.0670
4170,test,2.8528,0.7849
4171,train,2.0731,0.3993
4172,val,2.4386,0.6038
4173,val,2.5647,0.6676
4174,train,2.0085,0.3622
4175,val,2.8829,0.7942
4176,train,1.8154,0.2572
4177,train,1.8678,0.2864
4178,train,1.2092,0.0445
4179,train,1.4082,0.0910
4180,train,1.7623,0.2310
4181,train,1.5835,0.1521
4182,val,2.7426,0.7454
4183,val,3.4554,0.9239
4184,train,1.5183,0.1281
4185,train,2.6098,0.6902
4186,train,1.9687,0.3412
4187,train,3.2798,0.8962
4188,val,3.6605,0.9463
4189,train,2.7061,0.7322
4190,val,3.3390,0.9062
4191,train,1.3197,0.0696
4192,train,1.2922,0.0618
4193,val,2.5897,0.6804
4194,train,3.1326,0.8657
4195,test,2.0932,0.4117
4196,train,2.3627,0.5648
4197,val,2.5313,0.6499
4198,train,2.0804,0.4038
4199,test,2.6092,0.6900
4200,train,1.9732,0.3436
4201,train,1.9026,0.3052
4202,train,2.8421,0.7813
4203,train,2.0178,0.3677
4204,train,1.8219,0.2608
4205,train,2.0964,0.4136
4206,train,1.4126,0.0925
4207,test,2.3980,0.5836
4208,train,2.0787,0.4031
4209,train,2.0991,0.4155
4210,train,2.2873,0.5242
4211,val,2.0154,0.3660
4212,train,2.0940,0.4122
4213,train,1.7002,0.1987
4214,train,2.0628,0.3932
4215,train,3.5123,0.9306
4216,train,1.7510,0.2243
4217,train,2.4661,0.6169
4218,train,1.5342,0.1334
4219,train,5.6787,0.9981
4220,train,0.9525,0.0124
4221,val,3.1124,0.8622
4222,train,3.5304,0.9331
4223,train,1.7694,0.2349
4224,train,1.0006,0.0170
4225,train,2.4049,0.5866
4226,val,2.8261,0.7757
4227,train,1.8502,0.2775
4228,train,2.2860,0.5232
4229,val,4.4699,0.9882
4230,val,4.7209,0.9920
4231,val,3.1744,0.8760
4232,train,2.5157,0.6429
4233,test,1.9756,0.3446
4234,train,1.4338,0.0991
4235,val,3.7279,0.9525
4236,train,1.2427,0.0505
4237,test,2.5013,0.6356
4238,train,1.7420,0.2188
4239,val,2.6448,0.7065
4240,train,1.8583,0.2813
4241,train,0.7269,0.0025
4242,train,2.9627,0.8214
4243,train,1.7247,0.2104
4244,train,2.5323,0.6505
4245,test,2.2459,0.5021
4246,train,2.5153,0.6426
4247,test,2.2132,0.4836
4248,train,1.8697,0.2870
4249,train,2.8323,0.7777
4250,val,4.4891,0.9887
4251,train,3.0677,0.8506
4252,val,2.6687,0.7166
4253,train,1.7292,0.2126
4254,train,1.8632,0.2843
4255,train,2.1188,0.4264
4256,val,2.1800,0.4657
4257,val,4.3267,0.9843
4258,train,2.1936,0.4732
4259,train,2.8250,0.7752
4260,train,2.6609,0.7138
4261,train,2.5323,0.6504
4262,test,2.4971,0.6328
4263,train,2.1378,0.4365
4264,train,3.0351,0.8427
4265,test,1.9874,0.3506
4266,train,4.1172,0.9777
4267,test,2.3386,0.5518
4268,train,2.8759,0.7922
4269,train,1.1815,0.0408
4270,train,1.4285,0.0971
4271,test,2.1206,0.4273
4272,train,2.3481,0.5571
4273,val,4.0630,0.9753
4274,val,1.9177,0.3135
4275,train,1.0149,0.0183
4276,train,1.6441,0.1770
4277,train,1.8823,0.2948
4278,test,2.4615,0.6150
4279,test,4.0422,0.9741
4280,train,1.8388,0.2704
4281,train,1.2418,0.0501
4282,train,1.9708,0.3422
4283,val,2.3929,0.5809
4284,train,1.5963,0.1570
4285,train,4.5812,0.9903
4286,train,0.8158,0.0052
4287,train,2.1736,0.4617
4288,train,1.5581,0.1419
4289,train,1.5884,0.1545
4290,val,2.3929,0.5808
4291,train,1.2706,0.0567
4292,train,2.6167,0.6940
4293,train,2.1794,0.4652
4294,train,3.1098,0.8618
4295,val,2.7645,0.7543
4296,train,1.7376,0.2167
4297,train,3.3051,0.9005
4298,val,3.3595,0.9094
4299,val,3.3297,0.9046
4300,val,3.1168,0.8629
4301,test,2.3651,0.5657
4302,train,1.4472,0.1035
4303,train,2.3099,0.5368
4304,train,1.9861,0.3500
4305,train,1.8184,0.2587
4306,train,2.1544,0.4467
4307,train,1.0517,0.0228
4308,train,1.7486,0.2226
4309,train,1.7944,0.2475
4310,train,3.5529,0.9362
4311,val,3.8079,0.9599
4312,train,1.0184,0.0188
4313,train,1.1530,0.0361
4314,train,0.5544,0.0005
4315,test,1.4126,0.0925
4316,val,3.7976,0.9589
4317,val,2.2895,0.5253
4318,train,2.1589,0.4514
4319,train,1.7987,0.2496
4320,test,2.3342,0.5490
4321,test,2.6743,0.7187
4322,train,1.7276,0.2121
4323,train,2.2251,0.4908
4324,train,1.7443,0.2203
4325,train,1.8801,0.2932
4326,train,2.6508,0.7092
4327,test,2.6887,0.7249
4328,train,1.9635,0.3378
4329,train,2.4490,0.6096
4330,train,1.8186,0.2589
4331,train,4.3648,0.9857
4332,train,1.7758,0.2375
4333,train,2.1614,0.4526
4334,train,1.1698,0.0391
4335,train,2.0907,0.4100
4336,train,1.3074,0.0660
4337,train,1.2512,0.0520
4338,val,2.5507,0.6596
4339,train,2.4439,0.6078
4340,train,2.3296,0.5471
4341,train,2.7860,0.7615
4342,val,3.0110,0.8360
4343,train,1.6027,0.1595
4344,test,4.3527,0.9853
4345,train,2.4166,0.5923
4346,train,2.0095,0.3626
4347,val,3.3560,0.9091
4348,val,3.2468,0.8904
4349,test,5.9054,0.9988
4350,train,4.1041,0.9773
4351,train,2.6782,0.7206
4352,val,2.5154,0.6426
4353,test,2.6383,0.7034
4354,test,2.6080,0.6894
4355,train,2.8214,0.7737
4356,train,1.6920,0.1963
4357,val,3.1558,0.8715
4358,train,2.4904,0.6296
4359,test,2.2125,0.4832
4360,train,2.2124,0.4831
4361,test,2.9609,0.8207
4362,train,2.4808,0.6250
4363,train,3.0915,0.8571
4364,test,2.7704,0.7563
4365,val,1.9193,0.3146
4366,train,1.4109,0.0921
4367,train,1.9212,0.3157
4368,train,5.3413,0.9973
4369,train,2.0849,0.4070
4370,test,3.7244,0.9522
4371,test,4.0314,0.9737
4372,train,1.7219,0.2085
4373,test,3.5747,0.9383
4374,train,2.1093,0.4215
4375,train,1.6191,0.1673
4376,val,3.2822,0.8968
4377,train,1.6618,0.1844
4378,train,2.1005,0.4169
4379,train,1.4993,0.1201
4380,train,0.9292,0.0107
4381,train,2.0453,0.3840
4382,train,1.9337,0.3221
4383,train,1.3465,0.0762
4384,train,2.8053,0.7679
4385,train,2.5617,0.6655
4386,train,0.6389,0.0012
4387,train,2.2557,0.5072
4388,train,2.4911,0.6299
4389,train,2.5288,0.6478
4390,train,1.4580,0.1068
4391,train,1.6382,0.1743
4392,train,3.2960,0.8987
4393,train,1.6941,0.1969
4394,train,1.3152,0.0681
4395,train,1.2664,0.0559
4396,val,3.1645,0.8735
4397,train,1.9051,0.3062
4398,train,2.2964,0.5291
4399,test,2.6168,0.6941
4400,train,3.1601,0.8727
4401,train,1.8955,0.3015
4402,train,1.5661,0.1453
4403,train,2.0159,0.3665
4404,train,1.4711,0.1106
4405,train,2.1601,0.4520
4406,train,1.2968,0.0628
4407,val,2.7605,0.7523
4408,test,2.5710,0.6714
4409,test,2.3710,0.5681
4410,train,2.6210,0.6958
4411,train,3.3044,0.9002
4412,val,3.9658,0.9705
4413,train,2.3529,0.5598
4414,train,1.4343,0.0992
4415,test,2.3263,0.5454
4416,test,2.7343,0.7430
4417,train,1.8435,0.2726
4418,test,1.9378,0.3244
4419,train,1.4506,0.1042
4420,val,2.9368,0.8128
4421,train,2.7065,0.7324
4422,train,3.1703,0.8751
4423,train,2.3288,0.5465
4424,train,1.7076,0.2027
4425,test,3.8288,0.9613
4426,train,2.4117,0.5896
4427,train,1.5177,0.1277
4428,train,2.0786,0.4030
4429,train,3.6145,0.9423
4430,train,1.2653,0.0557
4431,train,1.0205,0.0190
4432,train,2.0237,0.3713
4433,train,1.4744,0.1117
4434,train,1.4085,0.0912
4435,val,2.7258,0.7394
4436,train,1.6484,0.1787
4437,val,3.1941,0.8805
4438,val,2.7063,0.7323
4439,train,1.5554,0.1411
4440,train,2.8540,0.7852
4441,test,2.3086,0.5358
4442,train,2.8304,0.7771
4443,train,2.6451,0.7068
4444,val,4.0233,0.9733
4445,train,2.5381,0.6539
4446,train,2.2651,0.5124
4447,train,2.7951,0.7650
4448,train,1.8957,0.3016
4449,train,1.6691,0.1874
4450,train,1.9121,0.3103
4451,train,2.5963,0.6840
4452,train,1.6404,0.1751
4453,train,2.4396,0.6044
4454,test,1.7651,0.2326
4455,train,1.9710,0.3424
4456,train,1.3265,0.0711
4457,val,1.8096,0.2548
4458,train,2.2928,0.5270
4459,train,1.7027,0.1997
4460,train,2.1073,0.4204
4461,val,1.6109,0.1631
4462,val,2.1922,0.4726
4463,train,1.1957,0.0427
4464,train,1.3131,0.0675
4465,train,1.6382,0.1743
4466,test,2.2752,0.5176
4467,train,2.0907,0.4100
4468,test,2.9132,0.8053
4469,train,1.5750,0.1492
4470,train,2.8186,0.7727
4471,train,1.6408,0.1752
4472,train,2.1835,0.4674
4473,train,1.8793,0.2926
4474,train,2.0156,0.3663
4475,train,1.2876,0.0607
4476,val,5.0336,0.9959
4477,train,2.5686,0.6698
4478,train,2.8185,0.7725
4479,train,2.3817,0.5743
4480,train,1.8897,0.2987
4481,train,2.0394,0.3814
4482,train,2.0356,0.3792
4483,test,2.1118,0.4230
4484,train,4.8356,0.9937
4485,train,2.4356,0.6024
4486,test,3.4368,0.9211
4487,train,1.9629,0.3373
4488,train,2.4367,0.6030
4489,train,2.9548,0.8185
4490,train,2.5467,0.6577
4491,train,2.5924,0.6822
4492,train,0.9012,0.0092
4493,train,2.0996,0.4159
4494,train,1.0928,0.0279
4495,train,1.6888,0.1947
4496,val,2.9453,0.8151
4497,train,1.9115,0.3100
4498,train,1.6758,0.1894
4499,train,1.9245,0.3175
4500,train,1.2232,0.0466
4501,test,2.8312,0.7774
4502,val,3.1861,0.8787
4503,train,1.4560,0.1064
4504,test,2.1001,0.4166
4505,test,2.6337,0.7014
4506,val,2.5371,0.6535
4507,train,2.4344,0.6020
4508,train,1.9472,0.3294
4509,train,1.4506,0.1041
4510,train,1.7176,0.2069
4511,train,1.6548,0.1815
4512,train,2.1750,0.4628
4513,train,0.9059,0.0095
4514,val,3.2033,0.8827
4515,train,1.7706,0.2359
4516,train,1.9918,0.3535
4517,train,2.1724,0.4609
4518,test,1.9614,0.3366
4519,train,2.7523,0.7495
4520,test,3.5089,0.9300
4521,train,1.3833,0.0845
4522,train,1.9006,0.3042
4523,train,2.6313,0.7004
4524,train,1.8347,0.2680
4525,test,3.8815,0.9652
4526,test,3.3912,0.9150
4527,train,2.4672,0.6174
4528,test,4.4773,0.9883
4529,train,2.1723,0.4608
4530,train,1.6365,0.1734
4531,train,1.3534,0.0779
4532,train,2.4404,0.6051
4533,val,1.7836,0.2414
4534,train,2.2746,0.5170
4535,train,2.0280,0.3744
4536,val,2.7853,0.7610
4537,val,3.9731,0.9713
4538,test,2.8632,0.7878
4539,train,1.9887,0.3515
4540,train,2.5541,0.6614
4541,val,3.1516,0.8707
4542,test,2.9379,0.8133
4543,train,1.5982,0.1576
4544,train,2.2031,0.4787
4545,train,2.0144,0.3655
4546,train,1.4547,0.1059
4547,train,3.6561,0.9459
4548,train,1.4419,0.1019
4549,train,1.6292,0.1711
4550,train,1.9329,0.3216
4551,train,1.5837,0.1523
4552,test,2.5916,0.6816
4553,train,1.5114,0.1252
4554,train,1.7655,0.2329
4555,test,3.7947,0.9585
4556,train,2.0563,0.3897
4557,val,2.8655,0.7889
4558,train,1.1678,0.0389
4559,val,2.1843,0.4683
4560,train,1.8195,0.2591
4561,train,2.2357,0.4974
4562,train,1.5485,0.1385
4563,train,1.5848,0.1531
4564,test,2.9095,0.8040
4565,train,2.3611,0.5642
4566,train,2.0382,0.3808
4567,train,2.1343,0.4338
4568,train,2.4036,0.5862
4569,test,2.9759,0.8257
4570,train,2.5950,0.6833
4571,train,1.3170,0.0687
4572,val,2.1546,0.4470
4573,val,1.8051,0.2520
4574,train,1.9709,0.3423
4575,train,3.2298,0.8873
4576,train,2.9119,0.8047
4577,val,2.0320,0.3766
4578,val,3.7841,0.9575
4579,train,2.1024,0.4177
4580,train,2.1488,0.4432
4581,train,2.5228,0.6454
4582,train,0.9822,0.0155
4583,test,3.7661,0.9554
4584,train,1.9121,0.3104
4585,train,2.0575,0.3909
4586,test,2.5408,0.6553
4587,train,2.4112,0.5892
4588,test,3.1332,0.8658
4589,train,1.9254,0.3180
4590,test,2.6863,0.7240
4591,train,2.1837,0.4679
4592,train,1.1041,0.0293
4593,train,2.1597,0.4519
4594,train,2.4326,0.6010
4595,train,1.1445,0.0342
4596,train,2.2133,0.4837
4597,val,2.7237,0.7386
4598,val,3.2633,0.8928
4599,train,2.3898,0.5788
4600,train,1.4286,0.0973
4601,train,1.8288,0.2644
4602,train,2.7799,0.7595
4603,train,1.4947,0.1183
4604,test,2.4714,0.6198
4605,val,3.2477,0.8905
4606,train,1.7877,0.2437
4607,test,3.8264,0.9611
4608,train,1.0417,0.0216
4609,train,2.3998,0.5848
4610,train,1.4058,0.0904
4611,test,2.5743,0.6726
4612,train,1.9660,0.3392
4613,val,2.1962,0.4750
4614,train,2.1636,0.4538
4615,test,4.0182,0.9729
4616,train,1.0654,0.0246
4617,val,3.1161,0.8627
4618,train,3.1454,0.8692
4619,test,2.9015,0.8011
4620,train,2.6859,0.7237
4621,train,1.3029,0.0645
4622,train,2.1726,0.4610
4623,train,1.4693,0.1099
4624,train,1.7262,0.2113
4625,train,2.6499,0.7087
4626,train,2.8373,0.7792
4627,train,1.9072,0.3072
4628,train,1.4647,0.1086
4629,test,2.4291,0.5991
4630,train,1.5280,0.1316
4631,train,2.4269,0.5984
4632,train,2.2002,0.4770
4633,test,4.1731,0.9801
4634,train,1.2253,0.0469
4635,train,1.7563,0.2270
4636,val,2.1443,0.4404
4637,train,3.1028,0.8600
4638,train,2.0817,0.4051
4639,train,2.8608,0.7871
4640,train,2.2172,0.4862
4641,train,2.1080,0.4207
4642,train,3.0619,0.8494
4643,test,2.6885,0.7248
4644,train,1.7802,0.2397
4645,train,1.7957,0.2479
4646,val,2.8388,0.7802
4647,train,1.8318,0.2661
4648,val,2.7882,0.7627
4649,train,1.7672,0.2340
4650,test,4.1337,0.9787
4651,val,3.1748,0.8762
4652,train,1.7414,0.2182
4653,test,4.3133,0.9841
4654,test,2.3475,0.5566
4655,val,2.5292,0.6480
4656,train,1.5272,0.1311
4657,test,2.4422,0.6068
4658,train,1.8327,0.2668
4659,train,1.7758,0.2375
4660,train,2.5895,0.6802
4661,train,0.9673,0.0139
4662,train,1.8115,0.2554
4663,test,2.5526,0.6609
4664,train,2.3773,0.5720
4665,train,2.0135,0.3646
4666,train,3.1050,0.8608
4667,train,1.9344,0.3226
4668,train,2.8997,0.8003
4669,val,3.7897,0.9581
4670,train,1.8611,0.2829
4671,train,1.6296,0.1713
4672,train,1.7175,0.2068
4673,val,2.3834,0.5754
4674,train,1.5472,0.1379
4675,train,2.4661,0.6170
4676,test,3.8733,0.9647
4677,train,2.0623,0.3929
4678,val,3.2633,0.8927
4679,train,1.9449,0.3284
4680,train,1.8830,0.2954
4681,train,2.2964,0.5292
4682,train,1.3466,0.0763
4683,train,2.6639,0.7148
4684,test,3.3828,0.9135
4685,train,1.7964,0.2485
4686,train,2.1235,0.4287
4687,train,7.1898,0.9999
4688,test,2.2678,0.5136
4689,train,3.0264,0.8399
4690,train,2.1751,0.4630
4691,train,2.7627,0.7534
4692,train,1.4689,0.1096
4693,train,1.1534,0.0363
4694,train,1.6495,0.1792
4695,train,3.0699,0.8515
4696,train,1.9120,0.3102
4697,test,2.2641,0.5114
4698,train,1.4130,0.0928
4699,train,1.4985,0.1201
4700,val,2.6819,0.7220
4701,train,1.5119,0.1255
4702,val,2.7774,0.7587
4703,train,2.0361,0.3794
4704,test,3.1428,0.8684
4705,train,1.6842,0.1928
4706,train,1.2269,0.0472
4707,val,2.7500,0.7484
4708,test,2.7050,0.7319
4709,train,1.6549,0.1815
4710,test,3.2507,0.8909
4711,test,2.0741,0.3999
4712,val,3.2778,0.8959
4713,test,4.2525,0.9826
4714,val,3.4811,0.9270
4715,train,1.1551,0.0369
4716,test,4.2326,0.9817
4717,val,3.3663,0.9107
4718,train,1.9514,0.3314
4719,test,3.4770,0.9267
4720,val,3.6973,0.9495
4721,train,1.9416,0.3268
4722,train,3.0264,0.8398
4723,train,2.0518,0.3877
4724,test,3.1256,0.8645
4725,train,2.0692,0.3976
4726,train,1.3108,0.0671
4727,train,1.3132,0.0675
4728,test,2.2617,0.5098
4729,train,2.0496,0.3863
4730,train,3.1113,0.8621
4731,train,2.3072,0.5347
4732,train,1.6715,0.1883
4733,train,3.1110,0.8619
4734,train,1.3601,0.0794
4735,train,2.5956,0.6837
4736,train,2.3992,0.5845
4737,train,1.2825,0.0595
4738,train,0.8894,0.0085
4739,train,1.0512,0.0227
4740,train,2.0351,0.3788
4741,train,1.8861,0.2968
4742,val,1.9632,0.3375
4743,train,1.9163,0.3125
4744,test,1.7851,0.2423
4745,train,0.8650,0.0073
4746,val,3.2046,0.8830
4747,train,2.6341,0.7015
4748,train,2.3859,0.5764
4749,train,1.7066,0.2021
4750,train,2.2045,0.4796
4751,test,3.0188,0.8378
4752,val,2.4380,0.6035
4753,val,3.7739,0.9565
4754,train,2.1735,0.4616
4755,train,2.2014,0.4777
4756,test,3.3833,0.9136
4757,train,2.1467,0.4421
4758,train,3.7100,0.9507
4759,test,2.6779,0.7204
4760,test,3.3721,0.9119
4761,train,3.2681,0.8945
4762,train,1.6538,0.1812
4763,train,1.5499,0.1392
4764,train,2.4533,0.6110
4765,train,1.8513,0.2781
4766,train,2.5363,0.6529
4767,train,2.2935,0.5274
4768,train,2.1187,0.4262
4769,train,1.7669,0.2336
4770,train,1.7182,0.2072
4771,train,1.9787,0.3461
4772,train,1.6921,0.1964
4773,train,0.6921,0.0020
4774,test,3.1491,0.8701
4775,train,2.7064,0.7324
4776,train,2.1082,0.4209
4777,train,1.3060,0.0657
4778,train,2.2829,0.5218
4779,train,2.5308,0.6494
4780,train,2.2117,0.4828
4781,train,2.3281,0.5462
4782,train,1.5811,0.1512
4783,test,2.4691,0.6184
4784,train,2.4827,0.6261
4785,train,1.9852,0.3497
4786,train,1.7063,0.2019
4787,train,3.2642,0.8933
4788,train,2.3230,0.5438
4789,train,1.8065,0.2528
4790,train,1.6072,0.1613
4791,train,0.7328,0.0027
4792,train,1.8257,0.2626
4793,test,2.6241,0.6969
4794,val,2.3969,0.5827
4795,train,2.8180,0.7723
4796,train,2.1117,0.4230
4797,val,2.8730,0.7912
4798,test,4.7933,0.9932
4799,test,2.3600,0.5634
4800,val,3.0093,0.8355
4801,train,1.8747,0.2897
4802,val,1.6426,0.1761
4803,train,2.1096,0.4218
4804,test,3.5884,0.9396
4805,val,2.5070,0.6385
4806,train,2.9012,0.8009
4807,val,3.2947,0.8984
4808,val,2.5675,0.6696
4809,val,2.8251,0.7753
4810,test,2.9872,0.8295
4811,train,2.0519,0.3879
4812,train,0.7466,0.0031
4813,train,1.5703,0.1474
4814,train,3.0209,0.8385
4815,test,2.2631,0.5109
4816,train,1.2719,0.0569
4817,train,1.8707,0.2873
4818,val,1.8808,0.2940
4819,train,2.4333,0.6012
4820,test,3.0520,0.8469
4821,val,3.6387,0.9441
4822,val,1.5492,0.1390
4823,val,1.5351,0.1337
4824,train,1.5507,0.1394
4825,test,1.7440,0.2201
4826,train,1.9041,0.3058
4827,train,1.7670,0.2337
4828,val,3.2681,0.8946
4829,train,1.0778,0.0259
4830,train,1.5172,0.1275
4831,train,2.7541,0.7498
4832,train,2.7326,0.7427
4833,train,1.6867,0.1941
4834,train,2.5103,0.6398
4835,train,1.5651,0.1449
4836,test,4.5649,0.9901
4837,train,1.6657,0.1859
4838,train,1.2033,0.0437
4839,val,2.2002,0.4770
4840,train,2.3629,0.5651
4841,train,1.9767,0.3451
4842,train,2.2605,0.5093
4843,val,2.5770,0.6744
4844,train,1.2781,0.0583
4845,val,3.0440,0.8451
4846,train,2.6754,0.7190
4847,val,2.8690,0.7899
4848,test,2.6351,0.7019
4849,train,1.6835,0.1923
4850,train,1.4885,0.1164
4851,train,1.4996,0.1204
4852,train,2.0081,0.3620
4853,train,1.4238,0.0951
4854,val,2.8047,0.7677
4855,train,1.7907,0.2453
4856,train,1.3832,0.0845
4857,train,1.1951,0.0424
4858,train,1.7779,0.2387
4859,train,1.3630,0.0803
4860,train,3.4947,0.9282
4861,train,1.4251,0.0957
4862,val,2.8452,0.7823
4863,test,3.6544,0.9457
4864,val,1.7690,0.2347
4865,train,2.1307,0.4320
4866,val,3.9880,0.9717
4867,train,1.8736,0.2892
4868,train,2.7441,0.7464
4869,train,2.1457,0.4413
4870,train,2.1655,0.4554
4871,train,3.2447,0.8902
4872,train,2.4992,0.6344
4873,test,2.0354,0.3790
4874,train,2.6574,0.7123
4875,train,2.0317,0.3763
4876,train,2.8082,0.7693
4877,train,1.6271,0.1705
4878,train,1.6337,0.1726
4879,train,2.2254,0.4910
4880,train,2.0822,0.4052
4881,train,1.5491,0.1389
4882,train,1.9233,0.3167
4883,train,2.0486,0.3857
4884,train,2.3775,0.5722
4885,test,2.8921,0.7977
4886,train,2.6306,0.7000
4887,val,3.8903,0.9660
4888,val,3.5436,0.9351
4889,train,2.1992,0.4766
4890,train,2.2964,0.5293
4891,train,1.7200,0.2077
4892,train,1.6385,0.1744
4893,train,1.6551,0.1816
4894,val,2.6451,0.7067
4895,train,2.5243,0.6460
4896,val,3.3034,0.9001
4897,val,2.2811,0.5208
4898,train,2.4973,0.6330
4899,train,2.2534,0.5055
4900,val,2.9366,0.8127
4901,val,2.5323,0.6506
4902,train,3.0566,0.8480
4903,test,2.0925,0.4112
4904,test,3.0511,0.8469
4905,train,2.9942,0.8312
4906,train,1.6376,0.1740
4907,test,4.2001,0.9807
4908,test,2.7111,0.7337
4909,train,1.8755,0.2902
4910,train,1.2747,0.0575
4911,test,2.3831,0.5752
4912,train,0.8601,0.0071
4913,train,2.4232,0.5964
4914,train,2.2787,0.5196
4915,train,1.6311,0.1719
4916,val,4.1165,0.9777
4917,train,1.4196,0.0940
4918,train,2.3668,0.5664
4919,train,1.5650,0.1447
4920,train,1.7589,0.2289
4921,train,2.4145,0.5911
4922,train,1.1272,0.0319
4923,train,2.4769,0.6223
4924,train,1.8512,0.2780
4925,train,2.1003,0.4166
4926,val,2.8718,0.7909
4927,test,3.2191,0.8854
4928,test,2.6262,0.6980
4929,test,2.8118,0.7704
4930,test,3.5367,0.9341
4931,test,3.1984,0.8815
4932,train,0.9669,0.0139
4933,train,2.2037,0.4791
4934,train,2.3839,0.5756
4935,train,1.4039,0.0897
4936,train,1.7414,0.2181
4937,train,1.3490,0.0766
4938,test,2.9735,0.8249
4939,train,1.6172,0.1661
4940,train,1.9081,0.3081
4941,test,2.4027,0.5861
4942,train,1.7048,0.2007
4943,train,1.7751,0.2374
4944,val,2.9897,0.8305
4945,train,2.4245,0.5970
4946,test,3.5297,0.9331
4947,test,2.6943,0.7270
4948,test,1.9796,0.3467
4949,train,2.0982,0.4147
4950,train,2.7682,0.7555
4951,val,2.2217,0.4887
4952,val,2.6803,0.7214
4953,val,1.7537,0.2259
4954,train,1.5917,0.1558
4955,train,2.0752,0.4007
4956,train,1.4985,0.1200
4957,train,1.7619,0.2307
4958,train,1.3757,0.0834
4959,train,1.6429,0.1763
4960,train,2.0610,0.3926
4961,train,2.6948,0.7272
4962,test,3.1562,0.8717
4963,test,4.1388,0.9790
4964,train,1.0581,0.0239
4965,train,2.3655,0.5659
4966,train,1.0164,0.0186
4967,train,1.0750,0.0255
4968,train,1.9270,0.3185
4969,train,1.7458,0.2211
4970,train,1.5267,0.1307
4971,train,2.3823,0.5748
4972,train,1.6630,0.1851
4973,train,1.6726,0.1885
4974,val,2.1549,0.4474
4975,train,2.0661,0.3955
4976,train,1.7496,0.2234
4977,val,2.4288,0.5990
4978,val,3.0390,0.8436
4979,train,3.7031,0.9499
4980,test,3.5967,0.9404
4981,val,2.4988,0.6340
4982,train,1.8206,0.2602
4983,train,1.7311,0.2135
4984,train,2.4389,0.6040
4985,val,3.7943,0.9585
4986,test,3.2267,0.8869
4987,train,2.0941,0.4123
4988,train,2.0325,0.3769
4989,train,3.2695,0.8948
4990,train,2.8748,0.7919
4991,train,2.2747,0.5171
4992,val,2.9468,0.8154
4993,train,1.7775,0.2385
4994,train,3.1859,0.8787
4995,train,2.6984,0.7295
4996,train,1.7964,0.2484
4997,train,1.0837,0.0265
4998,test,2.8818,0.7938
4999,train,2.3601,0.5636
5000,test,1.5138,0.1264
5001,train,0.8396,0.0061
5002,train,0.5465,0.0005
5003,train,4.3322,0.9845
5004,val,2.9056,0.8026
5005,test,3.6653,0.9468
5006,train,1.4296,0.0977
5007,train,1.4306,0.0981
5008,train,2.5356,0.6524
5009,test,2.2932,0.5272
5010,test,2.1068,0.4200
5011,test,2.9257,0.8099
5012,train,1.5805,0.1509
5013,val,2.2520,0.5050
5014,train,1.7759,0.2377
5015,train,2.2367,0.4977
5016,train,2.4407,0.6054
5017,train,2.5446,0.6570
5018,train,1.8595,0.2820
5019,train,2.8399,0.7805
5020,val,4.2097,0.9809
5021,train,1.9416,0.3267
5022,train,2.2821,0.5214
5023,train,2.0202,0.3694
5024,train,2.2283,0.4928
5025,train,0.7353,0.0029
5026,train,4.0574,0.9751
5027,train,2.3663,0.5662
5028,train,2.2786,0.5194
5029,train,2.0704,0.3981
5030,train,2.2477,0.5030
5031,train,1.5314,0.1326
5032,train,1.0549,0.0232
5033,train,2.9322,0.8112
5034,train,2.6941,0.7268
5035,train,2.7632,0.7538
5036,train,2.4204,0.5945
5037,train,2.1141,0.4240
5038,train,1.6902,0.1956
5039,test,2.7875,0.7623
5040,train,1.9094,0.3089
5041,train,2.1499,0.4439
5042,test,2.8543,0.7853
5043,val,2.0003,0.3580
5044,train,1.2842,0.0599
5045,train,1.0996,0.0286
5046,train,2.8385,0.7800
5047,train,0.8848,0.0083
5048,train,2.0886,0.4092
5049,train,1.9588,0.3356
5050,val,2.8554,0.7856
5051,train,1.6889,0.1949
5052,val,2.5991,0.6857
5053,test,2.7628,0.7535
5054,train,2.3297,0.5472
5055,train,1.2199,0.0461
5056,train,1.1512,0.0356
5057,val,1.9182,0.3138
5058,train,2.1461,0.4414
5059,val,1.5169,0.1273
5060,test,2.5499,0.6593
5061,train,1.5830,0.1520
5062,train,2.3102,0.5370
5063,val,1.9421,0.3272
5064,train,1.9227,0.3162
5065,train,3.3752,0.9125
5066,val,2.8889,0.7965
5067,train,1.9502,0.3309
5068,test,2.2628,0.5104
5069,val,2.9457,0.8153
5070,train,2.3193,0.5420
5071,test,1.9864,0.3501
5072,train,2.0702,0.3980
5073,test,3.0230,0.8387
5074,train,2.5370,0.6534
5075,train,2.3902,0.5792
5076,val,1.8867,0.2971
5077,train,1.5388,0.1347
5078,train,2.1573,0.4493
5079,train,1.0871,0.0271
5080,test,2.9373,0.8130
5081,train,2.5220,0.6452
5082,train,1.2237,0.0467
5083,val,2.2257,0.4912
5084,train,2.1404,0.4382
5085,test,2.9516,0.8169
5086,test,2.3125,0.5385
5087,train,1.5908,0.1555
5088,train,2.4443,0.6080
5089,test,2.5883,0.6792
5090,train,2.6712,0.7176
5091,test,2.3250,0.5446
5092,train,3.1538,0.8711
5093,train,2.3100,0.5369
5094,test,2.5635,0.6668
5095,val,6.8685,0.9996
5096,train,1.8987,0.3032
5097,val,3.3001,0.8993
5098,test,1.7305,0.2133
5099,test,2.6962,0.7284
5100,train,1.0700,0.0250
5101,train,2.2126,0.4834
5102,train,2.6483,0.7080
5103,train,2.6200,0.6954
5104,test,2.5252,0.6464
5105,train,2.2262,0.4917
5106,train,2.0219,0.3701
5107,test,3.6480,0.9451
5108,train,2.0638,0.3938
5109,train,2.0058,0.3608
5110,train,2.1172,0.4255
5111,train,2.0100,0.3630
5112,val,3.1516,0.8706
5113,train,2.9430,0.8145
5114,train,1.8783,0.2916
5115,train,2.8477,0.7831
5116,train,2.0228,0.3710
5117,train,1.1075,0.0295
5118,train,1.4573,0.1067
5119,train,3.3206,0.9033
5120,train,2.6642,0.7150
5121,val,2.7938,0.7644
5122,test,2.0716,0.3986
5123,train,1.9685,0.3410
5124,train,1.7535,0.2256
5125,test,2.8618,0.7874
5126,train,2.4919,0.6300
5127,train,1.6181,0.1665
5128,train,1.3859,0.0854
5129,train,2.5115,0.6404
5130,train,2.9581,0.8197
5131,train,1.3941,0.0873
5132,val,2.3891,0.5785
5133,train,1.8166,0.2578
5134,train,1.8591,0.2818
5135,train,1.8310,0.2659
5136,train,2.4206,0.5947
5137,train,2.1262,0.4298
5138,test,3.8419,0.9623
5139,test,3.5882,0.9395
5140,train,2.3164,0.5407
5141,train,2.1864,0.4696
5142,train,2.0438,0.3834
5143,test,2.2737,0.5166
5144,train,1.3351,0.0730
5145,train,1.4605,0.1076
5146,val,3.4063,0.9169
5147,train,3.8284,0.9613
5148,train,1.9352,0.3232
5149,train,2.1978,0.4758
5150,train,2.3852,0.5760
5151,train,3.0647,0.8501
5152,train,1.7532,0.2254
5153,train,1.1605,0.0378
5154,train,1.5271,0.1309
5155,test,3.0130,0.8365
5156,train,1.8337,0.2678
5157,val,2.6138,0.6922
5158,train,2.4465,0.6089
5159,val,2.7640,0.7542
5160,val,3.1439,0.8686
5161,train,1.9686,0.3411
5162,train,1.7360,0.2160
5163,train,1.5334,0.1331
5164,train,2.6082,0.6897
5165,test,2.5469,0.6579
5166,val,3.9685,0.9710
5167,train,2.8796,0.7928
5168,train,1.6429,0.1762
5169,train,2.6927,0.7264
5170,test,3.2336,0.8880
5171,train,3.1445,0.8689
5172,train,1.0613,0.0243
5173,train,1.7993,0.2501
5174,val,2.5369,0.6534
5175,train,2.2599,0.5089
5176,train,2.5645,0.6674
5177,train,1.2894,0.0612
5178,train,3.7885,0.9581
5179,train,2.5623,0.6659
5180,val,2.1727,0.4612
5181,train,1.3449,0.0755
5182,test,2.2439,0.5013
5183,train,2.7507,0.7488
5184,test,2.9182,0.8076
5185,train,1.4926,0.1175
5186,test,2.6483,0.7081
5187,train,1.5796,0.1506
5188,train,1.9966,0.3557
5189,train,1.4669,0.1090
5190,train,1.5918,0.1559
5191,train,0.8935,0.0088
5192,val,2.7752,0.7579
5193,train,1.5004,0.1207
5194,train,2.0855,0.4073
5195,train,0.9736,0.0144
5196,val,2.2663,0.5130
5197,val,2.7905,0.7632
5198,train,2.3475,0.5568
5199,train,1.1334,0.0325
5200,test,2.3558,0.5614
5201,train,2.2040,0.4794
5202,test,2.4866,0.6281
5203,train,1.5774,0.1497
5204,val,2.4266,0.5980
5205,val,3.9366,0.9687
5206,train,1.2521,0.0525
5207,train,1.4048,0.0901
5208,train,3.9413,0.9693
5209,val,2.9375,0.8131
5210,train,1.9271,0.3186
5211,train,3.0560,0.8479
5212,train,2.2103,0.4820
5213,train,1.8739,0.2893
5214,val,3.8415,0.9622
5215,train,1.1579,0.0375
5216,train,2.7654,0.7548
5217,train,1.9574,0.3348
5218,train,1.4102,0.0919
5219,train,1.4411,0.1018
5220,test,4.1020,0.9773
5221,train,3.3312,0.9049
5222,test,3.2603,0.8920
5223,val,2.3190,0.5417
5224,train,3.7703,0.9559
5225,test,2.5184,0.6441
5226,val,2.4680,0.6178
5227,train,2.4177,0.5928
5228,train,1.1733,0.0397
5229,train,0.9289,0.0106
5230,train,2.0549,0.3892
5231,train,1.7483,0.2225
5232,train,1.6771,0.1903
5233,train,1.3149,0.0679
5234,train,1.8331,0.2674
5235,train,2.2535,0.5056
5236,train,2.8162,0.7717
5237,train,2.6771,0.7201
5238,val,2.4604,0.6146
5239,val,4.4428,0.9876
5240,test,4.0914,0.9769
5241,train,2.0988,0.4153
5242,test,3.5810,0.9388
5243,test,3.6115,0.9418
5244,train,1.4232,0.0950
5245,val,2.5541,0.6616
5246,train,2.4167,0.5924
5247,train,2.7415,0.7450
5248,train,2.1151,0.4244
5249,test,2.4451,0.6083
5250,train,2.8751,0.7920
5251,train,1.8860,0.2967
5252,train,1.9200,0.3152
5253,test,2.2801,0.5205
5254,val,2.5004,0.6350
5255,train,2.1213,0.4276
5256,train,2.3391,0.5521
5257,train,1.6476,0.1783
5258,train,1.1295,0.0321
5259,test,2.1465,0.4417
5260,train,2.8402,0.7807
5261,test,2.3866,0.5771
5262,train,1.2935,0.0621
5263,train,2.7926,0.7638
5264,train,2.4696,0.6189
5265,train,1.5691,0.1468
5266,train,1.8843,0.2960
5267,train,1.5705,0.1475
5268,train,1.8477,0.2756
5269,train,2.2281,0.4926
5270,train,2.5477,0.6583
5271,train,3.0092,0.8354
5272,test,3.1720,0.8757
5273,test,2.3210,0.5426
5274,val,1.4951,0.1185
5275,train,2.4103,0.5889
5276,train,2.4548,0.6117
5277,train,1.9782,0.3458
5278,train,1.9824,0.3478
5279,train,2.2024,0.4785
5280,train,1.8272,0.2636
5281,train,1.0159,0.0185
5282,test,2.1308,0.4322
5283,test,2.4258,0.5978
5284,val,4.0758,0.9762
5285,train,2.1895,0.4713
5286,val,2.7603,0.7520
5287,train,1.4292,0.0975
5288,train,2.4578,0.6134
5289,test,1.8027,0.2512
5290,val,5.0351,0.9959
5291,train,1.8330,0.2670
5292,train,2.0702,0.3980
5293,train,1.5268,0.1308
5294,train,2.1857,0.4690
5295,train,2.5338,0.6513
5296,train,1.7224,0.2090
5297,test,3.1445,0.8688
5298,train,2.3172,0.5409
5299,train,2.5316,0.6500
5300,train,1.7065,0.2019
5301,train,2.4832,0.6264
5302,train,2.0470,0.3850
5303,train,2.1835,0.4676
5304,test,2.5072,0.6386
5305,train,1.9467,0.3292
5306,train,2.0303,0.3757
5307,train,2.4879,0.6285
5308,val,2.9375,0.8131
5309,train,1.3966,0.0884
5310,train,1.8375,0.2693
5311,train,1.5604,0.1430
5312,train,1.6245,0.1697
5313,train,2.7433,0.7456
5314,train,1.7573,0.2278
5315,train,2.9776,0.8265
5316,test,2.6261,0.6979
5317,train,1.3266,0.0711
5318,train,2.0013,0.3584
5319,val,3.8694,0.9643
5320,train,1.9051,0.3063
5321,train,1.8275,0.2637
5322,train,2.9333,0.8117
5323,train,2.7008,0.7302
5324,train,2.1959,0.4744
5325,train,3.3188,0.9029
5326,val,3.2806,0.8963
5327,train,2.3349,0.5495
5328,test,2.2955,0.5286
5329,val,3.7685,0.9557
5330,val,3.3160,0.9023
5331,test,2.5597,0.6650
5332,val,2.4796,0.6242
5333,val,2.8533,0.7849
5334,train,1.6148,0.1651
5335,train,1.7626,0.2311
5336,test,3.5654,0.9375
5337,train,3.1512,0.8705
5338,val,2.6508,0.7091
5339,train,2.1967,0.4752
5340,train,2.2209,0.4880
5341,train,1.9933,0.3542
5342,train,1.0007,0.0171
5343,train,3.0950,0.8581
5344,train,3.3123,0.9018
5345,train,1.5242,0.1301
5346,val,2.5513,0.6600
5347,train,2.2072,0.4804
5348,train,1.1212,0.0309
5349,train,2.8132,0.7710
5350,train,2.0815,0.4048
5351,train,2.2880,0.5246
5352,train,1.9706,0.3420
5353,train,1.5705,0.1476
5354,train,1.8383,0.2700
5355,train,1.3945,0.0876
5356,test,2.2016,0.4779
5357,train,2.2470,0.5028
5358,train,2.8407,0.7810
5359,test,2.2281,0.4926
5360,train,1.6842,0.1927
5361,train,1.1410,0.0337
5362,train,2.5744,0.6728
5363,train,2.0410,0.3820
5364,train,1.8516,0.2784
5365,test,4.0766,0.9763
5366,train,1.7769,0.2382
5367,train,1.8613,0.2831
5368,val,3.8302,0.9615
5369,val,2.5650,0.6679
5370,train,1.4960,0.1191
5371,val,3.1920,0.8800
5372,train,2.9049,0.8023
5373,train,1.5589,0.1423
5374,train,2.5487,0.6588
5375,train,2.1448,0.4408
5376,train,1.7018,0.1994
5377,train,2.4247,0.5971
5378,train,2.1742,0.4623
5379,test,3.7494,0.9543
5380,train,2.4153,0.5916
5381,train,1.1568,0.0373
5382,train,2.7869,0.7620
5383,train,1.2490,0.0519
5384,train,2.5349,0.6521
5385,train,2.1165,0.4252
5386,train,1.8256,0.2625
5387,train,2.1758,0.4636
5388,train,1.5304,0.1323
5389,train,2.0304,0.3758
5390,val,4.0283,0.9735
5391,train,1.2305,0.0481
5392,train,2.5886,0.6793
5393,train,1.4251,0.0957
5394,train,1.9668,0.3400
5395,train,2.4545,0.6116
5396,train,1.3185,0.0690
5397,train,2.0200,0.3690
5398,train,1.0157,0.0185
5399,train,2.0461,0.3844
5400,val,2.9497,0.8161
5401,train,2.5563,0.6628
5402,test,2.5139,0.6418
5403,test,3.2207,0.8861
5404,train,1.6839,0.1925
5405,train,1.6932,0.1967
5406,train,2.2590,0.5086
5407,val,2.4456,0.6085
5408,train,2.4809,0.6252
5409,train,1.6787,0.1909
5410,train,2.0347,0.3785
5411,train,1.7147,0.2054
5412,train,1.4433,0.1023
5413,train,2.0901,0.4096
5414,val,2.4013,0.5856
5415,val,2.5397,0.6548
5416,test,2.2798,0.5202
5417,train,4.7437,0.9926
5418,train,1.7392,0.2174
5419,train,2.5377,0.6538
5420,val,2.8138,0.7711
5421,train,2.0455,0.3841
5422,val,3.0081,0.8352
5423,train,1.3616,0.0799
5424,val,3.6968,0.9494
5425,train,1.9002,0.3041
5426,train,2.4379,0.6034
5427,train,2.6439,0.7060
5428,train,1.8901,0.2990
5429,train,2.0923,0.4110
5430,train,2.4219,0.5956
5431,train,1.8461,0.2744
5432,train,2.3777,0.5724
5433,train,1.6453,0.1775
5434,train,2.1906,0.4716
5435,test,1.7809,0.2400
5436,train,1.1315,0.0323
5437,train,2.4361,0.6027
5438,train,1.5182,0.1281
5439,test,3.1194,0.8635
5440,val,1.6926,0.1965
5441,train,1.5906,0.1554
5442,train,2.0647,0.3943
5443,test,3.8073,0.9596
5444,train,1.8116,0.2555
5445,test,3.0359,0.8431
5446,train,1.2631,0.0551
5447,train,1.3984,0.0886
5448,val,2.0682,0.3970
5449,train,2.9165,0.8068
5450,train,2.1563,0.4486
5451,train,1.6723,0.1885
5452,val,1.7986,0.2495
5453,train,2.3796,0.5730
5454,train,1.3158,0.0683
5455,train,3.3103,0.9014
5456,train,1.7415,0.2183
5457,train,2.1464,0.4416
5458,train,2.4803,0.6248
5459,train,2.4614,0.6148
5460,train,1.7898,0.2451
5461,train,1.2184,0.0459
5462,train,1.5628,0.1441
5463,train,2.4324,0.6009
5464,train,3.0767,0.8532
5465,train,1.6358,0.1733
5466,train,2.8787,0.7925
5467,train,3.2195,0.8856
5468,train,1.4212,0.0945
5469,train,3.0995,0.8589
5470,train,3.5538,0.9364
5471,train,1.7979,0.2489
5472,train,2.6118,0.6910
5473,train,1.3770,0.0837
5474,train,2.9517,0.8169
5475,train,2.4030,0.5862
5476,train,2.5557,0.6626
5477,train,2.3514,0.5591
5478,train,1.3900,0.0864
5479,train,1.7515,0.2246
5480,val,3.0652,0.8503
5481,train,1.8634,0.2844
5482,train,1.5392,0.1348
5483,train,1.5782,0.1501
5484,train,2.3859,0.5764
5485,test,2.9531,0.8175
5486,train,2.1070,0.4200
5487,train,2.0749,0.4005
5488,train,1.8654,0.2854
5489,val,2.7340,0.7429
5490,train,2.3337,0.5489
5491,train,2.3848,0.5758
5492,train,1.6762,0.1897
5493,train,1.8172,0.2582
5494,train,2.2106,0.4822
5495,test,2.6128,0.6916
5496,train,2.3098,0.5366
5497,test,3.4646,0.9251
5498,test,2.3673,0.5668
5499,train,1.8196,0.2592
5500,val,2.8744,0.7917
5501,train,3.2639,0.8931
5502,train,1.8984,0.3031
5503,train,1.7047,0.2007
5504,val,2.0997,0.4160
5505,train,1.9782,0.3457
5506,train,2.0848,0.4068
5507,val,3.8510,0.9629
5508,train,1.8604,0.2825
5509,train,2.5826,0.6762
5510,train,3.8931,0.9664
5511,train,2.0281,0.3744
5512,train,2.3871,0.5776
5513,train,1.6632,0.1852
5514,train,0.6991,0.0021
5515,train,1.1486,0.0351
5516,train,4.0205,0.9731
5517,train,1.5744,0.1489
5518,train,2.0606,0.3922
5519,test,2.9031,0.8019
5520,train,1.5170,0.1273
5521,train,1.5758,0.1494
5522,train,2.8804,0.7931
5523,val,3.4656,0.9254
5524,test,2.3861,0.5769
5525,train,2.4633,0.6160
5526,train,1.5672,0.1459
5527,test,1.7233,0.2098
5528,train,2.5372,0.6536
5529,train,1.7703,0.2357
5530,train,1.7422,0.2189
5531,train,2.1186,0.4262
5532,train,1.2695,0.0565
5533,val,2.2237,0.4898
5534,val,1.1022,0.0289
5535,train,2.4308,0.5999
5536,train,1.8662,0.2859
5537,train,2.0251,0.3722
5538,train,1.5194,0.1285
5539,val,3.2962,0.8988
5540,train,1.8227,0.2612
5541,train,1.5345,0.1335
5542,train,1.2593,0.0542
5543,val,2.1586,0.4509
5544,train,2.1566,0.4488
5545,train,1.6121,0.1639
5546,train,2.0468,0.3848
5547,train,1.6350,0.1731
5548,test,2.0413,0.3823
5549,train,2.6144,0.6928
5550,train,2.3397,0.5524
5551,train,3.1201,0.8638
5552,train,1.7382,0.2171
5553,test,4.1258,0.9781
5554,train,2.3770,0.5718
5555,train,1.3335,0.0727
5556,val,1.5803,0.1509
5557,train,1.4581,0.1070
5558,train,2.5631,0.6664
5559,val,2.5132,0.6413
5560,test,2.4737,0.6208
5561,train,2.3470,0.5563
5562,train,2.7278,0.7403
5563,train,2.8304,0.7771
5564,train,2.0850,0.4071
5565,train,2.2954,0.5285
5566,val,3.4160,0.9179
5567,train,2.0816,0.4050
5568,val,2.3971,0.5828
5569,test,3.3416,0.9066
5570,train,2.1049,0.4190
5571,test,2.6435,0.7058
5572,val,2.3604,0.5638
5573,train,1.6131,0.1642
5574,test,3.0039,0.8338
5575,val,3.0528,0.8472
5576,train,2.3563,0.5617
5577,train,1.6245,0.1697
5578,train,0.8797,0.0081
5579,train,1.9408,0.3261
5580,train,0.8369,0.0061
5581,train,1.8123,0.2558
5582,train,2.8031,0.7671
5583,train,1.5116,0.1253
5584,train,2.1109,0.4224
5585,val,2.7961,0.7652
5586,train,3.0441,0.8453
5587,train,1.7620,0.2308
5588,train,2.3855,0.5763
5589,train,2.6128,0.6917
5590,train,2.3898,0.5788
5591,test,4.0159,0.9727
5592,train,1.5775,0.1498
5593,train,1.8162,0.2576
5594,val,2.2165,0.4859
5595,train,1.5930,0.1564
5596,train,2.1184,0.4260
5597,train,2.1743,0.4626
5598,test,3.6127,0.9421
5599,val,5.7268,0.9983
5600,val,3.2264,0.8868
5601,train,1.6301,0.1715
5602,val,3.7092,0.9505
5603,val,2.8909,0.7974
5604,train,1.1061,0.0294
5605,train,1.6110,0.1631
5606,test,3.6072,0.9416
5607,train,1.1619,0.0380
5608,train,4.4375,0.9874
5609,test,2.5301,0.6488
5610,test,2.7474,0.7474
5611,test,4.9745,0.9953
5612,test,3.3184,0.9027
5613,train,3.1981,0.8813
5614,val,2.2239,0.4902
5615,train,2.0519,0.3878
5616,train,2.8007,0.7662
5617,val,2.9553,0.8186
5618,train,1.2961,0.0626
5619,train,1.6508,0.1798
5620,test,2.5355,0.6524
5621,train,1.7082,0.2030
5622,train,2.2735,0.5164
5623,train,2.2282,0.4928
5624,train,2.0983,0.4149
5625,train,2.0101,0.3631
5626,test,3.0796,0.8540
5627,train,3.8123,0.9603
5628,train,1.9729,0.3434
5629,val,1.6698,0.1877
5630,train,1.6503,0.1793
5631,test,2.2099,0.4815
5632,val,2.5968,0.6844
5633,train,2.0684,0.3971
5634,val,3.0301,0.8410
5635,train,2.7226,0.7379
5636,train,1.9983,0.3568
5637,train,2.1919,0.4723
5638,test,2.5232,0.6456
5639,train,2.5089,0.6392
5640,test,2.0949,0.4127
5641,train,1.9430,0.3277
5642,train,1.6996,0.1985
5643,test,3.2923,0.8980
5644,train,3.1483,0.8699
5645,train,1.0461,0.0223
5646,train,4.2178,0.9811
5647,train,1.9485,0.3302
5648,train,1.6034,0.1597
5649,train,2.9543,0.8183
5650,train,3.0905,0.8567
5651,val,3.0093,0.8355
5652,train,2.1071,0.4202
5653,train,2.5482,0.6584
5654,train,4.0660,0.9756
5655,val,2.6197,0.6953
5656,train,2.4839,0.6270
5657,train,2.8108,0.7701
5658,train,2.6321,0.7006
5659,train,1.5137,0.1263
5660,train,1.5117,0.1254
5661,train,1.8007,0.2508
5662,train,2.1475,0.4423
5663,train,1.9653,0.3390
5664,train,1.5125,0.1258
5665,train,1.9104,0.3094
5666,train,2.9794,0.8274
5667,test,3.0235,0.8390
5668,train,1.8586,0.2814
5669,test,3.4516,0.9233
5670,train,2.1188,0.4265
5671,train,0.9404,0.0115
5672,train,1.4456,0.1031
5673,train,2.2646,0.5120
5674,train,1.3148,0.0677
5675,test,3.2133,0.8845
5676,train,3.1240,0.8642
5677,test,2.7942,0.7647
5678,train,1.9876,0.3508
5679,train,2.1013,0.4171
5680,test,2.8184,0.7725
5681,train,1.5296,0.1321
5682,test,2.8062,0.7683
5683,train,2.4604,0.6146
5684,train,2.0752,0.4006
5685,test,3.0469,0.8462
5686,train,3.7724,0.9561
5687,train,1.6666,0.1865
5688,train,0.8197,0.0054
5689,val,2.7193,0.7368
5690,train,1.2600,0.0543
5691,train,1.5792,0.1503
5692,train,2.0324,0.3768
5693,val,2.3026,0.5323
5694,train,2.9016,0.8011
5695,test,2.8395,0.7805
5696,val,2.3437,0.5546
5697,train,1.6484,0.1787
5698,train,3.2531,0.8914
5699,train,2.2320,0.4954
5700,test,2.3952,0.5817
5701,train,1.5095,0.1238
5702,val,2.1934,0.4732
5703,val,3.0993,0.8588
5704,test,2.4562,0.6124
5705,train,1.6825,0.1920
5706,train,1.5112,0.1251
5707,train,2.2601,0.5092
5708,train,1.3581,0.0789
5709,train,1.6241,0.1694
5710,train,1.3294,0.0718
5711,train,1.9307,0.3202
5712,val,3.3558,0.9090
5713,train,2.5759,0.6735
5714,test,2.7805,0.7597
5715,train,0.7872,0.0040
5716,val,2.8196,0.7729
5717,train,1.8743,0.2896
5718,train,2.0891,0.4093
5719,train,2.8460,0.7825
5720,val,2.5097,0.6394
5721,train,1.5212,0.1292
5722,train,1.3100,0.0666
5723,train,1.7801,0.2396
5724,train,2.2100,0.4817
5725,train,1.4005,0.0891
5726,train,2.0328,0.3772
5727,train,3.6599,0.9462
5728,val,1.6424,0.1759
5729,train,2.5804,0.6754
5730,train,1.7171,0.2065
5731,train,1.4486,0.1037
5732,train,1.2313,0.0481
5733,test,3.0278,0.8401
5734,train,1.9777,0.3456
5735,train,1.1887,0.0416
5736,train,2.5655,0.6684
5737,train,2.9260,0.8101
5738,train,2.5286,0.6476
5739,train,1.4693,0.1100
5740,train,2.0301,0.3756
5741,train,2.8404,0.7809
5742,val,2.6492,0.7084
5743,train,2.0779,0.4023
5744,train,2.3067,0.5344
5745,train,1.6099,0.1623
5746,val,1.8129,0.2560
5747,train,1.2888,0.0610
5748,val,3.7950,0.9587
5749,train,2.1861,0.4693
5750,test,3.7307,0.9530
5751,test,1.7874,0.2434
5752,val,2.9902,0.8305
5753,train,2.5436,0.6565
5754,train,4.6830,0.9914
5755,train,1.8458,0.2742
5756,train,2.5763,0.6738
5757,train,2.3248,0.5445
5758,train,1.8862,0.2968
5759,test,2.2520,0.5050
5760,train,2.4439,0.6077
5761,train,1.3951,0.0878
5762,train,2.8857,0.7957
5763,train,1.8990,0.3034
5764,train,2.0970,0.4139
5765,train,3.9551,0.9696
5766,train,2.7023,0.7308
5767,train,2.4311,0.6002
5768,val,3.1695,0.8747
5769,train,1.9759,0.3447
5770,train,1.6381,0.1742
5771,train,1.0436,0.0218
5772,train,0.8427,0.0062
5773,train,1.1774,0.0403
5774,train,1.4303,0.0979
5775,train,1.5516,0.1397
5776,train,2.5621,0.6658
5777,test,3.1953,0.8808
5778,train,2.0147,0.3657
5779,train,1.4799,0.1139
5780,train,1.7580,0.2283
5781,train,2.1854,0.4689
5782,train,2.1309,0.4322
5783,test,3.5907,0.9401
5784,train,2.9173,0.8070
5785,train,2.6375,0.7030
5786,train,2.9009,0.8008
5787,train,1.5102,0.1241
5788,train,2.5731,0.6722
5789,train,1.2980,0.0633
5790,train,2.0697,0.3978
5791,train,1.1905,0.0417
5792,train,2.5497,0.6592
5793,test,5.2279,0.9969
5794,train,1.6223,0.1686
5795,train,1.9609,0.3364
5796,val,3.8045,0.9593
5797,train,2.3349,0.5496
5798,train,1.8479,0.2763
5799,test,2.5903,0.6807
5800,train,3.0429,0.8448
5801,test,2.4277,0.5986
5802,train,1.1251,0.0314
5803,train,1.6438,0.1767
5804,train,2.3660,0.5661
5805,train,3.4874,0.9275
5806,train,1.3221,0.0700
5807,train,1.7569,0.2273
5808,train,2.0741,0.3998
5809,train,1.8748,0.2898
5810,test,2.4812,0.6255
5811,val,2.9698,0.8237
5812,val,2.1437,0.4398
5813,train,2.1884,0.4706
5814,val,2.7999,0.7659
5815,train,1.4801,0.1141
5816,val,3.2862,0.8973
5817,train,2.3294,0.5470
5818,train,1.6475,0.1782
5819,train,3.0362,0.8431
5820,val,2.8517,0.7845
5821,train,1.3933,0.0869
5822,train,2.1495,0.4436
5823,train,2.1138,0.4238
5824,train,2.6899,0.7254
5825,train,1.9412,0.3263
5826,train,1.1514,0.0357
5827,train,1.7111,0.2041
5828,train,3.8100,0.9602
5829,test,1.9553,0.3339
5830,train,1.3423,0.0747
5831,val,3.6527,0.9455
5832,train,2.0305,0.3760
5833,train,2.5565,0.6630
5834,train,4.4967,0.9889
5835,train,2.1573,0.4494
5836,val,3.7306,0.9529
5837,train,2.5441,0.6567
5838,train,1.6437,0.1765
5839,train,1.9020,0.3049
5840,train,2.2716,0.5153
5841,train,1.7320,0.2141
5842,train,2.2020,0.4782
5843,val,6.2109,0.9990
5844,train,2.0316,0.3762
5845,train,1.9015,0.3043
5846,test,2.5866,0.6783
5847,train,2.7609,0.7526
5848,val,2.7791,0.7593
5849,test,3.4439,0.9218
5850,train,1.7578,0.2281
5851,test,2.0509,0.3871
5852,train,2.1555,0.4481
5853,train,1.8646,0.2849
5854,train,1.5198,0.1287
5855,test,3.0567,0.8481
5856,train,0.9808,0.0153
5857,train,2.8445,0.7820
5858,val,2.2644,0.5118
5859,test,2.6915,0.7263
5860,train,1.7935,0.2469
5861,train,1.5233,0.1297
5862,train,1.8777,0.2914
5863,train,1.9019,0.3048
5864,train,2.3108,0.5374
5865,train,2.2283,0.4929
5866,train,2.9936,0.8311
5867,train,1.0371,0.0212
5868,train,2.0832,0.4060
5869,train,2.3682,0.5670
5870,train,1.9547,0.3334
5871,val,3.4546,0.9237
5872,train,1.8786,0.2917
5873,val,4.0313,0.9736
5874,train,1.6771,0.1903
5875,train,2.6456,0.7072
5876,train,2.6423,0.7051
5877,train,2.4069,0.5870
5878,train,2.2584,0.5083
5879,train,1.8792,0.2924
5880,train,2.2638,0.5112
5881,train,2.9312,0.8110
5882,test,2.5773,0.6746
5883,train,2.4867,0.6282
5884,train,1.2937,0.0622
5885,val,3.7667,0.9555
5886,test,2.0772,0.4016
5887,test,3.9521,0.9695
5888,test,1.4800,0.1139
5889,train,2.0462,0.3845
5890,val,3.9886,0.9719
5891,train,1.7836,0.2415
5892,train,1.9667,0.3398
5893,train,2.8589,0.7865
5894,train,1.9391,0.3253
5895,train,2.5129,0.6412
5896,train,1.9693,0.3416
5897,train,1.4527,0.1049
5898,val,2.5801,0.6753
5899,test,2.8114,0.7702
5900,val,2.4810,0.6253
5901,val,2.4097,0.5887
5902,train,3.3264,0.9039
5903,test,2.0087,0.3623
5904,val,2.4297,0.5996
5905,train,4.5776,0.9902
5906,train,1.9517,0.3317
5907,train,1.6119,0.1638
5908,test,3.3316,0.9051
5909,test,2.7495,0.7483
5910,train,2.1626,0.4534
5911,train,2.1849,0.4686
5912,train,1.3389,0.0739
5913,train,1.5902,0.1552
5914,train,1.4854,0.1154
5915,train,1.8252,0.2624
5916,train,2.0928,0.4114
5917,train,2.2682,0.5139
5918,train,2.2945,0.5282
5919,test,4.3303,0.9844
5920,test,3.3662,0.9106
5921,val,2.6712,0.7176
5922,test,3.3500,0.9079
5923,train,1.6064,0.1609
5924,train,2.0171,0.3673
5925,train,2.1850,0.4687
5926,train,1.5266,0.1306
5927,train,1.9825,0.3480
5928,train,2.6725,0.7182
5929,train,2.1469,0.4422
5930,train,1.6713,0.1882
5931,test,3.1888,0.8795
5932,train,1.3084,0.0662
5933,train,1.7886,0.2443
5934,train,1.8875,0.2975
5935,train,1.7646,0.2325
5936,train,2.1207,0.4274
5937,train,1.2649,0.0556
5938,train,1.3065,0.0658
5939,val,2.8031,0.7672
5940,train,2.1693,0.4580
5941,train,1.9259,0.3182
5942,val,2.7328,0.7428
5943,test,3.2371,0.8887
5944,train,1.4101,0.0918
5945,train,3.2692,0.8947
5946,test,2.3649,0.5656
5947,val,2.4187,0.5936
5948,train,1.8301,0.2653
5949,train,1.6479,0.1785
5950,train,3.0783,0.8535
5951,train,2.3106,0.5372
5952,test,4.8990,0.9943
5953,val,2.7174,0.7358
5954,train,1.5098,0.1241
5955,train,2.3882,0.5779
5956,train,1.4935,0.1179
5957,train,1.2777,0.0583
5958,train,2.7928,0.7639
5959,test,3.0290,0.8407
5960,train,1.8302,0.2654
5961,test,2.1589,0.4514
5962,test,2.4087,0.5881
5963,train,2.0125,0.3642
5964,train,1.8804,0.2936
5965,train,1.5335,0.1331
5966,val,2.2616,0.5097
5967,train,2.5241,0.6458
5968,train,2.0868,0.4080
5969,train,0.9427,0.0118
5970,train,2.3433,0.5544
5971,train,2.6884,0.7247
5972,train,1.4343,0.0993
5973,train,4.4024,0.9867
5974,train,2.9197,0.8079
5975,train,1.9692,0.3415
5976,val,3.5148,0.9310
5977,train,2.2011,0.4775
5978,test,2.3475,0.5566
5979,train,2.6969,0.7284
5980,train,2.0845,0.4066
5981,test,2.5198,0.6445
5982,val,2.1521,0.4452
5983,train,2.4957,0.6318
5984,train,1.6536,0.1811
5985,val,2.5807,0.6755
5986,train,2.6959,0.7280
5987,train,0.9345,0.0109
5988,train,2.0997,0.4160
5989,train,2.7895,0.7629
5990,train,2.1765,0.4638
5991,test,1.6487,0.1789
5992,val,2.3027,0.5324
5993,train,2.4417,0.6062
5994,val,4.4046,0.9868
5995,train,1.3176,0.0689
5996,train,2.0730,0.3992
5997,train,3.0432,0.8449
5998,train,2.0417,0.3824
5999,train,2.2245,0.4904
6000,test,3.0018,0.8333
6001,train,1.2343,0.0487
6002,train,1.5181,0.1278
6003,train,1.8154,0.2574
6004,train,2.6169,0.6942
6005,train,3.5688,0.9377
6006,val,3.3027,0.9000
6007,train,1.8905,0.2992
6008,train,1.3714,0.0823
6009,train,2.0877,0.4085
6010,train,1.8106,0.2551
6011,train,3.3925,0.9151
6012,train,1.2436,0.0507
6013,train,2.5081,0.6390
6014,train,2.2943,0.5280
6015,test,2.3411,0.5532
6016,train,1.1395,0.0333
6017,val,2.4631,0.6156
6018,val,2.1001,0.4165
6019,train,2.0262,0.3732
6020,train,2.5743,0.6726
6021,val,2.2908,0.5258
6022,train,3.0597,0.8487
6023,train,2.9216,0.8087
6024,test,4.9706,0.9951
6025,train,2.3181,0.5413
6026,train,1.9602,0.3360
6027,train,2.4143,0.5910
6028,train,2.2844,0.5226
6029,train,2.6550,0.7114
6030,train,0.8109,0.0047
6031,val,2.6549,0.7114
6032,train,1.1226,0.0310
6033,train,2.1433,0.4395
6034,test,2.8942,0.7987
6035,train,1.9640,0.3382
6036,train,2.5308,0.6494
6037,train,1.1924,0.0419
6038,train,1.1769,0.0401
6039,train,1.6766,0.1901
6040,val,2.4470,0.6092
6041,test,2.3268,0.5457
6042,train,2.8588,0.7864
6043,train,2.7668,0.7551
6044,train,2.4507,0.6102
6045,test,2.0412,0.3822
6046,train,1.8941,0.3006
6047,train,0.8717,0.0077
6048,train,0.9558,0.0127
6049,train,2.8651,0.7887
6050,train,2.0949,0.4128
6051,train,1.7709,0.2361
6052,train,2.0659,0.3953
6053,val,3.8506,0.9629
6054,train,3.1112,0.8620
6055,train,2.4629,0.6155
6056,train,1.7405,0.2180
6057,train,1.3588,0.0791
6058,train,1.3920,0.0869
6059,test,4.7587,0.9927
6060,test,2.6679,0.7164
6061,test,2.8349,0.7784
6062,test,3.0598,0.8489
6063,train,1.8942,0.3007
6064,val,2.2954,0.5284
6065,train,3.1887,0.8794
6066,train,1.5906,0.1553
6067,train,2.9329,0.8114
6068,train,1.7132,0.2049
6069,val,2.9684,0.8233
6070,train,1.5750,0.1493
6071,train,2.0793,0.4035
6072,test,3.8060,0.9595
6073,train,2.5651,0.6680
6074,train,2.6202,0.6955
6075,test,3.4187,0.9181
6076,train,1.1850,0.0411
6077,train,1.9375,0.3242
6078,val,3.8556,0.9633
6079,val,1.9845,0.3492
6080,train,1.5349,0.1336
6081,train,1.9821,0.3477
6082,train,1.0570,0.0237
6083,train,1.7616,0.2304
6084,val,5.8077,0.9985
6085,train,0.4191,0.0001
6086,test,3.0070,0.8349
6087,val,2.6246,0.6972
6088,train,1.3622,0.0801
6089,train,2.5896,0.6804
6090,train,1.8718,0.2880
6091,train,2.1383,0.4367
6092,train,1.1269,0.0319
6093,train,1.1200,0.0308
6094,train,1.9317,0.3210
6095,train,3.0620,0.8495
6096,train,2.5595,0.6648
6097,train,2.0820,0.4052
6098,train,1.8120,0.2556
6099,train,1.6063,0.1609
6100,train,1.6261,0.1701
6101,train,1.7229,0.2094
6102,val,2.8086,0.7693
6103,train,1.6067,0.1611
6104,test,2.4549,0.6118
6105,test,3.2659,0.8939
6106,train,1.5847,0.1531
6107,train,1.3094,0.0665
6108,train,1.5513,0.1395
6109,train,2.4285,0.5988
6110,val,4.4654,0.9881
6111,train,2.1858,0.4691
6112,train,2.6651,0.7154
6113,val,2.2703,0.5147
6114,train,1.7952,0.2478
6115,train,2.3170,0.5408
6116,train,1.7556,0.2267
6117,test,3.0784,0.8537
6118,val,6.4488,0.9993
6119,train,2.9651,0.8224
6120,train,2.2187,0.4870
6121,train,2.0823,0.4053
6122,train,4.1268,0.9782
6123,train,2.7807,0.7598
6124,train,3.2254,0.8867
6125,val,4.9924,0.9954
6126,train,3.5607,0.9371
6127,train,2.2817,0.5212
6128,val,3.8695,0.9644
6129,train,1.1519,0.0358
6130,val,4.7066,0.9918
6131,test,3.6308,0.9434
6132,test,3.5418,0.9350
6133,train,1.4114,0.0922
6134,train,3.2117,0.8841
6135,train,2.4993,0.6344
6136,train,2.4593,0.6142
6137,test,2.3029,0.5326
6138,val,2.7300,0.7414
6139,train,3.2650,0.8937
6140,train,2.0864,0.4077
6141,train,2.8968,0.7994
6142,test,3.9196,0.9679
6143,train,2.4661,0.6168
6144,test,2.8987,0.7999
6145,train,2.7675,0.7553
6146,train,1.7897,0.2450
6147,val,2.9328,0.8113
6148,train,1.9497,0.3307
6149,test,3.7764,0.9567
6150,train,1.5057,0.1219
6151,val,2.1949,0.4738
6152,train,1.7244,0.2101
6153,train,1.9830,0.3482
6154,test,3.0057,0.8343
6155,test,3.2023,0.8821
6156,train,1.0562,0.0237
6157,train,1.5291,0.1320
6158,test,3.2669,0.8941
6159,train,1.4486,0.1037
6160,val,3.9389,0.9689
6161,train,2.2344,0.4966
6162,train,2.3757,0.5712
6163,val,2.1349,0.4344
6164,train,2.1549,0.4474
6165,train,1.4043,0.0900
6166,train,2.5152,0.6425
6167,val,2.7065,0.7325
6168,train,2.5678,0.6696
6169,train,2.5507,0.6597
6170,train,1.7856,0.2424
6171,test,4.2365,0.9817
6172,val,2.4664,0.6171
6173,train,1.8580,0.2810
6174,train,1.4247,0.0955
6175,train,1.8471,0.2750
6176,train,1.9247,0.3176
6177,train,1.4899,0.1166
6178,train,1.9835,0.3486
6179,test,2.9535,0.8177
6180,val,2.7343,0.7430
6181,train,2.6732,0.7182
6182,train,1.7451,0.2207
6183,train,1.8949,0.3012
6184,train,2.8999,0.8005
6185,train,2.3964,0.5825
6186,val,3.9952,0.9721
6187,train,2.2257,0.4913
6188,train,2.6231,0.6966
6189,test,2.4664,0.6172
6190,train,2.6700,0.7173
6191,train,3.9256,0.9682
6192,train,1.4320,0.0985
6193,test,2.3870,0.5775
6194,train,1.5056,0.1218
6195,train,1.6539,0.1813
6196,train,2.4530,0.6108
6197,test,2.6441,0.7061
6198,train,1.4537,0.1055
6199,val,2.5597,0.6650
6200,val,3.7366,0.9533
6201,train,0.9823,0.0156
6202,train,1.6729,0.1888
6203,train,1.9765,0.3450
6204,val,3.8113,0.9603
6205,val,1.8002,0.2504
6206,val,3.3603,0.9095
6207,train,2.5254,0.6464
6208,val,3.2028,0.8825
6209,train,2.7488,0.7480
6210,test,2.1074,0.4205
6211,val,2.8384,0.7799
6212,train,2.0662,0.3956
6213,train,6.9146,0.9997
6214,train,1.7215,0.2083
6215,train,1.9072,0.3072
6216,train,1.7937,0.2471
6217,train,2.6689,0.7168
6218,train,1.7155,0.2057
6219,val,2.4226,0.5962
6220,test,3.3789,0.9129
6221,train,1.6787,0.1908
6222,train,1.4371,0.1003
6223,train,2.1330,0.4333
6224,val,2.5893,0.6800
6225,train,3.4339,0.9206
6226,test,1.9801,0.3470
6227,train,1.6245,0.1698
6228,train,2.2891,0.5251
6229,val,2.5362,0.6527
6230,train,2.2413,0.4997
6231,train,1.3944,0.0875
6232,train,1.2701,0.0566
6233,test,2.3494,0.5578
6234,train,1.8877,0.2976
6235,test,2.3756,0.5710
6236,train,2.3013,0.5314
6237,test,2.0735,0.3994
6238,train,1.9263,0.3184
6239,val,2.2833,0.5221
6240,train,3.0423,0.8446
6241,train,2.2153,0.4850
6242,train,2.5627,0.6662
6243,test,2.7829,0.7603
6244,test,2.4123,0.5902
6245,train,2.1455,0.4410
6246,train,2.6373,0.7028
6247,train,1.5116,0.1253
6248,train,1.0220,0.0193
6249,train,1.4632,0.1083
6250,train,2.1631,0.4536
6251,train,2.7302,0.7415
6252,val,2.3910,0.5799
6253,test,4.4782,0.9884
6254,val,2.9257,0.8100
6255,test,2.4581,0.6136
6256,train,1.4337,0.0990
6257,train,2.1741,0.4622
6258,train,2.0260,0.3730
6259,test,3.5013,0.9294
6260,val,3.0619,0.8495
6261,train,1.6758,0.1893
6262,val,2.4223,0.5958
6263,test,2.1197,0.4269
6264,val,3.7880,0.9580
6265,val,2.4778,0.6229
6266,train,2.0349,0.3786
6267,train,1.8051,0.2520
6268,train,2.6286,0.6989
6269,train,1.4177,0.0934
6270,test,3.9902,0.9719
6271,train,1.1141,0.0301
6272,train,2.2676,0.5135
6273,train,1.8379,0.2696
6274,train,0.9381,0.0113
6275,train,2.0329,0.3772
6276,val,2.7402,0.7446
6277,test,2.8041,0.7674
6278,train,2.9158,0.8066
6279,train,1.3428,0.0750
6280,test,2.5518,0.6603
6281,train,1.9476,0.3295
6282,train,2.8754,0.7921
6283,train,1.2520,0.0525
6284,train,2.5200,0.6447
6285,train,1.8754,0.2900
6286,train,2.2041,0.4794
6287,test,2.1065,0.4198
6288,val,2.7640,0.7541
6289,train,2.6948,0.7272
6290,val,3.0996,0.8591
6291,train,1.5480,0.1382
6292,train,1.6274,0.1707
6293,train,1.2155,0.0455
6294,train,2.1169,0.4254
6295,val,2.3900,0.5791
6296,train,2.6977,0.7290
6297,train,0.9462,0.0122
6298,train,1.4534,0.1053
6299,val,2.6868,0.7241
6300,test,3.0841,0.8549
6301,train,1.7807,0.2399
6302,val,4.4984,0.9889
6303,train,2.0248,0.3720
6304,train,2.6523,0.7101
6305,train,2.8406,0.7809
6306,train,1.5845,0.1529
6307,train,2.7262,0.7397
6308,train,0.9904,0.0162
6309,train,2.0553,0.3893
6310,val,2.0953,0.4129
6311,train,2.7598,0.7516
6312,train,1.0253,0.0195
6313,test,2.1582,0.4505
6314,val,2.4616,0.6150
6315,val,2.3466,0.5560
6316,train,1.9015,0.3044
6317,train,3.8705,0.9645
6318,train,1.1877,0.0414
6319,train,2.0332,0.3774
6320,test,2.6275,0.6986
6321,test,3.0039,0.8339
6322,train,2.7618,0.7530
6323,train,2.4093,0.5883
6324,val,2.8874,0.7960
6325,train,1.6502,0.1793
6326,val,3.1003,0.8595
6327,val,2.8921,0.7978
6328,train,2.2715,0.5152
6329,train,1.1099,0.0297
6330,train,1.9236,0.3169
6331,train,2.3062,0.5339
6332,val,3.1514,0.8705
6333,train,2.5407,0.6552
6334,val,2.4291,0.5992
6335,train,2.2070,0.4802
6336,test,2.8717,0.7907
6337,train,1.8921,0.3000
6338,test,4.3338,0.9845
6339,test,3.0247,0.8394
6340,train,1.3643,0.0807
6341,train,1.0996,0.0287
6342,train,3.1086,0.8614
6343,train,1.9787,0.3462
6344,train,1.9335,0.3220
6345,train,1.6364,0.1733
6346,train,1.9450,0.3284
6347,train,2.5046,0.6372
6348,val,2.8676,0.7895
6349,train,1.1472,0.0348
6350,train,2.9535,0.8178
6351,train,2.1695,0.4583
6352,train,1.6737,0.1889
6353,train,2.1025,0.4178
6354,train,2.8504,0.7841
6355,train,3.7131,0.9512
6356,train,2.2532,0.5054
6357,val,2.4487,0.6096
6358,train,2.6601,0.7134
6359,train,2.0149,0.3658
6360,train,1.7122,0.2046
6361,train,1.7190,0.2075
6362,train,2.1343,0.4339
6363,train,1.4322,0.0986
6364,test,2.3157,0.5405
6365,train,1.7297,0.2129
6366,val,2.1650,0.4546
6367,train,1.7031,0.1999
6368,test,3.5213,0.9320
6369,train,2.3854,0.5762
6370,train,1.4779,0.1134
6371,train,1.2149,0.0453
6372,val,2.5996,0.6860
6373,train,1.6376,0.1739
6374,train,1.9196,0.3149
6375,train,2.1620,0.4530
6376,train,3.0695,0.8514
6377,train,2.6277,0.6988
6378,train,1.3195,0.0694
6379,test,2.2927,0.5268
6380,train,1.8468,0.2750
6381,train,1.6161,0.1658
6382,train,1.9558,0.3340
6383,train,1.6016,0.1588
6384,test,2.5203,0.6448
6385,train,2.5120,0.6408
6386,train,3.3389,0.9061
6387,train,1.3720,0.0825
6388,train,2.4586,0.6137
6389,train,1.7086,0.2033
6390,train,1.1031,0.0291
6391,test,2.1944,0.4736
6392,train,3.8075,0.9597
6393,test,3.6009,0.9410
6394,train,1.6557,0.1821
6395,train,2.2556,0.5072
6396,train,2.4117,0.5897
6397,train,2.5404,0.6550
6398,train,2.7688,0.7558
6399,test,2.4811,0.6254
6400,train,1.7771,0.2383
6401,train,1.4771,0.1130
6402,train,2.8574,0.7861
6403,val,2.6913,0.7262
6404,val,2.4991,0.6343
6405,train,1.6297,0.1713
6406,train,3.0158,0.8372
6407,train,2.3859,0.5765
6408,train,1.1428,0.0341
6409,train,1.8868,0.2972
6410,train,1.9192,0.3145
6411,val,3.2574,0.8916
6412,val,3.6578,0.9461
6413,train,2.7255,0.7393
6414,val,3.3252,0.9037
6415,train,1.8361,0.2687
6416,train,2.3124,0.5383
6417,train,1.2415,0.0499
6418,test,2.3903,0.5794
6419,train,1.7224,0.2091
6420,test,2.8127,0.7709
6421,train,3.5968,0.9405
6422,train,2.7815,0.7599
6423,train,2.5159,0.6430
6424,train,2.3407,0.5530
6425,test,2.9951,0.8314
6426,train,2.2848,0.5226
6427,train,2.5156,0.6428
6428,train,2.4405,0.6052
6429,val,4.3483,0.9850
6430,train,2.7832,0.7605
6431,train,2.3104,0.5372
6432,train,1.3773,0.0838
6433,test,2.2762,0.5180
6434,train,1.8489,0.2766
6435,train,1.8759,0.2903
6436,train,1.4365,0.0999
6437,train,2.4491,0.6097
6438,train,2.3731,0.5690
6439,train,2.1272,0.4304
6440,train,2.1001,0.4164
6441,val,2.8904,0.7971
6442,train,1.4207,0.0943
6443,val,2.6687,0.7167
6444,train,2.2253,0.4909
6445,train,2.1201,0.4272
6446,train,2.3546,0.5607
6447,test,3.3863,0.9141
6448,train,1.4898,0.1165
6449,train,2.0081,0.3620
6450,train,2.0262,0.3732
6451,train,1.5483,0.1383
6452,val,2.7485,0.7478
6453,train,1.9196,0.3150
6454,val,3.0905,0.8568
6455,train,2.4432,0.6075
6456,train,2.3079,0.5352
6457,train,2.2157,0.4853
6458,train,1.3203,0.0697
6459,train,2.3274,0.5460
6460,train,3.8746,0.9647
6461,test,1.8742,0.2894
6462,test,2.6122,0.6912
6463,train,1.4766,0.1129
6464,train,1.8688,0.2866
6465,train,1.6083,0.1616
6466,test,3.1607,0.8728
6467,train,2.4501,0.6100
6468,train,1.2582,0.0539
6469,train,2.1545,0.4468
6470,val,3.0884,0.8557
6471,train,1.1543,0.0367
6472,train,2.1607,0.4522
6473,train,1.9737,0.3438
6474,train,2.8047,0.7677
6475,train,2.1545,0.4468
6476,train,1.4993,0.1202
6477,train,1.8163,0.2577
6478,train,2.5312,0.6497
6479,val,3.5232,0.9323
6480,train,2.9650,0.8223
6481,train,1.8453,0.2737
6482,test,3.1176,0.8631
6483,train,2.5080,0.6388
6484,val,2.6046,0.6882
6485,train,1.6390,0.1745
6486,train,1.6267,0.1703
6487,train,0.7625,0.0037
6488,train,2.1666,0.4563
6489,val,1.8941,0.3005
6490,train,1.9019,0.3047
6491,train,3.6501,0.9455
6492,val,2.4801,0.6246
6493,train,1.3733,0.0828
6494,train,2.0877,0.4084
6495,train,2.0655,0.3950
6496,train,1.2771,0.0581
6497,train,2.0780,0.4024
6498,val,2.6218,0.6961
6499,val,2.6139,0.6923
6500,train,2.0305,0.3759
6501,test,3.2375,0.8888
6502,val,3.4141,0.9175
6503,train,2.1286,0.4311
6504,train,0.8301,0.0057
6505,train,1.1567,0.0373
6506,train,2.0162,0.3667
6507,test,2.5691,0.6705
6508,test,3.6723,0.9474
6509,test,2.6957,0.7277
6510,test,1.7842,0.2419
6511,val,2.6515,0.7094
6512,train,1.5071,0.1227
6513,val,2.5559,0.6627
6514,train,1.6889,0.1949
6515,train,2.7465,0.7471
6516,val,2.6089,0.6900
6517,train,2.4682,0.6180
6518,train,1.9721,0.3428
6519,train,1.5435,0.1368
6520,test,2.2560,0.5074
6521,train,2.8647,0.7885
6522,train,1.9643,0.3384
6523,train,2.5739,0.6725
6524,train,0.7234,0.0023
6525,train,2.5644,0.6673
6526,test,3.9773,0.9715
6527,val,2.6410,0.7046
6528,train,1.8697,0.2870
6529,train,2.1359,0.4350
6530,train,2.5692,0.6706
6531,test,3.8872,0.9654
6532,train,3.5917,0.9401
6533,train,1.9094,0.3090
6534,val,2.5414,0.6558
6535,train,2.1743,0.4625
6536,train,1.6611,0.1839
6537,train,2.4047,0.5865
6538,test,3.3644,0.9102
6539,train,1.9113,0.3098
6540,train,1.4284,0.0970
6541,train,2.5959,0.6838
6542,train,1.9084,0.3084
6543,train,2.4972,0.6330
6544,train,1.7473,0.2219
6545,train,1.1675,0.0387
6546,train,1.3681,0.0815
6547,train,1.6144,0.1649
6548,train,1.9369,0.3240
6549,test,2.7864,0.7617
6550,train,2.5122,0.6410
6551,train,2.0498,0.3865
6552,val,1.6770,0.1902
6553,train,1.7069,0.2023
6554,val,4.0566,0.9749
6555,test,2.7366,0.7438
6556,val,2.4427,0.6072
6557,train,1.6226,0.1689
6558,train,2.2791,0.5197
6559,val,3.2870,0.8976
6560,train,2.5709,0.6714
6561,train,1.5142,0.1265
6562,train,4.0424,0.9741
6563,val,2.6135,0.6920
6564,val,4.6926,0.9916
6565,train,2.9180,0.8073
6566,train,1.9244,0.3174
6567,train,3.7036,0.9499
6568,val,2.9967,0.8316
6569,test,4.0585,0.9751
6570,train,1.4939,0.1181
6571,train,2.0202,0.3693
6572,train,1.4491,0.1039
6573,train,2.2102,0.4819
6574,train,1.4956,0.1189
6575,train,3.1787,0.8771
6576,val,3.0359,0.8430
6577,train,1.4089,0.0914
6578,train,3.0223,0.8386
6579,train,2.4819,0.6258
6580,val,2.4839,0.6268
6581,train,1.3866,0.0857
6582,train,2.1032,0.4182
6583,train,1.2366,0.0492
6584,test,3.4611,0.9247
6585,train,3.3068,0.9007
6586,train,1.8283,0.2641
6587,train,2.0318,0.3764
6588,test,2.7919,0.7637
6589,train,1.2182,0.0458
6590,val,2.1538,0.4461
6591,train,1.5617,0.1433
6592,test,5.2025,0.9969
6593,val,1.8472,0.2752
6594,train,1.7055,0.2013
6595,val,3.2239,0.8865
6596,test,1.9121,0.3104
6597,train,2.9154,0.8063
6598,train,2.2105,0.4820
6599,train,1.4378,0.1006
6600,test,2.5759,0.6734
6601,test,3.5347,0.9337
6602,train,2.6390,0.7038
6603,train,2.0367,0.3795
6604,train,1.9910,0.3528
6605,train,2.6219,0.6962
6606,train,1.8154,0.2573
6607,train,1.2580,0.0537
6608,train,2.2943,0.5280
6609,val,2.4757,0.6218
6610,val,1.8554,0.2798
6611,test,2.1679,0.4569
6612,test,2.6633,0.7145
6613,train,1.0635,0.0245
6614,test,1.4830,0.1145
6615,train,1.4731,0.1113
6616,train,1.3503,0.0769
6617,train,1.7175,0.2067
6618,train,1.4849,0.1151
6619,test,3.0935,0.8577
6620,val,2.1737,0.4618
6621,train,1.6945,0.1972
6622,test,2.2414,0.4998
6623,train,1.1534,0.0363
6624,train,1.5852,0.1534
6625,test,2.9797,0.8275
6626,test,2.3379,0.5514
6627,train,1.7036,0.2002
6628,test,1.9981,0.3565
6629,train,2.5846,0.6770
6630,train,3.2932,0.8981
6631,test,1.8903,0.2991
6632,val,2.9544,0.8183
6633,train,1.9818,0.3476
6634,train,1.6321,0.1722
6635,val,2.9983,0.8322
6636,train,1.7829,0.2409
6637,train,2.7883,0.7627
6638,train,2.2990,0.5303
6639,train,1.6846,0.1930
6640,train,1.9073,0.3074
6641,train,2.2318,0.4950
6642,train,2.6659,0.7157
6643,train,2.7132,0.7345
6644,test,2.1096,0.4218
6645,train,2.2112,0.4826
6646,train,0.9988,0.0167
6647,train,2.6097,0.6901
6648,train,2.0804,0.4040
6649,train,2.1197,0.4268
6650,test,3.3715,0.9117
6651,train,1.3605,0.0796
6652,val,2.2558,0.5073
6653,test,2.5644,0.6672
6654,train,1.6867,0.1940
6655,train,1.9484,0.3302
6656,train,1.3664,0.0812
6657,train,1.8071,0.2531
6658,train,1.6023,0.1593
6659,train,1.2425,0.0504
6660,train,1.7218,0.2085
6661,val,1.6024,0.1594
6662,val,1.6031,0.1596
6663,train,2.1973,0.4755
6664,val,3.5106,0.9303
6665,train,1.7918,0.2459
6666,train,2.3356,0.5501
6667,train,1.3111,0.0672
6668,test,3.2818,0.8966
6669,val,3.4808,0.9269
6670,test,1.9981,0.3566
6671,train,1.8727,0.2884
6672,train,1.5430,0.1364
6673,val,1.8849,0.2962
6674,train,2.8636,0.7880
6675,train,1.5453,0.1376
6676,train,2.6330,0.7011
6677,test,2.0469,0.3848
6678,train,1.5780,0.1500
6679,train,1.6560,0.1823
6680,val,3.0895,0.8563
6681,val,2.7741,0.7575
6682,val,3.7711,0.9559
6683,test,2.1094,0.4216
6684,train,2.0904,0.4098
6685,train,1.2843,0.0600
6686,train,1.6959,0.1975
6687,train,2.6151,0.6932
6688,train,1.3228,0.0701
6689,train,1.9223,0.3162
6690,val,3.0909,0.8569
6691,train,1.7878,0.2437
6692,train,1.3455,0.0758
6693,train,2.2170,0.4860
6694,train,1.7339,0.2149
6695,train,1.9197,0.3152
6696,train,2.6566,0.7120
6697,train,2.4000,0.5851
6698,train,2.1973,0.4756
6699,train,1.9644,0.3384
6700,val,3.5498,0.9357
6701,train,1.9726,0.3432
6702,test,3.5379,0.9345
6703,train,2.9760,0.8257
6704,train,2.2282,0.4927
6705,train,2.2823,0.5214
6706,train,1.9883,0.3513
6707,test,2.9580,0.8195
6708,train,2.4830,0.6262
6709,train,3.6317,0.9435
6710,train,4.5070,0.9891
6711,train,2.0625,0.3930
6712,train,2.1785,0.4649
6713,train,2.3546,0.5608
6714,train,1.9184,0.3139
6715,test,2.0675,0.3966
6716,test,4.4603,0.9879
6717,val,2.2909,0.5260
6718,val,4.6341,0.9909
6719,train,1.8052,0.2522
6720,train,1.7599,0.2293
6721,train,2.0322,0.3767
6722,train,1.4380,0.1007
6723,train,1.6968,0.1978
6724,val,4.8341,0.9936
6725,train,1.6348,0.1730
6726,train,2.2643,0.5116
6727,train,2.7129,0.7343
6728,train,2.5168,0.6433
6729,train,2.1307,0.4321
6730,train,1.9230,0.3164
6731,test,2.3423,0.5538
6732,train,1.6102,0.1627
6733,train,2.4226,0.5961
6734,train,2.5092,0.6392
6735,train,1.5476,0.1381
6736,val,2.3957,0.5820
6737,val,2.5631,0.6665
6738,train,2.1110,0.4226
6739,val,2.0672,0.3963
6740,train,2.0786,0.4028
6741,test,2.4566,0.6126
6742,train,1.3532,0.0779
6743,test,1.2830,0.0596
6744,train,1.9871,0.3505
6745,val,1.8069,0.2530
6746,val,2.8633,0.7879
6747,val,3.6611,0.9465
6748,train,1.6305,0.1718
6749,train,1.8727,0.2884
6750,train,3.2566,0.8915
6751,train,1.7170,0.2064
6752,test,2.3193,0.5420
6753,test,2.3411,0.5533
6754,test,2.1504,0.4441
6755,test,3.5591,0.9369
6756,train,1.9553,0.3338
6757,val,2.3141,0.5394
6758,val,2.5012,0.6356
6759,val,3.0681,0.8509
6760,train,2.5852,0.6774
6761,train,1.5043,0.1215
6762,train,2.4107,0.5890
6763,train,2.6961,0.7282
6764,train,1.8731,0.2887
6765,train,4.7462,0.9927
6766,train,2.4929,0.6308
6767,train,2.2632,0.5110
6768,test,4.9031,0.9944
6769,train,2.2163,0.4858
6770,train,1.9146,0.3112
6771,test,2.3373,0.5509
6772,test,2.6685,0.7165
6773,train,2.1813,0.4666
6774,train,1.3081,0.0661
6775,train,1.9170,0.3129
6776,train,1.3865,0.0856
6777,test,2.1352,0.4346
6778,train,1.5661,0.1454
6779,train,1.4450,0.1029
6780,train,1.8380,0.2698
6781,val,3.0254,0.8395
6782,test,2.2939,0.5276
6783,train,2.2377,0.4982
6784,train,2.2942,0.5278
6785,train,2.4403,0.6049
6786,train,1.8494,0.2770
6787,train,2.6206,0.6958
6788,train,2.7767,0.7585
6789,train,2.3978,0.5833
6790,test,3.1502,0.8703
6791,train,2.3037,0.5330
6792,val,4.1306,0.9783
6793,train,1.8789,0.2921
6794,train,0.9460,0.0121
6795,val,2.4431,0.6074
6796,val,2.8493,0.7839
6797,train,3.2628,0.8926
6798,train,2.9722,0.8246
6799,train,1.6051,0.1605
6800,train,2.0151,0.3659
6801,train,2.5151,0.6424
6802,train,1.7992,0.2500
6803,test,3.3347,0.9057
6804,test,3.0616,0.8493
6805,train,2.1653,0.4551
6806,train,1.6880,0.1943
6807,test,2.1347,0.4342
6808,test,2.2483,0.5033
6809,val,2.7819,0.7601
6810,val,4.6061,0.9906
6811,test,1.9454,0.3286
6812,val,2.4669,0.6172
6813,val,2.7269,0.7400
6814,test,3.0185,0.8376
6815,test,2.5763,0.6737
6816,val,3.1351,0.8662
6817,val,3.4138,0.9175
6818,train,1.6753,0.1892
6819,train,1.1082,0.0296
6820,train,3.3721,0.9118
6821,train,4.5289,0.9894
6822,train,2.6704,0.7174
6823,train,2.7628,0.7536
6824,train,2.0575,0.3908
6825,test,2.2541,0.5060
6826,val,2.4219,0.5956
6827,train,1.1394,0.0332
6828,test,3.1128,0.8623
6829,train,1.2769,0.0580
6830,test,3.9249,0.9681
6831,train,2.1927,0.4728
6832,val,2.7868,0.7619
6833,train,2.1812,0.4664
6834,train,1.8198,0.2594
6835,train,1.5733,0.1485
6836,train,1.8648,0.2852
6837,train,1.9690,0.3413
6838,test,3.0789,0.8538
6839,train,4.0663,0.9757
6840,train,1.6399,0.1749
6841,train,1.9392,0.3254
6842,test,6.7335,0.9995
6843,train,2.9476,0.8157
6844,val,2.4085,0.5880
6845,train,1.7751,0.2373
6846,train,1.4560,0.1063
6847,train,2.7898,0.7630
6848,train,1.4488,0.1039
6849,val,3.0343,0.8423
6850,test,2.9769,0.8261
6851,train,1.8777,0.2913
6852,train,1.2855,0.0602
6853,train,1.3557,0.0783
6854,train,2.5062,0.6380
6855,test,2.0017,0.3587
6856,train,2.8429,0.7815
6857,train,1.7226,0.2092
6858,train,1.8709,0.2876
6859,train,3.2386,0.8889
6860,train,1.8420,0.2719
6861,test,3.9280,0.9685
6862,train,2.3491,0.5576
6863,test,1.6114,0.1633
6864,train,2.1870,0.4699
6865,val,2.4763,0.6220
6866,test,2.8718,0.7908
6867,val,3.0835,0.8545
6868,val,2.5911,0.6812
6869,train,1.6706,0.1879
6870,train,2.1036,0.4186
6871,test,3.4488,0.9226
6872,test,2.1716,0.4602
6873,train,1.7642,0.2322
6874,train,2.7123,0.7341
6875,train,3.5368,0.9342
6876,train,2.4734,0.6206
6877,train,1.8874,0.2974
6878,train,2.4120,0.5899
6879,val,3.5013,0.9295
6880,train,1.9905,0.3526
6881,test,3.0597,0.8488
6882,test,5.4976,0.9978
6883,train,2.0199,0.3690
6884,train,2.1185,0.4261
6885,train,1.3089,0.0664
6886,train,1.6987,0.1981
6887,train,1.6941,0.1969
6888,train,2.3849,0.5758
6889,train,2.0586,0.3913
6890,train,1.5620,0.1437
6891,train,1.5408,0.1356
6892,train,2.1096,0.4219
6893,train,2.5695,0.6706
6894,val,7.0738,0.9998
6895,train,1.2480,0.0517
6896,val,3.6373,0.9440
6897,train,2.1950,0.4740
6898,train,2.5894,0.6801
6899,train,2.2420,0.5004
6900,train,2.0569,0.3904
6901,train,1.9313,0.3208
6902,train,1.4591,0.1072
6903,val,2.9473,0.8155
6904,train,1.6142,0.1647
6905,val,2.9170,0.8069
6906,train,1.1774,0.0403
6907,train,1.8360,0.2686
6908,test,2.4563,0.6124
6909,train,2.1377,0.4363
6910,train,1.6472,0.1781
6911,train,2.1806,0.4659
6912,train,0.8065,0.0044
6913,train,1.7428,0.2195
6914,val,2.9896,0.8304
6915,train,2.0840,0.4063
6916,train,1.0891,0.0275
6917,train,1.7839,0.2418
6918,train,1.7944,0.2473
6919,test,2.2016,0.4778
6920,train,1.5147,0.1267
6921,train,2.0970,0.4140
6922,train,1.5930,0.1563
6923,test,4.2119,0.9810
6924,train,1.5110,0.1249
6925,train,2.5632,0.6666
6926,train,3.2872,0.8977
6927,val,2.2500,0.5043
6928,train,2.6146,0.6929
6929,train,1.8479,0.2761
6930,train,2.4189,0.5937
6931,train,1.5404,0.1353
6932,test,2.3918,0.5802
6933,test,2.4276,0.5985
6934,test,3.9351,0.9687
6935,test,2.4136,0.5906
6936,test,3.0451,0.8455
6937,val,4.3533,0.9854
6938,train,1.9295,0.3193
6939,train,2.1350,0.4345
6940,test,2.9539,0.8181
6941,val,2.5891,0.6796
6942,train,1.3124,0.0673
6943,train,1.9298,0.3196
6944,train,1.3011,0.0640
6945,train,2.8176,0.7721
6946,train,2.5341,0.6514
6947,train,2.6085,0.6898
6948,train,2.8277,0.7762
6949,train,2.0295,0.3750
6950,train,2.8611,0.7872
6951,val,2.9425,0.8143
6952,train,2.2665,0.5132
6953,val,2.3295,0.5470
6954,train,1.8085,0.2541
6955,val,3.0955,0.8583
6956,train,1.5896,0.1549
6957,train,1.6106,0.1629
6958,test,3.7208,0.9518
6959,train,1.1449,0.0343
6960,train,3.6637,0.9467
6961,train,1.8510,0.2778
6962,train,2.9107,0.8043
6963,val,2.4147,0.5912
6964,train,2.4654,0.6166
6965,val,2.0291,0.3748
6966,val,2.5404,0.6551
6967,train,1.3405,0.0742
6968,train,2.0536,0.3888
6969,train,3.0450,0.8454
6970,test,3.4654,0.9253
6971,train,1.4404,0.1014
6972,train,2.1167,0.4253
6973,train,1.9843,0.3491
6974,train,1.2941,0.0623
6975,train,1.5187,0.1283
6976,train,1.5957,0.1569
6977,train,1.9637,0.3381
6978,train,3.6744,0.9476
6979,train,2.2399,0.4992
6980,test,2.8275,0.7761
6981,train,1.9179,0.3136
6982,val,2.7939,0.7646
6983,train,2.0718,0.3987
6984,train,2.6268,0.6984
6985,train,1.9340,0.3223
6986,train,2.0989,0.4154
6987,train,3.0082,0.8353
6988,train,3.3474,0.9074
6989,train,1.4527,0.1049
6990,val,3.1004,0.8596
6991,train,1.6477,0.1783
6992,train,2.8079,0.7691
6993,test,4.0265,0.9733
6994,train,1.5412,0.1358
6995,train,1.5408,0.1355
6996,train,1.0553,0.0233
6997,train,1.8592,0.2818
6998,test,2.8488,0.7837
6999,train,0.8880,0.0084
7000,train,3.4461,0.9221
7001,train,2.6838,0.7226
7002,train,1.6100,0.1624
7003,train,2.7344,0.7431
7004,test,2.9692,0.8235
7005,train,2.8555,0.7857
7006,test,2.5264,0.6472
7007,val,2.4902,0.6294
7008,test,2.5821,0.6760
7009,train,2.0591,0.3916
7010,train,2.1623,0.4532
7011,val,3.0013,0.8331
7012,train,1.9808,0.3472
7013,train,1.9230,0.3166
7014,test,2.7609,0.7525
7015,train,1.6567,0.1825
7016,train,2.0140,0.3651
7017,test,2.2884,0.5248
7018,train,3.6563,0.9459
7019,train,1.8189,0.2590
7020,val,2.2778,0.5191
7021,train,0.9686,0.0141
7022,train,1.6224,0.1687
7023,train,1.5416,0.1359
7024,train,1.6866,0.1938
7025,train,2.5541,0.6616
7026,test,3.3097,0.9013
7027,val,4.2189,0.9812
7028,train,3.6988,0.9495
7029,train,1.9481,0.3300
7030,train,3.9701,0.9711
7031,train,1.0010,0.0171
7032,train,1.4460,0.1031
7033,val,2.9137,0.8054
7034,train,1.9158,0.3121
7035,train,1.8490,0.2767
7036,train,2.2208,0.4879
7037,train,2.3920,0.5804
7038,val,4.4907,0.9887
7039,test,2.2462,0.5023
7040,train,1.8930,0.3004
7041,train,2.4967,0.6326
7042,train,1.8546,0.2796
7043,val,2.8890,0.7965
7044,train,2.1256,0.4296
7045,val,3.3139,0.9021
7046,val,2.5123,0.6410
7047,test,2.7171,0.7356
7048,test,2.7077,0.7328
7049,train,2.0062,0.3610
7050,val,2.2001,0.4769
7051,train,2.5214,0.6450
7052,val,5.8310,0.9987
7053,train,2.3090,0.5360
7054,train,1.5838,0.1524
7055,train,1.7459,0.2212
7056,train,1.4823,0.1143
7057,train,1.7231,0.2096
7058,train,2.0727,0.3990
7059,test,3.7867,0.9577
7060,test,2.5295,0.6483
7061,val,2.4446,0.6081
7062,train,4.0110,0.9725
7063,train,1.8077,0.2534
7064,test,2.4463,0.6086
7065,test,2.0449,0.3838
7066,train,2.0333,0.3774
7067,train,4.1448,0.9792
7068,train,1.5368,0.1339
7069,val,3.6790,0.9479
7070,train,1.8667,0.2860
7071,test,3.3461,0.9073
7072,train,1.2843,0.0599
7073,train,3.1062,0.8611
7074,train,0.6850,0.0019
7075,train,1.8875,0.2974
7076,train,1.4794,0.1138
7077,test,2.9044,0.8021
7078,train,1.6279,0.1708
7079,train,2.2142,0.4842
7080,test,2.8366,0.7787
7081,train,1.7374,0.2166
7082,train,2.6885,0.7248
7083,test,2.0957,0.4132
7084,train,2.1265,0.4300
7085,train,1.3378,0.0737
7086,train,2.4989,0.6341
7087,train,2.2668,0.5132
7088,val,2.1789,0.4651
7089,train,2.2445,0.5015
7090,val,2.0481,0.3854
7091,train,1.6205,0.1678
7092,train,1.1311,0.0322
7093,train,2.9429,0.8144
7094,val,3.5175,0.9315
7095,train,2.7937,0.7642
7096,train,3.4611,0.9247
7097,train,1.5069,0.1226
7098,train,2.4416,0.6062
7099,test,1.6991,0.1982
7100,train,2.6131,0.6918
7101,test,3.6065,0.9414
7102,train,3.8146,0.9607
7103,train,2.3466,0.5561
7104,train,2.5451,0.6571
7105,val,2.3129,0.5387
7106,test,2.3820,0.5746
7107,train,1.6503,0.1794
7108,val,2.7361,0.7437
7109,test,2.7346,0.7432
7110,test,3.0200,0.8381
7111,train,1.3914,0.0866
7112,train,1.7204,0.2081
7113,train,1.9415,0.3266
7114,train,1.7876,0.2435
7115,test,2.6962,0.7282
7116,train,1.9915,0.3534
7117,train,1.4702,0.1104
7118,train,2.4363,0.6028
7119,train,1.7560,0.2269
7120,train,1.5836,0.1523
7121,train,2.4808,0.6250
7122,test,2.5206,0.6448
7123,train,1.4390,0.1011
7124,val,2.9332,0.8117
7125,train,1.7260,0.2111
7126,train,2.3079,0.5352
7127,train,1.6845,0.1929
7128,test,3.0082,0.8353
7129,train,1.0562,0.0236
7130,train,2.0586,0.3914
7131,train,1.5555,0.1411
7132,val,2.0177,0.3676
7133,train,1.3443,0.0753
7134,train,2.7493,0.7482
7135,train,1.8796,0.2928
7136,train,6.9244,0.9997
7137,train,1.2953,0.0624
7138,train,2.0368,0.3796
7139,train,1.7106,0.2040
7140,train,1.9400,0.3258
7141,train,2.4392,0.6040
7142,val,2.4849,0.6274
7143,test,2.1707,0.4594
7144,test,2.1883,0.4706
7145,train,3.0135,0.8368
7146,train,3.5513,0.9360
7147,test,2.6542,0.7110
7148,test,3.5972,0.9405
7149,val,3.0327,0.8417
7150,train,2.3528,0.5597
7151,test,3.0121,0.8362
7152,test,2.9161,0.8067
7153,train,2.2389,0.4988
7154,train,2.5003,0.6350
7155,train,2.8922,0.7979
7156,test,3.3366,0.9059
7157,train,1.5478,0.1381
7158,val,2.1754,0.4632
7159,test,3.5364,0.9340
7160,train,1.1354,0.0327
7161,train,1.3746,0.0832
7162,val,2.6714,0.7178
7163,val,2.6189,0.6949
7164,val,4.1844,0.9803
7165,train,2.5118,0.6406
7166,test,2.4957,0.6319
7167,train,1.4540,0.1056
7168,train,2.9104,0.8041
7169,val,2.7448,0.7466
7170,val,3.7026,0.9498
7171,test,3.3299,0.9047
7172,train,2.3811,0.5740
7173,train,2.4364,0.6029
7174,train,4.8765,0.9941
7175,train,3.6246,0.9430
7176,train,1.6534,0.1811
7177,train,2.7360,0.7435
7178,val,2.7708,0.7565
7179,val,2.1871,0.4700
7180,train,2.1719,0.4604
7181,train,1.7747,0.2371
7182,val,2.5343,0.6515
7183,train,2.3506,0.5586
7184,train,2.2384,0.4986
7185,train,2.2962,0.5290
7186,train,1.1422,0.0339
7187,val,2.7293,0.7411
7188,test,2.7324,0.7426
7189,val,2.4416,0.6061
7190,train,2.6048,0.6882
7191,test,2.9890,0.8302
7192,train,2.5454,0.6572
7193,train,2.2656,0.5126
7194,train,1.3018,0.0641
7195,train,4.0983,0.9771
7196,train,0.9765,0.0148
7197,train,2.4940,0.6310
7198,train,1.2080,0.0443
7199,val,2.9851,0.8291
7200,train,1.7883,0.2440
7201,train,1.5824,0.1517
7202,train,3.3177,0.9027
7203,train,1.3587,0.0791
7204,train,2.7045,0.7317
7205,train,1.5870,0.1541
7206,train,2.0622,0.3928
7207,test,2.7441,0.7462
7208,train,2.9871,0.8295
7209,train,1.5794,0.1505
7210,train,1.6039,0.1599
7211,val,3.0096,0.8356
7212,val,2.8955,0.7991
7213,val,2.2629,0.5105
7214,train,3.7109,0.9508
7215,train,2.4289,0.5990
7216,train,1.5195,0.1286
7217,val,2.7582,0.7510
7218,val,2.2152,0.4849
7219,val,2.1051,0.4192
7220,test,2.4684,0.6181
7221,train,1.2870,0.0605
7222,train,1.6887,0.1947
7223,train,1.6050,0.1604
7224,train,2.0402,0.3818
7225,val,2.5054,0.6376
7226,val,2.1887,0.4709
7227,train,3.1201,0.8637
7228,val,2.3457,0.5558
7229,train,1.9017,0.3044
7230,train,1.9379,0.3247
7231,train,1.8312,0.2660
7232,train,2.2162,0.4858
7233,train,2.5586,0.6641
7234,train,1.5422,0.1361
7235,test,2.1204,0.4272
7236,train,1.3049,0.0652
7237,train,2.0091,0.3625
7238,val,3.3753,0.9125
7239,train,1.7502,0.2237
7240,train,2.1992,0.4764
7241,train,2.3139,0.5393
7242,test,2.4899,0.6293
7243,train,2.2027,0.4786
7244,train,2.5353,0.6522
7245,train,1.4186,0.0937
7246,test,2.6977,0.7290
7247,test,3.2200,0.8858
7248,test,3.1618,0.8731
7249,val,2.8113,0.7701
7250,train,1.3410,0.0743
7251,val,3.3947,0.9156
7252,train,2.0211,0.3697
7253,train,3.1910,0.8799
7254,train,1.4450,0.1029
7255,test,3.2174,0.8851
7256,train,2.4714,0.6197
7257,train,1.6516,0.1800
7258,train,2.4122,0.5901
7259,test,2.4639,0.6162
7260,train,1.5488,0.1386
7261,val,4.1008,0.9771
7262,train,1.8199,0.2594
7263,val,2.2405,0.4994
7264,train,2.3722,0.5688
7265,train,2.6666,0.7161
7266,train,2.6099,0.6902
7267,train,1.7455,0.2208
7268,train,1.4597,0.1074
7269,test,2.5775,0.6747
7270,train,1.7395,0.2175
7271,train,1.6077,0.1615
7272,train,4.3529,0.9853
7273,train,2.3005,0.5308
7274,train,1.4367,0.1000
7275,train,1.8075,0.2533
7276,train,3.0792,0.8539
7277,test,3.7805,0.9572
7278,train,1.7631,0.2315
7279,train,1.5980,0.1574
7280,train,2.1158,0.4247
7281,train,2.3006,0.5308
7282,train,2.2538,0.5058
7283,train,2.4912,0.6300
7284,train,2.1548,0.4471
7285,test,2.6071,0.6890
7286,train,2.5079,0.6388
7287,train,2.9681,0.8232
7288,test,2.0556,0.3895
7289,train,2.4922,0.6303
7290,val,2.7440,0.7461
7291,train,2.0861,0.4076
7292,train,1.7632,0.2317
7293,train,1.7318,0.2140
7294,train,1.8882,0.2978
7295,test,3.7744,0.9566
7296,train,1.6292,0.1711
7297,train,2.0569,0.3903
7298,train,3.4260,0.9195
7299,val,2.6361,0.7024
7300,val,3.3892,0.9148
7301,train,2.7148,0.7350
7302,train,1.5909,0.1557
7303,train,2.4292,0.5993
7304,train,2.7140,0.7349
7305,train,2.5327,0.6507
7306,train,1.4319,0.0984
7307,train,1.7056,0.2015
7308,train,2.6139,0.6924
7309,train,1.8064,0.2528
7310,train,1.7314,0.2136
7311,val,2.7229,0.7380
7312,train,1.7437,0.2200
7313,train,3.4917,0.9279
7314,val,2.3867,0.5772
7315,val,3.0668,0.8505
7316,train,1.0071,0.0177
7317,test,2.8701,0.7903
7318,train,1.8111,0.2552
7319,val,1.8043,0.2516
7320,train,1.2997,0.0637
7321,train,1.6155,0.1653
7322,train,2.2307,0.4944
7323,train,1.9041,0.3058
7324,train,2.3443,0.5551
7325,train,2.6599,0.7132
7326,val,2.6555,0.7117
7327,val,2.0810,0.4043
7328,train,2.9785,0.8269
7329,train,2.0884,0.4089
7330,train,1.3960,0.0882
7331,train,2.9371,0.8129
7332,val,2.6063,0.6888
7333,val,2.6399,0.7042
7334,train,2.0136,0.3647
7335,train,2.3145,0.5396
7336,train,1.4619,0.1080
7337,train,2.6836,0.7224
7338,train,2.4845,0.6272
7339,train,1.2928,0.0619
7340,test,2.6720,0.7179
7341,train,1.7630,0.2315
7342,train,2.5046,0.6372
7343,train,2.4779,0.6234
7344,train,2.3688,0.5673
7345,train,2.3176,0.5410
7346,train,1.2293,0.0476
7347,test,3.4960,0.9285
7348,train,2.1628,0.4536
7349,train,2.6895,0.7252
7350,train,3.7793,0.9570
7351,train,1.4285,0.0971
7352,train,2.7507,0.7488
7353,train,2.9538,0.8180
7354,test,3.1340,0.8660
7355,train,3.3936,0.9152
7356,val,2.5978,0.6850
7357,train,2.1433,0.4396
7358,train,3.0766,0.8530
7359,val,2.2631,0.5108
7360,train,1.7259,0.2110
7361,val,3.2198,0.8857
7362,train,1.7996,0.2504
7363,train,2.0573,0.3906
7364,train,1.9677,0.3405
7365,test,2.5310,0.6496
7366,train,1.7879,0.2438
7367,train,2.6203,0.6956
7368,train,1.9731,0.3434
7369,val,2.9447,0.8149
7370,train,1.4544,0.1057
7371,val,2.1268,0.4302
7372,train,1.5714,0.1477
7373,train,4.0334,0.9737
7374,train,1.7033,0.1999
7375,train,1.9615,0.3366
7376,train,1.4246,0.0953
7377,train,2.3654,0.5658
7378,train,2.1536,0.4460
7379,train,1.0957,0.0281
7380,val,1.8580,0.2810
7381,train,2.0607,0.3924
7382,train,3.3332,0.9053
7383,train,2.2105,0.4821
7384,test,2.4572,0.6132
7385,val,3.2101,0.8839
7386,train,1.2634,0.0552
7387,test,2.5980,0.6852
7388,train,2.8238,0.7749
7389,train,1.8592,0.2819
7390,train,1.8043,0.2515
7391,train,1.5643,0.1445
7392,val,2.1080,0.4208
7393,train,2.6878,0.7246
7394,train,3.0000,0.8327
7395,val,2.6111,0.6908
7396,test,2.5525,0.6608
7397,train,1.6181,0.1664
7398,train,1.3073,0.0659
7399,train,1.3131,0.0674
7400,test,2.9582,0.8197
7401,train,1.9151,0.3115
7402,train,1.6033,0.1597
7403,val,2.1642,0.4542
7404,test,2.2189,0.4870
7405,train,1.7904,0.2451
7406,train,2.8197,0.7731
7407,train,1.8210,0.2605
7408,test,3.2788,0.8961
7409,train,2.7864,0.7617
7410,train,2.2551,0.5068
7411,train,1.7020,0.1995
7412,val,5.2647,0.9971
7413,val,3.1829,0.8779
7414,train,1.6490,0.1790
7415,train,2.3761,0.5714
7416,test,2.5955,0.6836
7417,train,1.4032,0.0896
7418,train,2.6289,0.6990
7419,train,2.6379,0.7033
7420,val,2.6437,0.7058
7421,train,2.2370,0.4979
7422,train,1.8310,0.2658
7423,train,2.1708,0.4594
7424,train,1.5700,0.1472
7425,train,1.1488,0.0353
7426,train,2.0271,0.3737
7427,val,3.5708,0.9379
7428,test,2.3895,0.5786
7429,train,2.1396,0.4375
7430,train,1.5619,0.1435
7431,train,1.4638,0.1084
7432,train,2.7913,0.7635
7433,val,2.2369,0.4978
7434,train,2.1811,0.4663
7435,train,1.4772,0.1131
7436,train,2.3540,0.5602
7437,test,2.3874,0.5778
7438,train,1.9644,0.3385
7439,train,2.3982,0.5837
7440,val,2.3120,0.5379
7441,train,1.9277,0.3187
7442,test,2.8891,0.7966
7443,train,2.0955,0.4130
7444,test,3.1033,0.8603
7445,val,3.7854,0.9576
7446,train,1.8293,0.2648
7447,val,2.0131,0.3644
7448,train,3.0802,0.8541
7449,test,3.0076,0.8351
7450,train,2.9764,0.8259
7451,train,2.1029,0.4180
7452,train,2.2353,0.4972
7453,train,2.1549,0.4472
7454,train,3.3732,0.9122
7455,val,3.3076,0.9009
7456,train,1.8284,0.2642
7457,val,2.3521,0.5594
7458,train,1.3883,0.0859
7459,test,3.7690,0.9557
7460,train,1.4381,0.1009
7461,train,1.5684,0.1465
7462,train,1.5131,0.1261
7463,test,3.5973,0.9406
7464,train,1.6350,0.1732
7465,train,2.0413,0.3822
7466,train,1.1265,0.0318
7467,train,2.2372,0.4980
7468,train,1.9107,0.3095
7469,train,1.9667,0.3399
7470,train,1.5681,0.1463
7471,train,1.9409,0.3262
7472,train,0.9912,0.0163
7473,train,2.4119,0.5898
7474,test,4.0771,0.9763
7475,train,2.5807,0.6756
7476,train,1.9539,0.3328
7477,val,3.4362,0.9210
7478,train,2.3083,0.5356
7479,train,1.9315,0.3209
7480,val,2.9267,0.8102
7481,train,3.3296,0.9045
7482,train,2.6826,0.7222
7483,val,2.0835,0.4062
7484,val,2.7882,0.7626
7485,train,1.8413,0.2715
7486,test,3.1462,0.8693
7487,train,2.1836,0.4678
7488,train,1.9506,0.3311
7489,train,2.5151,0.6423
7490,train,1.5264,0.1305
7491,train,3.8787,0.9650
7492,train,2.1552,0.4478
7493,train,2.2136,0.4839
7494,val,3.2651,0.8937
7495,train,2.5077,0.6387
7496,train,2.2138,0.4842
7497,val,1.8389,0.2705
7498,test,2.3653,0.5658
7499,train,2.0940,0.4122
7500,train,1.4381,0.1008
7501,train,1.1709,0.0393
7502,train,1.4343,0.0993
7503,train,2.6578,0.7124
7504,train,2.1413,0.4388
7505,test,3.3808,0.9132
7506,val,1.8974,0.3026
7507,val,3.1541,0.8713
7508,test,2.8118,0.7705
7509,train,3.2006,0.8817
7510,test,3.2974,0.8989
7511,train,2.7913,0.7635
7512,val,3.7871,0.9578
7513,test,2.5388,0.6544
7514,train,2.1371,0.4359
7515,train,1.5242,0.1300
7516,train,2.4802,0.6247
7517,train,1.9982,0.3568
7518,train,2.5750,0.6730
7519,train,2.9801,0.8277
7520,train,1.9860,0.3499
7521,train,1.8627,0.2838
7522,train,3.1954,0.8809
7523,train,2.4454,0.6084
7524,train,1.9406,0.3259
7525,train,2.8975,0.7997
7526,train,2.1217,0.4279
7527,test,2.5486,0.6587
7528,val,2.6241,0.6968
7529,train,2.5785,0.6749
7530,train,2.0252,0.3723
7531,train,1.4688,0.1095
7532,train,1.9668,0.3400
7533,train,2.7375,0.7439
7534,test,3.0174,0.8373
7535,val,2.5969,0.6846
7536,train,1.3309,0.0721
7537,train,2.7614,0.7529
7538,test,2.6422,0.7050
7539,test,3.5239,0.9326
7540,train,2.6256,0.6977
7541,train,1.7700,0.2353
7542,train,3.3398,0.9063
7543,train,2.0656,0.3951
7544,train,2.6054,0.6883
7545,test,2.1021,0.4175
7546,train,1.5476,0.1380
7547,train,2.4147,0.5913
7548,train,1.7073,0.2025
7549,train,1.8980,0.3030
7550,train,3.1924,0.8801
7551,train,2.0715,0.3985
7552,train,1.4959,0.1190
7553,train,1.9433,0.3279
7554,train,3.3867,0.9144
7555,train,2.4836,0.6264
7556,train,2.6408,0.7045
7557,train,1.1427,0.0340
7558,val,2.6132,0.6919
7559,train,2.4792,0.6240
7560,test,2.0020,0.3591
7561,train,1.6608,0.1837
7562,val,3.6261,0.9431
7563,train,2.3959,0.5823
7564,train,2.3425,0.5539
7565,train,2.0440,0.3834
7566,val,4.1950,0.9805
7567,train,2.1314,0.4328
7568,train,1.9065,0.3067
7569,test,3.0705,0.8518
7570,train,2.6589,0.7128
7571,train,3.0281,0.8404
7572,train,2.0278,0.3741
7573,train,1.5799,0.1507
7574,train,1.7571,0.2275
7575,val,2.7241,0.7388
7576,val,2.7513,0.7490
7577,train,2.8887,0.7964
7578,val,4.7809,0.9931
7579,train,1.5269,0.1309
7580,train,2.0853,0.4072
7581,train,1.5584,0.1421
7582,train,1.4915,0.1171
7583,train,2.1388,0.4372
7584,val,2.9169,0.8069
7585,train,3.2637,0.8929
7586,train,2.2750,0.5175
7587,test,3.3188,0.9028
7588,train,1.4180,0.0935
7589,train,1.5639,0.1444
7590,train,1.4531,0.1051
7591,train,2.6888,0.7250
7592,val,3.0531,0.8473
7593,train,2.3906,0.5794
7594,test,2.9331,0.8116
7595,train,0.8949,0.0089
7596,train,1.9621,0.3368
7597,train,1.2451,0.0509
7598,val,1.7872,0.2432
7599,val,4.1371,0.9788
7600,train,1.4271,0.0963
7601,train,1.4534,0.1053
7602,train,2.1383,0.4368
7603,test,2.7604,0.7521
7604,train,1.9127,0.3106
7605,train,2.8589,0.7865
7606,val,2.4688,0.6182
7607,test,2.3581,0.5627
7608,val,2.8379,0.7795
7609,val,3.0153,0.8371
7610,train,2.0368,0.3798
7611,train,2.4007,0.5853
7612,train,0.6734,0.0017
7613,train,1.7581,0.2284
7614,train,1.5395,0.1349
7615,train,2.1589,0.4513
7616,train,1.2368,0.0493
7617,train,2.6598,0.7131
7618,val,2.3566,0.5618
7619,train,2.5017,0.6360
7620,train,0.9399,0.0114
7621,train,1.8066,0.2529
7622,val,1.6559,0.1822
7623,train,2.1030,0.4180
7624,train,1.7830,0.2411
7625,train,1.1935,0.0421
7626,train,1.4902,0.1167
7627,train,1.7075,0.2027
7628,train,1.7048,0.2008
7629,train,2.1547,0.4470
7630,train,2.4317,0.6004
7631,train,1.7672,0.2339
7632,test,1.7205,0.2082
7633,train,2.3291,0.5468
7634,train,1.5288,0.1318
7635,train,1.8202,0.2598
7636,train,2.0037,0.3600
7637,train,2.7949,0.7649
7638,train,2.3339,0.5490
7639,train,1.3162,0.0684
7640,train,1.0428,0.0217
7641,train,2.0900,0.4095
7642,train,2.6770,0.7200
7643,train,2.2172,0.4861
7644,val,2.7408,0.7448
7645,train,1.8983,0.3030
7646,test,2.7327,0.7428
7647,train,1.7249,0.2106
7648,train,2.4954,0.6316
7649,train,2.5115,0.6404
7650,val,3.7432,0.9537
7651,train,1.9942,0.3546
7652,train,3.1182,0.8632
7653,val,3.1333,0.8659
7654,train,2.1539,0.4462
7655,train,1.8857,0.2966
7656,test,2.5540,0.6614
7657,train,2.1536,0.4459
7658,train,2.0034,0.3598
7659,train,2.0388,0.3810
7660,test,2.1592,0.4516
7661,train,1.2235,0.0467
7662,train,2.0934,0.4119
7663,train,2.2718,0.5154
7664,train,0.9896,0.0161
7665,test,2.4954,0.6317
7666,train,3.5182,0.9315
7667,train,1.2347,0.0488
7668,train,1.7416,0.2185
7669,train,1.8114,0.2553
7670,train,2.0656,0.3950
7671,val,2.0644,0.3940
7672,val,1.8056,0.2524
7673,train,2.6687,0.7166
7674,train,2.0002,0.3579
7675,val,2.4532,0.6110
7676,train,2.0223,0.3705
7677,train,2.3701,0.5679
7678,train,2.6487,0.7083
7679,train,2.5986,0.6855
7680,test,2.5218,0.6452
7681,train,2.0942,0.4124
7682,train,2.0148,0.3658
7683,train,2.4142,0.5909
7684,train,1.8720,0.2881
7685,train,2.6906,0.7260
7686,test,1.9126,0.3106
7687,train,2.4218,0.5955
7688,train,1.5222,0.1295
7689,val,3.3672,0.9110
7690,test,3.2785,0.8960
7691,val,3.3985,0.9161
7692,train,1.8715,0.2878
7693,train,1.4764,0.1127
7694,train,1.7767,0.2381
7695,train,2.3461,0.5558
7696,test,1.8996,0.3038
7697,train,2.7857,0.7612
7698,train,1.3709,0.0820
7699,test,2.6541,0.7110
7700,test,2.5307,0.6491
7701,val,2.2923,0.5266
7702,val,2.5638,0.6670
7703,test,2.9986,0.8323
7704,train,2.1763,0.4638
7705,train,1.5200,0.1287
7706,train,1.2280,0.0475
7707,test,3.8227,0.9609
7708,val,2.0400,0.3817
7709,test,2.6384,0.7035
7710,train,0.7294,0.0027
7711,test,1.8012,0.2509
7712,test,3.0508,0.8468
7713,test,2.9061,0.8028
7714,train,1.9142,0.3109
7715,test,2.0271,0.3736
7716,train,1.0621,0.0244
7717,train,1.2690,0.0563
7718,train,3.6166,0.9426
7719,val,3.9057,0.9672
7720,train,1.9900,0.3522
7721,test,4.9520,0.9949
7722,train,1.6016,0.1589
7723,val,2.9350,0.8122
7724,train,1.7887,0.2444
7725,train,1.7862,0.2427
7726,train,2.2534,0.5056
7727,train,2.7755,0.7581
7728,test,1.9800,0.3468
7729,train,1.7465,0.2215
7730,test,2.0250,0.3722
7731,train,2.9124,0.8049
7732,val,2.6549,0.7113
7733,train,2.2766,0.5182
7734,val,2.3301,0.5474
7735,train,2.0687,0.3973
7736,train,1.5070,0.1227
7737,train,2.4858,0.6278
7738,train,2.3907,0.5796
7739,train,1.8092,0.2544
7740,train,2.8044,0.7675
7741,train,1.7062,0.2018
7742,train,1.5997,0.1580
7743,train,2.0451,0.3840
7744,train,2.3790,0.5727
7745,train,1.3235,0.0703
7746,train,3.3069,0.9007
7747,train,3.7931,0.9584
7748,train,1.6205,0.1679
7749,train,1.8626,0.2838
7750,train,1.6944,0.1971
7751,train,1.9915,0.3533
7752,train,1.8106,0.2550
7753,train,2.7309,0.7418
7754,test,2.6024,0.6870
7755,train,2.2813,0.5209
7756,test,2.3530,0.5598
7757,train,2.5333,0.6510
7758,train,1.3967,0.0885
7759,train,2.1091,0.4214
7760,test,2.3750,0.5704
7761,train,1.5082,0.1232
7762,val,3.0348,0.8425
7763,train,1.6265,0.1701
7764,train,1.9626,0.3371
7765,test,3.7487,0.9541
7766,train,2.6820,0.7220
7767,test,3.3347,0.9057
7768,val,2.3364,0.5505
7769,train,2.2191,0.4872
7770,train,1.7931,0.2465
7771,train,1.2580,0.0538
7772,test,2.2663,0.5131
7773,test,2.3859,0.5766
7774,train,3.2166,0.8851
7775,train,1.7168,0.2063
7776,train,1.3696,0.0817
7777,train,2.6123,0.6912
7778,train,2.8174,0.7720
7779,train,1.6465,0.1779
7780,train,1.8789,0.2920
7781,test,3.1983,0.8814
7782,val,2.7095,0.7334
7783,val,3.6907,0.9487
7784,test,3.3060,0.9006
7785,train,2.9013,0.8010
7786,train,3.0218,0.8385
7787,train,1.9883,0.3511
7788,test,1.9913,0.3531
7789,train,2.7236,0.7384
7790,test,3.0061,0.8345
7791,train,1.8792,0.2925
7792,train,1.9290,0.3190
7793,train,1.0855,0.0267
7794,train,2.9712,0.8241
7795,train,2.0082,0.3621
7796,train,1.7252,0.2107
7797,val,4.3362,0.9847
7798,train,1.8929,0.3003
7799,train,1.9630,0.3374
7800,train,2.1362,0.4354
7801,val,2.0271,0.3735
7802,train,2.7790,0.7593
7803,train,1.9724,0.3430
7804,train,1.5138,0.1263
7805,train,1.9093,0.3088
7806,train,1.7708,0.2361
7807,train,2.0660,0.3954
7808,train,2.3034,0.5330
7809,train,2.8374,0.7793
7810,val,2.7839,0.7607
7811,train,1.7836,0.2415
7812,train,1.8258,0.2628
7813,train,1.7492,0.2230
7814,test,2.2146,0.4846
7815,test,2.3891,0.5786
7816,train,2.7753,0.7580
7817,train,3.1650,0.8737
7818,train,1.0110,0.0181
7819,test,3.5024,0.9296
7820,train,1.1445,0.0343
7821,train,1.1747,0.0398
7822,val,2.1253,0.4293
7823,train,1.7425,0.2190
7824,train,2.6244,0.6970
7825,train,1.7731,0.2367
7826,train,1.7349,0.2155
7827,train,1.7813,0.2401
7828,train,1.9260,0.3183
7829,val,2.5300,0.6487
7830,test,2.8641,0.7881
7831,test,2.3959,0.5822
7832,test,2.4979,0.6334
7833,train,1.7974,0.2487
7834,train,1.6179,0.1663
7835,val,1.9379,0.3246
7836,train,0.9034,0.0093
7837,train,1.6452,0.1774
7838,test,3.0655,0.8503
7839,test,2.7471,0.7473
7840,train,1.1643,0.0383
7841,val,2.5255,0.6466
7842,train,2.0781,0.4025
7843,train,3.0350,0.8426
7844,train,1.7930,0.2465
7845,train,1.8996,0.3038
7846,train,1.8427,0.2721
7847,train,2.3182,0.5414
7848,train,1.4871,0.1160
7849,test,5.6344,0.9980
7850,val,2.3259,0.5451
7851,train,1.8388,0.2704
7852,train,1.6163,0.1659
7853,train,3.2486,0.8906
7854,val,3.1134,0.8623
7855,test,2.6570,0.7121
7856,train,2.1072,0.4203
7857,val,1.8807,0.2939
7858,test,3.2741,0.8954
7859,val,1.9666,0.3398
7860,train,1.2063,0.0440
7861,train,2.6640,0.7149
7862,test,2.7817,0.7599
7863,train,1.0306,0.0205
7864,test,2.8470,0.7827
7865,val,2.8252,0.7753
7866,train,2.0341,0.3780
7867,test,2.3103,0.5371
7868,train,2.1540,0.4464
7869,train,5.0172,0.9956
7870,train,1.9506,0.3310
7871,train,1.7140,0.2051
7872,test,3.9512,0.9694
7873,train,1.8118,0.2556
7874,train,1.4954,0.1187
7875,train,1.6106,0.1629
7876,train,2.1674,0.4566
7877,train,3.4412,0.9215
7878,test,2.6712,0.7177
7879,test,2.1811,0.4662
7880,test,2.3588,0.5631
7881,val,2.5591,0.6643
7882,val,1.9516,0.3316
7883,train,2.2158,0.4855
7884,train,2.0626,0.3931
7885,train,1.8081,0.2537
7886,test,2.5977,0.6849
7887,train,2.0188,0.3684
7888,train,1.1550,0.0368
7889,val,1.8567,0.2804
7890,train,2.2130,0.4836
7891,train,1.6647,0.1857
7892,train,2.9264,0.8101
7893,train,2.4958,0.6321
7894,train,1.9293,0.3192
7895,train,2.0221,0.3704
7896,train,1.3341,0.0729
7897,train,1.7707,0.2360
7898,val,3.2450,0.8903
7899,train,2.0492,0.3862
7900,train,2.4407,0.6054
7901,train,2.4413,0.6059
7902,train,2.5212,0.6450
7903,train,1.9223,0.3161
7904,val,3.6410,0.9445
7905,train,1.8632,0.2842
7906,train,1.6018,0.1589
7907,train,2.0089,0.3624
7908,train,1.7246,0.2103
7909,test,3.3407,0.9063
7910,train,1.3679,0.0813
7911,train,1.5432,0.1367
7912,train,2.7945,0.7647
7913,train,2.0098,0.3628
7914,train,2.4629,0.6156
7915,train,1.9041,0.3057
7916,val,2.7627,0.7533
7917,val,2.3739,0.5697
7918,train,1.6727,0.1886
7919,train,3.7049,0.9502
7920,train,2.0919,0.4106
7921,train,3.1577,0.8721
7922,test,2.9677,0.8230
7923,train,1.4555,0.1061
7924,train,2.2930,0.5271
7925,train,1.7501,0.2236
7926,train,2.9816,0.8279
7927,test,2.9005,0.8005
7928,train,2.6259,0.6978
7929,train,1.6239,0.1693
7930,val,2.7469,0.7472
7931,test,3.3535,0.9088
7932,test,3.1881,0.8792
7933,test,3.7675,0.9556
7934,train,3.1962,0.8811
7935,test,3.4388,0.9212
7936,train,3.1029,0.8601
7937,train,3.4818,0.9271
7938,train,1.9569,0.3344
7939,val,2.9564,0.8189
7940,train,2.5593,0.6646
7941,train,2.5572,0.6634
7942,train,1.7346,0.2155
7943,train,1.3649,0.0810
7944,train,1.1870,0.0413
7945,train,2.1830,0.4671
7946,train,1.4212,0.0945
7947,val,2.8298,0.7769
7948,train,3.0491,0.8465
7949,train,2.1497,0.4437
7950,test,4.1324,0.9786
7951,train,2.4187,0.5935
7952,train,2.2501,0.5044
7953,train,2.8677,0.7895
7954,train,1.9672,0.3402
7955,train,1.2321,0.0484
7956,train,1.9309,0.3204
7957,train,1.7933,0.2467
7958,train,1.7165,0.2061
7959,train,1.5727,0.1482
7960,train,2.8118,0.7705
7961,train,1.9414,0.3266
7962,train,1.2370,0.0493
7963,test,1.9464,0.3288
7964,train,2.1550,0.4476
7965,test,2.0317,0.3764
7966,train,2.3406,0.5529
7967,val,4.5479,0.9899
7968,train,2.8362,0.7786
7969,train,1.1160,0.0303
7970,train,1.6196,0.1674
7971,train,1.7036,0.2001
7972,train,1.6236,0.1692
7973,val,2.8105,0.7699
7974,train,0.9710,0.0143
7975,train,1.9936,0.3545
7976,train,1.9651,0.3388
7977,train,2.7676,0.7554
7978,train,1.2208,0.0463
7979,train,1.8185,0.2588
7980,train,2.0294,0.3749
7981,train,2.6505,0.7090
7982,train,2.5335,0.6512
7983,test,4.1619,0.9797
7984,train,2.0011,0.3583
7985,train,2.1962,0.4749
7986,val,2.7274,0.7401
7987,train,1.5841,0.1527
7988,train,2.0938,0.4121
7989,test,3.9407,0.9691
7990,train,2.3398,0.5525
7991,val,2.4679,0.6177
7992,train,2.3365,0.5506
7993,train,1.9536,0.3326
7994,train,3.7793,0.9569
7995,val,5.6609,0.9981
7996,val,2.3861,0.5768
7997,train,1.7816,0.2401
7998,test,2.9414,0.8141
7999,train,2.1460,0.4414
8000,train,1.6583,0.1829
8001,train,2.1531,0.4456
8002,train,2.7078,0.7329
8003,train,1.8886,0.2984
8004,train,1.9883,0.3512
8005,train,2.5409,0.6554
8006,train,2.6265,0.6980
8007,train,2.0747,0.4004
8008,train,1.1507,0.0355
8009,train,2.3482,0.5572
8010,train,1.6507,0.1797
8011,val,3.8037,0.9592
8012,val,3.0371,0.8433
8013,test,3.1380,0.8671
8014,train,2.0245,0.3717
8015,test,2.4164,0.5921
8016,train,1.7602,0.2295
8017,train,2.4826,0.6259
8018,train,2.7423,0.7454
8019,val,2.4747,0.6214
8020,train,1.8603,0.2823
8021,train,1.2733,0.0573
8022,test,2.4805,0.6249
8023,train,1.1405,0.0335
8024,train,1.2463,0.0512
8025,train,1.7518,0.2249
8026,train,1.2123,0.0450
8027,train,1.3068,0.0659
8028,val,3.1003,0.8595
8029,val,2.6407,0.7044
8030,train,2.0215,0.3698
8031,train,1.6089,0.1619
8032,val,2.9072,0.8031
8033,val,3.3708,0.9115
8034,train,2.0815,0.4047
8035,val,2.4680,0.6178
8036,train,2.1347,0.4342
8037,train,2.5917,0.6817
8038,train,2.4123,0.5902
8039,train,2.9331,0.8115
8040,train,0.6089,0.0011
8041,train,2.4149,0.5915
8042,train,1.9302,0.3198
8043,test,2.4721,0.6201
8044,train,2.2574,0.5078
8045,train,2.4236,0.5967
8046,train,2.2826,0.5216
8047,train,2.1960,0.4746
8048,val,3.4273,0.9198
8049,train,2.1015,0.4172
8050,train,2.9356,0.8123
8051,test,3.2010,0.8819
8052,test,3.3279,0.9042
8053,val,3.3021,0.8999
8054,val,3.4278,0.9199
8055,train,2.4273,0.5984
8056,train,1.0474,0.0225
8057,val,3.0595,0.8487
8058,train,1.3649,0.0809
8059,test,2.7264,0.7398
8060,train,1.7597,0.2293
8061,train,1.1149,0.0303
8062,train,2.4019,0.5858
8063,train,3.0331,0.8420
8064,train,1.8448,0.2735
8065,train,2.1384,0.4368
8066,train,2.1694,0.4581
8067,train,1.6013,0.1587
8068,train,1.3283,0.0714
8069,val,2.8941,0.7986
8070,train,1.9154,0.3116
8071,train,1.5646,0.1446
8072,train,1.7797,0.2393
8073,train,1.8266,0.2632
8074,train,1.7442,0.2202
8075,train,1.6270,0.1705
8076,test,2.8422,0.7813
8077,train,1.2613,0.0547
8078,train,2.1477,0.4426
8079,train,2.1091,0.4213
8080,train,1.4167,0.0933
8081,test,2.5978,0.6851
8082,train,2.2798,0.5201
8083,val,2.6631,0.7144
8084,train,2.8706,0.7905
8085,train,2.0546,0.3892
8086,train,1.5920,0.1560
8087,train,3.4826,0.9272
8088,train,1.8162,0.2576
8089,train,2.8086,0.7694
8090,test,2.4579,0.6135
8091,val,2.8055,0.7680
8092,train,2.0840,0.4064
8093,train,2.7212,0.7376
8094,train,3.0198,0.8381
8095,val,3.7529,0.9545
8096,train,1.5022,0.1211
8097,train,2.6293,0.6992
8098,test,2.3384,0.5516
8099,train,1.6865,0.1937
8100,train,2.2769,0.5184
8101,train,1.0012,0.0172
8102,test,2.7132,0.7346
8103,train,1.7783,0.2389
8104,train,1.0438,0.0219
8105,train,1.2573,0.0535
8106,val,3.3608,0.9097
8107,test,2.1997,0.4768
8108,train,1.7703,0.2355
8109,train,1.8516,0.2783
8110,train,2.4944,0.6312
8111,train,4.2650,0.9829
8112,test,2.7553,0.7501
8113,val,3.3757,0.9126
8114,val,2.5113,0.6403
8115,train,2.3424,0.5538
8116,test,2.8840,0.7947
8117,test,2.1710,0.4597
8118,val,2.2554,0.5070
8119,train,2.4541,0.6115
8120,train,2.6982,0.7294
8121,val,3.4144,0.9176
8122,test,3.4481,0.9225
8123,val,2.7754,0.7581
8124,train,1.2972,0.0630
8125,val,3.8347,0.9618
8126,val,2.1613,0.4526
8127,train,1.4538,0.1055
8128,train,1.8245,0.2618
8129,train,3.0121,0.8361
8130,train,1.3172,0.0688
8131,train,2.0304,0.3758
8132,train,1.4357,0.0997
8133,train,2.0650,0.3945
8134,train,3.4505,0.9230
8135,test,3.5739,0.9382
8136,val,3.1227,0.8640
8137,train,1.3785,0.0839
8138,val,3.0297,0.8409
8139,test,1.5528,0.1403
8140,train,1.9674,0.3404
8141,train,2.5199,0.6446
8142,val,3.7374,0.9534
8143,train,1.9463,0.3288
8144,test,3.5158,0.9312
8145,train,4.1077,0.9775
8146,train,2.9552,0.8185
8147,train,1.0873,0.0271
8148,val,2.6905,0.7258
8149,train,2.0804,0.4039
8150,train,1.7114,0.2043
8151,train,4.0353,0.9739
8152,train,2.0003,0.3580
8153,val,2.8487,0.7836
8154,train,2.0589,0.3914
8155,train,1.7513,0.2245
8156,train,2.5623,0.6660
8157,train,2.3602,0.5636
8158,train,1.4914,0.1170
8159,train,2.3418,0.5537
8160,train,1.8777,0.2914
8161,val,2.3123,0.5381
8162,train,2.9069,0.8030
8163,train,1.3229,0.0702
8164,train,2.6520,0.7098
8165,train,1.7499,0.2235
8166,train,2.3604,0.5638
8167,train,1.3218,0.0699
8168,train,2.4721,0.6200
8169,train,2.1885,0.4707
8170,train,2.3810,0.5738
8171,train,1.2577,0.0536
8172,train,2.6160,0.6936
8173,train,2.3161,0.5406
8174,train,2.1853,0.4688
8175,test,3.2427,0.8898
8176,test,2.8219,0.7742
8177,train,4.4433,0.9877
8178,val,2.8679,0.7896
8179,val,5.4556,0.9977
8180,train,3.1839,0.8781
8181,test,1.8084,0.2540
8182,train,3.0695,0.8515
8183,train,1.5748,0.1491
8184,train,1.0468,0.0224
8185,train,3.9869,0.9717
8186,train,1.9152,0.3116
8187,train,1.2454,0.0509
8188,train,2.1045,0.4188
8189,val,3.0342,0.8423
8190,train,1.5500,0.1393
8191,train,3.3796,0.9129
8192,train,2.0772,0.4018
8193,train,1.9184,0.3140
8194,test,1.8942,0.3006
8195,test,2.7211,0.7375
8196,val,2.4521,0.6104
8197,train,3.5261,0.9329
8198,train,2.6799,0.7213
8199,train,1.1966,0.0429
8200,train,1.6683,0.1870
8201,train,1.9837,0.3486
8202,train,2.1089,0.4212
8203,train,2.3272,0.5458
8204,train,3.5528,0.9361
8205,test,1.8507,0.2777
8206,train,1.7439,0.2201
8207,train,2.0085,0.3622
8208,train,2.1161,0.4249
8209,train,1.8333,0.2675
8210,train,2.3823,0.5747
8211,test,4.0206,0.9731
8212,train,2.5731,0.6723
8213,test,2.5824,0.6761
8214,train,2.3227,0.5436
8215,train,1.7758,0.2376
8216,train,0.8144,0.0051
8217,train,2.3804,0.5736
8218,test,3.0344,0.8424
8219,train,2.4103,0.5890
8220,val,2.4746,0.6213
8221,train,2.0391,0.3812
8222,train,2.6766,0.7196
8223,test,2.7724,0.7569
8224,train,2.7469,0.7472
8225,train,1.5102,0.1243
8226,train,1.7652,0.2327
8227,train,3.1402,0.8673
8228,test,2.8630,0.7877
8229,train,1.8203,0.2601
8230,train,2.3087,0.5359
8231,test,2.0812,0.4044
8232,train,2.4885,0.6287
8233,train,1.9187,0.3141
8234,train,1.9394,0.3255
8235,train,2.2631,0.5108
8236,train,1.6368,0.1737
8237,train,1.9543,0.3331
8238,train,2.1425,0.4394
8239,test,4.1018,0.9772
8240,train,0.6488,0.0013
8241,train,3.1707,0.8753
8242,train,1.4129,0.0927
8243,train,2.2212,0.4882
8244,train,1.8203,0.2600
8245,train,3.0578,0.8484
8246,train,2.9878,0.8297
8247,train,2.1761,0.4636
8248,test,2.9712,0.8242
8249,train,1.2005,0.0435
8250,train,1.0450,0.0221
8251,test,3.4298,0.9201
8252,val,3.6067,0.9415
8253,train,1.1798,0.0407
8254,train,1.7166,0.2062
8255,test,2.0518,0.3876
8256,train,2.8043,0.7675
8257,train,1.6708,0.1880
8258,train,1.8285,0.2642
8259,val,3.1192,0.8634
8260,train,1.7445,0.2204
8261,train,1.9196,0.3151
8262,train,2.7597,0.7515
8263,train,2.2339,0.4966
8264,train,4.8146,0.9935
8265,train,1.8364,0.2690
8266,train,2.3970,0.5828
8267,val,3.4491,0.9227
8268,test,3.5407,0.9347
8269,test,2.0829,0.4057
8270,train,3.8667,0.9640
8271,val,2.2384,0.4985
8272,train,1.8128,0.2559
8273,train,1.8619,0.2835
8274,train,3.3801,0.9131
8275,val,2.7413,0.7450
8276,test,1.8933,0.3004
8277,test,3.3817,0.9135
8278,train,3.3861,0.9140
8279,train,2.7311,0.7422
8280,train,0.3325,0.0001
8281,test,2.0333,0.3775
8282,train,1.6731,0.1889
8283,train,1.4371,0.1002
8284,val,2.5389,0.6545
8285,train,2.1306,0.4320
8286,train,1.6102,0.1628
8287,test,3.2119,0.8843
8288,test,2.4827,0.6260
8289,train,1.3505,0.0770
8290,train,2.1772,0.4644
8291,train,3.5239,0.9327
8292,train,2.5896,0.6803
8293,train,2.3012,0.5312
8294,train,1.7619,0.2306
8295,val,2.0728,0.3991
8296,train,1.3151,0.0679
8297,train,2.0737,0.3996
8298,test,2.6201,0.6954
8299,train,2.7170,0.7356
8300,train,2.6038,0.6877
8301,train,2.5758,0.6734
8302,train,2.9216,0.8087
8303,test,3.6755,0.9478
8304,train,3.4887,0.9277
8305,train,1.6423,0.1757
8306,train,2.2123,0.4830
8307,val,3.2850,0.8971
8308,train,1.7633,0.2318
8309,train,2.5515,0.6601
8310,train,2.1706,0.4592
8311,train,1.8854,0.2965
8312,train,2.1813,0.4666
8313,train,0.8910,0.0087
8314,train,3.6295,0.9433
8315,train,2.1476,0.4424
8316,train,2.1859,0.4692
8317,train,1.9573,0.3348
8318,train,2.7594,0.7512
8319,train,2.8288,0.7765
8320,val,3.3814,0.9134
8321,test,2.2006,0.4772
8322,train,2.0521,0.3880
8323,test,2.4027,0.5860
8324,train,2.9772,0.8262
8325,train,1.7760,0.2378
8326,train,1.8992,0.3036
8327,train,2.5309,0.6495
8328,test,2.2422,0.5006
8329,train,1.6021,0.1592
8330,train,1.8787,0.2918
8331,train,3.0711,0.8520
8332,train,2.0352,0.3789
8333,val,2.6638,0.7148
8334,test,1.6788,0.1909
8335,train,1.2971,0.0629
8336,test,1.9340,0.3225
8337,train,2.0931,0.4116
8338,val,2.2519,0.5048
8339,train,1.9346,0.3228
8340,val,3.2818,0.8965
8341,train,2.3366,0.5508
8342,test,3.1559,0.8716
8343,val,2.9738,0.8250
8344,train,1.5865,0.1537
8345,train,2.1317,0.4330
8346,train,1.5516,0.1397
8347,train,2.9610,0.8207
8348,train,1.4757,0.1122
8349,train,2.3053,0.5335
8350,train,1.7364,0.2162
8351,train,2.0817,0.4050
8352,val,2.3672,0.5667
8353,test,3.1708,0.8753
8354,train,2.2490,0.5039
8355,train,2.3286,0.5464
8356,test,2.4604,0.6145
8357,train,2.3078,0.5351
8358,train,1.3561,0.0784
8359,val,3.0993,0.8589
8360,test,3.6699,0.9473
8361,test,2.2202,0.4875
8362,val,2.8626,0.7876
8363,train,2.4299,0.5998
8364,train,1.1760,0.0400
8365,train,1.8833,0.2955
8366,val,2.4218,0.5954
8367,val,2.2787,0.5195
8368,train,1.3445,0.0754
8369,train,2.1251,0.4292
8370,test,2.7802,0.7597
8371,test,1.5429,0.1363
8372,train,1.5267,0.1307
8373,train,2.7718,0.7568
8374,train,1.3419,0.0746
8375,val,2.5861,0.6780
8376,train,1.7482,0.2223
8377,train,1.7376,0.2169
8378,train,2.0220,0.3702
8379,val,2.4951,0.6315
8380,train,2.6254,0.6975
8381,train,0.7967,0.0041
8382,train,3.5887,0.9397
8383,train,1.6190,0.1671
8384,test,2.1311,0.4324
8385,train,1.9220,0.3160
8386,test,2.8935,0.7983
8387,train,2.4529,0.6107
8388,train,1.7571,0.2275
8389,train,1.8064,0.2527
8390,train,1.6613,0.1841
8391,test,2.2749,0.5174
8392,val,2.1478,0.4427
8393,val,2.1651,0.4548
8394,train,1.5071,0.1228
8395,train,2.4536,0.6112
8396,train,2.3285,0.5464
8397,train,1.4771,0.1131
8398,val,2.6932,0.7266
8399,train,1.5041,0.1214
8400,val,2.1913,0.4722
8401,train,1.8515,0.2782
8402,test,2.6042,0.6879
8403,train,1.5658,0.1451
8404,train,2.2464,0.5024
8405,val,3.3177,0.9026
8406,val,1.9210,0.3155
8407,train,2.0972,0.4141
8408,test,3.1555,0.8715
8409,train,2.8470,0.7829
8410,train,1.9521,0.3318
8411,train,3.8443,0.9623
8412,train,2.6424,0.7053
8413,test,1.8957,0.3017
8414,test,3.0404,0.8440
8415,train,2.3820,0.5746
8416,test,2.8218,0.7741
8417,train,1.4050,0.0903
8418,train,1.3168,0.0685
8419,train,3.5903,0.9399
8420,train,1.6019,0.1590
8421,train,2.2605,0.5092
8422,train,0.7433,0.0030
8423,train,2.3002,0.5306
8424,train,1.5182,0.1279
8425,train,2.8077,0.7689
8426,train,1.3690,0.0817
8427,train,1.6059,0.1608
8428,train,3.3587,0.9093
8429,train,3.3911,0.9149
8430,val,1.9685,0.3410
8431,test,4.7968,0.9933
8432,val,3.2315,0.8877
8433,val,2.6644,0.7151
8434,train,0.8471,0.0063
8435,train,2.1950,0.4740
8436,train,0.9620,0.0133
8437,val,2.1659,0.4556
8438,test,2.1921,0.4724
8439,train,1.8043,0.2516
8440,train,1.7392,0.2173
8441,train,1.6365,0.1735
8442,train,3.4403,0.9213
8443,train,1.5704,0.1475
8444,train,1.6643,0.1855
8445,train,2.0094,0.3626
8446,train,1.5167,0.1272
8447,train,1.4928,0.1177
8448,train,2.1539,0.4462
8449,train,3.0551,0.8476
8450,val,2.0774,0.4020
8451,train,2.4466,0.6090
8452,test,4.0590,0.9753
8453,test,2.5855,0.6777
8454,val,2.6145,0.6928
8455,train,1.9244,0.3173
8456,val,2.0984,0.4150
8457,train,1.8655,0.2856
8458,train,2.2077,0.4806
8459,test,2.1554,0.4480
8460,train,1.5263,0.1304
8461,train,1.8763,0.2906
8462,test,1.7292,0.2125
8463,train,1.0335,0.0208
8464,train,2.7248,0.7390
8465,test,3.3433,0.9069
8466,val,2.1292,0.4314
8467,train,1.4860,0.1156
8468,test,3.3503,0.9080
8469,val,2.9149,0.8059
8470,train,1.7351,0.2156
8471,train,2.2552,0.5069
8472,train,1.7762,0.2379
8473,train,2.8579,0.7862
8474,test,2.6528,0.7102
8475,test,2.0778,0.4022
8476,train,2.8325,0.7778
8477,train,1.8464,0.2748
8478,test,3.9724,0.9713
8479,train,2.0113,0.3635
8480,test,2.4096,0.5886
8481,train,2.0975,0.4142
8482,train,1.6399,0.1748
8483,test,3.3723,0.9119
8484,test,3.3851,0.9138
8485,val,3.1858,0.8785
8486,train,1.8468,0.2749
8487,train,2.1640,0.4541
8488,test,2.3127,0.5386
8489,train,1.8699,0.2871
8490,test,3.7507,0.9543
8491,train,1.8142,0.2566
8492,val,2.8330,0.7780
8493,train,3.3702,0.9114
8494,train,2.4262,0.5980
8495,train,1.8304,0.2656
8496,val,2.4407,0.6053
8497,train,1.7177,0.2071
8498,train,2.2643,0.5117
8499,train,1.8202,0.2596
8500,train,1.9043,0.3060
8501,test,3.2362,0.8887
8502,train,1.9660,0.3392
8503,test,2.3135,0.5389
8504,train,2.4169,0.5926
8505,test,2.7307,0.7416
8506,train,2.4457,0.6086
8507,train,2.0887,0.4092
8508,train,1.3096,0.0665
8509,train,1.4355,0.0997
8510,val,3.2513,0.8909
8511,train,2.1286,0.4312
8512,val,2.7433,0.7458
8513,train,2.5010,0.6355
8514,val,3.4159,0.9179
8515,test,3.7168,0.9514
8516,test,2.9030,0.8018
8517,train,2.7581,0.7508
8518,train,2.5803,0.6754
8519,train,1.5252,0.1303
8520,train,3.3334,0.9055
8521,test,2.9500,0.8161
8522,train,1.8418,0.2718
8523,test,2.2896,0.5255
8524,train,2.1871,0.4700
8525,val,2.2601,0.5090
8526,val,3.1753,0.8763
8527,train,2.3555,0.5613
8528,val,2.5614,0.6654
8529,train,1.5571,0.1415
8530,val,2.8014,0.7664
8531,train,2.8296,0.7767
8532,test,2.2714,0.5151
8533,train,1.4698,0.1101
8534,test,2.0126,0.3642
8535,train,0.7392,0.0029
8536,train,1.8817,0.2944
8537,train,1.3276,0.0713
8538,train,2.8898,0.7970
8539,train,2.0963,0.4134
8540,train,1.7493,0.2231
8541,test,2.9393,0.8136
8542,train,1.7479,0.2222
8543,train,2.4181,0.5931
8544,train,1.8655,0.2856
8545,train,2.1059,0.4196
8546,train,1.8925,0.3001
8547,test,3.0861,0.8551
8548,train,1.0670,0.0249
8549,train,3.2265,0.8869
8550,train,2.7131,0.7344
8551,train,3.4200,0.9185
8552,val,2.4399,0.6046
8553,test,3.9035,0.9669
8554,train,1.9646,0.3386
8555,train,2.2058,0.4799
8556,train,1.9172,0.3130
8557,train,2.3986,0.5840
8558,train,1.7290,0.2124
8559,train,1.6049,0.1603
8560,train,2.1881,0.4704
8561,train,1.5200,0.1288
8562,test,2.6068,0.6890
8563,test,2.1082,0.4208
8564,train,1.6553,0.1819
8565,train,1.0067,0.0176
8566,test,3.2030,0.8827
8567,train,1.4130,0.0927
8568,train,1.8963,0.3022
8569,test,2.8118,0.7706
8570,val,2.2319,0.4952
8571,train,1.9835,0.3485
8572,train,1.3292,0.0715
8573,val,3.1769,0.8767
8574,train,2.8640,0.7881
8575,train,1.4644,0.1085
8576,test,2.8495,0.7839
8577,train,2.4789,0.6238
8578,train,3.2441,0.8901
8579,train,1.9425,0.3274
8580,train,1.4971,0.1197
8581,train,1.4469,0.1033
8582,val,2.9047,0.8022
8583,val,2.1929,0.4730
8584,train,2.0884,0.4090
8585,val,3.6072,0.9417
8586,train,1.9679,0.3407
8587,train,2.8693,0.7901
8588,train,2.0564,0.3900
8589,train,2.2816,0.5210
8590,train,1.7627,0.2312
8591,val,3.0454,0.8456
8592,train,3.9571,0.9699
8593,train,2.2766,0.5182
8594,train,1.2153,0.0455
8595,train,2.0542,0.3890
8596,train,2.0341,0.3782
8597,val,2.4202,0.5944
8598,train,2.0991,0.4156
8599,train,1.5793,0.1504
8600,train,2.3010,0.5311
8601,train,3.1714,0.8755
8602,val,2.0169,0.3672
8603,val,2.5668,0.6690
8604,train,1.7276,0.2120
8605,train,2.1766,0.4640
8606,train,2.6952,0.7275
8607,train,2.3431,0.5543
8608,test,4.3694,0.9860
8609,val,3.0632,0.8499
8610,train,1.7113,0.2042
8611,train,1.6140,0.1645
8612,train,2.4544,0.6116
8613,train,1.0946,0.0280
8614,test,3.2394,0.8891
8615,train,1.4939,0.1181
8616,test,2.3782,0.5725
8617,train,1.3436,0.0753
8618,train,2.3610,0.5639
8619,train,2.8826,0.7940
8620,test,2.4283,0.5987
8621,val,2.8845,0.7951
8622,train,2.0744,0.4001
8623,train,1.4706,0.1105
8624,train,1.2893,0.0611
8625,train,3.0128,0.8365
8626,train,2.1265,0.4299
8627,test,1.8839,0.2958
8628,train,2.0614,0.3926
8629,test,2.4244,0.5968
8630,val,2.9307,0.8108
8631,train,2.4338,0.6016
8632,val,3.1476,0.8696
8633,train,2.2044,0.4795
8634,train,3.3508,0.9083
8635,train,2.2837,0.5222
8636,test,3.8811,0.9651
8637,val,4.1664,0.9798
8638,train,2.7599,0.7517
8639,val,2.6547,0.7112
8640,train,1.8957,0.3018
8641,train,2.1310,0.4323
8642,train,1.7035,0.2001
8643,train,3.0148,0.8371
8644,train,2.2414,0.4999
8645,train,3.6605,0.9464
8646,train,2.6495,0.7086
8647,train,2.5839,0.6765
8648,train,1.3954,0.0879
8649,test,3.4223,0.9189
8650,val,1.9546,0.3334
8651,train,2.9076,0.8033
8652,train,1.8731,0.2886
8653,train,0.7493,0.0033
8654,train,2.1000,0.4163
8655,train,1.5277,0.1314
8656,train,1.7240,0.2099
8657,test,3.2202,0.8859
8658,train,2.0388,0.3809
8659,train,1.8433,0.2725
8660,test,3.1712,0.8755
8661,train,2.4817,0.6257
8662,train,2.3070,0.5346
8663,train,1.9487,0.3304
8664,train,1.6533,0.1809
8665,train,3.2203,0.8860
8666,test,2.1222,0.4281
8667,train,1.6211,0.1681
8668,train,2.8021,0.7666
8669,train,2.2302,0.4941
8670,train,1.5795,0.1505
8671,test,2.7463,0.7470
8672,train,1.8324,0.2664
8673,test,4.5575,0.9900
8674,train,2.9699,0.8237
8675,train,1.7099,0.2036
8676,train,1.4577,0.1067
8677,train,2.2056,0.4798
8678,val,2.2493,0.5040
8679,train,1.5561,0.1413
8680,train,1.9885,0.3514
8681,train,1.9794,0.3466
8682,train,2.7081,0.7330
8683,train,2.0392,0.3812
8684,train,2.9515,0.8168
8685,train,2.4926,0.6304
8686,train,2.6641,0.7150
8687,test,2.4182,0.5932
8688,train,2.5997,0.6860
8689,train,2.5893,0.6799
8690,train,2.7575,0.7505
8691,train,0.9828,0.0157
8692,train,1.6602,0.1836
8693,train,1.6988,0.1981
8694,train,3.0260,0.8397
8695,train,3.3718,0.9117
8696,train,2.7635,0.7539
8697,test,3.0793,0.8539
8698,test,3.5405,0.9347
8699,train,3.8411,0.9621
8700,train,3.8962,0.9666
8701,train,1.7303,0.2131
8702,train,1.5343,0.1335
8703,train,2.1651,0.4550
8704,train,2.6585,0.7126
8705,train,0.9689,0.0142
8706,train,2.6043,0.6880
8707,train,2.1539,0.4463
8708,train,1.9411,0.3262
8709,train,1.3285,0.0715
8710,train,0.8899,0.0086
8711,train,2.1107,0.4223
8712,train,4.3034,0.9838
8713,train,1.9255,0.3181
8714,train,2.6670,0.7162
8715,train,1.7330,0.2144
8716,train,1.8676,0.2862
8717,train,1.5650,0.1448
8718,test,3.1935,0.8804
8719,train,1.6818,0.1917
8720,train,2.5878,0.6788
8721,train,2.7188,0.7365
8722,train,1.3607,0.0798
8723,test,2.8386,0.7801
8724,test,3.4600,0.9244
8725,train,2.3812,0.5741
8726,train,2.1982,0.4760
8727,train,1.3859,0.0853
8728,val,2.8906,0.7972
8729,train,2.2712,0.5150
8730,test,3.8889,0.9657
8731,test,2.1301,0.4319
8732,train,1.7462,0.2213
8733,train,2.1619,0.4530
8734,test,2.4194,0.5939
8735,train,2.1404,0.4382
8736,train,1.3012,0.0641
8737,train,1.8474,0.2752
8738,train,2.4631,0.6157
8739,train,2.1565,0.4486
8740,test,3.3256,0.9038
8741,val,3.5833,0.9391
8742,train,1.1948,0.0423
8743,train,1.5629,0.1441
8744,train,2.3014,0.5315
8745,train,1.9893,0.3519
8746,train,2.7001,0.7298
8747,train,1.9300,0.3196
8748,train,4.1233,0.9781
8749,train,1.3388,0.0738
8750,val,1.9574,0.3350
8751,val,3.4530,0.9235
8752,val,2.7450,0.7467
8753,test,3.7075,0.9504
8754,train,2.0276,0.3739
8755,val,2.6683,0.7164
8756,test,3.1198,0.8637
8757,test,2.1346,0.4341
8758,train,1.8476,0.2754
8759,train,2.0183,0.3679
8760,train,1.8264,0.2631
8761,val,2.9500,0.8162
8762,val,2.6190,0.6950
8763,train,2.0522,0.3880
8764,train,2.3950,0.5816
8765,train,1.1575,0.0374
8766,train,1.8764,0.2906
8767,train,2.6590,0.7128
8768,train,1.7742,0.2371
8769,train,0.8676,0.0074
8770,train,1.4756,0.1121
8771,train,3.7112,0.9509
8772,val,2.2520,0.5049
8773,train,1.9721,0.3429
8774,train,2.3775,0.5722
8775,train,2.4395,0.6042
8776,train,2.1291,0.4313
8777,val,3.4921,0.9279
8778,train,1.7642,0.2323
8779,train,1.7926,0.2463
8780,train,2.3683,0.5670
8781,train,1.7567,0.2271
8782,train,1.7949,0.2477
8783,val,2.6849,0.7231
8784,train,1.9135,0.3107
8785,train,2.2468,0.5027
8786,val,2.5679,0.6697
8787,train,2.7687,0.7557
8788,test,2.2276,0.4922
8789,train,1.0553,0.0233
8790,test,2.9045,0.8021
8791,train,2.0914,0.4104
8792,train,3.1577,0.8721
8793,test,3.5324,0.9334
8794,train,1.6070,0.1612
8795,train,2.9860,0.8293
8796,train,1.1410,0.0337
8797,train,2.9872,0.8296
8798,train,1.2790,0.0586
8799,train,2.7145,0.7350
8800,train,1.5156,0.1269
8801,train,2.1017,0.4173
8802,train,1.4462,0.1033
8803,val,2.4267,0.5982
8804,train,2.6161,0.6937
8805,train,2.3124,0.5382
8806,train,2.9968,0.8317
8807,train,2.8403,0.7807
8808,val,2.5863,0.6782
8809,train,0.9146,0.0099
8810,test,1.8603,0.2824
8811,train,2.2554,0.5071
8812,val,2.4624,0.6153
8813,train,2.8368,0.7789
8814,train,1.8724,0.2882
8815,train,0.8191,0.0053
8816,train,1.0873,0.0272
8817,train,2.8311,0.7773
8818,train,2.1700,0.4585
8819,train,1.8257,0.2626
8820,test,4.1458,0.9793
8821,train,1.3294,0.0717
8822,train,3.4248,0.9193
8823,test,3.4553,0.9239
8824,test,2.6375,0.7030
8825,train,2.2383,0.4984
8826,train,1.1523,0.0359
8827,train,1.7836,0.2417
8828,train,2.5442,0.6568
8829,train,2.2983,0.5300
8830,train,2.7516,0.7492
8831,val,4.0684,0.9758
8832,test,2.6396,0.7040
8833,train,2.5592,0.6645
8834,val,2.2653,0.5124
8835,test,3.3503,0.9081
8836,test,2.5972,0.6846
8837,train,1.2484,0.0518
8838,train,2.2470,0.5029
8839,train,2.0718,0.3988
8840,test,3.9516,0.9695
8841,train,3.1668,0.8741
8842,train,2.8492,0.7838
8843,train,2.3862,0.5770
8844,train,2.8693,0.7901
8845,train,2.4257,0.5977
8846,train,2.4361,0.6026
8847,test,3.9052,0.9671
8848,train,2.2283,0.4930
8849,test,3.1566,0.8719
8850,val,2.8077,0.7689
8851,val,2.1725,0.4610
8852,train,3.1932,0.8803
8853,val,2.8729,0.7911
8854,train,1.1360,0.0328
8855,train,3.3667,0.9109
8856,train,1.1522,0.0359
8857,train,1.7321,0.2142
8858,val,2.2531,0.5054
8859,train,2.0926,0.4113
8860,train,1.5718,0.1479
8861,test,3.0184,0.8375
8862,val,3.1931,0.8802
8863,train,2.4706,0.6193
8864,train,1.7833,0.2413
8865,train,1.6645,0.1857
8866,val,2.8329,0.7779
8867,test,4.1227,0.9780
8868,train,2.2305,0.4943
8869,val,2.4093,0.5884
8870,train,1.6658,0.1861
8871,train,1.0703,0.0251
8872,train,3.0325,0.8416
8873,train,2.4087,0.5882
8874,train,2.1116,0.4229
8875,val,2.1338,0.4337
8876,train,1.4965,0.1195
8877,val,2.7508,0.7489
8878,train,2.2417,0.5000
8879,test,2.3635,0.5652
8880,val,2.6819,0.7218
8881,train,1.9910,0.3528
8882,test,3.0201,0.8382
8883,test,3.0061,0.8344
8884,val,4.2208,0.9813
8885,train,1.5125,0.1257
8886,train,1.9865,0.3502
8887,train,1.5130,0.1260
8888,val,2.3094,0.5362
8889,train,2.2112,0.4825
8890,test,3.5618,0.9372
8891,train,2.3311,0.5477
8892,test,1.7989,0.2498
8893,val,4.0561,0.9748
8894,val,3.2629,0.8927
8895,val,2.5950,0.6834
8896,train,2.6446,0.7064
8897,test,3.2490,0.8907
8898,train,1.9006,0.3042
8899,train,2.2448,0.5016
8900,test,3.1708,0.8754
8901,train,3.6309,0.9435
8902,train,1.7945,0.2476
8903,train,1.1708,0.0392
8904,train,1.2418,0.0501
8905,train,1.6903,0.1957
8906,train,2.1654,0.4552
8907,train,1.9513,0.3314
8908,train,1.7068,0.2022
8909,train,2.0947,0.4126
8910,train,1.8202,0.2596
8911,train,1.7403,0.2179
8912,train,1.8391,0.2707
8913,val,2.8897,0.7968
8914,train,4.2458,0.9823
8915,test,2.0502,0.3866
8916,val,3.0480,0.8464
8917,train,2.4356,0.6024
8918,test,2.9639,0.8219
8919,train,2.0191,0.3684
8920,train,1.7066,0.2021
8921,train,1.3235,0.0703
8922,val,2.0198,0.3688
8923,train,1.6099,0.1623
8924,train,2.5345,0.6516
8925,train,3.6381,0.9441
8926,val,3.8095,0.9601
8927,train,2.7781,0.7589
8928,train,2.1723,0.4608
8929,train,2.0479,0.3853
8930,train,1.7354,0.2158
8931,train,1.6223,0.1687
8932,train,1.2643,0.0555
8933,train,1.5947,0.1568
8934,train,1.4608,0.1077
8935,train,1.6393,0.1747
8936,train,1.2584,0.0540
8937,val,3.7043,0.9501
8938,train,1.6235,0.1691
8939,train,1.7657,0.2331
8940,val,3.3980,0.9160
8941,train,1.4953,0.1186
8942,train,1.9980,0.3562
8943,val,2.4769,0.6224
8944,val,4.2943,0.9836
8945,train,1.7487,0.2227
8946,train,1.2350,0.0489
8947,train,2.9108,0.8044
8948,train,2.2304,0.4942
8949,test,2.9310,0.8109
8950,val,2.7171,0.7357
8951,train,1.1131,0.0299
8952,train,2.3351,0.5498
8953,train,1.7940,0.2472
8954,val,2.4100,0.5888
8955,train,2.2168,0.4860
8956,train,1.8826,0.2951
8957,val,3.5370,0.9343
8958,train,2.1404,0.4383
8959,test,2.8854,0.7955
8960,train,1.0072,0.0177
8961,train,3.9590,0.9700
8962,train,1.4849,0.1152
8963,train,1.8307,0.2657
8964,val,3.5338,0.9335
8965,train,2.2147,0.4847
8966,train,2.5673,0.6694
8967,train,2.0249,0.3720
8968,train,2.4865,0.6280
8969,val,2.5904,0.6808
8970,train,1.8153,0.2572
8971,train,1.2317,0.0483
8972,train,2.5057,0.6377
8973,val,2.3267,0.5456
8974,val,4.2013,0.9808
8975,train,2.0340,0.3780
8976,train,1.9486,0.3303
8977,train,2.3333,0.5487
8978,test,2.7203,0.7372
8979,train,1.8178,0.2585
8980,train,1.5879,0.1544
8981,train,2.0995,0.4158
8982,train,1.7401,0.2177
8983,train,1.5867,0.1538
8984,test,2.7453,0.7468
8985,train,2.1483,0.4430
8986,train,2.2319,0.4953
8987,test,1.9902,0.3523
8988,train,1.2640,0.0554
8989,train,2.9520,0.8170
8990,train,2.3321,0.5484
8991,val,2.5647,0.6677
8992,train,1.3584,0.0790
8993,train,2.7706,0.7565
8994,train,1.5636,0.1442
8995,train,2.4443,0.6079
8996,train,2.0922,0.4110
8997,val,2.4061,0.5868
8998,train,2.7279,0.7404
8999,train,2.7211,0.7374
9000,train,1.9927,0.3538
9001,val,2.9456,0.8152
9002,train,1.5278,0.1315
9003,train,2.0325,0.3768
9004,val,3.5805,0.9387
9005,train,0.9453,0.0121
9006,train,2.2619,0.5099
9007,train,2.7249,0.7390
9008,train,1.5041,0.1213
9009,val,2.1444,0.4406
9010,train,0.5250,0.0003
9011,train,1.4389,0.1009
9012,val,2.9433,0.8146
9013,train,2.1120,0.4231
9014,train,1.0422,0.0217
9015,train,2.3448,0.5554
9016,train,1.5810,0.1511
9017,val,3.8320,0.9616
9018,train,1.8774,0.2910
9019,train,1.9980,0.3563
9020,test,2.6857,0.7235
9021,train,0.9789,0.0151
9022,val,3.2082,0.8836
9023,train,2.0485,0.3856
9024,train,2.9151,0.8061
9025,train,2.3818,0.5744
9026,test,3.3176,0.9025
9027,train,2.0242,0.3715
9028,train,2.0769,0.4015
9029,train,2.0663,0.3957
9030,train,2.3480,0.5570
9031,train,2.6602,0.7135
9032,train,2.0064,0.3611
9033,train,1.4404,0.1015
9034,train,1.8081,0.2536
9035,train,1.3708,0.0819
9036,train,2.3451,0.5557
9037,test,3.2818,0.8967
9038,test,3.1841,0.8782
9039,test,5.0218,0.9957
9040,train,2.2464,0.5025
9041,train,1.7470,0.2217
9042,train,2.3618,0.5646
9043,train,1.5851,0.1533
9044,train,1.6007,0.1585
9045,train,1.6051,0.1605
9046,train,2.8828,0.7941
9047,train,1.4945,0.1183
9048,train,1.2189,0.0459
9049,test,3.6918,0.9488
9050,train,1.9174,0.3132
9051,train,1.2762,0.0579
9052,test,2.8792,0.7927
9053,train,1.9633,0.3376
9054,train,4.9400,0.9946
9055,train,2.1903,0.4715
9056,train,1.0259,0.0196
9057,val,3.1489,0.8700
9058,val,2.6301,0.6996
9059,train,1.7689,0.2346
9060,train,3.0067,0.8347
9061,train,1.8732,0.2888
9062,train,1.7432,0.2197
9063,train,1.4703,0.1105
9064,train,1.8174,0.2584
9065,train,1.9647,0.3386
9066,train,2.6617,0.7140
9067,val,3.5531,0.9363
9068,train,2.5699,0.6710
9069,train,1.6521,0.1803
9070,train,2.0414,0.3824
9071,train,1.1748,0.0399
9072,train,1.2002,0.0434
9073,val,2.7202,0.7370
9074,train,2.0868,0.4080
9075,val,2.8593,0.7867
9076,val,3.0047,0.8341
9077,val,5.2429,0.9970
9078,train,1.8344,0.2678
9079,train,1.2640,0.0553
9080,train,3.6944,0.9490
9081,train,1.5084,0.1233
9082,train,1.5005,0.1208
9083,train,2.1360,0.4352
9084,val,2.2510,0.5046
9085,train,2.8746,0.7917
9086,test,2.0444,0.3835
9087,train,2.8830,0.7943
9088,train,2.3075,0.5350
9089,train,2.6183,0.6946
9090,test,2.5162,0.6431
9091,train,2.3319,0.5482
9092,train,2.0761,0.4010
9093,test,3.3528,0.9087
9094,test,2.0885,0.4091
9095,train,2.3516,0.5592
9096,test,5.2798,0.9972
9097,train,1.2823,0.0593
9098,val,2.5439,0.6566
9099,train,2.1482,0.4429
9100,test,3.1239,0.8641
9101,train,0.7509,0.0033
9102,train,2.1023,0.4176
9103,train,1.6191,0.1673
9104,train,1.7702,0.2355
9105,test,3.3189,0.9029
9106,test,1.6928,0.1966
9107,test,2.6408,0.7046
9108,val,2.2472,0.5030
9109,train,2.6742,0.7186
9110,train,1.6422,0.1757
9111,train,1.9586,0.3354
9112,val,2.3179,0.5412
9113,train,1.8997,0.3039
9114,train,3.3743,0.9123
9115,train,0.5782,0.0007
9116,train,2.0615,0.3927
9117,train,2.1721,0.4605
9118,train,1.8575,0.2807
9119,train,2.8117,0.7703
9120,val,2.8360,0.7785
9121,train,1.6754,0.1893
9122,train,1.2520,0.0524
9123,val,3.8289,0.9614
9124,train,1.9164,0.3126
9125,train,3.0247,0.8393
9126,val,2.5654,0.6683
9127,train,1.4911,0.1169
9128,train,2.2145,0.4845
9129,train,3.4980,0.9289
9130,train,2.5465,0.6576
9131,train,2.2944,0.5281
9132,train,2.6453,0.7069
9133,train,2.2611,0.5096
9134,train,2.6760,0.7194
9135,train,1.8800,0.2931
9136,test,3.1589,0.8724
9137,val,2.8610,0.7871
9138,val,2.9758,0.8255
9139,test,2.5967,0.6844
9140,val,3.1792,0.8773
9141,train,2.3816,0.5742
9142,train,2.3122,0.5380
9143,train,1.4449,0.1027
9144,train,1.8627,0.2840
9145,train,1.8646,0.2850
9146,train,3.1828,0.8778
9147,train,2.2905,0.5258
9148,train,1.5215,0.1295
9149,train,0.9149,0.0099
9150,train,2.3096,0.5363
9151,train,1.4900,0.1167
9152,train,0.8811,0.0081
9153,train,1.7427,0.2195
9154,train,2.1508,0.4443
9155,train,2.0844,0.4066
9156,train,1.2458,0.0511
9157,train,1.0310,0.0205
9158,train,2.6295,0.6994
9159,train,1.5233,0.1297
9160,val,3.9562,0.9697
9161,train,2.2289,0.4932
9162,train,1.9161,0.3122
9163,train,2.1066,0.4199
9164,train,2.5843,0.6768
9165,train,3.0877,0.8555
9166,train,1.5744,0.1489
9167,train,2.2849,0.5227
9168,train,2.8431,0.7817
9169,train,2.6305,0.6997
9170,train,2.1399,0.4378
9171,train,1.0758,0.0256
9172,val,3.1675,0.8743
9173,val,3.7731,0.9564
9174,train,2.1660,0.4558
9175,train,1.4966,0.1196
9176,train,1.5905,0.1553
9177,train,2.3177,0.5412
9178,train,2.0761,0.4009
9179,train,1.6611,0.1839
9180,test,2.6126,0.6916
9181,val,3.5785,0.9385
9182,test,1.6821,0.1918
9183,train,1.4960,0.1193
9184,test,5.1101,0.9964
9185,train,2.0508,0.3870
9186,train,1.8991,0.3034
9187,train,1.7261,0.2112
9188,train,2.0847,0.4068
9189,val,1.4486,0.1038
9190,train,2.0659,0.3952
9191,train,3.8908,0.9661
9192,train,1.4935,0.1180
9193,train,2.3021,0.5318
9194,test,3.3292,0.9045
9195,train,2.0517,0.3875
9196,train,2.3285,0.5463
9197,val,3.1574,0.8720
9198,train,2.8177,0.7721
9199,train,1.6860,0.1935
9200,val,2.5943,0.6830
9201,train,1.3710,0.0821
9202,test,3.8076,0.9597
9203,val,2.1522,0.4452
9204,val,2.8767,0.7924
9205,train,0.8335,0.0057
9206,val,3.6138,0.9423
9207,train,1.9405,0.3258
9208,train,1.1498,0.0353
9209,test,3.0261,0.8397
9210,train,1.0887,0.0274
9211,train,1.9031,0.3054
9212,train,1.6856,0.1933
9213,train,2.0758,0.4008
9214,test,2.6792,0.7210
9215,train,1.2028,0.0437
9216,train,2.0259,0.3728
9217,val,2.7293,0.7410
9218,train,3.1848,0.8784
9219,train,0.9989,0.0169
9220,train,1.8418,0.2718
9221,train,3.2816,0.8965
9222,train,3.4472,0.9224
9223,val,3.5152,0.9311
9224,train,1.4319,0.0983
9225,val,3.1485,0.8699
9226,train,1.7603,0.2297
9227,train,1.5674,0.1460
9228,train,1.0692,0.0249
9229,test,3.7452,0.9539
9230,train,1.7618,0.2305
9231,train,2.3943,0.5815
9232,train,1.5406,0.1354
9233,train,2.5935,0.6827
9234,train,1.0905,0.0277
9235,test,4.2387,0.9819
9236,train,2.3217,0.5429
9237,test,2.6664,0.7159
9238,train,2.3976,0.5832
9239,train,2.5054,0.6376
9240,train,1.5845,0.1530
9241,train,1.7371,0.2164
9242,train,1.7831,0.2411
9243,val,3.6793,0.9480
9244,train,2.0327,0.3770
9245,train,1.7435,0.2199
9246,train,2.8199,0.7733
9247,train,1.7006,0.1989
9248,train,1.9806,0.3472
9249,test,3.1639,0.8735
9250,train,1.7080,0.2029
9251,train,1.1369,0.0329
9252,train,2.3739,0.5698
9253,train,1.5527,0.1402
9254,train,3.3713,0.9116
9255,train,1.8400,0.2711
9256,test,2.1729,0.4614
9257,train,1.9310,0.3206
9258,test,2.8844,0.7949
9259,test,3.1095,0.8617
9260,train,2.4869,0.6284
9261,train,2.4112,0.5893
9262,train,2.0505,0.3866
9263,train,1.8292,0.2647
9264,train,1.8455,0.2740
9265,train,1.5375,0.1342
9266,train,2.2418,0.5001
9267,train,1.6854,0.1932
9268,test,2.5674,0.6694
9269,train,1.8413,0.2716
9270,val,2.8652,0.7887
9271,test,2.7488,0.7480
9272,val,3.3478,0.9075
9273,train,2.5918,0.6818
9274,val,3.1622,0.8732
9275,train,2.2871,0.5239
9276,test,3.5004,0.9293
9277,train,2.2470,0.5028
9278,val,2.3515,0.5592
9279,train,3.1848,0.8783
9280,train,1.0555,0.0234
9281,train,2.3732,0.5691
9282,train,1.2720,0.0571
9283,val,3.7192,0.9517
9284,train,2.8022,0.7667
9285,train,2.4909,0.6298
9286,train,1.5968,0.1572
9287,train,2.4714,0.6198
9288,train,1.7654,0.2328
9289,train,1.9914,0.3532
9290,train,1.3828,0.0843
9291,train,1.9240,0.3170
9292,train,2.6270,0.6986
9293,train,2.0051,0.3606
9294,train,1.9989,0.3570
9295,val,2.9745,0.8252
9296,train,1.4444,0.1027
9297,train,2.4895,0.6292
9298,val,3.1441,0.8687
9299,train,3.0914,0.8570
9300,train,1.4283,0.0969
9301,val,2.7598,0.7517
9302,train,1.5568,0.1414
9303,test,2.3910,0.5798
9304,train,1.8478,0.2758
9305,test,2.0072,0.3615
9306,val,2.4779,0.6232
9307,train,1.7534,0.2255
9308,train,2.4199,0.5941
9309,test,2.5035,0.6366
9310,train,1.3040,0.0650
9311,train,2.4756,0.6217
9312,train,2.1535,0.4458
9313,train,2.2980,0.5299
9314,val,3.4257,0.9195
9315,train,1.6777,0.1906
9316,train,1.4673,0.1092
9317,test,4.4377,0.9875
9318,train,1.7247,0.2105
9319,test,3.1467,0.8694
9320,train,1.6695,0.1876
9321,test,3.0242,0.8393
9322,train,2.5797,0.6752
9323,train,3.8326,0.9617
9324,train,3.2117,0.8841
9325,train,1.1542,0.0366
9326,train,1.9740,0.3440
9327,train,2.5580,0.6638
9328,val,2.8256,0.7754
9329,train,1.4998,0.1205
9330,train,1.2793,0.0587
9331,val,3.6126,0.9420
9332,train,2.3498,0.5582
9333,val,2.8469,0.7827
9334,train,2.9722,0.8245
9335,test,2.2301,0.4940
9336,val,2.3799,0.5732
9337,train,1.4010,0.0894
9338,train,2.7087,0.7331
9339,train,1.9228,0.3163
9340,train,2.0142,0.3652
9341,train,1.9552,0.3336
9342,train,3.1416,0.8679
9343,test,2.6012,0.6866
9344,test,2.3932,0.5811
9345,val,2.5657,0.6684
9346,val,3.0662,0.8504
9347,train,1.4854,0.1155
9348,train,1.8462,0.2745
9349,test,3.6854,0.9483
9350,test,3.3030,0.9001
9351,train,1.5091,0.1237
9352,train,2.1727,0.4611
9353,val,4.7671,0.9929
9354,train,2.0793,0.4034
9355,train,1.2627,0.0551
9356,train,2.6062,0.6887
9357,train,3.9390,0.9690
9358,val,3.1901,0.8797
9359,test,2.4958,0.6320
9360,train,1.5596,0.1427
9361,train,2.0599,0.3918
9362,train,1.8494,0.2772
9363,train,1.9984,0.3569
9364,val,3.4995,0.9291
9365,test,2.4088,0.5882
9366,test,5.3773,0.9974
9367,train,2.4022,0.5859
9368,train,1.6620,0.1845
9369,train,2.0032,0.3597
9370,val,3.0313,0.8412
9371,train,2.1320,0.4330
9372,test,2.3318,0.5481
9373,train,3.8878,0.9655
9374,train,3.7559,0.9548
9375,train,1.6701,0.1879
9376,test,1.7478,0.2221
9377,train,2.9229,0.8091
9378,train,2.1871,0.4701
9379,train,1.7788,0.2391
9380,train,2.6256,0.6978
9381,val,5.0120,0.9955
9382,train,2.3320,0.5482
9383,train,2.5255,0.6467
9384,train,2.4025,0.5860
9385,train,1.2856,0.0603
9386,test,2.6939,0.7267
9387,train,2.0814,0.4046
9388,train,1.5925,0.1561
9389,train,1.8425,0.2720
9390,train,1.4724,0.1109
9391,train,2.3229,0.5437
9392,val,2.3189,0.5416
9393,train,3.3450,0.9071
9394,train,1.8141,0.2564
9395,train,2.4310,0.6000
9396,val,2.1100,0.4220
9397,test,2.5493,0.6590
9398,test,2.8235,0.7748
9399,train,1.8850,0.2963
9400,train,2.1397,0.4376
9401,train,3.6541,0.9457
9402,train,3.0067,0.8346
9403,train,2.1578,0.4501
9404,train,2.0902,0.4097
9405,train,2.6784,0.7208
9406,train,2.1157,0.4246
9407,val,1.7628,0.2314
9408,train,3.2769,0.8958
9409,train,1.6437,0.1766
9410,train,1.4556,0.1062
9411,train,2.5018,0.6361
9412,train,1.5680,0.1463
9413,train,2.8164,0.7719
9414,val,2.5014,0.6358
9415,train,2.2733,0.5162
9416,train,2.7260,0.7394
9417,test,4.1324,0.9785
9418,train,2.7296,0.7412
9419,train,2.3860,0.5767
9420,train,2.0870,0.4082
9421,test,3.4119,0.9173
9422,train,3.8059,0.9594
9423,val,3.2020,0.8821
9424,train,2.4041,0.5864
9425,test,2.1562,0.4485
9426,test,2.2798,0.5202
9427,train,2.6792,0.7210
9428,test,2.9407,0.8139
9429,train,1.6562,0.1824
9430,train,2.2932,0.5272
9431,train,2.5294,0.6482
9432,train,3.5656,0.9376
9433,train,1.8840,0.2959
9434,test,2.3567,0.5620
9435,train,2.3869,0.5774
9436,test,4.2767,0.9833
9437,train,0.8084,0.0046
9438,test,1.9002,0.3040
9439,train,1.3104,0.0668
9440,train,1.9961,0.3555
9441,train,3.3291,0.9044
9442,train,1.0391,0.0213
9443,val,3.2522,0.8912
9444,train,2.8104,0.7698
9445,train,1.3051,0.0653
9446,val,2.2638,0.5112
9447,train,2.5209,0.6449
9448,train,2.7276,0.7402
9449,train,2.2773,0.5188
9450,test,2.2014,0.4776
9451,train,2.7172,0.7358
9452,train,4.2224,0.9813
9453,train,3.2949,0.8986
9454,train,1.9206,0.3153
9455,train,3.0363,0.8432
9456,test,2.8199,0.7733
9457,test,2.7861,0.7616
9458,train,2.2832,0.5220
9459,train,1.4259,0.0960
9460,train,1.5448,0.1373
9461,test,4.5205,0.9893
9462,test,3.5936,0.9402
9463,train,1.7606,0.2299
9464,train,1.9827,0.3480
9465,train,1.7273,0.2119
9466,train,2.4736,0.6207
9467,train,2.6588,0.7127
9468,train,1.7891,0.2446
9469,train,3.1691,0.8746
9470,test,3.1971,0.8812
9471,train,2.6529,0.7104
9472,val,2.1196,0.4267
9473,train,2.1073,0.4204
9474,test,3.2355,0.8885
9475,train,2.1844,0.4684
9476,test,4.0719,0.9760
9477,val,2.4419,0.6065
9478,train,1.2326,0.0485
9479,val,2.6980,0.7293
9480,train,2.8426,0.7815
9481,train,2.0259,0.3729
9482,train,2.4570,0.6129
9483,val,2.3417,0.5536
9484,val,2.4742,0.6210
9485,train,2.3371,0.5508
9486,train,2.1703,0.4589
9487,test,1.9108,0.3096
9488,train,2.2178,0.4866
9489,train,1.7472,0.2218
9490,test,2.2101,0.4818
9491,train,2.0012,0.3584
9492,train,2.2482,0.5032
9493,train,1.8804,0.2935
9494,val,2.1680,0.4570
9495,train,2.6598,0.7130
9496,val,3.6026,0.9411
9497,train,2.6397,0.7041
9498,train,2.1671,0.4565
9499,train,2.7310,0.7420
9500,train,1.3846,0.0851
9501,val,2.3480,0.5570
9502,train,2.5791,0.6751
9503,train,3.1998,0.8816
9504,train,1.1595,0.0376
9505,train,2.7218,0.7377
9506,train,2.1188,0.4264
9507,train,2.5976,0.6848
9508,train,1.9678,0.3406
9509,test,2.6495,0.7085
9510,val,1.4520,0.1046
9511,train,1.7340,0.2150
9512,train,1.6090,0.1619
9513,train,1.0670,0.0248
9514,train,2.1678,0.4568
9515,train,1.4104,0.0919
9516,val,3.3193,0.9030
9517,train,2.0882,0.4088
9518,val,2.1509,0.4444
9519,train,1.2879,0.0608
9520,train,1.2894,0.0611
9521,train,2.3177,0.5411
9522,train,1.7573,0.2277
9523,test,2.2268,0.4921
9524,train,2.9968,0.8317
9525,test,3.0957,0.8584
9526,test,4.5275,0.9893
9527,train,1.6950,0.1973
9528,train,2.7898,0.7631
9529,train,1.9190,0.3143
9530,train,2.5469,0.6578
9531,val,3.0409,0.8441
9532,val,2.9382,0.8134
9533,train,2.1027,0.4179
9534,train,1.4107,0.0920
9535,train,2.0036,0.3599
9536,test,2.6841,0.7227
9537,train,1.9329,0.3217
9538,val,2.9412,0.8140
9539,train,2.3292,0.5468
9540,train,1.7303,0.2132
9541,train,1.8928,0.3002
9542,train,2.8367,0.7789
9543,test,2.0825,0.4054
9544,train,3.7494,0.9542
9545,train,2.0988,0.4152
9546,train,2.0125,0.3641
9547,test,3.0901,0.8565
9548,train,1.5579,0.1417
9549,train,2.4252,0.5973
9550,val,3.3332,0.9054
9551,train,3.1266,0.8647
9552,train,1.9213,0.3158
9553,train,1.2097,0.0446
9554,train,1.5276,0.1313
9555,train,1.2402,0.0497
9556,train,1.5902,0.1551
9557,train,2.3064,0.5341
9558,train,1.4955,0.1187
9559,train,3.1874,0.8790
9560,train,2.6203,0.6957
9561,train,0.8490,0.0067
9562,train,2.4538,0.6113
9563,train,1.7549,0.2264
9564,train,2.4000,0.5850
9565,test,2.9080,0.8036
9566,train,2.0920,0.4108
9567,train,2.1638,0.4540
9568,train,1.2954,0.0625
9569,train,2.6523,0.7100
9570,train,1.4339,0.0991
9571,test,3.1385,0.8672
9572,test,4.9439,0.9947
9573,train,1.6205,0.1677
9574,train,1.9794,0.3464
9575,test,3.7512,0.9544
9576,test,2.7254,0.7392
9577,train,1.7297,0.2129
9578,train,2.1226,0.4282
9579,val,3.0109,0.8359
9580,train,1.8500,0.2774
9581,val,2.9825,0.8281
9582,train,2.3540,0.5603
9583,train,1.6492,0.1791
9584,train,2.9882,0.8299
9585,train,1.4142,0.0929
9586,test,2.0934,0.4118
9587,train,2.0764,0.4011
9588,train,1.4165,0.0933
9589,train,2.2820,0.5213
9590,train,1.6443,0.1772
9591,train,1.6691,0.1875
9592,val,1.6503,0.1795
9593,train,2.0168,0.3671
9594,test,2.4292,0.5992
9595,train,4.0944,0.9770
9596,train,1.8055,0.2524
9597,train,2.5664,0.6687
9598,train,1.2333,0.0486
9599,test,4.0338,0.9738
9600,val,2.3039,0.5332
9601,train,1.6933,0.1967
9602,val,2.9431,0.8145
9603,train,2.0913,0.4104
9604,train,1.9949,0.3548
9605,val,2.1271,0.4304
9606,train,2.2243,0.4903
9607,train,1.8436,0.2728
9608,train,1.9929,0.3542
9609,train,1.5277,0.1315
9610,val,2.7015,0.7304
9611,train,1.7821,0.2404
9612,test,2.3886,0.5782
9613,train,0.9981,0.0165
9614,train,2.0258,0.3727
9615,train,1.8543,0.2795
9616,train,2.3853,0.5761
9617,train,1.0841,0.0266
9618,val,2.6768,0.7198
9619,train,1.2756,0.0577
9620,val,2.9542,0.8182
9621,train,1.7379,0.2170
9622,test,2.7640,0.7541
9623,train,2.8516,0.7845
9624,test,2.2799,0.5203
9625,val,2.4928,0.6306
9626,val,3.9170,0.9677
9627,train,2.1645,0.4543
9628,train,2.2753,0.5177
9629,train,2.7855,0.7611
9630,train,1.7800,0.2395
9631,val,2.2462,0.5024
9632,test,2.4625,0.6154
9633,train,2.5006,0.6352
9634,val,2.2126,0.4833
9635,train,2.2492,0.5040
9636,train,1.9213,0.3158
9637,train,2.1837,0.4680
9638,train,2.0507,0.3869
9639,train,2.1362,0.4355
9640,train,2.5298,0.6485
9641,train,2.3501,0.5583
9642,train,2.7238,0.7386
9643,train,1.7784,0.2390
9644,train,2.0877,0.4084
9645,train,1.5514,0.1396
9646,train,2.0204,0.3694
9647,train,2.0174,0.3674
9648,train,2.3129,0.5388
9649,test,2.4636,0.6161
9650,val,2.1942,0.4735
9651,val,3.7731,0.9563
9652,train,1.8836,0.2957
9653,train,2.1581,0.4504
9654,train,1.6435,0.1765
9655,train,2.2307,0.4945
9656,train,2.4908,0.6298
9657,val,2.3112,0.5375
9658,test,2.5344,0.6516
9659,train,2.2395,0.4990
9660,train,2.3430,0.5542
9661,test,3.0302,0.8411
9662,val,2.7286,0.7408
9663,train,2.9198,0.8081
9664,val,3.1416,0.8680
9665,val,3.8682,0.9642
9666,train,4.5096,0.9891
9667,train,4.0653,0.9755
9668,val,3.3859,0.9139
9669,val,4.7751,0.9929
9670,train,2.6823,0.7221
9671,train,1.7959,0.2480
9672,train,1.2807,0.0590
9673,val,4.2411,0.9820
9674,test,4.0668,0.9757
9675,train,2.7181,0.7361
9676,val,2.0482,0.3854
9677,train,1.3845,0.0850
9678,train,2.7161,0.7354
9679,train,1.9242,0.3172
9680,train,1.0369,0.0211
9681,train,1.8223,0.2609
9682,train,3.4967,0.9287
9683,train,2.0227,0.3708
9684,train,2.6305,0.6998
9685,train,2.6767,0.7197
9686,test,1.8092,0.2542
9687,train,2.2858,0.5230
9688,train,1.0120,0.0181
9689,train,1.6205,0.1679
9690,val,3.2304,0.8875
9691,val,2.9795,0.8275
9692,train,1.1942,0.0422
9693,train,2.0432,0.3831
9694,train,1.4789,0.1137
9695,train,2.1254,0.4294
9696,train,4.1302,0.9783
9697,val,3.2401,0.8893
9698,test,3.0162,0.8373
9699,test,2.3318,0.5480
9700,train,1.9326,0.3214
9701,train,1.2654,0.0557
9702,train,1.8946,0.3009
9703,train,1.8276,0.2638
9704,val,3.5110,0.9304
9705,train,1.4570,0.1066
9706,train,3.1560,0.8717
9707,train,1.6322,0.1723
9708,train,1.9154,0.3117
9709,train,2.7936,0.7641
9710,train,2.3238,0.5441
9711,train,2.5596,0.6649
9712,train,2.3922,0.5805
9713,train,1.4368,0.1001
9714,train,2.7486,0.7478
9715,train,2.9981,0.8321
9716,train,2.8732,0.7913
9717,train,1.4247,0.0954
9718,train,1.9531,0.3322
9719,train,2.0297,0.3754
9720,train,2.0074,0.3616
9721,train,3.2823,0.8969
9722,train,1.5399,0.1351
9723,train,2.4813,0.6256
9724,train,1.8627,0.2839
9725,train,2.3342,0.5491
9726,train,2.1755,0.4633
9727,train,1.1172,0.0304
9728,val,2.1668,0.4564
9729,train,2.3345,0.5494
9730,val,3.1951,0.8807
9731,train,2.1025,0.4178
9732,train,2.6438,0.7059
9733,train,3.2023,0.8822
9734,train,3.1059,0.8610
9735,train,1.8192,0.2590
9736,train,1.7571,0.2276
9737,test,3.2671,0.8941
9738,train,3.6459,0.9449
9739,test,2.6352,0.7020
9740,train,2.3479,0.5569
9741,train,2.1870,0.4698
9742,train,2.9274,0.8104
9743,train,2.8288,0.7764
9744,train,1.4303,0.0979
9745,train,2.4170,0.5926
9746,train,1.5680,0.1462
9747,test,2.5047,0.6373
9748,val,2.5041,0.6369
9749,val,2.9907,0.8308
9750,train,1.5526,0.1400
9751,val,2.5904,0.6808
9752,test,3.5784,0.9385
9753,test,2.2238,0.4900
9754,test,3.1350,0.8661
9755,train,2.0964,0.4136
9756,test,3.5003,0.9293
9757,train,1.2265,0.0471
9758,val,2.7715,0.7567
9759,train,2.0422,0.3825
9760,train,2.7876,0.7623
9761,test,1.7697,0.2350
9762,train,1.8211,0.2606
9763,train,1.7877,0.2436
9764,test,2.5697,0.6708
9765,test,3.3102,0.9013
9766,val,3.1774,0.8768
9767,train,2.9719,0.8244
9768,test,3.7577,0.9550
9769,train,1.5698,0.1471
9770,train,1.5838,0.1525
9771,val,2.6958,0.7280
9772,test,4.9713,0.9951
9773,train,2.7675,0.7551
9774,val,2.4338,0.6015
9775,train,2.7636,0.7539
9776,val,2.5706,0.6712
9777,train,1.8798,0.2930
9778,train,3.0327,0.8417
9779,val,3.1305,0.8654
9780,train,1.0179,0.0187
9781,val,3.2312,0.8877
9782,train,1.0532,0.0231
9783,train,2.8660,0.7891
9784,train,3.0231,0.8387
9785,train,1.2670,0.0560
9786,train,1.7455,0.2209
9787,val,2.9007,0.8007
9788,train,1.6760,0.1895
9789,train,3.2417,0.8895
9790,train,1.3943,0.0874
9791,train,2.1936,0.4733
9792,test,5.1946,0.9968
9793,test,4.8050,0.9935
9794,train,1.8763,0.2905
9795,train,2.5314,0.6500
9796,train,1.8466,0.2748
9797,train,2.3137,0.5392
9798,test,2.5367,0.6532
9799,val,3.1354,0.8663
9800,val,3.2652,0.8938
9801,val,2.9256,0.8098
9802,test,2.5141,0.6418
9803,val,2.8910,0.7975
9804,train,1.6558,0.1821
9805,train,3.0455,0.8457
9806,val,2.3391,0.5520
9807,val,3.5621,0.9373
9808,train,2.4411,0.6057
9809,val,1.8153,0.2570
9810,val,1.8019,0.2510
9811,val,2.7918,0.7636
9812,test,2.4157,0.5918
9813,train,2.4785,0.6238
9814,test,3.3879,0.9146
9815,train,2.2965,0.5294
9816,val,3.2619,0.8924
9817,train,1.3361,0.0733
9818,train,2.1767,0.4640
9819,test,2.8511,0.7844
9820,train,1.2871,0.0607
9821,train,2.5686,0.6699
9822,train,2.5141,0.6419
9823,train,1.5432,0.1366
9824,train,1.9681,0.3408
9825,test,3.2177,0.8852
9826,train,1.6970,0.1979
9827,train,2.2655,0.5125
9828,train,2.4225,0.5960
9829,train,1.9750,0.3444
9830,train,2.6614,0.7138
9831,train,1.3905,0.0865
9832,train,2.3017,0.5316
9833,train,2.0652,0.3947
9834,train,1.5488,0.1385
9835,train,1.9874,0.3507
9836,val,2.4163,0.5920
9837,train,2.0154,0.3661
9838,val,2.9021,0.8015
9839,train,1.2870,0.0606
9840,test,3.4924,0.9281
9841,test,3.3604,0.9097
9842,train,2.5476,0.6582
9843,train,2.2656,0.5126
9844,train,1.5032,0.1213
9845,train,2.6425,0.7054
9846,train,2.1071,0.4201
9847,train,2.2550,0.5067
9848,val,2.6312,0.7003
9849,test,3.2706,0.8950
9850,train,1.6870,0.1941
9851,val,3.1689,0.8745
9852,train,1.0762,0.0257
9853,val,2.0195,0.3688
9854,train,1.6824,0.1919
9855,train,2.4318,0.6006
9856,train,2.2428,0.5010
9857,val,2.6320,0.7006
9858,train,1.4461,0.1032
9859,val,3.0127,0.8364
9860,train,1.4323,0.0987
9861,train,2.1361,0.4352
9862,test,2.2220,0.4890
9863,train,3.4560,0.9240
9864,train,2.0794,0.4036
9865,train,2.3123,0.5382
9866,train,2.2934,0.5274
9867,train,2.5014,0.6358
9868,train,2.2865,0.5236
9869,train,1.4932,0.1179
9870,train,2.7289,0.7409
9871,test,2.5119,0.6408
9872,train,1.5066,0.1225
9873,train,2.7020,0.7306
9874,train,2.4324,0.6008
9875,train,1.8776,0.2912
9876,train,1.0207,0.0191
9877,val,2.6186,0.6948
9878,test,3.6181,0.9427
9879,train,1.7683,0.2344
9880,train,2.0506,0.3868
9881,train,2.9668,0.8227
9882,val,4.3999,0.9867
9883,test,3.6441,0.9447
9884,test,2.9757,0.8254
9885,train,2.8262,0.7757
9886,test,4.6128,0.9907
9887,train,1.9648,0.3387
9888,train,1.2675,0.0561
9889,train,2.0381,0.3806
9890,train,0.3215,0.0000
9891,test,2.8565,0.7860
9892,train,2.4790,0.6239
9893,val,2.4779,0.6230
9894,train,2.2540,0.5060
9895,train,2.1464,0.4416
9896,train,1.2332,0.0485
9897,val,2.7207,0.7373
9898,val,2.7038,0.7315
9899,train,2.1795,0.4654
9900,train,2.0741,0.3997
9901,train,3.3974,0.9158
9902,train,3.4136,0.9174
9903,val,2.4382,0.6036
9904,val,2.1852,0.4688
9905,train,2.7832,0.7606
9906,train,1.4186,0.0938
9907,train,3.0567,0.8482
9908,train,1.5573,0.1415
9909,val,3.4701,0.9260
9910,train,2.0883,0.4088
9911,val,3.5490,0.9356
9912,train,3.0283,0.8405
9913,val,2.5341,0.6514
9914,train,1.9051,0.3062
9915,train,2.5724,0.6718
9916,test,3.6066,0.9415
9917,train,2.6178,0.6944
9918,train,1.7401,0.2176
9919,train,2.8547,0.7855
9920,train,1.6277,0.1707
9921,train,3.0770,0.8533
9922,train,2.0376,0.3803
9923,train,1.9809,0.3473
9924,train,1.9177,0.3134
9925,test,2.0205,0.3695
9926,train,2.6347,0.7018
9927,train,1.8673,0.2862
9928,train,2.0774,0.4021
9929,train,2.6108,0.6906
9930,val,1.5412,0.1357
9931,train,2.3026,0.5321
9932,val,2.5916,0.6815
9933,train,2.1396,0.4376
9934,train,2.5524,0.6606
9935,train,1.5892,0.1547
9936,test,2.9693,0.8235
9937,train,2.5770,0.6742
9938,train,1.5809,0.1510
9939,train,1.7416,0.2184
9940,test,2.6036,0.6875
9941,test,2.3807,0.5736
9942,train,2.1893,0.4712
9943,train,1.4862,0.1157
9944,train,3.1505,0.8704
9945,test,3.3253,0.9037
9946,train,1.7858,0.2425
9947,train,1.9426,0.3275
9948,train,2.9765,0.8259
9949,train,2.4126,0.5904
9950,train,2.2466,0.5026
9951,val,2.6321,0.7008
9952,train,1.8529,0.2790
9953,train,1.6250,0.1699
9954,train,2.1645,0.4542
9955,train,1.6839,0.1926
9956,val,3.9366,0.9688
9957,test,2.5420,0.6558
9958,train,3.3435,0.9069
9959,train,4.4156,0.9871
9960,train,1.8911,0.2995
9961,train,2.9613,0.8209
9962,val,2.8273,0.7760
9963,train,0.9645,0.0135
9964,train,0.8225,0.0055
9965,test,2.0653,0.3948
9966,test,1.9175,0.3132
9967,train,2.1432,0.4394
9968,val,4.4064,0.9869
9969,val,2.2825,0.5216
9970,train,1.7607,0.2301
9971,val,2.1409,0.4386
9972,train,1.8711,0.2877
9973,val,3.0960,0.8585
9974,train,2.2007,0.4774
9975,test,2.5246,0.6461
9976,val,4.1449,0.9793
9977,val,2.2498,0.5041
9978,train,2.2696,0.5144
9979,train,2.2727,0.5159
9980,train,1.4030,0.0895
9981,test,3.3726,0.9121
9982,train,1.8787,0.2919
9983,train,2.5889,0.6794
9984,train,1.8056,0.2525
9985,val,2.1542,0.4465
9986,train,2.8019,0.7665
9987,train,1.8629,0.2840
9988,train,1.5588,0.1422
9989,train,2.2975,0.5297
9990,test,3.4755,0.9265
9991,train,1.5985,0.1577
9992,val,2.7026,0.7308
9993,train,1.2442,0.0508
9994,train,2.3735,0.5693
9995,train,2.7828,0.7602
9996,train,1.6480,0.1786
9997,train,1.8836,0.2956
9998,train,2.4795,0.6242
9999,train,2.5884,0.6792
10000,train,0.5447,0.0004
10001,val,2.3062,0.5340
10002,train,1.9352,0.3233
10003,train,2.8328,0.7779
10004,train,2.3174,0.5410
10005,train,1.4125,0.0924
10006,train,1.3743,0.0831
10007,test,2.3472,0.5564
10008,train,1.3390,0.0739
10009,train,1.7060,0.2016
10010,train,1.8441,0.2730
10011,test,2.6336,0.7012
10012,train,1.2070,0.0442
10013,test,2.7477,0.7476
10014,train,2.5731,0.6722
10015,train,2.2085,0.4811
10016,val,3.4540,0.9236
10017,val,2.5410,0.6556
10018,train,2.7762,0.7583
10019,train,3.0521,0.8470
10020,test,2.6906,0.7259
10021,train,1.7491,0.2229
10022,train,2.0028,0.3596
10023,train,1.5386,0.1346
10024,train,2.8299,0.7769
10025,train,1.6793,0.1911
10026,train,1.9985,0.3570
10027,train,2.5383,0.6540
10028,train,2.4889,0.6290
10029,train,2.2258,0.4914
10030,train,2.0790,0.4034
10031,train,1.3838,0.0847
10032,train,1.8416,0.2717
10033,train,1.3461,0.0761
10034,train,1.5403,0.1352
10035,test,3.0124,0.8363
10036,test,2.8055,0.7679
10037,val,2.8271,0.7759
10038,train,2.6637,0.7146
10039,train,2.1650,0.4546
10040,test,2.8365,0.7787
10041,test,3.4005,0.9164
10042,train,2.1492,0.4434
10043,train,1.3001,0.0637
10044,train,1.2347,0.0489
10045,train,1.8736,0.2892
10046,train,1.6894,0.1954
10047,train,2.1960,0.4745
10048,test,2.8599,0.7869
10049,train,2.8214,0.7737
10050,test,2.2738,0.5167
10051,train,2.9294,0.8107
10052,train,2.9970,0.8318
10053,test,3.4098,0.9171
10054,train,2.5123,0.6411
10055,train,1.4613,0.1078
10056,test,2.5278,0.6476
10057,train,2.1280,0.4306
10058,train,1.7033,0.2000
10059,test,2.6974,0.7288
10060,train,2.2899,0.5256
10061,train,2.3225,0.5435
10062,train,3.0895,0.8563
10063,train,3.1409,0.8676
10064,train,2.1978,0.4759
10065,val,3.3047,0.9004
10066,train,4.6473,0.9912
10067,train,1.6442,0.1771
10068,train,2.3768,0.5717
10069,val,2.7404,0.7448
10070,train,2.4553,0.6120
10071,test,3.1369,0.8667
10072,train,1.9738,0.3439
10073,train,2.2962,0.5290
10074,train,1.8442,0.2732
10075,test,2.0849,0.4070
10076,train,1.9838,0.3488
10077,train,2.2484,0.5034
10078,train,1.7804,0.2398
10079,train,1.7084,0.2032
10080,test,3.1532,0.8709
10081,train,1.0401,0.0213
10082,test,2.4339,0.6016
10083,train,1.6626,0.1847
10084,train,1.5854,0.1535
10085,test,2.0788,0.4032
10086,train,2.3977,0.5832
10087,val,9.4385,1.0000
10088,test,3.0689,0.8512
10089,test,2.0756,0.4008
10090,train,0.8084,0.0045
10091,train,2.5991,0.6858
10092,train,2.4433,0.6076
10093,train,1.7529,0.2253
10094,train,1.2305,0.0480
10095,train,4.2480,0.9825
10096,val,2.9018,0.8012
10097,train,2.0022,0.3592
10098,train,3.4345,0.9207
10099,train,1.4592,0.1073
10100,train,0.9261,0.0105
10101,train,2.1284,0.4310
10102,val,3.4042,0.9167
10103,train,1.7418,0.2185
10104,train,2.4729,0.6203
10105,train,2.3012,0.5313
10106,test,2.8247,0.7751
10107,train,1.8681,0.2866
10108,train,1.7741,0.2369
10109,train,3.2360,0.8886
10110,train,1.9921,0.3536
10111,train,1.7981,0.2492
10112,val,1.9170,0.3130
10113,test,3.1536,0.8710
10114,train,2.3991,0.5844
10115,test,2.9971,0.8319
10116,train,1.8979,0.3029
10117,train,1.2139,0.0451
10118,train,2.7053,0.7320
10119,val,1.8825,0.2949
10120,train,1.0608,0.0241
10121,val,2.2110,0.4824
10122,train,2.3535,0.5600
10123,train,2.3584,0.5628
10124,train,1.9091,0.3085
10125,test,2.1358,0.4349
10126,train,1.7672,0.2339
10127,train,1.4695,0.1101
10128,train,1.9949,0.3550
10129,test,2.7149,0.7351
10130,val,1.9444,0.3282
10131,val,2.5879,0.6789
10132,train,2.3085,0.5358
10133,train,2.6833,0.7224
10134,train,1.7791,0.2392
10135,test,3.7094,0.9506
10136,test,3.0104,0.8357
10137,train,2.2338,0.4964
10138,train,1.6411,0.1754
10139,train,1.7428,0.2196
10140,train,2.7446,0.7465
10141,train,1.5554,0.1410
10142,train,2.9536,0.8179
10143,train,2.6163,0.6938
10144,train,1.9564,0.3343
10145,val,3.0873,0.8553
10146,val,3.5294,0.9330
10147,train,3.0892,0.8561
10148,train,1.6673,0.1866
10149,train,2.4405,0.6052
10150,train,2.2771,0.5187
10151,train,1.5608,0.1431
10152,val,3.0377,0.8433
10153,train,1.8911,0.2994
10154,test,2.8757,0.7921
10155,train,1.9362,0.3236
10156,train,1.8729,0.2885
10157,train,2.2780,0.5192
10158,train,2.1647,0.4544
10159,train,1.8754,0.2901
10160,train,2.5834,0.6762
10161,train,2.2719,0.5156
10162,train,1.8289,0.2644
10163,train,2.8804,0.7931
10164,test,3.1267,0.8648
10165,val,2.1049,0.4189
10166,train,3.0748,0.8525
10167,val,3.7227,0.9521
10168,train,1.3579,0.0788
10169,train,2.0767,0.4012
10170,test,2.5473,0.6581
10171,train,2.0824,0.4054
10172,train,1.2831,0.0597
10173,train,1.7652,0.2327
10174,train,2.1711,0.4598
10175,train,2.0330,0.3773
10176,val,2.4877,0.6284
10177,train,1.5526,0.1401
10178,train,0.7033,0.0021
10179,test,2.1364,0.4356
10180,test,2.7123,0.7340
10181,val,3.1379,0.8670
10182,train,1.3426,0.0749
10183,train,1.6227,0.1689
10184,val,3.9279,0.9684
10185,train,2.0635,0.3937
10186,train,2.0161,0.3666
10187,train,2.0609,0.3925
10188,train,1.6036,0.1598
10189,train,1.6612,0.1840
10190,train,2.4413,0.6060
10191,train,2.6805,0.7216
10192,train,1.6662,0.1863
10193,train,3.6728,0.9475
10194,train,2.4674,0.6175
10195,test,2.8066,0.7686
10196,train,1.7419,0.2187
10197,val,3.4076,0.9169
10198,train,2.9838,0.8287
10199,test,2.5754,0.6732
10200,train,1.5818,0.1515
10201,test,2.0308,0.3760
10202,train,3.1789,0.8772
10203,train,3.2420,0.8896
10204,train,1.1261,0.0317
10205,val,2.8216,0.7739
10206,test,2.6901,0.7256
10207,train,2.8938,0.7984
10208,train,1.2084,0.0443
10209,train,2.1703,0.4588
10210,train,0.6658,0.0015
10211,train,1.4205,0.0942
10212,val,4.0786,0.9764
10213,train,2.0926,0.4112
10214,train,0.9469,0.0123
10215,train,2.6293,0.6992
10216,train,1.6045,0.1601
10217,train,2.1551,0.4477
10218,train,2.0408,0.3819
10219,train,0.9679,0.0140
10220,test,3.0505,0.8467
10221,train,2.4447,0.6082
10222,val,4.8629,0.9941
10223,test,2.6373,0.7027
10224,train,1.1999,0.0433
10225,train,3.7852,0.9575
10226,val,1.7315,0.2139
10227,test,2.5176,0.6437
10228,test,3.0888,0.8559
10229,train,1.6439,0.1767
10230,train,2.9194,0.8078
10231,train,3.0854,0.8551
10232,test,3.8546,0.9632
10233,train,4.6239,0.9908
10234,train,2.2658,0.5128
10235,val,2.6972,0.7285
10236,train,1.4392,0.1012
10237,train,2.3971,0.5829
10238,train,1.2880,0.0609
10239,train,1.5408,0.1357
10240,test,3.1806,0.8775
10241,train,2.1456,0.4412
10242,val,2.9713,0.8243
10243,train,2.8209,0.7735
10244,train,1.2012,0.0436
10245,train,2.6378,0.7032
10246,val,3.8562,0.9633
10247,train,2.3666,0.5664
10248,train,1.6118,0.1637
10249,test,2.0258,0.3726
10250,test,2.6311,0.7002
10251,train,3.7341,0.9532
10252,train,2.4209,0.5950
10253,train,3.3380,0.9061
10254,val,2.6392,0.7038
10255,train,2.1267,0.4300
10256,train,2.2301,0.4940
10257,train,1.1974,0.0430
10258,train,1.6321,0.1723
10259,test,2.0178,0.3676
10260,train,1.5184,0.1282
10261,train,2.9620,0.8211
10262,train,2.4439,0.6076
10263,train,1.8054,0.2523
10264,train,1.7016,0.1993
10265,train,1.3169,0.0685
10266,val,2.6459,0.7074
10267,train,2.9407,0.8139
10268,train,2.1835,0.4676
10269,test,1.8432,0.2723
10270,test,4.1054,0.9774
10271,train,2.1331,0.4334
10272,val,2.3509,0.5588
10273,train,1.7632,0.2317
10274,train,2.5834,0.6763
10275,train,2.7262,0.7396
10276,train,2.9438,0.8147
10277,test,2.4983,0.6337
10278,test,3.8876,0.9655
10279,train,2.3983,0.5838
10280,train,1.7926,0.2463
10281,train,1.5490,0.1388
10282,test,2.3941,0.5813
10283,test,2.5909,0.6811
10284,test,3.8888,0.9657
10285,train,2.2059,0.4800
10286,train,2.4779,0.6231
10287,train,1.9874,0.3508
10288,val,2.1377,0.4364
10289,test,2.1713,0.4600
10290,test,3.1197,0.8636
10291,train,2.5985,0.6854
10292,train,0.8791,0.0080
10293,val,2.4850,0.6274
10294,train,2.9210,0.8085
10295,train,1.6224,0.1688
10296,test,3.0759,0.8528
10297,train,1.5873,0.1541
10298,test,2.7233,0.7382
10299,test,4.0180,0.9729
10300,train,1.9906,0.3526
10301,test,3.4622,0.9249
10302,val,1.7494,0.2232
10303,val,2.2815,0.5210
10304,train,1.2991,0.0636
10305,train,2.7392,0.7445
10306,train,2.5543,0.6618
10307,val,2.7834,0.7607
10308,test,2.9601,0.8203
10309,train,1.8821,0.2947
10310,val,1.9721,0.3428
10311,train,2.5925,0.6823
10312,val,3.5311,0.9332
10313,train,0.7256,0.0025
10314,train,1.9829,0.3481
10315,val,2.2033,0.4788
10316,train,2.3992,0.5846
10317,val,2.5743,0.6727
10318,train,1.5104,0.1245
10319,train,1.7333,0.2147
10320,train,1.2963,0.0627
10321,train,2.5526,0.6610
10322,val,2.6359,0.7022
10323,train,2.3525,0.5596
10324,train,3.7655,0.9553
10325,train,2.0255,0.3725
10326,val,2.3986,0.5842
10327,train,2.0774,0.4020
10328,train,2.2498,0.5042
10329,val,2.1438,0.4400
10330,train,1.6434,0.1764
10331,train,2.4941,0.6311
10332,train,2.7976,0.7657
10333,train,2.7561,0.7502
10334,test,2.5366,0.6531
10335,train,1.4000,0.0890
10336,train,2.4421,0.6066
10337,train,2.4212,0.5952
10338,train,2.0173,0.3674
10339,train,1.3260,0.0707
10340,train,1.1795,0.0406
10341,train,3.0995,0.8590
10342,val,2.7191,0.7367
10343,val,2.6688,0.7168
10344,train,1.9412,0.3264
10345,train,1.5995,0.1579
10346,train,1.5681,0.1464
10347,train,2.1281,0.4307
10348,train,1.8044,0.2518
10349,train,2.9341,0.8120
10350,train,1.6142,0.1648
10351,train,1.8322,0.2664
10352,test,2.8660,0.7890
10353,train,2.5174,0.6436
10354,train,1.6272,0.1706
10355,train,1.5026,0.1212
10356,train,2.4516,0.6103
10357,val,2.9331,0.8115
10358,test,2.9179,0.8072
10359,val,3.4561,0.9241
10360,train,1.4980,0.1199
10361,train,1.9178,0.3136
10362,train,2.5551,0.6623
10363,train,2.7376,0.7440
10364,train,1.9384,0.3249
10365,train,3.0687,0.8511
10366,train,1.9195,0.3147
10367,train,3.0016,0.8332
10368,train,1.9071,0.3070
10369,train,3.3632,0.9101
10370,train,1.5446,0.1371
10371,test,3.3495,0.9077
10372,train,1.7575,0.2279
10373,train,2.3278,0.5460
10374,train,1.9637,0.3379
10375,val,2.8148,0.7713
10376,test,2.5555,0.6625
10377,train,2.1163,0.4250
10378,train,2.7391,0.7444
10379,train,1.0469,0.0225
10380,val,2.9153,0.8062
10381,train,0.9627,0.0134
10382,train,2.7832,0.7605
10383,train,2.3384,0.5516
10384,train,1.6245,0.1696
10385,train,2.2926,0.5268
10386,train,2.3908,0.5796
10387,train,2.8842,0.7949
10388,train,2.1101,0.4220
10389,test,4.4856,0.9886
10390,train,2.3362,0.5504
10391,test,2.6024,0.6871
10392,train,3.0108,0.8358
10393,train,2.2083,0.4810
10394,train,2.5113,0.6402
10395,val,4.0657,0.9755
10396,train,0.9379,0.0113
10397,test,2.8394,0.7804
10398,train,2.6373,0.7028
10399,train,1.3715,0.0824
10400,test,2.7520,0.7494
10401,val,3.0330,0.8418
10402,val,3.3196,0.9031
10403,val,2.7736,0.7574
10404,train,2.3773,0.5720
10405,train,1.8641,0.2848
10406,train,1.8080,0.2536
10407,train,1.9298,0.3195
10408,train,1.1675,0.0388
10409,train,1.5015,0.1209
10410,train,1.5075,0.1229
10411,val,2.7292,0.7410
10412,train,1.2461,0.0511
10413,train,2.8197,0.7732
10414,train,2.3800,0.5732
10415,val,2.4550,0.6118
10416,train,2.6152,0.6932
10417,train,2.2937,0.5275
10418,train,2.8031,0.7671
10419,train,1.7634,0.2319
10420,test,4.2909,0.9835
10421,train,2.3055,0.5336
10422,train,2.2186,0.4868
10423,val,2.7488,0.7479
10424,train,1.1366,0.0329
10425,train,2.0743,0.4000
10426,test,2.1520,0.4451
10427,train,2.4268,0.5983
10428,train,1.7712,0.2362
10429,train,3.2083,0.8837
10430,train,2.2946,0.5282
10431,train,2.6754,0.7189
10432,test,1.9116,0.3101
10433,train,2.7858,0.7613
10434,test,2.2514,0.5048
10435,train,1.3324,0.0723
10436,train,3.2493,0.8907
10437,train,1.7631,0.2316
10438,test,1.5926,0.1561
10439,train,0.9530,0.0125
10440,train,2.3398,0.5524
10441,train,3.3149,0.9021
10442,train,3.1423,0.8683
10443,val,2.5620,0.6658
10444,train,2.4000,0.5850
10445,train,1.8770,0.2909
10446,train,2.0635,0.3936
10447,train,3.1059,0.8609
10448,train,2.8265,0.7759
10449,train,2.3032,0.5329
10450,val,3.4244,0.9192
10451,train,1.7050,0.2011
10452,train,2.2831,0.5220
10453,train,3.9732,0.9714
10454,train,2.5319,0.6501
10455,train,2.9927,0.8309
10456,train,2.1991,0.4764
10457,train,2.9765,0.8260
10458,train,1.2458,0.0510
10459,train,1.6163,0.1659
10460,val,3.7974,0.9589
10461,train,2.1785,0.4650
10462,test,3.4508,0.9231
10463,test,2.3031,0.5328
10464,train,1.6606,0.1837
10465,train,2.1911,0.4720
10466,train,1.8416,0.2716
10467,test,3.5183,0.9316
10468,train,2.3546,0.5608
10469,train,1.8966,0.3024
10470,train,1.3937,0.0871
10471,train,2.3362,0.5504
10472,train,1.5181,0.1279
10473,train,1.3589,0.0792
10474,train,1.9982,0.3566
10475,train,2.6077,0.6892
10476,train,1.8325,0.2667
10477,train,2.3049,0.5334
10478,train,2.2810,0.5207
10479,train,1.2298,0.0478
10480,test,1.9951,0.3550
10481,train,1.7489,0.2228
10482,train,1.1709,0.0393
10483,train,2.1214,0.4277
10484,train,1.8709,0.2874
10485,val,2.3616,0.5645
10486,train,2.1166,0.4252
10487,train,1.3019,0.0642
10488,train,2.1245,0.4290
10489,train,1.8238,0.2616
10490,test,3.4331,0.9205
10491,train,2.6189,0.6950
10492,train,1.4780,0.1135
10493,train,2.0999,0.4162
10494,train,1.4836,0.1147
10495,test,1.7931,0.2466
10496,val,3.5032,0.9297
10497,train,1.2687,0.0561
10498,test,2.7182,0.7362
10499,test,2.2511,0.5047
10500,train,1.4132,0.0929
10501,train,3.5376,0.9343
10502,train,1.9708,0.3421
10503,test,1.9262,0.3184
10504,test,2.2895,0.5254
10505,train,2.1018,0.4174
10506,train,1.6959,0.1976
10507,train,1.4597,0.1075
10508,train,3.2279,0.8872
10509,train,2.6768,0.7198
10510,train,2.4539,0.6114
10511,train,1.9528,0.3321
10512,train,1.3761,0.0835
10513,train,1.7245,0.2102
10514,train,1.2762,0.0577
10515,train,2.5174,0.6436
10516,train,1.9626,0.3370
10517,test,2.2086,0.4812
10518,train,2.2650,0.5123
10519,train,2.5554,0.6624
10520,train,2.8264,0.7758
10521,train,1.5544,0.1407
10522,val,2.8468,0.7825
10523,train,2.3444,0.5552
10524,test,3.1034,0.8603
10525,train,2.1057,0.4195
10526,train,1.7917,0.2458
10527,train,1.4286,0.0973
10528,train,2.6679,0.7163
10529,train,3.1480,0.8697
10530,train,1.7750,0.2373
10531,train,2.7134,0.7348
10532,train,2.3074,0.5350
10533,train,1.3838,0.0848
10534,train,1.6327,0.1725
10535,test,3.4584,0.9243
10536,train,3.2678,0.8944
10537,train,2.2892,0.5252
10538,train,1.7194,0.2077
10539,train,3.0464,0.8461
10540,train,1.6889,0.1950
10541,train,3.1413,0.8679
10542,train,1.7271,0.2118
10543,val,2.5137,0.6417
10544,train,1.0994,0.0285
10545,train,2.1595,0.4518
10546,train,3.6867,0.9485
10547,train,2.1574,0.4495
10548,test,2.0712,0.3984
10549,train,2.8904,0.7971
10550,train,2.7675,0.7553
10551,train,1.7762,0.2379
10552,train,1.8439,0.2729
10553,train,3.3300,0.9047
10554,train,2.1575,0.4498
10555,train,2.1215,0.4278
10556,val,3.3215,0.9033
10557,train,1.7569,0.2273
10558,test,2.3554,0.5612
10559,train,3.7876,0.9579
10560,train,1.7043,0.2005
10561,train,2.0295,0.3752
10562,train,2.3195,0.5422
10563,val,2.6974,0.7287
10564,test,2.8934,0.7983
10565,test,3.0925,0.8575
10566,test,3.2875,0.8977
10567,train,2.5565,0.6632
10568,train,2.0280,0.3743
10569,train,1.8067,0.2530
10570,train,2.2350,0.4969
10571,test,2.6124,0.6914
10572,train,1.5339,0.1333
10573,train,1.7923,0.2461
10574,test,3.3421,0.9067
10575,train,1.9893,0.3518
10576,test,3.3846,0.9137
10577,val,3.1675,0.8742
10578,train,1.4652,0.1087
10579,test,4.2530,0.9827
10580,train,2.2414,0.4998
10581,train,2.2661,0.5130
10582,train,1.9902,0.3524
10583,val,2.9592,0.8200
10584,train,2.0745,0.4002
10585,train,2.0936,0.4120
10586,train,2.7711,0.7566
10587,val,2.3611,0.5640
10588,train,2.2229,0.4894
10589,train,1.6689,0.1873
10590,test,2.5088,0.6391
10591,train,1.7868,0.2431
10592,train,2.8245,0.7750
10593,train,2.2240,0.4902
10594,train,5.4194,0.9976
10595,test,2.4260,0.5978
10596,train,2.5683,0.6698
10597,test,2.6665,0.7160
10598,train,1.7340,0.2151
10599,train,1.9385,0.3250
10600,test,2.3751,0.5706
10601,train,1.6811,0.1913
10602,train,2.7201,0.7370
10603,val,1.9550,0.3336
10604,train,2.2079,0.4808
10605,train,2.3246,0.5444
10606,train,1.5096,0.1239
10607,train,1.7668,0.2335
10608,test,1.8568,0.2806
10609,train,1.2635,0.0553
10610,train,4.3008,0.9837
10611,train,1.8275,0.2636
10612,train,3.1444,0.8687
10613,train,1.2088,0.0444
10614,val,3.9412,0.9693
10615,train,1.0890,0.0275
10616,val,2.0977,0.4144
10617,train,1.8857,0.2966
10618,train,2.6697,0.7172
10619,train,2.0334,0.3776
10620,val,2.6196,0.6952
10621,train,1.8804,0.2936
10622,test,2.2942,0.5278
10623,train,1.4775,0.1133
10624,train,1.5619,0.1436
10625,val,2.3640,0.5656
10626,train,2.3220,0.5432
10627,train,1.1746,0.0397
10628,train,2.1572,0.4492
10629,train,2.0572,0.3906
10630,train,1.8135,0.2561
10631,train,2.6123,0.6913
10632,train,2.0076,0.3618
10633,train,2.7035,0.7312
10634,train,1.6268,0.1704
10635,train,2.2301,0.4939
10636,train,2.8488,0.7837
10637,train,2.1815,0.4667
10638,train,1.5501,0.1393
10639,val,1.9093,0.3088
10640,train,0.4923,0.0003
10641,train,1.7165,0.2061
10642,test,2.8277,0.7761
10643,train,2.1231,0.4284
10644,train,1.6552,0.1818
10645,train,2.8704,0.7904
10646,train,2.1441,0.4402
10647,train,2.0100,0.3630
10648,train,1.6700,0.1878
10649,train,1.6995,0.1984
10650,train,1.8810,0.2941
10651,val,1.8409,0.2714
10652,train,2.6001,0.6862
10653,train,1.7601,0.2294
10654,train,1.1407,0.0335
10655,train,1.9359,0.3235
10656,train,2.9619,0.8211
10657,test,2.4001,0.5852
10658,val,2.9182,0.8075
10659,train,1.6203,0.1676
10660,train,2.5365,0.6530
10661,val,2.8073,0.7687
10662,test,2.5442,0.6568
10663,train,1.7676,0.2341
10664,train,1.9399,0.3257
10665,train,2.5592,0.6644
10666,train,2.4254,0.5976
10667,val,2.1742,0.4624
10668,train,1.5552,0.1409
10669,train,2.3545,0.5606
10670,train,1.1251,0.0313
10671,test,4.3384,0.9847
10672,train,1.0824,0.0261
10673,train,2.3824,0.5749
10674,train,2.3910,0.5798
10675,val,2.9611,0.8208
10676,train,1.0728,0.0253
10677,train,2.5409,0.6554
10678,train,3.4314,0.9202
10679,test,3.5938,0.9403
10680,train,2.2177,0.4865
10681,train,2.2432,0.5011
10682,val,2.5906,0.6809
10683,train,2.8578,0.7861
10684,test,2.2014,0.4776
10685,train,2.1986,0.4761
10686,train,2.1883,0.4705
10687,train,1.8758,0.2902
10688,val,2.4309,0.6000
10689,train,2.7132,0.7346
10690,val,2.6360,0.7023
10691,train,1.7279,0.2123
10692,test,3.1594,0.8725
10693,train,2.8001,0.7660
10694,train,2.1417,0.4388
10695,train,1.8476,0.2755
10696,test,2.6994,0.7296
10697,train,2.4780,0.6234
10698,train,2.9822,0.8280
10699,train,1.9877,0.3509
10700,train,2.4987,0.6340
10701,test,3.0819,0.8543
10702,train,2.3278,0.5461
10703,train,1.6888,0.1948
10704,train,1.6349,0.1731
10705,val,2.3559,0.5614
10706,train,3.0003,0.8330
10707,val,3.4242,0.9191
10708,train,1.1959,0.0428
10709,train,2.6653,0.7155
10710,train,2.7448,0.7466
10711,train,1.8249,0.2620
10712,val,2.2112,0.4824
10713,train,3.0837,0.8547
10714,train,2.3712,0.5683
10715,test,3.3879,0.9147
10716,train,2.3184,0.5415
10717,train,2.2427,0.5009
10718,train,1.7717,0.2363
10719,train,1.6370,0.1737
10720,train,1.7909,0.2455
10721,train,2.4999,0.6347
10722,train,2.5187,0.6444
10723,train,3.2879,0.8978
10724,train,2.8991,0.8000
10725,train,2.9377,0.8132
10726,train,2.0154,0.3662
10727,train,1.8335,0.2676
10728,test,2.5052,0.6374
10729,train,2.1839,0.4681
10730,val,3.2354,0.8884
10731,train,0.9344,0.0109
10732,train,2.6478,0.7078
10733,train,3.3108,0.9016
10734,train,1.6866,0.1939
10735,train,2.1639,0.4540
10736,val,2.5718,0.6715
10737,train,1.2145,0.0452
10738,train,1.4253,0.0959
10739,train,2.7939,0.7645
10740,train,1.5058,0.1221
10741,train,2.0789,0.4033
10742,train,1.9897,0.3521
10743,train,1.3884,0.0860
10744,train,2.7604,0.7521
10745,train,1.9315,0.3210
10746,train,2.7701,0.7561
10747,train,2.9651,0.8223
10748,train,2.0357,0.3792
10749,test,2.7823,0.7601
10750,train,1.8609,0.2827
10751,train,2.5503,0.6594
10752,train,2.0743,0.4000
10753,train,2.9239,0.8095
10754,train,1.5177,0.1277
10755,val,2.9226,0.8091
10756,test,3.7009,0.9497
10757,train,2.0337,0.3778
10758,test,1.8656,0.2857
10759,train,1.9711,0.3425
10760,train,2.2679,0.5137
10761,train,1.9571,0.3345
10762,val,2.4254,0.5974
10763,train,1.1985,0.0431
10764,test,3.4444,0.9219
10765,train,2.3027,0.5324
10766,train,2.2885,0.5250
10767,train,2.2159,0.4856
10768,train,2.3204,0.5424
10769,train,2.8480,0.7833
10770,train,1.7339,0.2149
10771,test,2.2173,0.4863
10772,val,2.2729,0.5160
10773,train,2.4073,0.5874
10774,test,1.5827,0.1519
10775,train,1.9066,0.3068
10776,train,2.1387,0.4370
10777,test,2.6957,0.7278
10778,train,2.3496,0.5580
10779,train,2.6431,0.7056
10780,test,2.2324,0.4958
10781,train,2.1713,0.4600
10782,test,1.8360,0.2685
10783,val,3.2088,0.8839
10784,val,3.2437,0.8901
10785,train,2.2210,0.4881
10786,test,4.3503,0.9851
10787,train,1.5131,0.1261
10788,train,1.5714,0.1478
10789,val,2.8545,0.7854
10790,train,2.0657,0.3952
10791,train,1.7621,0.2309
10792,train,1.7964,0.2483
10793,train,1.9575,0.3350
10794,val,2.7006,0.7300
10795,train,2.2880,0.5246
10796,train,3.7096,0.9507
10797,train,1.4310,0.0981
10798,train,1.7202,0.2079
10799,test,2.3960,0.5824
10800,val,2.8281,0.7763
10801,test,3.1947,0.8806
10802,train,2.1665,0.4562
10803,train,3.2303,0.8875
10804,train,1.3154,0.0681
10805,train,1.7003,0.1987
10806,train,0.9663,0.0138
10807,test,2.4441,0.6078
10808,train,1.4081,0.0909
10809,train,1.0266,0.0198
10810,train,1.9843,0.3490
10811,train,2.8597,0.7867
10812,train,1.4072,0.0907
10813,train,3.5392,0.9345
10814,val,2.3984,0.5840
10815,train,1.5728,0.1483
10816,val,2.8644,0.7883
10817,train,2.3530,0.5599
10818,train,1.8436,0.2727
10819,test,2.9785,0.8268
10820,train,2.8217,0.7740
10821,val,3.9695,0.9711
10822,train,2.1836,0.4677
10823,train,2.3920,0.5802
10824,train,1.6183,0.1667
10825,train,2.1584,0.4507
10826,val,2.3942,0.5814
10827,train,3.1972,0.8813
10828,train,1.3740,0.0830
10829,train,1.4823,0.1144
10830,train,1.8475,0.2754
10831,train,1.0904,0.0277
10832,train,1.6126,0.1641
10833,val,2.4224,0.5959
10834,test,2.9645,0.8221
10835,train,3.0882,0.8557
10836,train,1.3944,0.0875
10837,train,2.5939,0.6830
10838,train,2.2648,0.5121
10839,train,1.4692,0.1099
10840,test,2.4082,0.5878
10841,val,3.1611,0.8729
10842,train,1.7760,0.2377
10843,train,1.8457,0.2741
10844,test,2.2300,0.4938
10845,train,3.9780,0.9716
10846,train,2.3149,0.5399
10847,train,1.9605,0.3361
10848,train,0.8223,0.0055
10849,train,1.1730,0.0396
10850,train,1.8492,0.2769
10851,val,2.8840,0.7947
10852,val,3.0709,0.8519
10853,train,1.8394,0.2710
10854,train,1.8168,0.2582
10855,train,3.1433,0.8685
10856,train,2.5167,0.6432
10857,train,1.4156,0.0930
10858,train,2.1504,0.4440
10859,val,1.9419,0.3269
10860,train,2.5064,0.6382
10861,train,2.4208,0.5949
10862,val,2.9127,0.8051
10863,train,2.2415,0.5000
10864,train,2.1057,0.4196
10865,test,1.6457,0.1777
10866,train,1.4494,0.1040
10867,train,1.6371,0.1738
10868,test,3.2665,0.8940
10869,test,3.2624,0.8925
10870,train,1.7870,0.2431
10871,val,3.2319,0.8878
10872,train,2.3938,0.5812
10873,train,0.7986,0.0042
10874,test,3.0176,0.8374
10875,train,2.4799,0.6244
10876,train,1.4040,0.0898
10877,train,1.8105,0.2550
10878,train,2.1344,0.4340
10879,val,4.0560,0.9747
10880,train,1.9921,0.3536
10881,train,2.1466,0.4420
10882,train,2.9841,0.8289
10883,train,1.3400,0.0741
10884,train,1.8793,0.2926
10885,train,1.3843,0.0849
10886,train,1.9893,0.3518
10887,train,2.6845,0.7228
10888,train,1.7050,0.2011
10889,test,2.0786,0.4030
10890,val,2.9117,0.8046
10891,train,2.0473,0.3851
10892,train,3.4672,0.9258
10893,train,2.1245,0.4290
10894,train,1.1331,0.0324
10895,train,1.3472,0.0764
10896,train,2.0114,0.3636
10897,train,1.9468,0.3292
10898,val,2.1007,0.4170
10899,train,3.0035,0.8337
10900,train,2.3145,0.5397
10901,train,2.2962,0.5289
10902,test,3.4017,0.9166
10903,val,3.7792,0.9569
10904,train,2.3028,0.5326
10905,train,2.0484,0.3856
10906,train,2.3353,0.5500
10907,train,2.2499,0.5042
10908,train,2.7502,0.7485
10909,train,1.8517,0.2784
10910,val,3.7700,0.9558
10911,val,2.8941,0.7987
10912,train,1.8227,0.2612
10913,val,3.5569,0.9366
10914,train,2.2790,0.5196
10915,train,0.9771,0.0149
10916,train,2.5023,0.6364
10917,train,3.2080,0.8835
10918,train,1.8540,0.2794
10919,test,2.6420,0.7050
10920,train,3.4230,0.9191
10921,train,2.2312,0.4947
10922,train,1.4836,0.1148
10923,train,2.9163,0.8067
10924,test,2.9605,0.8203
10925,val,2.4702,0.6192
10926,train,2.2874,0.5242
10927,val,3.2431,0.8899
10928,val,2.5918,0.6818
10929,train,2.9079,0.8034
10930,train,2.9581,0.8196
10931,test,3.6272,0.9432
10932,test,3.0278,0.8401
10933,test,2.1358,0.4350
10934,train,2.0660,0.3954
10935,train,1.9705,0.3420
10936,train,1.6190,0.1672
10937,train,1.2609,0.0545
10938,test,2.4428,0.6072
10939,train,2.9192,0.8077
10940,train,1.7768,0.2381
10941,train,1.2743,0.0574
10942,train,1.9413,0.3265
10943,train,2.7092,0.7332
10944,train,1.4062,0.0905
10945,train,3.5728,0.9381
10946,train,2.1034,0.4185
10947,train,1.8609,0.2826
10948,train,1.5312,0.1324
10949,train,1.8899,0.2988
10950,train,1.8254,0.2624
10951,val,2.9792,0.8272
10952,train,2.3443,0.5550
10953,val,3.0314,0.8413
10954,train,2.9636,0.8217
10955,train,1.6299,0.1714
10956,test,2.2483,0.5034
10957,test,3.6964,0.9493
10958,train,1.9071,0.3070
10959,train,1.4690,0.1098
10960,test,2.0489,0.3861
10961,train,1.3983,0.0885
10962,train,2.2393,0.4990
10963,train,2.2737,0.5165
10964,train,3.4420,0.9215
10965,test,3.3259,0.9039
10966,train,1.1925,0.0421
10967,train,2.4524,0.6106
10968,val,2.7438,0.7460
10969,train,2.5335,0.6512
10970,test,3.0987,0.8586
10971,val,2.3374,0.5511
10972,train,2.2545,0.5064
10973,train,2.2543,0.5062
10974,test,2.5646,0.6674
10975,train,1.9928,0.3541
10976,train,1.7098,0.2035
10977,val,2.3484,0.5573
10978,train,2.5799,0.6752
10979,train,2.2574,0.5079
10980,train,2.5545,0.6618
10981,train,2.5387,0.6543
10982,train,1.6598,0.1835
10983,train,2.1886,0.4708
10984,train,1.4294,0.0976
10985,train,2.5518,0.6602
10986,val,3.4948,0.9283
10987,train,1.7995,0.2503
10988,train,1.7558,0.2268
10989,train,2.1633,0.4537
10990,train,1.3323,0.0723
10991,train,3.0906,0.8569
10992,train,2.0536,0.3887
10993,val,2.4856,0.6276
10994,test,2.1549,0.4473
10995,test,3.3859,0.9139
10996,test,2.3146,0.5398
10997,val,2.4078,0.5877
10998,train,1.9244,0.3174
10999,train,2.4297,0.5996
11000,train,1.8093,0.2544
11001,train,2.3580,0.5626
11002,train,2.8836,0.7945
11003,train,1.5761,0.1495
11004,train,3.5996,0.9408
11005,train,1.4437,0.1024
11006,train,1.4761,0.1124
11007,train,1.6764,0.1898
11008,train,1.3106,0.0669
11009,train,2.1748,0.4627
11010,train,2.2325,0.4958
11011,test,2.9790,0.8271
11012,train,3.4004,0.9163
11013,train,1.1454,0.0345
11014,train,2.1710,0.4598
11015,train,2.2648,0.5120
11016,train,1.1760,0.0399
11017,val,2.8829,0.7943
11018,train,2.2902,0.5256
11019,val,2.8788,0.7926
11020,test,3.1308,0.8655
11021,train,2.1735,0.4616
11022,test,2.2095,0.4814
11023,train,0.4482,0.0002
11024,train,1.2365,0.0491
11025,train,2.1696,0.4584
11026,val,3.0989,0.8587
11027,train,1.3371,0.0735
11028,train,2.0646,0.3942
11029,val,2.0389,0.3810
11030,train,3.1777,0.8769
11031,train,1.8302,0.2654
11032,train,2.7990,0.7658
11033,train,2.1377,0.4362
11034,train,2.4702,0.6192
11035,val,2.3290,0.5467
11036,test,2.2431,0.5010
11037,train,2.1182,0.4259
11038,train,2.6195,0.6952
11039,train,1.5193,0.1285
11040,val,3.3132,0.9020
11041,train,2.1569,0.4489
11042,val,2.1158,0.4248
11043,train,1.8222,0.2608
11044,test,1.9340,0.3224
11045,train,1.2550,0.0528
11046,train,3.7773,0.9568
11047,train,1.4550,0.1060
11048,train,2.8210,0.7735
11049,train,2.4267,0.5981
11050,train,2.5899,0.6806
11051,train,1.4180,0.0935
11052,train,2.8897,0.7969
11053,train,2.4227,0.5963
11054,train,2.0896,0.4094
11055,train,2.3523,0.5596
11056,train,1.9256,0.3182
11057,train,1.9918,0.3534
11058,train,3.2149,0.8848
11059,train,2.6977,0.7289
11060,train,2.2101,0.4818
11061,train,2.2535,0.5057
11062,test,2.4396,0.6043
11063,train,2.6850,0.7232
11064,train,1.7663,0.2334
11065,train,1.5801,0.1508
11066,test,1.9350,0.3231
11067,train,2.1519,0.4450
11068,test,2.6029,0.6872
11069,val,2.3158,0.5406
11070,train,2.9539,0.8181
11071,val,2.1709,0.4596
11072,train,2.6772,0.7202
11073,train,2.3256,0.5450
11074,train,2.7866,0.7619
11075,train,3.1049,0.8607
11076,train,2.0285,0.3746
11077,train,1.8532,0.2791
11078,val,3.0306,0.8411
11079,train,0.9080,0.0095
11080,val,4.2285,0.9815
11081,val,3.0552,0.8477
11082,test,1.9737,0.3438
11083,train,2.0676,0.3966
11084,train,2.5386,0.6542
11085,train,1.6529,0.1807
11086,train,2.2808,0.5206
11087,train,2.0909,0.4101
11088,train,1.9212,0.3156
11089,train,3.2647,0.8935
11090,train,2.2186,0.4868
11091,test,3.4668,0.9257
11092,val,2.2232,0.4896
11093,test,2.8992,0.8001
11094,train,0.9868,0.0159
11095,train,2.2521,0.5051
11096,train,1.9498,0.3308
11097,train,1.1126,0.0299
11098,train,2.3999,0.5849
11099,train,1.2896,0.0613
11100,train,3.8133,0.9605
11101,test,3.0297,0.8408
11102,train,1.5329,0.1330
11103,val,2.3736,0.5696
11104,train,2.9363,0.8126
11105,train,1.8360,0.2686
11106,train,1.7346,0.2154
11107,train,1.6823,0.1919
11108,test,3.3978,0.9159
11109,train,1.6296,0.1712
11110,train,1.2818,0.0592
11111,train,0.5908,0.0009
11112,train,1.8803,0.2934
11113,train,1.4998,0.1205
11114,train,1.9310,0.3205
11115,train,1.9377,0.3244
11116,train,1.9052,0.3064
11117,test,2.5394,0.6547
11118,train,2.0218,0.3700
11119,train,1.8945,0.3008
11120,train,1.1513,0.0357
11121,train,1.3039,0.0649
11122,train,1.6379,0.1741
11123,test,2.0067,0.3612
11124,train,1.3795,0.0841
11125,val,1.9541,0.3330
11126,val,4.1618,0.9797
11127,train,1.9858,0.3498
11128,train,2.6579,0.7124
11129,train,1.4312,0.0983
11130,train,3.7178,0.9515
11131,train,2.6149,0.6931
11132,train,1.7936,0.2470
11133,test,2.1704,0.4590
11134,train,2.0183,0.3680
11135,train,2.1562,0.4484
11136,train,2.2969,0.5295
11137,train,1.9022,0.3051
11138,train,2.5895,0.6802
11139,train,1.5878,0.1543
11140,test,3.3658,0.9105
11141,train,2.6324,0.7009
11142,train,1.7003,0.1989
11143,train,2.9612,0.8209
11144,train,2.3828,0.5751
11145,train,1.2473,0.0515
11146,train,1.3640,0.0806
11147,val,2.5618,0.6656
11148,train,2.3437,0.5546
11149,train,1.3213,0.0697
11150,val,3.3487,0.9076
11151,val,4.5963,0.9905
11152,val,1.8406,0.2712
11153,test,2.9345,0.8121
11154,train,2.5675,0.6695
11155,train,1.7907,0.2453
11156,train,1.9795,0.3466
11157,train,1.5639,0.1443
11158,train,2.2876,0.5244
11159,train,1.3611,0.0799
11160,train,2.2740,0.5168
11161,train,1.8399,0.2710
11162,test,2.4371,0.6031
11163,train,1.8835,0.2956
11164,train,1.4920,0.1172
11165,train,1.0832,0.0264
11166,train,2.5432,0.6562
11167,test,2.6071,0.6891
11168,test,2.9178,0.8071
11169,train,2.4073,0.5874
11170,val,3.1137,0.8624
11171,train,1.4924,0.1173
11172,train,1.8328,0.2669
11173,train,2.0146,0.3656
11174,train,1.9493,0.3306
11175,train,1.8314,0.2660
11176,test,2.9575,0.8193
11177,train,2.5099,0.6396
11178,train,2.1796,0.4654
11179,train,3.7071,0.9503
11180,train,1.7937,0.2471
11181,train,3.9178,0.9678
11182,train,1.7267,0.2116
11183,test,3.1365,0.8665
11184,test,1.9735,0.3436
11185,train,1.3405,0.0743
11186,train,2.0634,0.3936
11187,train,1.5654,0.1450
11188,train,1.6310,0.1719
11189,train,2.3366,0.5507
11190,train,2.8123,0.7707
11191,train,3.1832,0.8780
11192,test,2.1608,0.4524
11193,train,1.7242,0.2100
11194,train,1.2257,0.0470
11195,train,3.6567,0.9460
11196,train,1.5107,0.1247
11197,train,1.8570,0.2806
11198,train,2.0523,0.3882
11199,train,2.3549,0.5611
11200,train,1.5932,0.1566
11201,train,1.8616,0.2832
11202,train,1.8676,0.2863
11203,train,2.7841,0.7609
11204,val,3.4994,0.9291
11205,train,1.5019,0.1211
11206,test,2.9385,0.8135
11207,train,4.1408,0.9791
11208,val,2.7959,0.7651
11209,train,1.6506,0.1796
11210,train,2.3357,0.5502
11211,test,2.2038,0.4792
11212,train,1.6241,0.1695
11213,train,2.2288,0.4931
11214,val,1.6440,0.1769
11215,train,1.3722,0.0825
11216,train,2.2961,0.5288
11217,train,1.5874,0.1542
11218,val,3.7468,0.9541
11219,train,2.3628,0.5649
11220,test,1.9095,0.3090
11221,test,2.5889,0.6794
11222,train,1.7328,0.2143
11223,train,1.9662,0.3395
11224,train,2.1052,0.4192
11225,train,3.5805,0.9387
11226,test,3.3993,0.9163
11227,train,1.5732,0.1484
11228,train,1.7095,0.2034
11229,test,3.0414,0.8443
11230,train,2.3082,0.5355
11231,train,2.8229,0.7747
11232,train,2.5537,0.6612
11233,test,2.9869,0.8294
11234,train,2.2423,0.5007
11235,test,2.5921,0.6820
11236,train,1.5801,0.1507
11237,train,1.8165,0.2578
11238,train,1.6212,0.1682
11239,train,2.3955,0.5819
11240,train,1.7104,0.2039
11241,train,2.1256,0.4296
11242,test,2.5977,0.6850
11243,train,1.5944,0.1567
11244,val,5.7670,0.9984
11245,val,2.4691,0.6186
11246,train,2.7650,0.7547
11247,train,2.8934,0.7982
11248,train,2.3043,0.5333
11249,train,2.9357,0.8124
11250,test,2.3724,0.5688
11251,val,2.7939,0.7645
11252,train,2.1626,0.4535
11253,train,1.5591,0.1423
11254,val,2.7771,0.7586
11255,train,1.7614,0.2303
11256,train,1.9469,0.3293
11257,train,2.3554,0.5612
11258,train,1.5661,0.1453
11259,train,2.1681,0.4571
11260,train,1.7915,0.2457
11261,val,2.8717,0.7907
11262,test,3.2387,0.8890
11263,test,3.1196,0.8635
11264,train,1.6126,0.1641
11265,train,2.5251,0.6463
11266,val,3.8500,0.9628
11267,train,1.2789,0.0585
11268,train,2.4683,0.6180
11269,train,2.2923,0.5267
11270,test,2.9396,0.8137
11271,train,2.5363,0.6528
11272,train,1.3829,0.0844
11273,train,1.9766,0.3450
11274,val,2.4364,0.6028
11275,train,1.8267,0.2633
11276,train,2.3416,0.5534
11277,test,2.3727,0.5689
11278,test,2.3344,0.5492
11279,test,3.1781,0.8769
11280,train,1.2694,0.0564
11281,train,1.7470,0.2217
11282,train,1.5052,0.1216
11283,train,2.5724,0.6718
11284,train,2.1722,0.4606
11285,test,2.5557,0.6626
11286,train,1.4522,0.1047
11287,train,3.5640,0.9375
11288,test,3.1916,0.8799
11289,train,2.6541,0.7109
11290,train,2.4423,0.6070
11291,train,3.3467,0.9073
11292,train,2.6861,0.7238
11293,train,1.7222,0.2087
11294,train,1.1536,0.0364
11295,test,2.8222,0.7744
11296,train,1.6548,0.1814
11297,train,2.5770,0.6742
11298,val,2.3693,0.5674
11299,test,2.0683,0.3970
11300,train,2.2971,0.5296
11301,train,2.8805,0.7933
11302,train,1.8379,0.2696
11303,test,2.9083,0.8037
11304,train,1.8168,0.2581
11305,val,3.0349,0.8425
11306,val,3.7668,0.9555
11307,test,4.3995,0.9866
11308,val,2.1389,0.4373
11309,train,2.9282,0.8105
11310,train,1.4163,0.0932
11311,train,1.9980,0.3564
11312,train,2.0605,0.3921
11313,val,3.5873,0.9395
11314,train,4.9743,0.9952
11315,train,4.9504,0.9948
11316,train,2.6838,0.7225
11317,train,1.7980,0.2491
11318,train,1.5202,0.1289
11319,train,1.6182,0.1665
11320,train,2.6890,0.7250
11321,test,3.7263,0.9523
11322,train,2.0471,0.3850
11323,train,1.7819,0.2403
11324,val,3.2036,0.8828
11325,train,2.6180,0.6945
11326,test,2.1740,0.4622
11327,test,2.7347,0.7433
11328,train,2.3098,0.5365
11329,train,2.1863,0.4694
11330,val,3.0548,0.8475
11331,train,2.9154,0.8064
11332,train,2.7763,0.7583
11333,val,1.9386,0.3250
11334,train,2.8561,0.7859
11335,test,2.2718,0.5155
11336,train,2.4220,0.5957
11337,train,1.0524,0.0229
11338,train,1.2045,0.0439
11339,test,3.0283,0.8405
11340,train,2.0965,0.4137
11341,train,1.7003,0.1988
11342,val,2.6156,0.6933
11343,train,1.9510,0.3312
11344,train,1.9851,0.3496
11345,train,0.7466,0.0032
11346,train,2.7545,0.7499
11347,val,5.0294,0.9958
11348,train,1.6628,0.1849
11349,train,3.4720,0.9262
11350,train,1.8479,0.2762
11351,test,5.5574,0.9979
11352,train,1.9842,0.3489
11353,train,2.2795,0.5198
11354,train,1.4271,0.0963
11355,train,2.0539,0.3889
11356,test,3.0582,0.8485
11357,train,2.1588,0.4512
11358,train,1.8897,0.2988
11359,train,3.3314,0.9050
11360,test,2.0216,0.3699
11361,train,2.1975,0.4757
11362,train,2.6769,0.7200
11363,train,2.0859,0.4074
11364,test,2.9238,0.8094
11365,test,2.2707,0.5149
11366,train,2.0265,0.3733
11367,train,1.7459,0.2211
11368,test,2.0736,0.3994
11369,val,3.7729,0.9562
11370,test,1.9927,0.3539
11371,test,3.3380,0.9060
11372,test,2.2212,0.4884
11373,val,3.1961,0.8811
11374,val,3.7929,0.9583
11375,train,0.9717,0.0143
11376,train,2.4075,0.5875
11377,train,1.8831,0.2954
11378,train,1.8783,0.2916
11379,train,1.1562,0.0371
11380,train,2.2390,0.4988
11381,val,2.9850,0.8291
11382,train,2.8680,0.7897
11383,train,2.7325,0.7426
11384,train,3.0879,0.8556
11385,train,2.1397,0.4377
11386,val,3.0236,0.8391
11387,test,2.3416,0.5535
11388,val,2.3937,0.5812
11389,train,1.7578,0.2281
11390,val,2.5637,0.6670
11391,test,2.8894,0.7967
11392,train,1.6202,0.1675
11393,train,1.4514,0.1045
11394,test,2.0676,0.3967
11395,val,2.6779,0.7205
11396,train,2.1173,0.4256
11397,train,2.2005,0.4772
11398,test,2.6007,0.6865
11399,train,1.8240,0.2617
11400,train,1.7605,0.2298
11401,train,2.1368,0.4358
11402,train,2.1267,0.4301
11403,train,1.6137,0.1643
11404,train,1.4208,0.0944
11405,train,3.5221,0.9321
11406,train,2.3733,0.5692
11407,test,2.6782,0.7207
11408,train,1.3028,0.0643
11409,train,2.2107,0.4823
11410,train,1.8143,0.2566
11411,train,2.7523,0.7494
11412,test,6.5545,0.9993
11413,train,4.2452,0.9822
11414,test,2.1137,0.4235
11415,train,3.1030,0.8601
11416,train,2.4225,0.5960
11417,test,2.4839,0.6267
11418,val,2.7783,0.7591
11419,val,2.7056,0.7320
11420,train,2.7043,0.7316
11421,val,2.2561,0.5076
11422,train,1.6520,0.1801
11423,train,1.3358,0.0732
11424,val,2.6102,0.6904
11425,test,2.8835,0.7945
11426,train,4.1596,0.9795
11427,test,4.4134,0.9870
11428,test,3.2398,0.8892
11429,val,2.7764,0.7584
11430,train,1.7602,0.2295
11431,train,2.0574,0.3907
11432,train,1.4996,0.1203
11433,train,2.6101,0.6903
11434,train,2.3259,0.5452
11435,test,2.3686,0.5671
11436,train,1.7447,0.2206
11437,test,2.7012,0.7303
11438,train,1.4005,0.0891
11439,train,3.9281,0.9685
11440,train,2.0885,0.4090
11441,train,2.6486,0.7082
11442,val,2.4311,0.6001
11443,test,3.4218,0.9187
11444,train,2.1085,0.4210
11445,train,2.2088,0.4812
11446,test,1.9419,0.3270
11447,train,1.6158,0.1656
11448,train,2.4809,0.6252
11449,train,2.3776,0.5723
11450,train,0.9602,0.0131
11451,train,2.4008,0.5854
11452,val,2.8720,0.7909
11453,train,3.2350,0.8882
11454,train,2.1399,0.4379
11455,val,2.7647,0.7544
11456,train,1.5690,0.1467
11457,train,2.0426,0.3826
11458,train,1.2720,0.0569
11459,val,3.1449,0.8691
11460,test,3.9073,0.9673
11461,test,2.5288,0.6479
11462,val,2.1861,0.4692
11463,train,2.7092,0.7332
11464,train,1.1672,0.0387
11465,train,1.8307,0.2658
11466,train,1.7540,0.2261
11467,train,1.5385,0.1345
11468,train,2.5100,0.6396
11469,train,2.3522,0.5595
11470,train,1.0217,0.0192
11471,val,3.7443,0.9538
11472,val,2.2903,0.5257
11473,train,1.7123,0.2047
11474,test,2.1388,0.4370
11475,train,1.2228,0.0465
11476,test,3.0591,0.8486
11477,train,1.6141,0.1646
11478,train,2.1331,0.4334
11479,test,3.5723,0.9381
11480,train,1.4508,0.1043
11481,train,1.3058,0.0655
11482,train,1.5617,0.1433
11483,test,4.3049,0.9839
11484,train,2.0561,0.3896
11485,train,2.2685,0.5140
11486,train,1.8033,0.2513
11487,train,1.9817,0.3475
11488,test,2.8409,0.7812
11489,test,2.0010,0.3582
11490,train,1.4981,0.1199
11491,train,1.8071,0.2532
11492,train,1.5833,0.1521
11493,train,1.8079,0.2535
11494,train,1.3158,0.0682
11495,val,3.1321,0.8656
11496,val,2.4763,0.6220
11497,train,0.8617,0.0071
11498,train,2.6942,0.7268
11499,val,3.3115,0.9017
11500,train,1.9109,0.3096
11501,test,2.1750,0.4629
11502,train,2.6551,0.7115
11503,train,3.3110,0.9017
11504,test,2.7125,0.7342
11505,train,2.4907,0.6297
11506,train,2.0690,0.3974
11507,train,2.6105,0.6904
11508,test,3.2778,0.8959
11509,train,1.4931,0.1178
11510,train,1.3169,0.0686
11511,train,3.0618,0.8493
11512,train,4.8559,0.9940
11513,train,3.0874,0.8554
11514,train,1.7819,0.2402
11515,train,1.0738,0.0254
11516,train,3.3613,0.9098
11517,train,0.9955,0.0165
11518,val,2.6896,0.7253
11519,train,1.8666,0.2860
11520,val,3.5582,0.9369
11521,train,2.3290,0.5466
11522,train,2.2212,0.4883
11523,train,2.7696,0.7559
11524,train,2.5296,0.6484
11525,val,3.5160,0.9313
11526,train,1.6545,0.1813
11527,val,2.7349,0.7434
11528,train,1.4284,0.0969
11529,val,2.6417,0.7049
11530,val,2.6819,0.7219
11531,test,2.4341,0.6018
11532,train,1.1478,0.0349
11533,train,4.2575,0.9828
11534,train,1.6488,0.1789
11535,train,1.9972,0.3560
11536,train,2.8047,0.7676
11537,train,1.2852,0.0601
11538,train,2.1689,0.4576
11539,train,2.3497,0.5581
11540,train,2.6009,0.6866
11541,train,0.5733,0.0007
11542,train,1.0884,0.0273
11543,test,2.1137,0.4236
11544,train,1.3599,0.0793
11545,train,2.1012,0.4170
11546,val,4.1691,0.9801
11547,train,2.6124,0.6914
11548,train,1.3915,0.0867
11549,train,1.9771,0.3454
11550,train,1.7929,0.2464
11551,train,2.7034,0.7312
11552,train,2.2702,0.5145
11553,train,2.0025,0.3594
11554,train,2.8031,0.7670
11555,train,1.9670,0.3402
11556,val,2.4540,0.6114
11557,train,2.5334,0.6511
11558,train,2.0018,0.3589
11559,train,2.5320,0.6502
11560,val,2.7609,0.7525
11561,train,2.0983,0.4148
11562,train,3.5480,0.9355
11563,train,3.0037,0.8337
11564,val,2.4880,0.6286
11565,test,2.5429,0.6562
11566,train,1.7525,0.2251
11567,train,1.8481,0.2764
11568,val,2.6508,0.7090
11569,train,1.5662,0.1455
11570,test,4.0197,0.9730
11571,val,3.6679,0.9469
11572,train,1.9367,0.3237
11573,val,3.2869,0.8975
11574,train,3.8392,0.9621
11575,train,3.4431,0.9217
11576,val,2.9382,0.8133
11577,train,2.2267,0.4919
11578,train,0.8076,0.0045
11579,train,2.9023,0.8015
11580,train,2.2862,0.5234
11581,train,3.4625,0.9249
11582,train,1.4416,0.1019
11583,train,1.7443,0.2203
11584,train,1.1652,0.0383
11585,train,2.9358,0.8125
11586,test,2.5464,0.6575
11587,val,3.3869,0.9145
11588,train,1.3933,0.0870
11589,train,1.7141,0.2051
11590,test,2.0220,0.3703
11591,train,1.9441,0.3281
11592,train,2.2070,0.4803
11593,val,4.3961,0.9865
11594,train,1.0345,0.0210
11595,train,2.2702,0.5146
11596,test,2.6339,0.7014
11597,train,2.1151,0.4245
11598,train,1.3528,0.0777
11599,train,3.1449,0.8690
11600,train,1.6165,0.1661
11601,train,1.7581,0.2285
11602,train,1.8851,0.2964
11603,train,1.8105,0.2549
11604,train,2.2619,0.5100
11605,train,1.6699,0.1877
11606,test,3.3352,0.9059
11607,train,2.1160,0.4248
11608,train,1.7862,0.2427
11609,train,1.1773,0.0402
11610,train,2.6223,0.6965
11611,train,1.2912,0.0615
11612,train,1.9389,0.3252
11613,train,1.0013,0.0173
11614,train,2.8649,0.7886
11615,train,2.1297,0.4317
11616,train,2.0144,0.3654
11617,train,1.5840,0.1527
11618,train,3.2138,0.8847
11619,val,3.2637,0.8929
11620,test,3.4010,0.9165
11621,test,2.2796,0.5198
11622,val,2.4145,0.5912
11623,train,2.2770,0.5186
11624,train,4.4522,0.9879
11625,train,1.1681,0.0389
11626,train,2.4869,0.6283
11627,test,3.8902,0.9659
11628,train,1.4443,0.1025
11629,val,5.0186,0.9957
11630,train,2.1716,0.4604
11631,test,1.5536,0.1404
11632,train,3.0069,0.8348
11633,test,2.9280,0.8105
11634,train,1.6997,0.1985
11635,train,1.7113,0.2041
11636,train,1.8494,0.2771
11637,train,1.9553,0.3338
11638,train,3.3682,0.9111
11639,train,1.5453,0.1375
11640,test,3.2069,0.8831
11641,val,2.5164,0.6432
11642,train,1.2298,0.0477
11643,train,1.7851,0.2423
11644,train,2.3504,0.5584
11645,train,2.1356,0.4348
11646,train,1.3916,0.0868
11647,val,3.1864,0.8788
11648,train,1.4700,0.1103
11649,val,3.7153,0.9513
11650,val,3.9944,0.9720
11651,train,1.6222,0.1685
11652,val,3.1525,0.8707
11653,train,1.4947,0.1184
11654,train,2.5471,0.6580
11655,train,1.9352,0.3232
11656,train,2.3793,0.5728
11657,train,1.5989,0.1578
11658,train,3.1275,0.8649
11659,train,2.0805,0.4041
11660,test,3.9012,0.9669
11661,train,1.3135,0.0677
11662,train,2.1174,0.4256
11663,train,2.0963,0.4135
11664,train,1.5737,0.1487
11665,test,2.7703,0.7562
11666,train,3.1841,0.8783
11667,train,1.3836,0.0847
11668,train,2.1423,0.4393
11669,train,3.1744,0.8761
11670,val,3.1185,0.8633
11671,train,3.0461,0.8459
11672,train,2.6510,0.7092
11673,train,1.7782,0.2388
11674,train,1.7144,0.2053
11675,train,1.6390,0.1745
11676,train,1.9280,0.3188
11677,train,2.5148,0.6421
11678,train,3.0525,0.8471
11679,train,2.2800,0.5204
11680,train,1.5296,0.1322
11681,train,1.2249,0.0469
11682,train,2.4972,0.6329
11683,val,1.9358,0.3234
11684,train,2.1751,0.4630
11685,train,0.9101,0.0096
11686,train,1.5434,0.1367
11687,train,1.2618,0.0549
11688,train,2.4202,0.5944
11689,val,2.0075,0.3617
11690,val,2.7254,0.7392
11691,train,2.1463,0.4415
11692,train,2.2337,0.4964
11693,train,2.4570,0.6128
11694,train,1.9750,0.3444
11695,train,2.5912,0.6812
11696,val,2.2160,0.4856
11697,train,3.1255,0.8644
11698,test,3.2609,0.8921
11699,val,1.9927,0.3540
11700,train,1.8976,0.3027
11701,test,2.1335,0.4336
11702,train,2.1440,0.4400
11703,val,2.5857,0.6778
11704,test,2.5640,0.6671
11705,val,2.9852,0.8292
11706,train,3.8929,0.9663
11707,train,1.7104,0.2039
11708,train,1.3103,0.0667
11709,train,2.1040,0.4186
11710,train,3.0057,0.8343
11711,val,3.3493,0.9077
11712,train,1.6911,0.1960
11713,train,1.9553,0.3337
11714,train,2.2546,0.5066
11715,train,2.1608,0.4523
11716,train,2.8801,0.7929
11717,val,2.4200,0.5942
11718,train,2.3353,0.5499
11719,train,2.0488,0.3859
11720,train,2.8049,0.7678
11721,train,1.5057,0.1220
11722,train,1.7669,0.2337
11723,test,2.0046,0.3603
11724,test,3.3150,0.9022
11725,train,1.7537,0.2258
11726,test,2.6215,0.6959
11727,train,1.8742,0.2894
11728,val,3.2821,0.8967
11729,train,1.2375,0.0496
11730,train,1.2719,0.0568
11731,train,2.8858,0.7957
11732,val,3.2086,0.8837
11733,train,2.2840,0.5223
11734,val,2.6066,0.6889
11735,train,2.7227,0.7380
11736,train,2.6187,0.6948
11737,test,2.4922,0.6302
11738,train,1.7427,0.2193
11739,train,2.9704,0.8239
11740,train,1.8387,0.2703
11741,train,2.4415,0.6060
11742,val,2.1114,0.4228
11743,train,1.3181,0.0689
11744,train,3.0604,0.8489
11745,val,3.8049,0.9593
11746,train,2.7381,0.7442
11747,train,2.4999,0.6346
11748,train,1.3036,0.0649
11749,train,1.6906,0.1958
11750,val,2.9507,0.8166
11751,test,2.7179,0.7360
11752,test,2.7179,0.7360
11753,train,1.1790,0.0405
11754,test,2.2418,0.5002
11755,train,2.1409,0.4385
11756,test,3.0140,0.8370
11757,train,2.1683,0.4573
11758,train,3.5508,0.9359
11759,train,2.3900,0.5790
11760,train,1.0335,0.0209
11761,train,2.2077,0.4806
11762,val,3.4472,0.9223
11763,train,1.4426,0.1021
11764,val,4.4788,0.9885
11765,train,2.0996,0.4158
11766,train,1.5291,0.1321
11767,val,2.1684,0.4574
11768,train,1.9972,0.3560
11769,val,2.5946,0.6831
11770,train,1.7920,0.2460
11771,test,2.1021,0.4176
11772,train,2.4886,0.6288
11773,train,3.0238,0.8391
11774,test,2.9994,0.8326
11775,val,4.2766,0.9832
11776,train,2.2260,0.4915
11777,train,1.8815,0.2942
11778,test,3.0572,0.8483
11779,train,2.5548,0.6622
11780,train,3.1822,0.8777
11781,test,2.6690,0.7169
11782,train,2.3400,0.5527
11783,train,1.9081,0.3080
11784,train,1.9963,0.3556
11785,train,1.5095,0.1239
11786,train,2.2268,0.4920
11787,train,2.5155,0.6427
11788,test,2.3711,0.5682
11789,train,2.3449,0.5555
11790,train,3.1060,0.8611
11791,train,2.0580,0.3910
11792,train,1.8035,0.2514
11793,train,1.9514,0.3315
11794,train,1.6680,0.1869
11795,train,2.0018,0.3588
11796,train,1.9793,0.3464
11797,train,4.6926,0.9915
11798,val,2.6080,0.6894
11799,train,1.8948,0.3011
11800,train,2.0105,0.3633
11801,train,1.5382,0.1344
11802,train,2.9365,0.8127
11803,train,1.8141,0.2563
11804,train,2.0166,0.3668
11805,test,2.0341,0.3782
11806,train,3.7127,0.9511
11807,train,1.7262,0.2113
11808,train,1.8494,0.2772
11809,val,3.9070,0.9673
11810,test,3.5047,0.9298
11811,val,2.6983,0.7294
11812,train,3.0136,0.8369
11813,train,2.4056,0.5867
11814,train,1.8115,0.2554
11815,train,1.2565,0.0534
11816,test,1.9429,0.3276
11817,train,2.1210,0.4276
11818,train,1.9367,0.3238
11819,val,3.1807,0.8776
11820,train,2.0668,0.3960
11821,test,3.5794,0.9386
11822,train,2.5546,0.6620
11823,test,1.8247,0.2620
11824,val,2.5647,0.6678
11825,train,1.7436,0.2199
11826,train,2.7007,0.7301
11827,train,1.8459,0.2742
11828,train,2.5466,0.6576
11829,train,2.5601,0.6652
11830,train,0.9188,0.0101
11831,train,1.6462,0.1779
11832,train,2.2326,0.4959
11833,train,1.6468,0.1780
11834,train,2.1700,0.4586
11835,train,2.6947,0.7271
11836,train,2.6719,0.7178
11837,train,1.2884,0.0609
11838,train,2.0349,0.3787
11839,train,2.5045,0.6370
11840,train,3.0923,0.8574
11841,train,1.8959,0.3019
11842,train,1.2762,0.0578
11843,train,3.2243,0.8866
11844,train,2.0646,0.3941
11845,train,1.4712,0.1107
11846,test,2.5548,0.6622
11847,train,1.7048,0.2009
11848,train,1.1726,0.0395
11849,train,1.6664,0.1864
11850,train,2.0920,0.4107
11851,test,2.1361,0.4354
11852,train,2.0836,0.4062
11853,train,2.5563,0.6629
11854,test,3.1744,0.8761
11855,val,2.8801,0.7930
11856,train,2.4186,0.5934
11857,train,1.4730,0.1112
11858,train,1.9313,0.3208
11859,train,2.2212,0.4882
11860,train,2.1926,0.4727
11861,val,2.2572,0.5078
11862,train,2.6303,0.6996
11863,test,4.7385,0.9923
11864,train,2.1407,0.4384
11865,train,1.8679,0.2864
11866,train,1.4747,0.1119
11867,val,3.1190,0.8633
11868,train,1.5677,0.1461
11869,train,2.3747,0.5702
11870,test,2.9643,0.8220
11871,train,2.9087,0.8038
11872,train,1.4662,0.1089
11873,val,3.1783,0.8770
11874,train,1.9714,0.3426
11875,train,2.0090,0.3624
11876,val,3.2982,0.8990
11877,train,2.4087,0.5880
11878,train,2.5372,0.6536
11879,train,1.7985,0.2495
11880,train,2.1481,0.4428
11881,train,2.9696,0.8236
11882,train,1.4864,0.1157
11883,train,1.5917,0.1559
11884,train,1.8591,0.2817
11885,train,2.1612,0.4525
11886,test,2.5532,0.6611
11887,train,1.7626,0.2311
11888,train,1.9946,0.3547
11889,train,2.0201,0.3691
11890,train,2.1701,0.4587
11891,train,1.3680,0.0814
11892,train,2.8507,0.7842
11893,test,2.4185,0.5934
11894,train,1.6891,0.1951
11895,train,1.7777,0.2387
11896,val,2.2783,0.5193
11897,train,1.8837,0.2958
11898,val,2.6779,0.7206
11899,val,2.0554,0.3894
11900,train,2.5391,0.6546
11901,train,2.2840,0.5224
11902,test,2.6976,0.7288
11903,train,2.2939,0.5276
11904,val,2.5615,0.6654
11905,train,2.6855,0.7234
11906,train,0.9773,0.0149
11907,train,2.3249,0.5446
11908,train,2.6962,0.7283
11909,train,2.2692,0.5141
11910,train,1.5867,0.1539
11911,train,1.2115,0.0449
11912,train,1.6096,0.1622
11913,train,2.1108,0.4224
11914,train,2.1456,0.4411
11915,val,2.6453,0.7068
11916,val,2.9052,0.8024
11917,val,1.8826,0.2950
11918,train,3.5358,0.9338
11919,train,2.2456,0.5020
11920,train,2.9020,0.8014
11921,train,1.7694,0.2349
11922,train,1.3410,0.0744
11923,train,2.0829,0.4058
11924,train,2.2923,0.5266
11925,train,1.9248,0.3177
11926,train,1.8887,0.2984
11927,test,3.1763,0.8766
11928,train,1.9248,0.3176
11929,train,2.4746,0.6214
11930,train,2.0528,0.3883
11931,train,1.5369,0.1341
11932,train,1.9764,0.3449
11933,train,1.7039,0.2004
11934,train,0.9443,0.0119
11935,train,1.7962,0.2482
11936,train,3.0534,0.8474
11937,train,2.3540,0.5604
11938,train,2.2799,0.5204
11939,train,1.9666,0.3397
11940,train,1.2989,0.0635
11941,train,1.9148,0.3114
11942,train,2.3389,0.5519
11943,train,1.6596,0.1834
11944,train,2.3539,0.5602
11945,train,2.2420,0.5003
11946,test,2.5697,0.6709
11947,train,2.6618,0.7140
11948,train,1.5096,0.1240
11949,train,2.3925,0.5806
11950,train,2.1783,0.4648
11951,test,2.2461,0.5022
11952,val,2.9725,0.8247
11953,test,3.2278,0.8871
11954,val,3.4922,0.9280
11955,test,2.0334,0.3777
11956,train,2.0487,0.3858
11957,val,2.3417,0.5536
11958,train,2.2612,0.5096
11959,train,2.0428,0.3828
11960,train,1.7989,0.2497
11961,train,2.3152,0.5402
11962,test,2.5449,0.6570
11963,train,2.0847,0.4067
11964,train,2.2725,0.5158
11965,test,2.5891,0.6798
11966,train,1.4744,0.1117
11967,test,2.0313,0.3761
11968,train,3.3317,0.9051
11969,train,1.6881,0.1944
11970,train,2.0563,0.3898
11971,test,2.8443,0.7819
11972,train,1.8209,0.2604
11973,train,2.2660,0.5129
11974,train,2.3974,0.5830
11975,train,1.9598,0.3358
11976,train,1.5105,0.1246
11977,train,2.6157,0.6934
11978,train,1.4898,0.1165
11979,val,2.5930,0.6824
11980,train,2.1043,0.4187
11981,test,2.3997,0.5848
11982,train,2.0497,0.3864
11983,train,3.1365,0.8665
11984,test,2.5545,0.6619
11985,train,1.6411,0.1753
11986,train,1.8058,0.2526
11987,train,3.7716,0.9560
11988,train,2.8970,0.7995
11989,train,2.0455,0.3842
11990,test,2.6552,0.7116
11991,train,1.2621,0.0549
11992,train,1.8271,0.2634
11993,train,2.0902,0.4096
11994,train,1.6876,0.1942
11995,train,1.5725,0.1481
11996,val,3.9009,0.9668
11997,train,1.8994,0.3037
11998,train,1.7540,0.2261
11999,train,1.6792,0.1911
12000,train,3.0183,0.8375
12001,train,2.7287,0.7408
12002,train,1.4280,0.0967
12003,train,2.4633,0.6158
12004,test,3.2010,0.8819
12005,val,2.3561,0.5616
12006,val,2.1321,0.4331
12007,test,2.1573,0.4494
12008,train,2.2544,0.5064
12009,train,2.0623,0.3930
12010,train,1.3377,0.0736
12011,test,2.3082,0.5354
12012,train,2.1910,0.4718
12013,val,2.4329,0.6011
12014,train,2.3548,0.5610
12015,train,1.7715,0.2363
12016,train,3.7923,0.9583
12017,train,1.4207,0.0943
12018,val,2.5294,0.6482
12019,train,1.7132,0.2048
12020,train,3.5358,0.9339
12021,train,2.2485,0.5036
12022,val,2.9060,0.8027
12023,test,2.6142,0.6926
12024,train,1.2113,0.0447
12025,train,1.6241,0.1693
12026,train,1.7365,0.2163
12027,train,1.7523,0.2250
12028,train,1.7912,0.2456
12029,test,2.2735,0.5164
12030,val,3.3414,0.9065
12031,test,2.4837,0.6265
12032,train,3.6897,0.9487
12033,train,2.1692,0.4578
12034,val,2.0525,0.3882
12035,test,3.0923,0.8573
12036,train,2.2057,0.4798
12037,val,1.8819,0.2945
12038,train,1.7944,0.2475
12039,train,1.8654,0.2855
12040,train,1.1957,0.0425
12041,test,3.0057,0.8342
12042,train,2.4751,0.6216
12043,train,3.1684,0.8744
12044,test,2.7004,0.7300
12045,train,2.2601,0.5091
12046,val,3.2624,0.8925
12047,train,1.9281,0.3188
12048,train,1.6114,0.1634
12049,train,2.1590,0.4515
12050,val,3.0648,0.8501
12051,train,2.1675,0.4568
12052,train,2.3701,0.5678
12053,train,2.4696,0.6188
12054,train,2.1664,0.4561
12055,train,2.4516,0.6104
12056,test,2.2673,0.5134
12057,test,2.9663,0.8227
12058,train,2.0277,0.3740
12059,train,3.3515,0.9085
12060,test,2.7119,0.7340
12061,train,1.7828,0.2407
12062,val,2.7282,0.7406
12063,train,2.1316,0.4329
12064,test,2.4608,0.6148
12065,val,2.0506,0.3868
12066,val,2.9448,0.8149
12067,train,1.0022,0.0174
12068,train,2.7731,0.7572
12069,train,3.1815,0.8777
12070,train,2.6658,0.7156
12071,test,3.8535,0.9631
12072,train,0.7175,0.0023
12073,test,3.1671,0.8741
12074,train,2.1466,0.4420
12075,train,2.2704,0.5148
12076,train,2.1410,0.4387
12077,train,3.6958,0.9493
12078,train,1.8149,0.2569
12079,train,1.0914,0.0279
12080,train,2.3098,0.5364
12081,test,2.4742,0.6210
12082,train,1.6185,0.1668
12083,train,2.6316,0.7005
12084,val,1.9656,0.3390
12085,train,2.9637,0.8218
12086,train,4.5512,0.9899
12087,train,1.6196,0.1675
12088,train,2.0946,0.4125
12089,val,2.6959,0.7281
12090,test,2.5136,0.6416
12091,train,2.0813,0.4044
12092,train,1.8670,0.2861
12093,val,2.5746,0.6728
12094,train,2.2016,0.4778
12095,test,3.0032,0.8336
12096,train,1.5368,0.1340
12097,test,2.0201,0.3692
12098,test,3.3446,0.9070
12099,train,2.0971,0.4140
12100,train,1.5884,0.1546
12101,test,3.7335,0.9531
12102,train,3.3618,0.9099
12103,train,1.5120,0.1256
12104,test,3.0436,0.8451
12105,train,3.4264,0.9197
12106,train,2.3147,0.5398
12107,train,2.5647,0.6676
12108,train,1.2809,0.0591
12109,train,3.0729,0.8521
12110,train,1.5967,0.1571
12111,train,2.5187,0.6442
12112,train,1.9115,0.3099
12113,test,3.1230,0.8641
12114,val,1.9834,0.3484
12115,val,4.0428,0.9742
12116,train,3.1689,0.8745
12117,val,2.4552,0.6119
12118,train,2.5331,0.6509
12119,test,2.8156,0.7714
12120,train,2.7733,0.7573
12121,train,1.8559,0.2802
12122,train,1.9281,0.3189
12123,train,2.2866,0.5236
12124,train,2.2158,0.4854
12125,train,2.8475,0.7831
12126,val,3.8079,0.9599
12127,train,2.0670,0.3962
12128,train,2.3796,0.5730
12129,train,1.9254,0.3180
12130,train,1.9188,0.3142
12131,train,2.0981,0.4146
12132,train,1.6331,0.1725
12133,train,2.4115,0.5895
12134,train,2.8130,0.7709
12135,train,2.1269,0.4302
12136,test,1.7640,0.2321
12137,test,3.2638,0.8930
12138,train,2.9513,0.8167
12139,train,2.2643,0.5116
12140,test,3.0849,0.8550
12141,train,1.0145,0.0183
12142,train,3.5376,0.9344
12143,train,2.4256,0.5976
12144,train,2.0295,0.3752
12145,train,2.0026,0.3595
12146,val,2.6690,0.7170
12147,train,1.6009,0.1585
12148,train,1.9253,0.3179
12149,train,2.0114,0.3636
12150,train,1.9074,0.3075
12151,train,3.1768,0.8767
12152,train,1.9329,0.3216
12153,train,2.2046,0.4796
12154,train,2.1071,0.4202
12155,train,1.8966,0.3025
12156,train,2.0793,0.4036
12157,train,1.4282,0.0968
12158,train,0.8865,0.0083
12159,train,1.9794,0.3465
12160,train,1.2867,0.0605
12161,test,2.3851,0.5760
12162,train,1.7975,0.2488
12163,train,1.4231,0.0949
12164,train,1.4245,0.0953
12165,train,1.2517,0.0522
12166,train,2.2195,0.4874
12167,val,2.8948,0.7989
12168,train,2.0674,0.3964
12169,train,1.0775,0.0259
12170,train,3.4568,0.9241
12171,train,1.4229,0.0949
12172,train,2.5993,0.6858
12173,train,1.9193,0.3146
12174,train,3.8461,0.9625
12175,test,3.3696,0.9113
12176,train,2.3381,0.5515
12177,val,2.4751,0.6216
12178,train,1.2038,0.0438
12179,train,2.1776,0.4646
12180,train,2.3735,0.5695
12181,val,2.7646,0.7543
12182,train,1.9112,0.3098
12183,train,2.9559,0.8188
12184,train,1.9466,0.3290
12185,val,2.7577,0.7505
12186,train,2.8480,0.7833
12187,train,2.4714,0.6199
12188,train,1.4726,0.1111
12189,test,2.0563,0.3898
12190,train,1.4676,0.1093
12191,test,2.4958,0.6320
12192,train,1.9670,0.3401
12193,train,2.5256,0.6470
12194,train,1.9491,0.3305
12195,train,2.0395,0.3814
12196,train,2.7527,0.7496
12197,test,2.7345,0.7432
12198,train,2.1140,0.4238
12199,train,2.3152,0.5401
12200,train,1.8821,0.2946
12201,val,2.6016,0.6868
12202,train,2.4530,0.6108
12203,train,1.9905,0.3525
12204,train,1.3848,0.0851
12205,train,1.1884,0.0415
12206,train,0.8967,0.0089
12207,train,3.3092,0.9011
12208,train,0.9357,0.0111
12209,train,1.8914,0.2996
12210,val,2.9071,0.8031
12211,train,2.4346,0.6021
12212,test,2.2420,0.5005
12213,train,2.6249,0.6973
12214,val,2.8204,0.7734
12215,val,2.2113,0.4826
12216,val,1.9688,0.3412
12217,test,2.7263,0.7398
12218,train,1.7360,0.2161
12219,val,2.4467,0.6091
12220,train,1.2855,0.0603
12221,test,2.8695,0.7903
12222,train,2.0991,0.4156
12223,train,1.5927,0.1562
12224,train,2.1913,0.4721
12225,test,6.6162,0.9995
12226,train,2.2257,0.4910
12227,train,2.2019,0.4781
12228,train,2.1466,0.4419
12229,train,2.1433,0.4396
12230,train,2.0745,0.4002
12231,train,1.8084,0.2539
12232,train,0.9921,0.0163
12233,val,2.8845,0.7950
12234,train,1.6439,0.1768
12235,train,2.4317,0.6004
12236,val,3.3045,0.9003
12237,train,1.5909,0.1557
12238,train,3.3096,0.9012
12239,train,2.1658,0.4556
12240,train,2.3872,0.5777
12241,val,2.8998,0.8003
12242,val,2.4252,0.5972
12243,train,1.2555,0.0531
12244,train,2.8510,0.7843
12245,val,2.5963,0.6841
12246,train,1.1505,0.0355
12247,val,2.9192,0.8077
12248,train,1.9673,0.3403
12249,train,1.7203,0.2079
12250,train,1.4361,0.0999
12251,train,2.0137,0.3648
12252,train,2.1854,0.4690
12253,train,3.1871,0.8789
12254,train,1.7189,0.2075
12255,train,2.5718,0.6716
12256,val,2.4695,0.6188
12257,train,1.9229,0.3164
12258,train,2.0185,0.3681
12259,test,3.8607,0.9635
12260,train,1.3453,0.0757
12261,test,3.4824,0.9271
12262,train,0.8484,0.0065
12263,train,3.0408,0.8441
12264,val,2.7184,0.7364
12265,train,1.5157,0.1271
12266,train,2.9728,0.8248
12267,train,2.5349,0.6520
12268,train,1.8477,0.2756
12269,test,3.0822,0.8544
12270,train,2.4340,0.6017
12271,train,1.1886,0.0415
12272,train,2.2770,0.5185
12273,train,2.1033,0.4184
12274,train,1.9533,0.3324
12275,test,2.5841,0.6767
12276,test,2.1694,0.4582
12277,val,2.9772,0.8263
12278,train,1.5091,0.1237
12279,val,2.3753,0.5708
12280,test,1.9708,0.3422
12281,train,2.5308,0.6492
12282,train,2.6809,0.7216
12283,train,1.8646,0.2848
12284,train,1.3330,0.0725
12285,val,3.0400,0.8439
12286,test,3.2193,0.8855
12287,test,3.0947,0.8580
12288,train,1.2642,0.0555
12289,train,1.2192,0.0460
12290,train,2.5733,0.6724
12291,train,2.8074,0.7688
12292,test,2.4193,0.5938
12293,train,2.6734,0.7183
12294,train,1.2690,0.0563
12295,train,1.4755,0.1121
12296,val,3.3648,0.9104
12297,train,1.1825,0.0409
12298,train,2.6859,0.7236
12299,train,2.2084,0.4810
12300,train,1.9274,0.3186
12301,train,2.0563,0.3899
12302,val,2.9625,0.8213
12303,train,2.4958,0.6322
12304,train,2.2818,0.5212
12305,val,2.3579,0.5625
12306,train,1.5736,0.1486
12307,val,2.6171,0.6942
12308,train,1.4779,0.1133
12309,train,1.9437,0.3280
12310,val,3.7128,0.9511
12311,val,2.6763,0.7194
12312,train,1.7080,0.2029
12313,val,3.4358,0.9208
12314,train,2.5626,0.6661
12315,train,2.8561,0.7858
12316,train,3.4958,0.9285
12317,train,3.1008,0.8597
12318,train,1.9218,0.3159
12319,train,1.5172,0.1274
12320,train,3.2074,0.8833
12321,train,1.2776,0.0582
12322,train,2.2244,0.4904
12323,train,1.9304,0.3198
12324,train,1.3949,0.0877
12325,test,2.6085,0.6899
12326,train,2.7045,0.7318
12327,train,2.2921,0.5265
12328,train,1.2738,0.0573
12329,test,2.4691,0.6185
12330,val,2.8891,0.7967
12331,test,2.7386,0.7443
12332,train,2.0945,0.4124
12333,val,2.6110,0.6907
12334,train,1.0311,0.0206
12335,train,2.0986,0.4151
12336,train,3.0470,0.8463
12337,test,3.2933,0.8982
12338,train,1.9648,0.3388
12339,test,2.9634,0.8217
12340,train,2.4169,0.5925
12341,train,1.9524,0.3319
12342,val,2.3867,0.5773
12343,test,2.9884,0.8300
12344,train,1.7492,0.2231
12345,train,1.5208,0.1291
12346,train,2.5170,0.6434
12347,val,2.9629,0.8215
12348,train,3.2642,0.8933
12349,train,2.1003,0.4167
12350,train,2.0584,0.3912
12351,test,3.2227,0.8862
12352,train,2.0406,0.3818
12353,train,2.2618,0.5098
12354,test,4.1862,0.9803
12355,train,1.8884,0.2982
12356,test,2.8220,0.7743
12357,train,1.3618,0.0800
12358,train,2.0338,0.3778
12359,test,2.9219,0.8089
12360,train,1.7011,0.1991
12361,val,2.4698,0.6191
12362,train,1.7046,0.2006
12363,train,2.1052,0.4194
12364,train,2.1137,0.4234
12365,train,2.5547,0.6620
12366,test,2.6973,0.7286
12367,train,1.8363,0.2689
12368,train,1.7602,0.2296
12369,train,2.8384,0.7799
12370,train,2.0976,0.4143
12371,train,0.8141,0.0051
12372,train,1.7912,0.2457
12373,val,3.5346,0.9336
12374,train,2.4404,0.6050
12375,val,3.2286,0.8873
12376,val,3.1359,0.8664
12377,test,2.8189,0.7727
12378,val,2.7937,0.7643
12379,train,2.8737,0.7913
12380,train,1.7425,0.2191
12381,train,4.3185,0.9841
12382,train,2.6646,0.7152
12383,train,2.8191,0.7729
12384,train,1.9339,0.3222
12385,train,2.5119,0.6407
12386,train,0.6679,0.0015
12387,train,1.7054,0.2013
12388,train,2.1113,0.4228
12389,test,2.4938,0.6309
12390,train,3.1086,0.8615
12391,train,2.2185,0.4867
12392,train,2.2611,0.5095
12393,train,1.1485,0.0351
12394,val,2.7297,0.7412
12395,test,2.5960,0.6840
12396,train,1.7061,0.2017
12397,train,2.0427,0.3827
12398,test,2.0998,0.4161
12399,test,3.8763,0.9649
12400,train,1.8968,0.3026
12401,val,3.5274,0.9329
12402,train,1.5192,0.1284
12403,train,2.1324,0.4332
12404,train,1.6266,0.1702
12405,test,3.3004,0.8995
12406,train,1.0911,0.0278
12407,train,1.8625,0.2837
12408,train,2.4594,0.6143
12409,train,1.8792,0.2924
12410,train,1.9378,0.3245
12411,train,0.8487,0.0065
12412,train,1.5289,0.1319
12413,train,2.7311,0.7422
12414,train,1.8226,0.2610
12415,val,2.3887,0.5783
12416,train,0.8336,0.0058
12417,train,6.3504,0.9991
12418,test,2.8877,0.7961
12419,val,2.8197,0.7731
12420,train,3.3938,0.9154
12421,train,1.9323,0.3213
12422,train,0.8138,0.0049
12423,train,1.5403,0.1353
12424,train,1.5521,0.1399
12425,train,1.1565,0.0372
12426,train,1.7699,0.2353
12427,train,2.0076,0.3618
12428,train,3.6470,0.9450
12429,test,2.5113,0.6402
12430,test,2.4990,0.6342
12431,train,2.6330,0.7012
12432,train,1.9340,0.3224
12433,train,1.3050,0.0653
12434,train,1.1955,0.0425
12435,train,1.8580,0.2811
12436,val,2.1621,0.4532
12437,train,1.4955,0.1188
12438,train,1.9661,0.3394
12439,train,1.7576,0.2280
12440,train,2.1198,0.4270
12441,train,1.5981,0.1575
12442,test,2.0362,0.3794
12443,test,2.1961,0.4746
12444,train,1.1025,0.0289
12445,val,3.0378,0.8434
12446,train,1.7024,0.1995
12447,test,2.1799,0.4656
12448,val,2.4888,0.6290
12449,train,2.1534,0.4458
12450,train,2.4200,0.5943
12451,test,2.5937,0.6828
12452,test,2.1585,0.4508
12453,train,2.3226,0.5436
12454,val,2.6600,0.7134
12455,test,2.0345,0.3784
12456,test,3.4219,0.9188
12457,val,3.3616,0.9099
12458,train,4.6925,0.9915
12459,train,1.1696,0.0391
12460,train,1.5776,0.1499
12461,train,1.7617,0.2305
12462,train,1.6402,0.1751
12463,test,4.0532,0.9745
12464,train,1.4006,0.0892
12465,train,2.1909,0.4718
12466,train,1.2936,0.0621
12467,train,2.5847,0.6770
12468,train,2.2811,0.5208
12469,test,2.8603,0.7869
12470,val,4.2818,0.9835
12471,test,2.3601,0.5635
12472,train,1.5542,0.1406
12473,val,2.4765,0.6221
12474,train,1.7522,0.2249
12475,train,2.1774,0.4644
12476,train,1.6056,0.1607
12477,train,2.3462,0.5559
12478,val,2.5577,0.6637
12479,val,1.9477,0.3296
12480,train,1.5248,0.1302
12481,val,3.0917,0.8571
12482,train,1.9969,0.3558
12483,train,1.2908,0.0615
12484,train,1.7863,0.2429
12485,train,2.0957,0.4132
12486,train,2.2461,0.5022
12487,val,3.6338,0.9436
12488,val,2.1148,0.4243
12489,train,1.5539,0.1405
12490,train,2.4777,0.6228
12491,train,0.9588,0.0129
12492,test,4.2373,0.9819
12493,val,2.8682,0.7897
12494,val,2.5701,0.6711
12495,train,1.3172,0.0687
12496,train,2.1743,0.4626
12497,train,1.5430,0.1365
12498,train,4.5911,0.9903
12499,train,2.3532,0.5600
12500,train,1.3033,0.0647
12501,train,0.9809,0.0154
12502,test,2.7437,0.7458
12503,train,2.6627,0.7142
12504,test,2.6536,0.7108
12505,train,1.3499,0.0768
12506,train,2.0786,0.4029
12507,train,1.8883,0.2980
12508,train,2.8388,0.7801
12509,train,1.8558,0.2802
12510,train,2.0072,0.3614
12511,train,1.8059,0.2526
12512,train,2.5891,0.6796
12513,train,1.8330,0.2673
12514,test,2.4096,0.5885
12515,train,2.2571,0.5077
12516,train,1.5435,0.1369
12517,train,2.9006,0.8006
12518,test,2.7152,0.7352
12519,train,3.3946,0.9155
12520,train,1.6709,0.1881
12521,train,1.2901,0.0613
12522,train,2.9256,0.8099
12523,train,2.3831,0.5753
12524,train,1.9731,0.3435
12525,train,2.3324,0.5486
12526,train,1.4406,0.1016
12527,train,1.3836,0.0846
12528,train,2.0830,0.4058
12529,train,3.1417,0.8681
12530,train,2.0372,0.3801
12531,train,2.0226,0.3707
12532,train,1.3607,0.0797
12533,val,2.9195,0.8079
12534,val,3.2864,0.8974
12535,train,1.6615,0.1841
12536,train,1.4758,0.1123
12537,train,2.1045,0.4188
12538,train,1.2720,0.0571
12539,train,0.8772,0.0079
12540,train,0.9746,0.0146
12541,train,2.2489,0.5038
12542,val,3.2381,0.8889
12543,train,0.6035,0.0009
12544,val,2.5695,0.6707
12545,train,1.4927,0.1177
12546,train,2.0622,0.3928
12547,train,1.8393,0.2709
12548,train,2.0048,0.3604
12549,test,2.0044,0.3602
12550,train,1.7807,0.2399
12551,train,3.0737,0.8523
12552,train,5.1677,0.9966
12553,train,0.9444,0.0120
12554,train,1.8818,0.2944
12555,train,1.5750,0.1491
12556,train,1.5175,0.1275
12557,train,2.0741,0.3998
12558,train,1.4762,0.1125
12559,train,1.8964,0.3023
12560,train,2.3920,0.5803
12561,train,1.4532,0.1052
12562,train,2.1016,0.4172
12563,train,2.0077,0.3619
12564,train,1.8556,0.2800
12565,val,3.1422,0.8683
12566,train,2.8683,0.7898
12567,train,3.0466,0.8461
12568,train,1.8330,0.2672
12569,train,2.4015,0.5856
12570,train,1.9192,0.3144
12571,train,2.4797,0.6243
12572,val,2.4632,0.6158
12573,train,1.3353,0.0731
12574,test,3.0996,0.8591
12575,train,0.8482,0.0064
12576,train,1.8965,0.3024
12577,train,1.5469,0.1378
12578,train,2.3049,0.5334
12579,train,1.3496,0.0767
12580,val,4.0210,0.9732
12581,train,2.9975,0.8320
12582,train,1.9221,0.3160
12583,test,3.2583,0.8917
12584,train,1.6514,0.1799
12585,train,2.4470,0.6092
12586,train,2.2336,0.4962
12587,train,2.2873,0.5241
12588,test,2.8526,0.7847
12589,train,3.6492,0.9453
12590,train,2.5313,0.6498
12591,test,2.7422,0.7453
12592,test,2.1384,0.4369
12593,train,3.7220,0.9519
12594,train,2.7420,0.7452
12595,train,1.6982,0.1980
12596,val,1.6400,0.1749
12597,val,2.3032,0.5328
12598,train,1.3604,0.0795
12599,val,2.3744,0.5700
12600,train,1.9328,0.3215
12601,train,2.4254,0.5975
12602,test,2.4969,0.6327
12603,val,2.6787,0.7208
12604,train,1.1419,0.0338
12605,test,3.5535,0.9363
12606,train,1.1605,0.0377
12607,test,4.3629,0.9856
12608,test,2.3669,0.5665
12609,train,1.1961,0.0429
12610,train,2.9576,0.8193
12611,test,2.6379,0.7034
12612,test,2.5966,0.6843
12613,train,2.9158,0.8065
12614,val,3.7226,0.9520
12615,val,2.6443,0.7062
12616,train,1.6762,0.1896
12617,test,2.1645,0.4544
12618,train,2.6598,0.7132
12619,test,2.3690,0.5674
12620,val,2.4766,0.6222
12621,train,4.3794,0.9862
12622,test,3.7451,0.9539
12623,train,1.6785,0.1907
12624,test,3.3752,0.9124
12625,test,3.5122,0.9305
12626,train,2.2858,0.5229
12627,train,2.6534,0.7105
12628,train,1.8471,0.2751
12629,train,1.2582,0.0539
12630,train,2.5199,0.6446
12631,train,1.9606,0.3362
12632,train,3.0948,0.8581
12633,train,2.0254,0.3724
12634,train,2.1539,0.4464
12635,test,3.6448,0.9448
12636,test,2.7441,0.7463
12637,train,0.8993,0.0090
12638,train,2.3717,0.5686
12639,train,2.4397,0.6045
12640,train,3.6484,0.9452
12641,train,2.5069,0.6384
12642,train,2.6192,0.6951
12643,train,1.2417,0.0500
12644,train,2.2873,0.5240
12645,val,3.4146,0.9177
12646,train,2.3763,0.5714
12647,val,2.7128,0.7342
12648,train,1.6076,0.1614
12649,train,1.4101,0.0917
12650,train,2.8216,0.7739
12651,val,1.8411,0.2714
12652,train,3.4251,0.9194
12653,train,2.3008,0.5310
12654,train,1.7656,0.2330
12655,train,1.5896,0.1549
12656,train,2.7240,0.7388
12657,train,1.8463,0.2746
12658,train,1.9862,0.3500
12659,val,2.3313,0.5478
12660,train,1.6660,0.1862
12661,train,3.0115,0.8361
12662,train,2.0553,0.3894
12663,test,3.5569,0.9365
12664,train,1.1838,0.0411
12665,test,2.5436,0.6564
12666,val,2.7564,0.7503
12667,val,3.1753,0.8763
12668,train,2.9657,0.8225
12669,train,3.2644,0.8935
12670,train,2.9122,0.8048
12671,train,2.1491,0.4433
12672,test,3.4527,0.9234
12673,train,2.0015,0.3586
12674,test,3.7000,0.9497
12675,val,2.5702,0.6712
12676,val,4.6357,0.9909
12677,test,3.3583,0.9092
12678,train,1.7339,0.2148
12679,test,2.9605,0.8205
12680,train,2.4671,0.6173
12681,train,1.7037,0.2003
12682,val,3.7053,0.9503
12683,train,2.4173,0.5927
12684,train,1.5069,0.1225
12685,train,1.9724,0.3430
12686,val,2.2630,0.5107
12687,test,2.3854,0.5762
12688,val,3.4739,0.9263
12689,test,2.7037,0.7314
12690,test,2.9890,0.8301
12691,train,1.6441,0.1771
12692,train,2.3001,0.5305
12693,train,2.1403,0.4381
12694,val,2.6308,0.7001
12695,train,1.6769,0.1901
12696,train,2.8380,0.7797
12697,train,4.6426,0.9911
12698,train,1.7539,0.2259
12699,val,1.8718,0.2880
12700,train,1.4438,0.1025
12701,train,2.9128,0.8052
12702,test,2.6482,0.7079
12703,train,2.0046,0.3602
12704,train,2.6627,0.7143
12705,train,2.1662,0.4560
12706,train,1.4722,0.1108
12707,test,3.1869,0.8789
12708,train,2.6267,0.6982
12709,train,2.1401,0.4380
12710,train,1.9886,0.3514
12711,train,1.1409,0.0336
12712,train,3.0422,0.8445
12713,train,1.7173,0.2067
12714,train,2.9775,0.8265
12715,train,2.1740,0.4621
12716,val,3.0626,0.8496
12717,train,1.7981,0.2493
12718,train,1.4980,0.1198
12719,train,2.3066,0.5342
12720,train,1.5546,0.1407
12721,train,2.4981,0.6335
12722,train,1.6912,0.1961
12723,train,2.2753,0.5178
12724,val,2.7946,0.7648
12725,train,1.6430,0.1763
12726,train,3.5767,0.9384
12727,test,2.4574,0.6132
12728,test,3.1754,0.8764
12729,train,1.6141,0.1647
12730,train,2.0145,0.3656
12731,test,4.0729,0.9761
12732,test,2.3114,0.5376
12733,train,2.6790,0.7209
12734,val,2.0433,0.3832
12735,train,1.8460,0.2743
12736,val,2.1651,0.4549
12737,train,1.3215,0.0698
12738,train,1.7585,0.2287
12739,train,2.5958,0.6838
12740,train,2.1480,0.4428
12741,test,2.6504,0.7089
12742,train,2.8914,0.7975
12743,train,2.3867,0.5772
12744,train,2.2466,0.5026
12745,train,4.1787,0.9802
12746,train,2.0746,0.4003
12747,train,2.1581,0.4502
12748,train,3.4840,0.9273
12749,train,1.6532,0.1809
12750,val,3.3913,0.9151
12751,train,2.0652,0.3948
12752,train,1.5104,0.1244
12753,val,2.2350,0.4968
12754,train,1.8742,0.2895
12755,train,2.2771,0.5186
12756,train,0.8710,0.0076
12757,train,2.6275,0.6987
12758,train,1.6380,0.1741
12759,train,0.9362,0.0111
12760,train,2.8944,0.7988
12761,train,3.4262,0.9196
12762,test,2.5228,0.6454
12763,train,1.9072,0.3074
12764,test,3.0080,0.8351
12765,train,1.5628,0.1440
12766,val,2.3564,0.5618
12767,test,4.2472,0.9823
12768,train,1.5696,0.1470
12769,train,1.4474,0.1035
12770,train,2.3219,0.5430
12771,train,1.2616,0.0548
12772,test,2.9907,0.8309
12773,train,2.1516,0.4448
12774,train,2.1496,0.4436
12775,train,2.7517,0.7493
12776,train,2.5785,0.6750
12777,train,1.0736,0.0253
12778,train,2.3407,0.5530
12779,val,2.4774,0.6226
12780,val,2.4862,0.6280
12781,train,2.3512,0.5590
12782,train,2.1283,0.4308
12783,test,1.9850,0.3495
12784,train,1.4972,0.1197
12785,val,2.2856,0.5228
12786,train,1.7373,0.2165
12787,test,2.2129,0.4835
12788,test,2.6359,0.7022
12789,train,1.3862,0.0855
12790,train,1.5283,0.1317
12791,train,2.6849,0.7230
12792,train,2.9418,0.8142
12793,train,2.7208,0.7374
12794,test,2.4946,0.6314
12795,val,2.6159,0.6935
12796,val,2.3070,0.5345
12797,test,2.6755,0.7191
12798,train,2.8027,0.7669
12799,train,1.9030,0.3053
12800,train,1.5046,0.1215
12801,train,2.3899,0.5790
12802,train,3.0241,0.8392
12803,train,2.0049,0.3605
12804,train,2.1373,0.4360
12805,val,1.8795,0.2928
12806,test,2.6037,0.6876
12807,test,2.9877,0.8297
12808,train,1.8249,0.2622
12809,train,2.0696,0.3977
12810,val,3.2985,0.8992
12811,val,4.3458,0.9849
12812,train,1.2745,0.0575
12813,val,3.6399,0.9444
12814,val,2.3255,0.5449
12815,val,2.3154,0.5402
12816,val,2.9076,0.8033
12817,train,2.4278,0.5986
12818,test,2.3344,0.5493
12819,train,3.0702,0.8517
12820,val,3.3798,0.9130
12821,test,3.2846,0.8971
12822,train,2.0689,0.3974
12823,train,1.5074,0.1229
12824,train,1.4834,0.1147
12825,test,3.6245,0.9429
12826,train,1.9934,0.3543
12827,train,3.1728,0.8758
12828,train,1.7402,0.2179
12829,train,2.3859,0.5766
12830,train,2.2399,0.4993
12831,train,1.4044,0.0901
12832,train,1.8948,0.3012
12833,train,1.7485,0.2225
12834,test,4.5004,0.9890
12835,train,1.4791,0.1137
12836,train,1.8827,0.2952
12837,train,2.5427,0.6560
12838,train,1.5110,0.1251
12839,test,3.3020,0.8998
12840,train,3.4496,0.9228
12841,train,2.7033,0.7310
12842,train,1.0416,0.0215
12843,test,3.2595,0.8919
12844,train,1.4959,0.1191
12845,train,2.3578,0.5624
12846,train,1.5879,0.1543
12847,val,1.9831,0.3482
12848,train,0.9170,0.0101
12849,train,3.1890,0.8796
12850,test,3.0104,0.8357
12851,train,1.3423,0.0748
12852,train,2.7205,0.7372
12853,train,2.6429,0.7055
12854,train,3.8592,0.9635
12855,train,2.4590,0.6140
12856,train,1.8241,0.2618
12857,train,1.5127,0.1259
12858,val,1.9407,0.3260
12859,train,2.6106,0.6905
12860,train,2.2329,0.4960
12861,val,3.8128,0.9604
12862,train,2.0948,0.4126
12863,val,3.2074,0.8832
12864,train,1.8735,0.2891
12865,test,2.7057,0.7321
12866,train,1.2148,0.0453
12867,train,1.6837,0.1925
12868,train,1.7309,0.2134
12869,train,1.3292,0.0716
12870,val,2.8069,0.7687
12871,train,2.7500,0.7484
12872,test,3.7281,0.9527
12873,train,1.7749,0.2372
12874,test,3.1285,0.8651
12875,train,2.1143,0.4241
12876,train,1.4559,0.1063
12877,train,1.8511,0.2780
12878,train,2.4234,0.5965
12879,train,1.9770,0.3452
12880,test,2.3137,0.5391
12881,test,2.8852,0.7954
12882,test,2.4691,0.6184
12883,train,1.7654,0.2329
12884,val,2.5058,0.6378
12885,test,2.9841,0.8288
12886,train,1.7596,0.2292
12887,train,1.3076,0.0661
12888,train,3.0902,0.8567
12889,train,2.0028,0.3596
12890,train,1.9952,0.3551
12891,train,2.4374,0.6034
12892,train,1.0179,0.0187
12893,train,2.5347,0.6519
12894,train,1.5853,0.1535
12895,train,2.4884,0.6286
12896,train,2.0301,0.3755
12897,test,3.1899,0.8797
12898,test,3.0131,0.8366
12899,train,3.2234,0.8863
12900,train,2.3870,0.5774
12901,train,2.4410,0.6056
12902,train,0.7760,0.0039
12903,train,1.6765,0.1900
12904,test,2.1372,0.4360
12905,train,1.6661,0.1863
12906,train,2.5006,0.6352
12907,val,2.4178,0.5930
12908,train,3.5401,0.9346
12909,val,3.4118,0.9173
12910,train,1.5439,0.1370
12911,test,3.2420,0.8897
12912,train,2.3217,0.5428
12913,train,4.5346,0.9896
12914,test,2.4596,0.6144
12915,val,2.7855,0.7611
12916,val,2.5489,0.6589
12917,train,2.1975,0.4758
12918,train,2.0649,0.3944
12919,train,2.0523,0.3881
12920,train,1.8619,0.2834
12921,test,2.9138,0.8055
12922,train,1.2371,0.0494
12923,train,2.2156,0.4852
12924,val,3.4226,0.9189
12925,train,1.8329,0.2670
12926,val,2.8558,0.7857
12927,train,2.4681,0.6179
12928,val,2.3566,0.5619
12929,val,3.1002,0.8594
12930,train,1.1404,0.0334
12931,train,2.0225,0.3706
12932,train,2.7279,0.7404
12933,test,3.9592,0.9701
12934,train,1.4963,0.1194
12935,test,6.5926,0.9994
12936,test,2.5099,0.6395
12937,train,1.9958,0.3553
12938,test,3.4758,0.9265
12939,test,2.8954,0.7991
12940,train,3.3104,0.9015
12941,train,2.9490,0.8159
12942,train,2.1020,0.4174
12943,test,2.4366,0.6030
12944,train,2.0248,0.3719
12945,train,1.8431,0.2722
12946,train,1.0289,0.0201
12947,train,1.9344,0.3226
12948,train,1.3886,0.0861
12949,val,2.3374,0.5510
12950,train,2.3798,0.5731
12951,train,2.4770,0.6224
12952,train,1.6070,0.1611
12953,train,1.5991,0.1579
12954,train,2.5981,0.6853
12955,val,2.1693,0.4578
12956,train,1.9970,0.3559
12957,val,2.0651,0.3946
12958,train,2.2671,0.5133
12959,train,2.1421,0.4390
12960,train,2.3098,0.5366
12961,train,3.9659,0.9706
12962,train,2.9745,0.8251
12963,train,1.5671,0.1458
12964,val,2.8022,0.7667
12965,train,0.9780,0.0150
12966,train,2.2290,0.4933
12967,test,2.3801,0.5733
12968,train,1.6523,0.1805
12969,train,1.3325,0.0725
12970,test,3.4212,0.9186
12971,val,3.3026,0.8999
12972,train,1.2115,0.0449
12973,train,4.7983,0.9933
12974,train,2.1648,0.4545
12975,train,1.4856,0.1155
12976,train,2.1990,0.4762
12977,train,1.8025,0.2512
12978,test,3.8608,0.9636
12979,train,2.3827,0.5750
12980,train,2.3261,0.5453
12981,train,2.6081,0.6896
12982,val,2.3771,0.5719
12983,val,3.6878,0.9485
12984,train,1.2615,0.0547
12985,train,1.0312,0.0207
12986,train,1.9770,0.3452
12987,train,1.6652,0.1859
12988,train,1.2066,0.0441
12989,train,3.1288,0.8652
12990,test,5.9994,0.9989
12991,train,1.6624,0.1845
12992,train,2.3599,0.5633
12993,train,1.7183,0.2073
12994,test,3.8939,0.9665
12995,train,2.6517,0.7096
12996,train,2.5359,0.6525
12997,val,5.0846,0.9962
12998,train,2.2459,0.5020
12999,train,2.4999,0.6346
13000,test,2.3730,0.5690
13001,test,2.4020,0.5858
13002,test,2.5624,0.6660
13003,train,2.6903,0.7258
13004,train,2.0711,0.3982
13005,train,1.9092,0.3086
13006,test,2.2747,0.5172
13007,val,3.3983,0.9161
13008,train,1.5424,0.1362
13009,train,2.2205,0.4876
13010,train,2.0001,0.3578
13011,train,1.5581,0.1419
13012,train,2.2929,0.5270
13013,train,1.1104,0.0297
13014,train,2.5972,0.6847
13015,train,2.8808,0.7933
13016,train,2.2675,0.5134
13017,train,1.5981,0.1575
13018,test,3.9075,0.9674
13019,test,2.9831,0.8285
13020,train,2.7793,0.7594
13021,train,2.2422,0.5006
13022,val,2.5916,0.6816
13023,train,1.5597,0.1427
13024,train,2.9213,0.8085
13025,test,2.8372,0.7791
13026,test,3.3303,0.9048
13027,test,2.9742,0.8251
13028,train,2.0368,0.3797
13029,val,3.1928,0.8801
13030,train,1.8945,0.3008
13031,val,2.6455,0.7072
13032,test,2.7745,0.7577
13033,test,2.5965,0.6842
13034,test,2.9592,0.8201
13035,train,1.7368,0.2163
13036,train,1.6485,0.1788
13037,train,2.2276,0.4923
13038,test,3.6956,0.9492
13039,val,3.0938,0.8577
13040,val,2.0725,0.3990
13041,train,1.5812,0.1513
13042,train,1.7013,0.1991
13043,train,2.2406,0.4995
13044,train,0.9616,0.0132
13045,train,1.3948,0.0877
13046,train,1.7677,0.2341
13047,train,2.0392,0.3813
13048,train,1.7094,0.2033
13049,train,3.8454,0.9624
13050,train,2.0368,0.3796
13051,train,1.9208,0.3154
13052,train,2.5098,0.6394
13053,train,2.5565,0.6630
13054,train,0.9996,0.0169
13055,train,3.7547,0.9547
13056,val,2.9829,0.8285
13057,test,2.0185,0.3682
13058,train,2.6758,0.7193
13059,val,3.7266,0.9524
13060,train,1.6453,0.1775
13061,val,2.7043,0.7316
13062,train,2.4679,0.6176
13063,val,3.9616,0.9703
13064,train,3.7301,0.9529
13065,train,1.5214,0.1293
13066,val,4.8550,0.9939
13067,train,2.1382,0.4366
13068,train,3.0732,0.8522
13069,train,2.0119,0.3638
13070,val,2.2297,0.4937
13071,train,2.5177,0.6438
13072,test,1.4512,0.1044
13073,train,2.1140,0.4239
13074,train,3.8307,0.9615
13075,train,1.6880,0.1943
13076,val,3.3408,0.9064
13077,train,2.8485,0.7835
13078,train,1.8444,0.2732
13079,train,2.5376,0.6537
13080,train,2.1548,0.4472
13081,train,1.8393,0.2708
13082,test,2.5952,0.6834
13083,train,2.6032,0.6874
13084,test,3.3977,0.9159
13085,test,3.3495,0.9078
13086,train,2.1993,0.4766
13087,train,1.6690,0.1873
13088,train,2.7860,0.7615
13089,train,2.3007,0.5309
13090,train,1.3512,0.0771
13091,train,2.0858,0.4074
13092,train,1.8885,0.2982
13093,train,1.9633,0.3377
13094,train,2.4839,0.6266
13095,train,2.0646,0.3942
13096,val,1.6494,0.1791
13097,train,2.0135,0.3646
13098,train,1.4279,0.0967
13099,train,2.4905,0.6296
13100,train,3.0392,0.8437
13101,train,2.5360,0.6526
13102,train,2.3410,0.5532
13103,train,1.6571,0.1827
13104,train,1.8879,0.2978
13105,val,1.9083,0.3083
13106,train,2.2065,0.4802
13107,val,3.6160,0.9425
13108,train,2.3386,0.5517
13109,test,3.1696,0.8747
13110,val,3.0605,0.8490
13111,train,1.7585,0.2287
13112,train,1.8121,0.2557
13113,test,2.8347,0.7783
13114,train,2.0923,0.4111
13115,train,3.5443,0.9353
13116,train,3.4190,0.9183
13117,train,2.5555,0.6624
13118,test,3.8486,0.9627
13119,train,2.5333,0.6510
13120,val,1.8882,0.2979
13121,train,2.5469,0.6578
13122,train,3.7794,0.9571
13123,train,1.5865,0.1536
13124,train,1.5391,0.1347
13125,val,2.1713,0.4601
13126,train,2.5053,0.6375
13127,test,4.0500,0.9745
13128,train,2.1570,0.4490
13129,train,2.0399,0.3816
13130,train,2.5767,0.6738
13131,train,1.9190,0.3144
13132,val,3.0069,0.8347
13133,train,1.4680,0.1093
13134,test,3.3003,0.8994
13135,train,1.5424,0.1361
13136,val,1.5406,0.1355
13137,test,2.1794,0.4653
13138,train,2.6742,0.7185
13139,test,2.8033,0.7673
13140,train,2.6126,0.6915
13141,val,2.8436,0.7818
13142,train,2.2238,0.4900
13143,train,2.1436,0.4398
13144,test,2.5173,0.6434
13145,train,1.0194,0.0189
13146,train,2.6958,0.7279
13147,train,2.2337,0.4963
13148,test,2.3255,0.5448
13149,val,2.9555,0.8187
13150,train,2.0788,0.4032
13151,train,1.8320,0.2662
13152,val,2.1782,0.4647
13153,val,2.7474,0.7475
13154,train,2.3733,0.5692
13155,val,2.6767,0.7196
13156,train,1.2520,0.0523
13157,test,3.1701,0.8750
13158,train,1.8602,0.2822
13159,test,2.4600,0.6144
13160,train,1.3907,0.0865
13161,train,2.2145,0.4846
13162,train,1.6674,0.1867
13163,train,3.0496,0.8466
13164,val,2.6862,0.7239
13165,train,1.9308,0.3203
13166,test,3.5843,0.9393
13167,train,3.1168,0.8629
13168,train,1.7991,0.2499
13169,train,1.7649,0.2325
13170,train,1.6627,0.1848
13171,train,1.3575,0.0787
13172,train,1.8519,0.2785
13173,val,2.8115,0.7703
13174,train,1.3725,0.0827
13175,train,2.3513,0.5590
13176,test,2.1112,0.4227
13177,train,3.3481,0.9075
13178,train,2.6873,0.7244
13179,test,2.2036,0.4790
13180,train,2.0498,0.3864
13181,val,2.8082,0.7692
13182,val,3.2029,0.8826
13183,test,3.2135,0.8846
13184,test,1.7272,0.2119
13185,train,1.5595,0.1425
13186,train,1.5052,0.1217
13187,test,2.9974,0.8319
13188,train,3.1650,0.8738
13189,test,2.2733,0.5162
13190,train,4.0695,0.9759
13191,test,1.8378,0.2695
13192,train,0.9045,0.0094
13193,test,2.6774,0.7203
13194,val,2.1737,0.4619
13195,train,2.4964,0.6324
13196,val,3.0358,0.8429
13197,train,1.5676,0.1461
13198,train,2.1423,0.4391
13199,train,0.9414,0.0116
13200,train,1.8871,0.2973
13201,test,1.7069,0.2023
13202,test,2.2172,0.4862
13203,val,2.5688,0.6703
13204,train,2.8526,0.7848
13205,train,3.0483,0.8465
13206,train,1.6186,0.1669
13207,train,1.6829,0.1922
13208,val,2.9947,0.8313
13209,train,2.0649,0.3944
13210,train,2.1517,0.4449
13211,train,2.9928,0.8310
13212,test,3.9343,0.9686
13213,test,2.2156,0.4852
13214,val,2.2404,0.4994
13215,train,2.0600,0.3918
13216,train,2.0073,0.3616
13217,test,3.5839,0.9392
13218,train,1.5395,0.1349
13219,train,2.2176,0.4864
13220,train,1.7084,0.2031
13221,train,2.2267,0.4920
13222,test,3.4552,0.9238
13223,train,1.8195,0.2592
13224,test,2.6444,0.7063
13225,train,2.8849,0.7952
13226,test,2.1390,0.4374
13227,val,3.7950,0.9586
13228,train,1.3008,0.0639
13229,test,2.0589,0.3915
13230,train,2.5239,0.6458
13231,train,1.7074,0.2026
13232,train,1.8776,0.2912
13233,val,3.2677,0.8943
13234,train,1.6188,0.1670
13235,train,2.0248,0.3718
13236,train,2.8027,0.7669
13237,test,2.4184,0.5933
13238,train,2.1103,0.4221
13239,train,2.3359,0.5502
13240,train,1.9532,0.3324
13241,test,4.0569,0.9750
13242,train,2.7735,0.7573
13243,train,2.0936,0.4120
13244,train,2.7555,0.7501
13245,train,1.8734,0.2890
13246,train,2.4588,0.6138
13247,train,2.2974,0.5296
13248,val,2.4692,0.6186
13249,train,1.2552,0.0529
13250,val,2.4572,0.6130
13251,val,2.9182,0.8075
13252,train,1.2807,0.0589
13253,val,4.0310,0.9735
13254,test,2.3636,0.5654
13255,train,2.8089,0.7695
13256,train,1.4567,0.1065
13257,val,2.4121,0.5900
13258,train,2.3803,0.5734
13259,train,0.8710,0.0075
13260,train,1.7862,0.2426
13261,train,1.7627,0.2313
13262,val,3.8013,0.9590
13263,train,1.9019,0.3048
13264,train,1.3411,0.0745
13265,train,1.4420,0.1020
13266,train,5.1020,0.9963
13267,train,2.2310,0.4946
13268,train,2.6243,0.6970
13269,train,1.9661,0.3393
13270,train,2.3982,0.5838
13271,val,4.3270,0.9843
13272,train,1.3873,0.0859
13273,train,2.1326,0.4332
13274,train,2.2537,0.5058
13275,train,1.5283,0.1317
13276,train,2.2965,0.5294
13277,train,1.0265,0.0197
13278,val,3.4633,0.9250
13279,train,1.8272,0.2635
13280,test,2.7904,0.7631
13281,train,1.8806,0.2937
13282,train,2.1712,0.4599
13283,train,1.3041,0.0651
13284,train,1.7446,0.2205
13285,test,2.0600,0.3919
13286,val,2.1282,0.4308
13287,train,3.0207,0.8383
13288,val,2.5750,0.6730
13289,test,1.9174,0.3131
13290,train,2.0099,0.3629
13291,train,2.2314,0.4948
13292,val,3.3864,0.9142
13293,train,1.1039,0.0292
13294,test,2.5653,0.6682
13295,train,2.6084,0.6898
13296,train,1.7980,0.2490
13297,train,2.5426,0.6560
13298,test,2.9203,0.8083
13299,train,1.8523,0.2787
13300,train,1.9801,0.3468
13301,test,2.0004,0.3582
13302,train,2.2683,0.5140
13303,train,2.3923,0.5806
13304,train,1.0506,0.0227
13305,train,2.6815,0.7217
13306,train,2.9659,0.8225
13307,test,2.7609,0.7524
13308,test,2.1571,0.4490
13309,val,2.7395,0.7446
13310,train,1.4774,0.1132
13311,val,2.3201,0.5424
13312,train,2.1656,0.4555
13313,test,3.5002,0.9292
13314,train,2.1702,0.4588
13315,train,2.5849,0.6771
13316,test,2.7960,0.7651
13317,train,0.9800,0.0152
13318,test,2.9481,0.8158
13319,train,3.6771,0.9479
13320,train,2.0921,0.4109
13321,train,0.8447,0.0063
13322,val,3.2816,0.8964
13323,val,3.3782,0.9128
13324,val,3.1142,0.8625
13325,train,1.4816,0.1143
13326,train,2.0198,0.3689
13327,test,2.8930,0.7980
13328,val,2.1831,0.4672
13329,train,1.0824,0.0262
13330,val,1.8713,0.2878
13331,train,1.3148,0.0678
13332,train,1.4877,0.1162
13333,train,2.1238,0.4288
13334,train,2.5042,0.6370
13335,train,2.8369,0.7791
13336,train,1.5644,0.1445
13337,val,3.2088,0.8838
13338,train,1.8084,0.2540
13339,train,2.8561,0.7859
13340,train,1.9637,0.3380
13341,train,1.2434,0.0506
13342,train,1.2514,0.0521
13343,train,0.9128,0.0097
13344,test,3.3725,0.9121
13345,train,3.1419,0.8681
13346,train,1.3556,0.0783
13347,train,1.2270,0.0473
13348,train,1.8337,0.2677
13349,train,3.0186,0.8377
13350,train,1.2947,0.0623
13351,train,1.9176,0.3134
13352,train,2.7213,0.7376
13353,train,2.0912,0.4102
13354,val,2.5242,0.6459
13355,train,2.7493,0.7482
13356,train,3.5625,0.9373
13357,train,1.7058,0.2015
13358,test,1.7693,0.2348
13359,train,2.2523,0.5052
13360,val,2.3353,0.5500
13361,test,2.6174,0.6943
13362,val,3.0965,0.8585
13363,train,1.9496,0.3306
13364,train,2.1807,0.4660
13365,train,3.0681,0.8510
13366,train,1.6285,0.1709
13367,val,3.1045,0.8605
13368,train,2.0371,0.3800
13369,train,3.1699,0.8749
13370,train,2.0315,0.3762
13371,train,1.7563,0.2271
13372,train,1.8438,0.2728
13373,test,3.4966,0.9287
13374,train,2.5254,0.6465
13375,train,2.7445,0.7464
13376,train,1.0850,0.0267
13377,train,2.9112,0.8045
13378,train,2.4481,0.6094
13379,train,2.0024,0.3593
13380,train,0.8596,0.0070
13381,train,3.2727,0.8952
13382,train,3.5076,0.9299
13383,train,2.8854,0.7955
13384,train,0.8731,0.0077
13385,val,2.3289,0.5466
13386,train,1.9573,0.3346
13387,train,2.3373,0.5510
13388,train,2.3504,0.5585
13389,train,2.5892,0.6798
13390,train,1.8689,0.2867
13391,train,3.0379,0.8435
13392,train,2.6248,0.6972
13393,train,2.2551,0.5068
13394,train,2.0629,0.3932
13395,train,3.1254,0.8643
13396,test,2.7725,0.7570
13397,train,1.2555,0.0531
13398,train,1.8774,0.2911
13399,train,2.3399,0.5526
13400,val,2.2858,0.5230
13401,train,3.8351,0.9619
13402,train,1.5598,0.1428
13403,train,1.4627,0.1082
13404,test,2.1970,0.4754
13405,test,2.9477,0.8157
13406,train,1.8145,0.2567
13407,val,2.4587,0.6138
13408,train,2.7155,0.7353
13409,test,4.1193,0.9778
13410,train,1.2797,0.0588
13411,train,1.7226,0.2091
13412,train,2.6167,0.6939
13413,train,3.0003,0.8329
13414,train,1.7579,0.2282
13415,val,3.1879,0.8791
13416,train,2.3205,0.5425
13417,train,1.3956,0.0881
13418,train,1.8370,0.2692
13419,train,1.9545,0.3333
13420,train,4.2774,0.9833
13421,train,1.7539,0.2260
13422,train,2.4112,0.5894
13423,train,1.4449,0.1028
13424,train,1.9349,0.3230
13425,train,2.7937,0.7643
13426,test,3.4577,0.9242
13427,val,3.5137,0.9309
13428,test,3.6127,0.9421
13429,train,1.5151,0.1268
13430,train,2.3231,0.5438
13431,test,2.1839,0.4680
13432,train,2.2908,0.5260
13433,train,2.5579,0.6638
13434,train,1.6390,0.1746
13435,train,1.5573,0.1416
13436,val,2.6957,0.7278
13437,train,1.9594,0.3357
13438,train,2.2636,0.5110
13439,train,0.8099,0.0047
13440,train,2.6979,0.7292
13441,test,2.9578,0.8194
13442,test,3.2299,0.8874
13443,train,1.8905,0.2992
13444,train,1.0823,0.0261
13445,val,1.4323,0.0987
13446,train,3.9374,0.9689
13447,train,1.5691,0.1469
13448,train,2.6342,0.7016
13449,train,2.0343,0.3783
13450,test,3.2458,0.8903
13451,train,2.2099,0.4816
13452,test,2.6375,0.7029
13453,train,2.5839,0.6766
13454,val,2.3928,0.5808
13455,val,3.1859,0.8786
13456,train,2.2230,0.4895
13457,train,1.5520,0.1398
13458,test,3.1491,0.8701
13459,val,2.2017,0.4780
13460,train,0.9570,0.0128
13461,train,1.1577,0.0375
13462,train,0.9414,0.0117
13463,train,1.8521,0.2786
13464,test,2.5110,0.6401
13465,train,2.1708,0.4595
13466,train,3.7550,0.9547
13467,train,1.3325,0.0724
13468,train,1.5838,0.1525
13469,val,2.8812,0.7934
13470,train,2.3611,0.5641
13471,train,1.3238,0.0704
13472,train,2.0184,0.3680
13473,train,2.2339,0.4965
13474,train,3.9671,0.9707
13475,train,1.5182,0.1280
13476,train,2.4842,0.6270
13477,train,3.5609,0.9371
13478,val,3.2423,0.8897
13479,val,3.9276,0.9683
13480,train,1.8073,0.2532
13481,train,1.3700,0.0818
13482,train,2.0225,0.3706
13483,test,3.1635,0.8734
13484,train,2.2503,0.5044
13485,train,2.5494,0.6591
13486,train,2.7683,0.7556
13487,train,1.6559,0.1823
13488,train,2.0467,0.3847
13489,train,1.2720,0.0570
13490,val,1.9312,0.3206
13491,test,3.1445,0.8689
13492,train,0.8034,0.0043
13493,train,1.8156,0.2574
13494,train,1.6571,0.1827
13495,train,2.8841,0.7948
13496,train,3.3812,0.9133
13497,train,1.3046,0.0651
13498,train,2.7321,0.7424
13499,train,2.6586,0.7126
13500,train,2.5541,0.6615
13501,train,1.3031,0.0646
13502,train,2.8692,0.7900
13503,train,2.4149,0.5914
13504,train,2.5571,0.6634
13505,train,1.1146,0.0302
13506,train,2.0015,0.3586
13507,train,1.3053,0.0654
13508,val,3.3865,0.9143
13509,val,2.1684,0.4574
13510,train,2.5308,0.6492
13511,val,2.7648,0.7545
13512,train,1.7976,0.2489
13513,train,2.8647,0.7885
13514,train,2.1198,0.4270
13515,train,2.0631,0.3934
13516,train,1.3516,0.0773
13517,test,2.7603,0.7519
13518,train,2.1400,0.4380
13519,train,1.4680,0.1094
13520,train,1.6568,0.1826
13521,train,2.5382,0.6540
13522,train,3.5258,0.9328
13523,train,2.5452,0.6572
13524,train,2.0782,0.4026
13525,val,2.7360,0.7436
13526,train,2.3996,0.5846
13527,val,2.5628,0.6663
13528,train,1.5607,0.1431
13529,train,1.6305,0.1716
13530,train,1.8352,0.2682
13531,train,2.6040,0.6878
13532,train,1.8386,0.2702
13533,train,1.3953,0.0879
13534,train,2.4532,0.6109
13535,train,2.0450,0.3839
13536,train,2.2781,0.5192
13537,val,2.3976,0.5831
13538,train,2.4409,0.6056
13539,train,1.8167,0.2580
13540,val,3.9395,0.9691
13541,train,3.3203,0.9032
13542,test,2.4564,0.6126
13543,test,2.8767,0.7923
13544,train,0.9982,0.0167
13545,test,3.0358,0.8427
13546,train,1.7464,0.2215
13547,val,2.6295,0.6993
13548,train,1.9562,0.3342
13549,test,1.7571,0.2274
13550,train,1.8797,0.2929
13551,val,2.1771,0.4643
13552,train,2.6503,0.7088
13553,train,1.5493,0.1391
13554,train,2.2827,0.5217
13555,train,0.9611,0.0131
13556,train,2.1441,0.4401
13557,train,1.0081,0.0178
13558,test,2.1601,0.4521
13559,val,4.1194,0.9779
13560,train,1.4389,0.1010
13561,train,3.6681,0.9470
13562,test,2.4165,0.5922
13563,train,2.3871,0.5776
13564,train,2.8751,0.7919
13565,train,2.3190,0.5418
13566,train,2.3571,0.5623
13567,train,1.4250,0.0955
13568,train,1.1381,0.0331
13569,train,2.8704,0.7905
13570,test,3.8678,0.9641
13571,train,3.1887,0.8793
13572,train,3.2077,0.8834
13573,train,1.6259,0.1700
13574,train,2.0882,0.4087
13575,train,1.8486,0.2764
13576,train,2.2246,0.4905
13577,test,2.8866,0.7959
13578,test,2.8633,0.7879
13579,train,2.0272,0.3738
13580,train,3.0272,0.8400
13581,train,2.0201,0.3692
13582,train,2.1093,0.4216
13583,train,1.8172,0.2583
13584,train,2.5323,0.6506
13585,train,1.1262,0.0317
13586,train,2.1456,0.4410
13587,train,1.3738,0.0829
13588,train,2.7879,0.7625
13589,train,1.7200,0.2078
13590,test,3.8755,0.9648
13591,train,1.4373,0.1003
13592,train,2.6614,0.7139
13593,train,2.3674,0.5668
13594,train,2.8060,0.7683
13595,val,3.8732,0.9646
13596,val,3.5127,0.9307
13597,train,2.1187,0.4263
13598,train,2.1542,0.4466
13599,train,2.3192,0.5418
13600,test,2.0371,0.3800
13601,train,2.5506,0.6596
13602,train,2.5618,0.6657
13603,train,1.3002,0.0638
13604,train,3.3991,0.9162
13605,train,2.8971,0.7996
13606,train,2.5304,0.6488
13607,train,2.2353,0.4971
13608,test,3.3658,0.9105
13609,test,2.6777,0.7204
13610,train,1.9787,0.3460
13611,train,1.7331,0.2145
13612,test,2.4393,0.6042
13613,val,3.1366,0.8666
13614,test,3.5581,0.9368
13615,train,2.2692,0.5142
13616,train,2.2246,0.4906
13617,val,2.9526,0.8172
13618,val,2.4920,0.6302
13619,train,2.8057,0.7681
13620,train,1.7227,0.2093
13621,train,2.4814,0.6256
13622,train,1.3449,0.0756
13623,train,2.0247,0.3718
13624,train,2.4748,0.6215
13625,train,2.4497,0.6100
13626,train,1.4767,0.1129
13627,train,1.9500,0.3308
13628,train,2.6649,0.7152
13629,train,1.7456,0.2209
13630,train,1.0571,0.0238
13631,train,2.1812,0.4665
13632,test,2.0680,0.3968
13633,train,3.0956,0.8583
13634,test,2.6874,0.7244
13635,train,1.6616,0.1843
13636,test,4.2243,0.9815
13637,train,3.9163,0.9676
13638,val,2.5063,0.6381
13639,val,2.1588,0.4511
13640,train,2.2876,0.5243
13641,train,1.4196,0.0939
13642,train,1.9443,0.3282
13643,train,1.9883,0.3512
13644,val,2.2370,0.4978
13645,train,2.7935,0.7641
13646,train,1.6521,0.1802
13647,test,3.0627,0.8497
13648,train,1.7662,0.2333
13649,train,1.3849,0.0852
13650,train,1.6114,0.1635
13651,test,3.7573,0.9549
13652,val,3.0616,0.8492
13653,train,2.1875,0.4702
13654,train,1.2823,0.0594
13655,test,1.9771,0.3455
13656,train,2.2072,0.4804
13657,train,2.0271,0.3736
13658,train,1.2124,0.0451
13659,val,2.5767,0.6740
13660,train,1.4526,0.1048
13661,train,2.4358,0.6025
13662,train,1.8711,0.2876
13663,val,3.0902,0.8566
13664,train,4.1673,0.9800
13665,test,3.2482,0.8905
13666,train,2.3638,0.5654
13667,train,3.7079,0.9505
13668,val,2.6004,0.6864
13669,train,3.0278,0.8402
13670,train,1.3756,0.0833
13671,train,1.8946,0.3010
13672,train,1.6789,0.1910
13673,val,2.3351,0.5498
13674,train,1.9806,0.3471
13675,train,1.4434,0.1023
13676,train,1.8445,0.2734
13677,train,1.7233,0.2097
13678,train,3.1527,0.8708
13679,train,2.8345,0.7783
13680,train,2.5308,0.6493
13681,train,2.4857,0.6278
13682,train,2.2218,0.4888
13683,train,1.1239,0.0313
13684,train,2.8614,0.7873
13685,train,1.8992,0.3035
13686,train,1.7041,0.2005
13687,train,2.1526,0.4455
13688,val,2.0912,0.4103
13689,train,2.2099,0.4816
13690,train,2.5868,0.6784
13691,val,3.1805,0.8775
13692,train,2.1234,0.4285
13693,test,2.0739,0.3996
13694,train,1.5664,0.1456
13695,train,2.1809,0.4661
13696,test,2.8883,0.7963
13697,train,1.8766,0.2907
13698,test,2.9720,0.8245
13699,test,1.8852,0.2964
13700,train,1.3133,0.0676
13701,train,3.0704,0.8517
13702,train,2.5122,0.6409
13703,train,2.0237,0.3714
13704,test,2.4393,0.6041
13705,test,3.1901,0.8798
13706,train,1.6633,0.1853
13707,test,4.7070,0.9919
13708,test,2.6081,0.6895
13709,train,2.8673,0.7894
13710,train,2.8220,0.7743
13711,train,2.4177,0.5929
13712,test,3.1481,0.8697
13713,train,1.4402,0.1013
13714,test,2.4987,0.6339
13715,train,2.0604,0.3920
13716,train,2.2610,0.5094
13717,train,4.1311,0.9785
13718,train,2.3542,0.5605
13719,train,2.1592,0.4517
13720,train,1.9570,0.3344
13721,train,2.5617,0.6656
13722,test,2.4621,0.6151
13723,train,1.9424,0.3273
13724,train,1.5060,0.1223
13725,train,2.3715,0.5684
13726,train,2.7598,0.7515
13727,test,3.4604,0.9245
13728,train,2.9979,0.8321
13729,test,2.3250,0.5447
13730,test,3.0075,0.8350
13731,val,2.6370,0.7026
13732,train,1.3258,0.0707
13733,test,3.8825,0.9653
13734,val,2.7829,0.7603
13735,test,2.1477,0.4425
13736,test,2.5921,0.6821
13737,train,2.0187,0.3683
13738,val,1.8580,0.2812
13739,train,2.2316,0.4950
13740,val,2.4466,0.6090
13741,train,1.8615,0.2832
13742,val,2.5875,0.6787
13743,train,1.6885,0.1945
13744,train,1.3295,0.0719
13745,train,2.3713,0.5684
13746,test,1.8456,0.2740
13747,val,3.3197,0.9031
13748,train,1.4411,0.1017
13749,train,2.0667,0.3959
13750,test,3.0679,0.8509
13751,train,2.3038,0.5331
13752,test,3.7297,0.9527
13753,train,1.5681,0.1465
13754,train,2.0601,0.3920
13755,train,1.2851,0.0601
13756,test,3.5990,0.9407
13757,train,3.0447,0.8453
13758,train,1.8951,0.3013
13759,train,2.5268,0.6474
13760,test,2.5330,0.6508
13761,test,3.1015,0.8599
13762,train,1.1251,0.0315
13763,train,1.5061,0.1223
13764,train,3.1696,0.8748
13765,train,1.7148,0.2056
13766,train,2.2137,0.4841
13767,test,1.9084,0.3084
13768,train,2.4155,0.5917
13769,test,3.7868,0.9577
13770,train,1.9583,0.3353
13771,train,1.9000,0.3040
13772,train,2.8145,0.7712
13773,train,1.6248,0.1699
13774,train,1.7343,0.2153
13775,val,3.2754,0.8957
13776,train,2.6276,0.6988
13777,train,1.6102,0.1627
13778,test,2.2865,0.5235
13779,train,2.5306,0.6490
13780,train,2.6060,0.6886
13781,train,0.9736,0.0145
13782,train,1.4554,0.1061
13783,val,2.2143,0.4844
13784,test,2.9802,0.8277
13785,train,1.9339,0.3222
13786,val,2.9545,0.8184
13787,val,3.0812,0.8543
13788,val,2.2584,0.5084
13789,train,1.9588,0.3355
13790,train,1.5880,0.1545
13791,val,1.7386,0.2172
13792,train,1.0893,0.0276
13793,test,2.0508,0.3870
13794,train,2.4402,0.6048
13795,train,2.2718,0.5154
13796,train,1.6764,0.1899
13797,test,2.0770,0.4016
13798,test,2.5109,0.6400
13799,train,4.4125,0.9869
13800,train,2.2957,0.5288
13801,train,2.3260,0.5452
13802,train,2.2322,0.4956
13803,train,1.7426,0.2192
13804,val,4.2989,0.9837
13805,train,1.7845,0.2419
13806,train,1.7935,0.2469
13807,train,1.8499,0.2774
13808,train,2.0979,0.4145
13809,train,2.6753,0.7188
13810,train,2.2292,0.4934
13811,train,2.2511,0.5046
13812,val,4.5326,0.9895
13813,train,2.0445,0.3836
13814,train,2.5592,0.6644
13815,val,1.8589,0.2816
13816,test,2.2000,0.4768
13817,train,0.8059,0.0043
13818,train,2.5948,0.6832
13819,train,2.4770,0.6225
13820,val,2.7866,0.7618
13821,train,1.8551,0.2797
13822,train,1.7530,0.2253
13823,val,2.8007,0.7661
13824,train,2.0813,0.4046
13825,train,2.0574,0.3908
13826,train,1.5583,0.1421
13827,test,3.1033,0.8602
13828,test,2.4736,0.6206
13829,train,2.7586,0.7511
13830,val,2.9418,0.8141
13831,test,4.0541,0.9746
13832,test,3.0772,0.8533
13833,train,2.1991,0.4763
13834,train,3.3803,0.9131
13835,train,0.9902,0.0161
13836,train,1.9679,0.3408
13837,test,3.5090,0.9301
13838,train,2.7781,0.7589
13839,test,3.6701,0.9473
13840,val,3.5568,0.9365
13841,train,2.1962,0.4748
13842,val,1.4943,0.1182
13843,train,2.6111,0.6908
13844,train,3.0473,0.8463
13845,val,2.4318,0.6006
13846,val,6.2850,0.9991
13847,train,3.3310,0.9049
13848,train,2.7517,0.7492
13849,train,1.9936,0.3544
13850,train,1.9155,0.3118
13851,test,1.9846,0.3493
13852,val,3.5234,0.9325
13853,test,4.9102,0.9945
13854,val,3.8919,0.9663
13855,train,2.5177,0.6438
13856,train,1.4741,0.1116
13857,train,2.1446,0.4407
13858,train,2.1714,0.4602
13859,train,2.5818,0.6760
13860,val,1.8584,0.2814
13861,val,3.1247,0.8643
13862,val,2.2294,0.4936
13863,train,1.3501,0.0769
13864,test,2.3429,0.5542
13865,test,2.5920,0.6820
13866,train,2.0124,0.3640
13867,train,2.4476,0.6094
13868,val,2.2531,0.5053
13869,train,1.0305,0.0204
13870,train,2.2029,0.4786
13871,train,2.0017,0.3588
13872,train,3.0870,0.8552
13873,train,3.5136,0.9308
13874,test,3.5172,0.9314
13875,train,2.6129,0.6918
13876,train,1.1391,0.0331
13877,val,3.2152,0.8849
13878,train,2.6742,0.7186
13879,val,3.0701,0.8516
13880,train,2.7715,0.7567
13881,train,2.9029,0.8017
13882,test,3.3074,0.9008
13883,train,1.9642,0.3383
13884,val,2.5045,0.6371
13885,train,1.5215,0.1294
13886,train,1.8426,0.2720
13887,train,1.8293,0.2649
13888,train,1.4042,0.0899
13889,test,2.3281,0.5462
13890,train,2.3720,0.5686
13891,val,2.8542,0.7853
13892,train,1.9043,0.3059
13893,train,0.9285,0.0105
13894,train,1.6337,0.1727
13895,train,2.7992,0.7659
13896,train,1.7689,0.2347
13897,train,1.3607,0.0797
13898,train,0.8127,0.0049
13899,train,1.4727,0.1111
13900,train,2.2640,0.5113
13901,train,2.5015,0.6359
13902,train,2.7482,0.7477
13903,train,1.4215,0.0946
13904,train,2.3351,0.5496
13905,train,1.3057,0.0655
13906,train,1.6397,0.1747
13907,train,1.3431,0.0751
13908,test,3.4979,0.9288
13909,val,2.6848,0.7230
13910,val,3.6000,0.9409
13911,train,2.3666,0.5663
13912,test,1.8229,0.2614
13913,val,2.6875,0.7245
13914,train,1.8167,0.2580
13915,train,1.3663,0.0811
13916,train,1.5102,0.1242
13917,train,1.2586,0.0541
13918,train,1.2486,0.0519
13919,train,2.2134,0.4838
13920,train,2.0864,0.4078
13921,test,2.7612,0.7527
13922,train,0.9982,0.0166
13923,train,2.7797,0.7595
13924,train,1.1820,0.0409
13925,val,2.2748,0.5173
13926,val,2.8643,0.7882
13927,train,2.8322,0.7777
13928,train,3.1570,0.8719
13929,val,2.9703,0.8238
13930,train,1.5623,0.1439
13931,train,2.2953,0.5284
13932,train,1.9636,0.3378
13933,test,3.1630,0.8733
13934,val,2.0860,0.4076
13935,train,1.7066,0.2020
13936,train,1.9893,0.3517
13937,train,2.2600,0.5090
13938,train,2.1952,0.4741
13939,train,2.4055,0.5866
13940,train,1.6774,0.1904
13941,train,2.1032,0.4182
13942,val,3.7457,0.9540
13943,train,0.9626,0.0133
13944,val,2.3451,0.5556
13945,test,2.3928,0.5807
13946,train,1.8196,0.2593
13947,train,1.9848,0.3494
13948,test,3.1834,0.8781
13949,train,1.7524,0.2251
13950,train,1.7889,0.2445
13951,test,2.6454,0.7070
13952,train,2.5851,0.6773
13953,train,2.1797,0.4655
13954,val,3.3845,0.9137
13955,train,2.0694,0.3976
13956,test,2.2646,0.5119
13957,val,4.0562,0.9749
13958,train,2.9648,0.8222
13959,val,3.0413,0.8442
13960,train,2.6386,0.7036
13961,train,2.4111,0.5891
13962,train,2.3025,0.5320
13963,val,2.7629,0.7537
13964,val,4.3951,0.9864
13965,train,2.5770,0.6743
13966,train,1.5690,0.1467
13967,train,1.1134,0.0300
13968,train,3.0041,0.8339
13969,test,2.1499,0.4438
13970,train,1.9558,0.3341
13971,val,1.0974,0.0283
13972,test,3.4483,0.9225
13973,test,3.1534,0.8709
13974,val,3.2197,0.8857
13975,train,2.7236,0.7384
13976,test,2.9589,0.8199
13977,train,2.5816,0.6758
13978,train,1.9609,0.3363
13979,train,1.2962,0.0627
13980,train,1.3129,0.0673
13981,val,2.4059,0.5868
13982,val,3.0574,0.8483
13983,val,2.6039,0.6878
13984,test,2.6736,0.7184
13985,train,5.8004,0.9985
13986,test,2.6408,0.7044
13987,test,2.1949,0.4739
13988,train,3.4949,0.9283
13989,train,2.3323,0.5485
13990,test,2.9532,0.8177
13991,train,2.9906,0.8307
13992,train,2.9025,0.8017
13993,train,2.1722,0.4607
13994,train,2.4190,0.5938
13995,train,2.6882,0.7246
13996,train,2.1898,0.4714
13997,train,2.9995,0.8327
13998,train,2.9234,0.8093
13999,test,4.4456,0.9877
14000,val,2.5881,0.6791
14001,val,3.6421,0.9447
14002,train,1.1671,0.0385
14003,train,2.1515,0.4446
14004,train,2.5116,0.6405
14005,val,2.8974,0.7997
14006,train,1.6094,0.1621
14007,val,2.7740,0.7575
14008,train,1.7615,0.2303
14009,train,2.8622,0.7875
14010,test,2.5387,0.6544
14011,train,1.7462,0.2213
14012,train,1.1958,0.0427
14013,train,1.3620,0.0801
14014,train,1.3085,0.0663
14015,train,2.0544,0.3891
14016,val,4.1878,0.9804
14017,val,2.7094,0.7333
14018,test,3.5411,0.9348
14019,test,2.3888,0.5784
14020,train,1.9294,0.3192
14021,train,1.8263,0.2629
14022,val,2.6843,0.7228
14023,train,3.5502,0.9358
14024,train,2.0121,0.3640
14025,train,1.7722,0.2365
14026,train,2.3548,0.5610
14027,val,2.8794,0.7927
14028,train,1.8538,0.2794
14029,train,1.6100,0.1625
14030,train,1.7828,0.2408
14031,train,1.6692,0.1875
14032,train,1.6684,0.1871
14033,test,2.1004,0.4168
14034,val,3.4195,0.9183
14035,test,2.2721,0.5156
14036,val,1.9696,0.3416
14037,train,2.7675,0.7552
14038,val,3.3225,0.9034
14039,train,2.2914,0.5262
14040,train,1.0816,0.0260
14041,train,2.9269,0.8103
14042,train,1.9332,0.3219
14043,test,2.4522,0.6105
14044,train,2.3109,0.5374
14045,val,2.2542,0.5061
14046,train,1.6119,0.1637
14047,val,2.8186,0.7726
14048,train,1.7838,0.2417
14049,train,1.8651,0.2853
14050,train,2.0157,0.3664
14051,train,2.0382,0.3806
14052,train,1.7802,0.2397
14053,train,0.9819,0.0155
14054,train,1.3963,0.0883
14055,train,1.9998,0.3577
14056,train,2.0166,0.3670
14057,train,2.4954,0.6316
14058,train,2.1577,0.4499
14059,train,2.5990,0.6856
14060,test,3.0955,0.8582
14061,train,0.9002,0.0091
14062,train,1.7924,0.2461
14063,train,2.7261,0.7396
14064,train,1.6891,0.1951
14065,test,2.9362,0.8125
14066,train,2.9537,0.8179
14067,train,1.4300,0.0977
14068,val,2.0432,0.3830
14069,train,2.5150,0.6422
14070,train,3.3667,0.9108
14071,train,1.1552,0.0369
14072,val,2.6910,0.7262
14073,train,2.6537,0.7108
14074,train,1.6585,0.1831
14075,train,2.3020,0.5318
14076,train,4.8790,0.9942
14077,train,1.8650,0.2852
14078,val,1.8295,0.2650
14079,train,2.3218,0.5430
14080,test,3.0285,0.8406
14081,val,3.1996,0.8815
14082,val,4.7850,0.9931
14083,train,2.4774,0.6227
14084,train,1.9621,0.3368
14085,test,2.7721,0.7569
14086,train,2.0143,0.3654
14087,val,1.8133,0.2560
14088,train,1.8454,0.2738
14089,train,1.9787,0.3460
14090,train,2.2768,0.5183
14091,train,0.7983,0.0041
14092,test,3.1402,0.8674
14093,train,2.1423,0.4392
14094,train,2.3576,0.5624
14095,train,1.9938,0.3546
14096,train,1.4752,0.1120
14097,train,2.0570,0.3904
14098,train,2.0321,0.3766
14099,train,2.6182,0.6946
14100,train,1.1957,0.0426
14101,train,1.6669,0.1865
14102,train,2.1444,0.4404
14103,val,3.2117,0.8842
14104,val,3.5191,0.9317
14105,train,1.4250,0.0956
14106,train,2.5581,0.6639
14107,val,1.8385,0.2701
14108,train,1.4670,0.1091
14109,train,1.6413,0.1755
14110,train,1.3458,0.0759
14111,train,2.0583,0.3911
14112,test,4.4376,0.9875
14113,val,3.0299,0.8409
14114,train,2.4194,0.5940
14115,train,0.6742,0.0018
14116,train,1.9992,0.3574
14117,train,3.3509,0.9083
14118,train,1.7775,0.2385
14119,train,2.0300,0.3754
14120,train,2.5440,0.6566
14121,train,3.4017,0.9167
14122,test,2.9782,0.8266
14123,train,2.1811,0.4664
14124,train,1.2788,0.0585
14125,val,2.0192,0.3686
14126,test,2.5756,0.6733
14127,train,2.0050,0.3606
14128,train,2.7649,0.7546
14129,train,1.8871,0.2972
14130,train,1.8278,0.2639
14131,train,1.6527,0.1807
14132,train,2.7703,0.7563
14133,train,1.1340,0.0326
14134,train,2.7877,0.7624
14135,train,2.6851,0.7232
14136,train,3.3594,0.9093
14137,train,1.5154,0.1269
14138,test,2.8182,0.7724
14139,train,3.2027,0.8823
14140,train,1.9092,0.3087
14141,train,2.9116,0.8045
14142,train,1.6595,0.1833
14143,train,2.4926,0.6305
14144,val,2.9771,0.8261
14145,test,2.9091,0.8039
14146,train,1.3574,0.0787
14147,test,2.0869,0.4081
14148,test,3.4359,0.9209
14149,val,2.6482,0.7080
14150,val,2.6377,0.7031
14151,test,3.4954,0.9284
14152,train,2.3257,0.5450
14153,train,1.0064,0.0175
14154,train,2.5529,0.6610
14155,val,2.7391,0.7444
14156,train,1.6562,0.1825
14157,train,1.8514,0.2782
14158,val,2.1457,0.4412
14159,train,1.7983,0.2494
14160,train,1.8732,0.2889
14161,train,1.6763,0.1897
14162,train,3.0628,0.8497
14163,val,2.6430,0.7056
14164,train,2.0133,0.3645
14165,train,2.4426,0.6071
14166,test,2.5565,0.6631
14167,train,1.3988,0.0888
14168,val,3.0891,0.8560
14169,train,1.9582,0.3352
14170,train,1.5999,0.1581
14171,train,1.9903,0.3524
14172,val,2.7603,0.7519
14173,train,1.9286,0.3190
14174,train,1.4086,0.0913
14175,train,1.9674,0.3404
14176,train,2.4572,0.6131
14177,train,2.0466,0.3846
14178,train,1.7705,0.2359
14179,train,2.2370,0.4980
14180,train,1.3294,0.0717
14181,train,1.2669,0.0559
14182,train,2.1312,0.4326
14183,train,1.3512,0.0771
14184,train,1.5714,0.1477
14185,test,3.9678,0.9708
14186,train,1.7993,0.2502
14187,train,3.0132,0.8367
14188,train,2.6114,0.6909
14189,train,1.8432,0.2724
14190,train,3.0556,0.8478
14191,train,1.6618,0.1843
14192,train,2.9707,0.8240
14193,train,2.0830,0.4059
14194,train,1.4407,0.1017
14195,train,1.8954,0.3014
14196,train,1.0274,0.0200
14197,train,1.3632,0.0804
14198,test,2.9181,0.8074
14199,train,2.0382,0.3807
14200,train,1.2840,0.0598
14201,train,3.0042,0.8340
14202,train,2.0681,0.3969
14203,train,4.1140,0.9776
14204,train,1.5157,0.1270
14205,test,1.9115,0.3100
14206,test,3.5458,0.9354
14207,train,1.6173,0.1662
14208,train,1.1530,0.0362
14209,test,2.1946,0.4736
14210,train,2.3670,0.5666
14211,train,3.2856,0.8972
14212,train,2.2887,0.5250
14213,train,2.0854,0.4072
14214,train,1.4070,0.0906
14215,train,2.7562,0.7503
14216,train,3.0566,0.8481
14217,train,1.8153,0.2571
14218,val,1.7788,0.2391
14219,train,1.6455,0.1776
14220,train,1.2984,0.0633
14221,train,2.9984,0.8323
14222,train,1.9745,0.3443
14223,train,2.1352,0.4346
14224,train,2.5854,0.6776
14225,train,2.4929,0.6308
14226,train,1.0867,0.0269
14227,train,2.0374,0.3802
14228,val,2.6078,0.6893
14229,train,2.0977,0.4144
14230,train,1.8629,0.2841
14231,train,1.8439,0.2730
14232,train,2.4845,0.6273
14233,test,3.6152,0.9425
14234,train,1.7741,0.2370
14235,train,2.4729,0.6204
14236,train,1.7645,0.2324
14237,train,1.9701,0.3418
14238,train,2.8369,0.7790
14239,test,1.9543,0.3332
14240,train,2.0841,0.4064
14241,val,1.8206,0.2602
14242,test,2.2984,0.5300
14243,train,1.9136,0.3108
14244,train,2.2424,0.5008
14245,train,2.1601,0.4520
14246,train,1.9837,0.3487
14247,test,3.7116,0.9509
14248,train,3.1258,0.8646
14249,train,1.5666,0.1457
14250,test,2.0736,0.3995
14251,train,1.5065,0.1224
14252,train,2.4739,0.6209
14253,train,1.8477,0.2757
14254,test,3.0125,0.8363
14255,train,3.9682,0.9709
14256,train,1.6865,0.1937
14257,train,1.4022,0.0895
14258,val,2.3038,0.5332
14259,train,1.5495,0.1391
14260,train,1.4645,0.1085
14261,train,2.0995,0.4157
14262,train,2.3823,0.5748
14263,val,2.3978,0.5834
14264,train,2.4232,0.5964
14265,train,1.8802,0.2933
14266,val,2.3914,0.5800
14267,train,2.6831,0.7223
14268,train,3.1503,0.8703
14269,val,3.9036,0.9670
14270,test,2.5836,0.6764
14271,train,1.7827,0.2407
14272,train,1.7846,0.2420
14273,train,1.8581,0.2812
14274,train,1.2463,0.0513
14275,train,1.3397,0.0741
14276,val,2.8378,0.7794
14277,train,1.4185,0.0937
14278,train,1.6081,0.1615
14279,train,2.7664,0.7550
14280,train,1.5146,0.1266
14281,test,2.1807,0.4660
14282,train,2.4760,0.6219
14283,test,1.9790,0.3462
14284,train,1.2011,0.0435
14285,train,2.4491,0.6098
14286,train,3.4772,0.9267
14287,test,2.9158,0.8065
14288,val,4.2648,0.9829
14289,val,3.6017,0.9411
14290,train,2.8294,0.7767
14291,train,2.6754,0.7190
14292,train,2.7787,0.7592
14293,train,2.3657,0.5660
14294,val,2.9826,0.8283
14295,train,1.4586,0.1071
14296,train,1.5673,0.1459
14297,val,2.1654,0.4553
14298,val,1.9377,0.3242
14299,train,2.9127,0.8051
14300,val,2.5880,0.6790
14301,train,1.9430,0.3278
14302,train,2.8469,0.7826
14303,train,2.0048,0.3604
14304,test,3.0669,0.8505
14305,train,2.1575,0.4497
14306,train,3.9171,0.9677
14307,train,2.2354,0.4973
14308,train,1.3572,0.0786
14309,val,2.4112,0.5892
14310,train,2.8858,0.7958
14311,train,1.7420,0.2187
14312,train,1.9230,0.3165
14313,val,3.1704,0.8752
14314,train,2.1941,0.4734
14315,train,1.8588,0.2816
14316,test,1.8184,0.2588
14317,train,2.4334,0.6014
14318,train,3.6495,0.9453
14319,train,1.9373,0.3241
14320,train,2.9711,0.8241
14321,train,2.9555,0.8187
14322,val,2.8728,0.7911
14323,test,1.9725,0.3432
14324,test,3.9644,0.9704
14325,train,2.0476,0.3852
14326,train,3.5117,0.9305
14327,test,4.7332,0.9921
14328,train,2.0347,0.3786
14329,val,2.9289,0.8106
14330,train,2.6900,0.7254
14331,train,1.7884,0.2441
14332,train,1.6147,0.1650
14333,test,2.5498,0.6592
14334,train,1.8287,0.2643
14335,val,4.2130,0.9811
14336,train,1.6411,0.1753
14337,test,2.6225,0.6966
14338,train,2.7579,0.7507
14339,train,1.3995,0.0889
14340,train,1.5136,0.1262
14341,val,2.4412,0.6058
14342,train,2.5861,0.6781
14343,train,1.9952,0.3552
14344,train,2.8855,0.7956
14345,train,1.2067,0.0441
14346,train,1.4915,0.1171
14347,train,1.6842,0.1927
14348,train,2.8878,0.7962
14349,train,2.1558,0.4482
14350,train,1.4271,0.0964
14351,train,2.6518,0.7096
14352,val,2.4207,0.5948
14353,train,1.7061,0.2017
14354,train,2.0921,0.4108
14355,train,2.3442,0.5549
14356,train,1.6629,0.1850
14357,train,1.8386,0.2702
14358,test,4.1064,0.9775
14359,train,2.2831,0.5219
14360,train,2.5873,0.6786
14361,train,1.7925,0.2462
14362,train,1.0590,0.0239
14363,train,2.2866,0.5237
14364,train,3.0427,0.8447
14365,train,1.7248,0.2105
14366,val,3.0232,0.8389
14367,train,3.1014,0.8598
14368,val,3.3960,0.9157
14369,train,2.7281,0.7406
14370,train,2.8951,0.7990
14371,train,1.6043,0.1600
14372,test,2.6323,0.7008
14373,test,2.1930,0.4730
14374,test,4.3865,0.9863
14375,train,1.7556,0.2267
14376,test,3.3638,0.9101
14377,train,1.2418,0.0502
14378,train,1.5328,0.1329
14379,train,1.7376,0.2169
14380,train,0.9879,0.0159
14381,train,1.5825,0.1517
14382,val,2.9125,0.8050
14383,test,3.3129,0.9019
14384,val,2.7730,0.7571
14385,val,3.6134,0.9422
14386,train,2.3629,0.5650
14387,val,2.5483,0.6585
14388,train,1.9019,0.3046
14389,val,2.3635,0.5653
14390,train,1.5547,0.1408
14391,train,1.2301,0.0479
14392,train,1.7463,0.2214
14393,train,1.6102,0.1626
14394,train,1.9234,0.3168
14395,train,0.8779,0.0079
14396,val,2.0518,0.3876
14397,train,1.5865,0.1537
14398,train,1.9018,0.3046
14399,train,1.8844,0.2961
14400,train,2.3222,0.5433
14401,train,2.1623,0.4533
14402,train,3.3724,0.9120
14403,test,2.6055,0.6884
14404,val,2.8010,0.7663
14405,train,2.4425,0.6070
14406,train,1.8262,0.2628
14407,train,2.5877,0.6788
14408,train,1.4875,0.1161
14409,train,1.7457,0.2210
14410,train,2.1519,0.4450
14411,test,2.7581,0.7507
14412,train,1.7016,0.1993
14413,train,1.7176,0.2070
14414,train,2.2539,0.5059
14415,test,3.9657,0.9705
14416,train,2.4136,0.5905
14417,train,2.1681,0.4570
14418,train,3.6746,0.9477
14419,train,1.1451,0.0345
14420,test,2.7703,0.7561
14421,train,2.8906,0.7973
14422,train,2.1615,0.4527
14423,test,2.6603,0.7136
14424,train,1.9305,0.3200
14425,train,2.3297,0.5473
14426,train,1.6807,0.1913
14427,train,2.0585,0.3912
14428,test,3.8365,0.9620
14429,val,4.9653,0.9950
14430,train,2.2560,0.5074
14431,test,3.0020,0.8334
14432,train,1.9081,0.3080
14433,train,2.5844,0.6769
14434,train,4.3714,0.9861
14435,train,2.0849,0.4069
14436,test,2.1343,0.4338
14437,train,2.9772,0.8263
14438,test,3.3699,0.9113
14439,train,1.8697,0.2869
14440,train,2.8288,0.7765
14441,val,3.1659,0.8739
14442,train,1.9477,0.3296
14443,train,2.3621,0.5647
14444,train,3.6951,0.9491
14445,train,1.5816,0.1514
14446,train,1.5239,0.1299
14447,val,2.8518,0.7846
14448,train,2.6627,0.7144
14449,train,2.9689,0.8234
14450,train,1.4006,0.0893
14451,train,2.5310,0.6496
14452,train,1.5829,0.1519
14453,val,2.2626,0.5103
14454,val,4.1343,0.9787
14455,train,1.8920,0.2999
14456,train,2.0245,0.3716
14457,train,1.8496,0.2773
14458,val,1.9997,0.3576
14459,val,4.3070,0.9840
14460,test,2.1525,0.4454
14461,test,3.5574,0.9367
14462,train,2.2623,0.5100
14463,train,1.4616,0.1079
14464,train,2.0488,0.3860
14465,train,3.2686,0.8947
14466,train,2.0959,0.4133
14467,train,1.9164,0.3127
14468,train,2.6020,0.6869
14469,train,2.0370,0.3799
14470,train,1.2467,0.0513
14471,val,1.7672,0.2338
14472,train,2.3403,0.5528
14473,train,2.4254,0.5974
14474,train,2.8799,0.7929
14475,train,1.4192,0.0939
14476,val,2.9268,0.8103
14477,train,3.3498,0.9079
14478,train,2.4199,0.5942
14479,train,1.4376,0.1005
14480,train,3.8908,0.9661
14481,train,2.8885,0.7963
14482,train,2.1292,0.4315
14483,train,1.6850,0.1931
14484,train,2.1928,0.4728
14485,test,2.9794,0.8273
14486,val,3.2064,0.8831
14487,train,2.5411,0.6556
14488,train,1.8292,0.2648
14489,train,1.3158,0.0683
14490,train,1.3385,0.0737
14491,train,1.6282,0.1709
14492,test,4.0893,0.9769
14493,train,1.9881,0.3510
14494,val,2.4783,0.6237
14495,train,1.5161,0.1271
14496,train,2.0325,0.3770
14497,train,3.0278,0.8403
14498,train,1.3738,0.0829
14499,train,1.9741,0.3440
14500,train,2.0098,0.3628
14501,train,1.8267,0.2632
14502,train,2.3473,0.5564
14503,train,4.1309,0.9784
14504,train,2.5603,0.6652
14505,test,2.6773,0.7202
14506,val,2.2150,0.4848
14507,train,1.9712,0.3426
14508,train,2.4856,0.6276
14509,train,2.1378,0.4364
14510,train,2.7699,0.7560
14511,test,3.7431,0.9536
14512,train,1.1599,0.0377
14513,train,2.5427,0.6561
14514,train,1.0620,0.0243
14515,train,7.0764,0.9999
14516,train,2.9197,0.8080
14517,train,2.5037,0.6368
14518,train,4.6358,0.9910
14519,val,2.0447,0.3837
14520,train,2.7819,0.7600
14521,train,1.7073,0.2025
14522,train,2.8011,0.7663
14523,train,2.0245,0.3716
14524,train,1.4757,0.1123
14525,train,2.2276,0.4924
14526,train,2.1107,0.4222
14527,val,3.0784,0.8536
14528,train,1.9611,0.3365
14529,test,2.6592,0.7130
14530,train,2.4163,0.5920
14531,val,2.2484,0.5035
14532,train,1.2472,0.0515
14533,train,3.3124,0.9019
14534,train,2.0396,0.3815
14535,val,2.8314,0.7775
14536,train,2.2228,0.4894
14537,test,2.7285,0.7407
14538,train,1.3531,0.0778
14539,train,1.8506,0.2776
14540,train,1.8916,0.2997
14541,train,1.7256,0.2109
14542,train,1.8947,0.3010
14543,train,1.6316,0.1721
14544,train,2.4570,0.6127
14545,test,2.7059,0.7322
14546,train,1.6596,0.1833
14547,train,1.7703,0.2356
14548,train,1.8606,0.2826
14549,train,1.0291,0.0202
14550,train,3.3703,0.9115
14551,test,2.5135,0.6415
14552,train,3.6412,0.9445
14553,val,2.4361,0.6026
14554,train,2.0278,0.3742
14555,train,1.3941,0.0872
14556,train,1.1541,0.0365
14557,train,2.4483,0.6095
14558,test,1.8557,0.2801
14559,train,2.7677,0.7555
14560,val,3.4094,0.9171
14561,test,2.7140,0.7348
14562,train,1.9992,0.3573
14563,val,2.7630,0.7537
14564,train,2.0566,0.3902
14565,train,2.8817,0.7937
14566,train,1.9083,0.3082
14567,train,3.3553,0.9089
14568,train,2.1252,0.4292
14569,test,2.3562,0.5616
14570,train,1.6115,0.1635
14571,train,1.4845,0.1149
14572,train,2.0565,0.3901
14573,test,3.1719,0.8757
14574,test,2.4582,0.6136
14575,train,2.2867,0.5238
14576,train,2.6255,0.6976
14577,test,2.7840,0.7608
14578,test,2.6148,0.6930
14579,train,1.8956,0.3016
14580,train,1.7961,0.2481
14581,train,2.1409,0.4386
14582,train,3.2121,0.8843
14583,train,2.5591,0.6642
14584,train,1.4378,0.1007
14585,train,1.9990,0.3572
14586,train,2.0130,0.3643
14587,train,2.0057,0.3608
14588,train,2.1660,0.4558
14589,val,3.2027,0.8824
14590,train,1.8662,0.2858
14591,train,2.7235,0.7383
14592,train,2.7908,0.7633
14593,train,1.1635,0.0382
14594,train,1.6152,0.1652
14595,test,2.0182,0.3678
14596,train,1.3701,0.0819
14597,train,2.5843,0.6768
14598,train,2.4124,0.5903
14599,train,3.0208,0.8384
14600,train,1.3264,0.0709
14601,test,2.0370,0.3798
14602,train,1.9851,0.3496
14603,train,1.3333,0.0727
14604,train,2.0138,0.3649
14605,train,2.2908,0.5259
14606,train,1.9328,0.3214
14607,train,2.9064,0.8029
14608,train,2.5261,0.6471
14609,train,2.2777,0.5190
14610,test,2.2480,0.5031
14611,train,3.6390,0.9442
14612,train,1.3265,0.0710
14613,train,1.9379,0.3246
14614,train,1.0659,0.0247
14615,train,1.9609,0.3364
14616,train,1.9046,0.3061
14617,val,2.7927,0.7639
14618,train,1.4502,0.1041
14619,val,3.8887,0.9656
14620,train,1.7039,0.2003
14621,val,3.8890,0.9658
14622,train,1.2480,0.0517
14623,val,2.4995,0.6345
14624,train,1.1216,0.0309
14625,train,3.1761,0.8765
14626,train,1.9775,0.3456
14627,train,2.4795,0.6241
14628,train,2.7610,0.7527
14629,val,2.5634,0.6667
14630,train,1.8441,0.2731
14631,train,1.8299,0.2652
14632,train,2.6946,0.7270
14633,train,1.0299,0.0203
14634,val,2.5850,0.6772
14635,val,2.5718,0.6716
14636,val,3.1646,0.8736
14637,test,2.4210,0.5951
14638,train,2.0928,0.4114
14639,train,1.8731,0.2886
14640,test,2.9439,0.8148
14641,train,2.0843,0.4065
14642,test,2.2315,0.4949
14643,train,1.7885,0.2442
14644,train,2.1442,0.4402
14645,test,3.3291,0.9043
14646,train,1.3601,0.0795
14647,train,1.4763,0.1126
14648,train,1.9083,0.3082
14649,train,1.7822,0.2405
14650,train,2.1912,0.4720
14651,test,2.0537,0.3888
14652,val,2.8499,0.7840
14653,test,2.5666,0.6688
14654,train,2.7932,0.7640
14655,train,3.1546,0.8713
14656,train,2.9623,0.8213
14657,train,1.3889,0.0862
14658,test,2.2486,0.5036
14659,train,1.5849,0.1532
14660,train,1.1726,0.0395
14661,train,1.8336,0.2676
14662,train,0.9364,0.0112
14663,train,1.8095,0.2547
14664,train,2.4180,0.5930
14665,train,2.6534,0.7106
14666,train,2.4401,0.6047
14667,train,1.6215,0.1683
14668,train,3.6042,0.9413
14669,val,3.4633,0.9251
14670,train,1.2553,0.0530
14671,train,1.3724,0.0826
14672,test,2.4267,0.5982
14673,val,2.2076,0.4805
14674,train,1.1864,0.0412
14675,train,1.9581,0.3352
14676,test,2.2008,0.4774
14677,train,1.1609,0.0379
14678,train,1.5322,0.1327
14679,train,1.0613,0.0242
14680,train,1.3942,0.0873
14681,train,2.7543,0.7498
14682,val,3.0999,0.8593
14683,train,2.3444,0.5552
14684,test,2.0701,0.3978
14685,train,2.5841,0.6766
14686,train,2.4138,0.5907
14687,train,1.2314,0.0483
14688,train,2.1442,0.4403
14689,train,1.5535,0.1403
14690,test,2.2359,0.4975
14691,test,3.5507,0.9359
14692,train,1.4832,0.1146
14693,train,1.5895,0.1548
14694,val,3.1599,0.8727
14695,train,2.0492,0.3862
14696,train,1.3710,0.0821
14697,train,1.4848,0.1151
14698,train,2.0680,0.3968
14699,train,1.6084,0.1618
14700,test,2.6402,0.7043
14701,train,1.3997,0.0889
14702,val,3.7045,0.9501
14703,train,2.4979,0.6334
14704,train,2.9206,0.8084
14705,val,2.7705,0.7564
14706,train,2.2597,0.5087
14707,train,2.6753,0.7188
14708,val,4.2778,0.9834
14709,val,2.6909,0.7260
14710,train,1.4286,0.0972
14711,val,2.7452,0.7468
14712,train,1.6116,0.1636
14713,train,0.8528,0.0067
14714,train,3.5698,0.9378
14715,train,2.3783,0.5726
14716,train,2.0768,0.4013
14717,train,2.1618,0.4528
14718,train,3.3045,0.9003
14719,train,1.6638,0.1854
14720,val,2.0880,0.4086
14721,train,1.6158,0.1657
14722,test,2.3214,0.5428
14723,train,1.6153,0.1653
14724,train,1.3370,0.0733
14725,train,2.9774,0.8264
14726,val,3.8069,0.9595
14727,train,2.6118,0.6911
14728,test,2.6892,0.7251
14729,train,1.6637,0.1853
14730,train,1.5997,0.1581
14731,test,2.2998,0.5304
14732,train,2.6291,0.6991
14733,train,2.1420,0.4389
14734,train,1.8093,0.2545
14735,train,1.2382,0.0497
14736,train,1.1197,0.0307
14737,val,3.4660,0.9255
14738,train,1.6898,0.1955
14739,test,3.7125,0.9510
14740,train,1.9388,0.3252
14741,train,2.2378,0.4983
14742,train,1.8263,0.2630
14743,val,3.4499,0.9229
14744,train,1.2622,0.0550
14745,train,1.8363,0.2688
14746,test,2.3167,0.5408
14747,train,2.1693,0.4579
14748,train,1.3310,0.0722
14749,train,1.5454,0.1377
14750,train,1.4086,0.0913
14751,train,1.6743,0.1891
14752,train,1.8761,0.2904
14753,train,1.7332,0.2146
14754,test,2.7116,0.7339
14755,train,2.0138,0.3650
14756,test,2.2542,0.5062
14757,train,1.1504,0.0354
14758,train,1.9034,0.3055
14759,train,1.4361,0.0998
14760,train,2.2427,0.5008
14761,train,2.6018,0.6868
14762,train,1.3986,0.0887
14763,train,3.4062,0.9168
14764,val,3.2027,0.8823
14765,train,1.1907,0.0418
14766,train,3.0607,0.8491
14767,train,1.8487,0.2766
14768,train,4.8489,0.9939
14769,train,1.2412,0.0499
14770,train,2.1079,0.4206
14771,val,1.4042,0.0899
14772,train,3.2643,0.8934
14773,train,2.3889,0.5784
14774,train,2.3929,0.5810
14775,train,1.8290,0.2646
14776,train,1.6210,0.1681
14777,val,2.7421,0.7452
14778,train,1.9479,0.3298
14779,train,1.6688,0.1872
14780,train,1.6416,0.1756
14781,train,1.1544,0.0367
14782,train,3.0054,0.8341
14783,val,3.4651,0.9253
14784,train,1.3689,0.0816
14785,test,2.1920,0.4724
14786,train,2.5891,0.6797
14787,train,3.1335,0.8659
14788,train,1.8753,0.2900
14789,train,2.2137,0.4840
14790,test,2.9493,0.8160
14791,train,1.9959,0.3554
14792,train,2.6536,0.7107
14793,train,1.6424,0.1758
14794,train,2.8715,0.7906
14795,train,2.2861,0.5233
14796,train,1.8038,0.2514
14797,test,4.3059,0.9839
14798,train,3.5015,0.9295
14799,val,2.0219,0.3700
14800,train,2.5687,0.6701
14801,train,1.7944,0.2473
14802,train,2.1581,0.4503
14803,val,1.7014,0.1992
14804,train,1.8089,0.2542
14805,val,2.4957,0.6318
14806,train,2.1262,0.4298
14807,train,0.9224,0.0103
14808,train,2.1478,0.4426
14809,train,1.4749,0.1119
14810,train,1.9628,0.3372
14811,train,2.1653,0.4552
14812,val,2.9706,0.8239
14813,train,1.7666,0.2335
14814,train,1.0203,0.0189
14815,train,1.8451,0.2736
14816,test,3.0021,0.8335
14817,train,2.5687,0.6702
14818,train,2.0229,0.3710
14819,train,1.6339,0.1727
14820,train,2.8309,0.7772
14821,train,3.4268,0.9197
14822,test,2.7188,0.7366
14823,train,1.7552,0.2265
14824,val,2.5322,0.6503
14825,val,2.0966,0.4138
14826,train,1.8814,0.2942
14827,train,1.9574,0.3349
14828,test,3.9556,0.9697
14829,test,3.2948,0.8985
14830,test,3.1411,0.8677
14831,val,2.8316,0.7775
14832,train,2.2306,0.4944
14833,val,3.5194,0.9318
14834,test,3.0392,0.8437
14835,train,2.3254,0.5448
14836,train,1.8381,0.2698
14837,train,1.7314,0.2137
14838,train,1.9533,0.3325
14839,val,2.3470,0.5562
14840,test,2.3670,0.5666
14841,train,2.0675,0.3965
14842,train,1.8547,0.2796
14843,train,2.5014,0.6357
14844,val,2.5853,0.6776
14845,train,1.5777,0.1499
14846,train,1.9431,0.3278
14847,train,2.3395,0.5522
14848,train,1.1669,0.0385
14849,train,2.0455,0.3842
14850,test,2.9937,0.8311
14851,train,2.0828,0.4056
14852,train,1.7120,0.2045
14853,test,3.8916,0.9662
14854,train,2.0912,0.4102
14855,train,3.8479,0.9627
14856,train,2.2420,0.5004
14857,test,2.5650,0.6680
14858,test,3.7771,0.9567
14859,train,2.4802,0.6248
14860,val,2.3351,0.5497
14861,train,3.2892,0.8979
14862,train,1.8960,0.3020
14863,train,1.9391,0.3254
14864,train,2.2554,0.5070
14865,train,1.7959,0.2481
14866,train,0.7571,0.0035
14867,train,2.3270,0.5458
14868,test,3.2227,0.8863
14869,train,3.5815,0.9389
14870,train,1.7269,0.2117
14871,train,1.2203,0.0462
14872,train,2.2136,0.4840
14873,val,5.2572,0.9971
14874,val,2.4419,0.6064
14875,train,1.4738,0.1115
14876,val,2.3155,0.5403
14877,val,2.8446,0.7821
14878,train,2.4779,0.6233
14879,train,1.5446,0.1371
14880,train,1.6829,0.1921
14881,train,2.1937,0.4734
14882,train,2.0712,0.3983
14883,val,3.0453,0.8455
14884,train,1.4831,0.1145
14885,val,2.3442,0.5550
14886,train,2.4984,0.6338
14887,train,1.2200,0.0461
14888,val,2.2437,0.5012
14889,train,2.3588,0.5630
14890,train,1.4700,0.1102
14891,train,1.7717,0.2364
14892,train,2.6288,0.6990
14893,val,2.8540,0.7851
14894,train,1.9714,0.3427
14895,train,3.8083,0.9600
14896,train,2.0569,0.3902
14897,train,3.0896,0.8565
14898,val,3.1047,0.8606
14899,val,2.3754,0.5709
14900,train,2.4593,0.6142
14901,test,3.0295,0.8407
14902,val,4.1670,0.9799
14903,val,2.2754,0.5178
14904,train,3.0007,0.8331
14905,train,1.9195,0.3148
14906,train,3.0398,0.8438
14907,train,1.3331,0.0726
14908,train,1.8959,0.3018
14909,train,2.3222,0.5434
14910,val,3.6846,0.9483
14911,train,2.3015,0.5316
14912,train,2.0279,0.3742
14913,train,1.9309,0.3204
14914,train,1.0764,0.0257
14915,train,1.7700,0.2354
14916,val,2.4341,0.6018
14917,test,3.3455,0.9072
14918,val,2.9562,0.8189
14919,train,1.7541,0.2262
14920,test,3.1468,0.8695
14921,train,2.0691,0.3975
14922,train,1.5326,0.1328
14923,train,3.0071,0.8349
14924,train,1.8276,0.2638
14925,train,3.0341,0.8422
14926,train,2.7776,0.7588
14927,val,3.1797,0.8774
14928,test,2.9727,0.8247
14929,train,2.5867,0.6784
14930,train,2.3722,0.5687
14931,train,1.7395,0.2175
14932,train,2.0784,0.4026
14933,train,2.2611,0.5094
14934,train,2.2836,0.5222
14935,test,3.5671,0.9377
14936,val,2.4239,0.5968
14937,val,2.8824,0.7939
14938,train,2.0956,0.4131
14939,train,2.5480,0.6584
14940,train,2.3475,0.5567
14941,train,3.1079,0.8613
14942,train,1.9180,0.3138
14943,train,1.6826,0.1921
14944,train,1.8141,0.2564
14945,train,1.9622,0.3369
14946,test,2.5028,0.6364
14947,val,3.3563,0.9091
14948,train,1.3446,0.0755
14949,test,2.9505,0.8165
14950,train,1.6902,0.1957
14951,test,2.5653,0.6682
14952,train,1.6374,0.1739
14953,train,1.8455,0.2738
14954,test,2.7036,0.7313
14955,train,1.9871,0.3504
14956,train,1.5623,0.1438
14957,train,2.2507,0.5045
14958,val,3.0021,0.8335
14959,test,3.4648,0.9252
14960,train,2.2918,0.5263
14961,test,4.3753,0.9861
14962,val,3.2918,0.8979
14963,train,2.1359,0.4351
14964,train,1.8321,0.2663
14965,train,2.1421,0.4390
14966,test,4.4935,0.9888
14967,train,2.5851,0.6774
14968,val,2.7403,0.7447
14969,val,3.1650,0.8739
14970,train,1.7829,0.2410
14971,train,2.2773,0.5188
14972,train,2.0769,0.4014
14973,test,3.1374,0.8667
14974,train,3.4509,0.9231
14975,train,3.1474,0.8695
14976,train,1.6580,0.1829
14977,train,1.2559,0.0533
14978,train,2.5860,0.6780
14979,val,2.9607,0.8206
14980,test,5.0712,0.9961
14981,val,2.2125,0.4832
14982,test,2.5023,0.6363
14983,test,2.8059,0.7681
14984,test,1.9412,0.3264
14985,train,1.6943,0.1971
14986,test,3.2275,0.8870
14987,train,2.2949,0.5283
14988,train,2.5525,0.6607
14989,test,2.3451,0.5556
14990,val,3.3941,0.9155
14991,train,2.7321,0.7425
14992,val,2.5954,0.6836
14993,train,1.7266,0.2115
14994,train,1.4084,0.0911
14995,train,5.0389,0.9960
14996,val,3.0324,0.8415
14997,train,1.3475,0.0765
14998,test,3.1295,0.8653
14999,train,2.2106,0.4822
