plant,n_leaves,width_mean,width_max
0,11,0.099396,0.111588
1,23,0.096157,0.111301
2,22,0.098123,0.125611
3,27,0.098812,0.110426
4,18,0.101612,0.115255
5,21,0.098653,0.117852
6,26,0.094822,0.113069
7,19,0.102016,0.127238
8,16,0.100594,0.127670
9,19,0.099336,0.126100
10,11,0.097774,0.110341
11,24,0.094778,0.120485
12,21,0.100362,0.121370
13,25,0.098699,0.113640
14,18,0.096803,0.123027
15,20,0.097359,0.121801
16,22,0.098242,0.127855
17,21,0.100114,0.125001
18,23,0.098454,0.117438
19,18,0.093731,0.127146
20,25,0.095784,0.114047
21,24,0.098887,0.119626
22,21,0.100186,0.125588
23,19,0.096168,0.115142
24,19,0.098276,0.120629
25,20,0.096023,0.113683
26,23,0.099518,0.123752
27,18,0.098529,0.123006
28,19,0.099945,0.117754
29,14,0.097477,0.110906
30,24,0.095383,0.114550
31,23,0.100968,0.122817
32,26,0.098264,0.114804
33,21,0.093880,0.115426
34,25,0.097307,0.114001
35,23,0.098453,0.114848
36,18,0.095663,0.107944
37,24,0.100939,0.117418
38,25,0.098548,0.114565
39,23,0.097419,0.121591
40,18,0.094912,0.112598
41,20,0.098884,0.122786
42,19,0.095920,0.122654
43,20,0.095763,0.121911
44,17,0.098635,0.114040
45,20,0.099893,0.122825
46,21,0.098679,0.126209
47,15,0.093075,0.110449
48,18,0.100117,0.114501
49,20,0.096909,0.115140
50,18,0.098940,0.118745
51,18,0.100719,0.115893
52,26,0.099478,0.117405
53,13,0.098517,0.117673
54,16,0.099185,0.115982
55,22,0.098285,0.126545
56,14,0.097333,0.115178
57,21,0.096001,0.115906
58,26,0.099694,0.127437
59,20,0.096280,0.113721
60,20,0.096493,0.107968
61,16,0.100872,0.119875
62,21,0.096741,0.118284
63,12,0.097373,0.122901
64,22,0.096858,0.119325
65,16,0.096896,0.111464
66,21,0.097508,0.115850
67,18,0.096358,0.120550
68,18,0.096587,0.117392
69,19,0.099762,0.114788
70,20,0.101546,0.115913
71,18,0.094772,0.118525
72,9,0.098043,0.122378
73,21,0.098322,0.120405
74,13,0.097591,0.111332
75,26,0.101022,0.128407
76,20,0.097737,0.115969
77,18,0.102090,0.118767
78,19,0.101588,0.125323
79,22,0.094863,0.122238
80,25,0.099061,0.121956
81,16,0.098624,0.129028
82,20,0.101206,0.122699
83,28,0.103302,0.121028
84,18,0.099874,0.112520
85,18,0.101709,0.128280
86,19,0.099747,0.115834
87,27,0.099779,0.124124
88,15,0.095661,0.130270
89,21,0.102493,0.127976
90,21,0.099559,0.124343
91,21,0.094383,0.108494
92,29,0.099655,0.116660
93,17,0.099649,0.118782
94,18,0.101973,0.116356
95,15,0.094120,0.109193
96,13,0.097585,0.110328
97,17,0.097691,0.121295
98,21,0.099089,0.114981
99,16,0.098131,0.116170
100,18,0.097329,0.128216
101,26,0.099118,0.118691
102,26,0.100322,0.119174
103,22,0.094619,0.116002
104,19,0.101359,0.117554
105,18,0.097757,0.113645
106,18,0.097773,0.114892
107,22,0.098491,0.115498
108,19,0.099714,0.118355
109,22,0.100236,0.117495
110,18,0.099169,0.106908
111,18,0.097099,0.127260
112,11,0.096452,0.106765
113,21,0.099361,0.125755
114,18,0.101274,0.116228
115,23,0.099410,0.113973
116,20,0.099713,0.115725
117,23,0.099095,0.124310
118,26,0.099165,0.116944
119,25,0.099458,0.122551
120,18,0.097867,0.130716
121,25,0.100409,0.114352
122,18,0.094351,0.108920
123,15,0.098501,0.119079
124,20,0.094962,0.115990
125,19,0.098494,0.126443
126,17,0.096577,0.109871
127,25,0.098572,0.124267
128,19,0.099300,0.129792
129,14,0.095678,0.122096
130,26,0.099211,0.130448
131,15,0.093787,0.110937
132,14,0.100552,0.120881
133,30,0.097072,0.117386
134,20,0.097883,0.114358
135,19,0.101191,0.118311
136,14,0.093850,0.104688
137,16,0.101059,0.116457
138,17,0.093649,0.108205
139,18,0.098555,0.121801
140,20,0.100228,0.119636
141,17,0.099264,0.122056
142,16,0.094655,0.110628
143,20,0.101122,0.124798
144,22,0.096933,0.111864
145,18,0.098936,0.117026
146,23,0.102341,0.130270
147,18,0.100508,0.119373
148,20,0.099565,0.113091
149,21,0.099721,0.120232
150,20,0.092409,0.111278
151,17,0.101016,0.116609
152,24,0.094209,0.123470
153,17,0.096125,0.119537
154,20,0.098649,0.121817
155,23,0.097233,0.120175
156,18,0.101917,0.119236
157,22,0.099080,0.119533
158,25,0.100408,0.126342
159,13,0.099433,0.118215
160,21,0.101971,0.124954
161,17,0.101091,0.131698
162,20,0.100206,0.115322
163,20,0.101217,0.119904
164,23,0.096748,0.115320
165,24,0.096818,0.112589
166,19,0.098543,0.118148
167,16,0.096135,0.107418
168,21,0.099951,0.128177
169,20,0.094889,0.125227
170,24,0.096925,0.120637
171,21,0.098986,0.120532
172,27,0.094925,0.112241
173,19,0.100282,0.122190
174,15,0.097567,0.109253
175,14,0.097336,0.116760
176,25,0.098887,0.120060
177,16,0.096683,0.111401
178,15,0.096220,0.113078
179,20,0.102334,0.129274
180,17,0.095221,0.119305
181,27,0.098560,0.116180
182,13,0.100507,0.117859
183,22,0.100353,0.118242
184,22,0.098675,0.119656
185,21,0.096138,0.125836
186,17,0.099229,0.112821
187,19,0.098334,0.108296
188,15,0.097880,0.114585
189,22,0.097810,0.121134
190,22,0.097549,0.109186
191,16,0.096206,0.117441
192,17,0.099740,0.125753
193,24,0.096751,0.127262
194,21,0.099830,0.116135
195,18,0.095676,0.110112
196,22,0.100086,0.122244
197,15,0.101442,0.117758
198,21,0.102401,0.115989
199,17,0.098527,0.111089
200,15,0.102820,0.130526
201,23,0.101757,0.119618
202,18,0.100483,0.118155
203,14,0.097616,0.117713
204,20,0.097387,0.121840
205,20,0.095127,0.121356
206,21,0.098085,0.117934
207,22,0.097196,0.119085
208,23,0.094406,0.112738
209,25,0.099675,0.131992
210,22,0.097029,0.120628
211,21,0.096631,0.115366
212,19,0.100555,0.115699
213,15,0.100657,0.116745
214,14,0.098531,0.127511
215,21,0.095663,0.113747
216,22,0.095950,0.118109
217,16,0.101026,0.115290
218,21,0.098098,0.119213
219,19,0.096373,0.119839
220,17,0.098366,0.111591
221,14,0.100448,0.114951
222,25,0.098783,0.123652
223,12,0.099104,0.122193
224,22,0.097195,0.120739
225,19,0.099148,0.127808
226,20,0.095649,0.118682
227,27,0.097367,0.115435
228,20,0.097364,0.115602
229,17,0.099449,0.116425
230,24,0.096857,0.117299
231,13,0.097575,0.113734
232,16,0.101330,0.118923
233,16,0.101392,0.120433
234,19,0.100066,0.118694
235,15,0.096912,0.122685
236,17,0.102249,0.110905
237,22,0.096537,0.114064
238,26,0.098301,0.125995
239,17,0.094586,0.117266
240,22,0.094924,0.110893
241,13,0.100722,0.117290
242,21,0.096789,0.110891
243,21,0.099896,0.110227
244,19,0.096518,0.126892
245,19,0.101465,0.126602
246,18,0.101504,0.124236
247,24,0.101184,0.120775
248,22,0.096698,0.118277
249,18,0.100178,0.127087
250,13,0.097298,0.110498
251,26,0.096916,0.123804
252,19,0.103827,0.119094
253,18,0.098969,0.118467
254,16,0.092576,0.111385
255,24,0.097563,0.115822
256,16,0.100203,0.122120
257,20,0.098423,0.110752
258,20,0.099574,0.124941
259,23,0.097204,0.112427
260,20,0.095368,0.122128
261,19,0.097277,0.123312
262,15,0.095070,0.110292
263,19,0.098382,0.119238
264,18,0.097993,0.122481
265,21,0.100640,0.118109
266,18,0.099344,0.121215
267,17,0.101573,0.116294
268,22,0.096943,0.120600
269,22,0.096720,0.116201
270,20,0.100384,0.139269
271,23,0.099640,0.121076
272,27,0.096557,0.116294
273,17,0.098709,0.112982
274,19,0.098381,0.120909
275,20,0.103773,0.127073
276,16,0.091947,0.112458
277,19,0.097682,0.109197
278,15,0.094475,0.115412
279,23,0.097324,0.116692
280,20,0.094600,0.109946
281,9,0.107748,0.122978
282,18,0.099333,0.118453
283,18,0.099475,0.115907
284,19,0.100567,0.124112
285,18,0.101488,0.118801
286,22,0.098301,0.114076
287,9,0.097976,0.116212
288,24,0.097972,0.113132
289,24,0.096834,0.117178
290,20,0.096744,0.126109
291,25,0.098701,0.123501
292,22,0.096801,0.119638
293,17,0.098710,0.123187
294,16,0.099269,0.118705
295,26,0.097393,0.111241
296,26,0.096599,0.112322
297,22,0.099257,0.115305
298,9,0.102645,0.122179
299,19,0.099144,0.118762
300,17,0.095535,0.111827
301,25,0.097461,0.116617
302,19,0.098757,0.117408
303,19,0.097673,0.117931
304,20,0.100125,0.115737
305,27,0.095342,0.121952
306,20,0.097581,0.127257
307,22,0.101774,0.118178
308,14,0.097523,0.116234
309,13,0.098480,0.116929
310,17,0.099055,0.114147
311,17,0.099602,0.122829
312,19,0.097336,0.112865
313,22,0.099433,0.114298
314,24,0.100771,0.133565
315,25,0.102303,0.117237
316,12,0.094770,0.103156
317,24,0.098117,0.109469
318,24,0.098120,0.113580
319,25,0.098042,0.117155
320,14,0.100945,0.115908
321,16,0.096001,0.115351
322,23,0.098608,0.123653
323,22,0.100031,0.120762
324,21,0.098658,0.122035
325,18,0.096130,0.126120
326,25,0.098107,0.116241
327,22,0.098385,0.113282
328,13,0.097011,0.111463
329,15,0.100208,0.117970
330,22,0.097272,0.116509
331,21,0.095876,0.117415
332,21,0.100518,0.130464
333,15,0.094797,0.118149
334,19,0.100499,0.116278
335,22,0.098464,0.122813
336,21,0.100197,0.119739
337,20,0.098955,0.114419
338,14,0.101100,0.117538
339,25,0.100875,0.125888
340,21,0.101917,0.118196
341,26,0.099243,0.129421
342,19,0.099384,0.109258
343,25,0.100206,0.120336
344,16,0.098752,0.110841
345,24,0.102404,0.122046
346,23,0.101704,0.117361
347,25,0.099028,0.114491
348,18,0.100828,0.122719
349,20,0.095633,0.118125
350,20,0.098816,0.114519
351,24,0.097522,0.119107
352,17,0.096370,0.112186
353,24,0.100392,0.126992
354,19,0.098233,0.132676
355,18,0.098903,0.125658
356,17,0.093742,0.114593
357,15,0.094686,0.115115
358,21,0.095862,0.120565
359,13,0.098478,0.117784
360,17,0.097211,0.115161
361,16,0.094618,0.114868
362,20,0.099524,0.119484
363,14,0.100023,0.108955
364,17,0.096699,0.115849
365,22,0.096401,0.119933
366,26,0.100065,0.127076
367,20,0.100688,0.119698
368,22,0.099662,0.130632
369,16,0.095731,0.110382
370,15,0.096460,0.110330
371,19,0.099169,0.117645
372,20,0.100381,0.129209
373,12,0.091672,0.109185
374,19,0.098311,0.119852
375,22,0.099121,0.118790
376,22,0.099566,0.115734
377,19,0.097996,0.124353
378,21,0.096962,0.117737
379,18,0.098485,0.114956
380,22,0.098056,0.122299
381,22,0.099029,0.125594
382,24,0.099687,0.131845
383,26,0.098031,0.120237
384,26,0.099923,0.120674
385,16,0.095491,0.110871
386,18,0.096870,0.117052
387,27,0.099059,0.136654
388,25,0.101374,0.124172
389,21,0.097174,0.113279
390,19,0.093063,0.109721
391,24,0.101043,0.120876
392,21,0.099218,0.117573
393,21,0.099125,0.118527
394,19,0.096236,0.111221
395,21,0.099124,0.114131
396,21,0.099687,0.113677
397,21,0.099030,0.121560
398,15,0.097147,0.115582
399,22,0.098686,0.125501
400,14,0.101277,0.114594
401,19,0.101976,0.119191
402,19,0.100513,0.116427
403,16,0.098779,0.122170
404,18,0.095975,0.124503
405,23,0.094821,0.112206
406,19,0.098655,0.116954
407,21,0.099174,0.116738
408,15,0.099634,0.125737
409,20,0.097359,0.113011
410,19,0.101002,0.113843
411,19,0.093096,0.107381
412,16,0.094626,0.114385
413,17,0.096281,0.112467
414,23,0.100512,0.122370
415,14,0.098523,0.115183
416,25,0.096906,0.107244
417,23,0.097105,0.115443
418,15,0.101298,0.113905
419,11,0.100968,0.112042
420,18,0.101002,0.122326
421,21,0.099590,0.123554
422,14,0.100461,0.129986
423,17,0.097830,0.118942
424,17,0.100465,0.115725
425,14,0.100116,0.125135
426,13,0.099670,0.119937
427,18,0.102800,0.118396
428,18,0.096290,0.115597
429,21,0.097850,0.122069
430,16,0.101570,0.122906
431,15,0.095876,0.115399
432,18,0.100313,0.127132
433,22,0.097491,0.117335
434,19,0.097887,0.130368
435,19,0.095934,0.111166
436,20,0.099571,0.128819
437,12,0.098917,0.113995
438,19,0.097802,0.118802
439,13,0.096155,0.105623
440,17,0.096048,0.112137
441,19,0.095751,0.113873
442,16,0.097304,0.111591
443,21,0.100596,0.118926
444,25,0.097698,0.118891
445,26,0.098254,0.122516
446,17,0.098379,0.119169
447,13,0.097903,0.115741
448,25,0.099749,0.118974
449,13,0.099404,0.122631
450,22,0.095388,0.116200
451,24,0.098201,0.119918
452,21,0.092603,0.108912
453,25,0.096889,0.115985
454,26,0.100076,0.117424
455,19,0.100341,0.124743
456,11,0.099121,0.121889
457,22,0.096374,0.115926
458,22,0.098004,0.114610
459,16,0.093534,0.113468
460,18,0.100500,0.119130
461,19,0.097348,0.113462
462,25,0.100846,0.117766
463,20,0.097718,0.115039
464,17,0.098894,0.116794
465,15,0.100079,0.125076
466,23,0.098377,0.119975
467,20,0.097588,0.128543
468,19,0.098809,0.120157
469,19,0.099699,0.121315
470,24,0.096141,0.120485
471,22,0.098244,0.128137
472,21,0.096641,0.116682
473,15,0.100359,0.118209
474,19,0.097408,0.125419
475,14,0.101210,0.121000
476,15,0.099642,0.119937
477,19,0.094821,0.118020
478,27,0.097543,0.115643
479,19,0.097541,0.125799
480,18,0.096042,0.113201
481,22,0.100815,0.130049
482,27,0.099635,0.128043
483,20,0.097421,0.114739
484,17,0.093882,0.120685
485,26,0.099789,0.120951
486,19,0.100345,0.118327
487,18,0.095269,0.115282
488,20,0.097132,0.126110
489,28,0.095257,0.114505
490,20,0.096388,0.119797
491,19,0.098514,0.111411
492,19,0.094524,0.121905
493,16,0.098116,0.112481
494,20,0.100970,0.131451
495,21,0.097576,0.124945
496,22,0.100491,0.121397
497,20,0.098418,0.114148
498,23,0.096661,0.114857
499,13,0.101746,0.126209
500,15,0.099142,0.112161
501,25,0.102021,0.125144
502,20,0.093497,0.111482
503,22,0.100276,0.120947
504,23,0.097776,0.118964
505,17,0.099047,0.114868
506,21,0.097669,0.118997
507,23,0.099968,0.114424
508,21,0.095403,0.110453
509,29,0.100890,0.121126
510,25,0.096016,0.113704
511,21,0.099014,0.121276
512,13,0.097276,0.111684
513,25,0.096233,0.121525
514,20,0.095341,0.126951
515,23,0.099534,0.125979
516,25,0.097916,0.116759
517,19,0.097099,0.115031
518,26,0.098710,0.121153
519,20,0.098087,0.119420
520,22,0.099258,0.123532
521,20,0.099802,0.132679
522,23,0.098331,0.117087
523,14,0.104025,0.117378
524,16,0.101814,0.120025
525,9,0.098255,0.116906
526,15,0.096450,0.113928
527,18,0.095012,0.113497
528,22,0.097624,0.129128
529,21,0.097218,0.116389
530,20,0.097771,0.112663
531,16,0.096416,0.112189
532,16,0.100415,0.117593
533,15,0.100588,0.117970
534,23,0.099505,0.114732
535,18,0.100507,0.113220
536,15,0.096585,0.120464
537,26,0.100771,0.130207
538,16,0.094669,0.120236
539,20,0.099040,0.116343
540,15,0.098106,0.117237
541,21,0.095325,0.119134
542,21,0.103466,0.116889
543,15,0.097421,0.126844
544,24,0.098959,0.123277
545,14,0.096686,0.108247
546,13,0.098570,0.120355
547,16,0.098229,0.122361
548,17,0.096087,0.105991
549,20,0.095969,0.124025
550,14,0.099225,0.122013
551,25,0.099800,0.123298
552,14,0.097856,0.116561
553,23,0.100319,0.127523
554,21,0.096592,0.125191
555,27,0.101126,0.121534
556,14,0.091888,0.103922
557,26,0.100533,0.124890
558,20,0.101209,0.118140
559,17,0.099277,0.111679
560,20,0.095737,0.115154
561,18,0.100504,0.121135
562,18,0.095527,0.113214
563,24,0.094075,0.125431
564,19,0.097223,0.121342
565,16,0.099920,0.123216
566,19,0.099329,0.115890
567,23,0.098129,0.120859
568,11,0.093249,0.121754
569,16,0.099795,0.125741
570,29,0.097525,0.127164
571,20,0.096365,0.129336
572,27,0.100200,0.114988
573,23,0.102816,0.119567
574,27,0.098261,0.116680
575,24,0.097797,0.120472
576,21,0.098310,0.115799
577,26,0.100453,0.119726
578,18,0.101730,0.119697
579,21,0.096621,0.112938
580,18,0.095934,0.117851
581,17,0.095972,0.112366
582,15,0.094802,0.110457
583,15,0.102043,0.117724
584,26,0.102629,0.119779
585,18,0.095824,0.111966
586,23,0.101131,0.125507
587,24,0.102058,0.120046
588,22,0.099314,0.125311
589,17,0.093556,0.107504
590,17,0.087559,0.109756
591,25,0.096481,0.118755
592,20,0.097584,0.119841
593,16,0.098908,0.121787
594,16,0.099668,0.122472
595,23,0.098799,0.114185
596,22,0.102519,0.126586
597,22,0.099717,0.115514
598,15,0.099085,0.124408
599,16,0.101298,0.114997
600,14,0.098957,0.110434
601,17,0.098944,0.113585
602,21,0.095537,0.124941
603,15,0.095412,0.110306
604,19,0.095940,0.116086
605,14,0.103108,0.120679
606,17,0.096157,0.113445
607,20,0.096213,0.116966
608,22,0.099346,0.114915
609,17,0.102520,0.119199
610,21,0.101107,0.124375
611,22,0.097288,0.114264
612,22,0.095659,0.114594
613,18,0.099685,0.122390
614,20,0.095667,0.111985
615,15,0.096765,0.109654
616,18,0.096262,0.118568
617,17,0.097848,0.111980
618,17,0.099572,0.121396
619,24,0.096732,0.126516
620,31,0.099929,0.123630
621,17,0.103011,0.119409
622,28,0.095383,0.117208
623,14,0.099629,0.120624
624,19,0.101442,0.109627
625,16,0.095073,0.118043
626,22,0.097281,0.117283
627,22,0.099926,0.121410
628,17,0.100115,0.119936
629,22,0.099014,0.112866
630,22,0.097910,0.117087
631,20,0.099072,0.127907
632,24,0.100603,0.122191
633,17,0.098239,0.114382
634,28,0.100838,0.122095
635,17,0.099466,0.111058
636,13,0.097892,0.113196
637,20,0.100252,0.119809
638,20,0.099291,0.114964
639,20,0.096653,0.120712
640,20,0.098217,0.115507
641,17,0.095999,0.121820
642,14,0.095215,0.108841
643,20,0.097849,0.111137
644,18,0.098534,0.128925
645,24,0.104690,0.124263
646,10,0.098263,0.119105
647,21,0.098120,0.120514
648,20,0.099039,0.123312
649,12,0.099956,0.114515
650,22,0.100980,0.118706
651,21,0.099442,0.124959
652,11,0.096963,0.115727
653,19,0.104166,0.133202
654,16,0.093925,0.111909
655,14,0.100808,0.121878
656,19,0.099440,0.118548
657,24,0.102334,0.122694
658,26,0.100625,0.119443
659,22,0.098819,0.120284
660,16,0.099861,0.124497
661,19,0.097775,0.114069
662,24,0.100806,0.129892
663,17,0.101773,0.126683
664,17,0.101522,0.116237
665,20,0.099184,0.115102
666,22,0.098533,0.121414
667,18,0.098892,0.120444
668,25,0.097550,0.114545
669,23,0.101436,0.122914
670,18,0.094752,0.113520
671,22,0.097819,0.113804
672,19,0.094720,0.108201
673,21,0.099819,0.131924
674,16,0.091568,0.111695
675,17,0.098509,0.118374
676,23,0.099916,0.124261
677,29,0.099241,0.123331
678,26,0.099525,0.124467
679,21,0.098577,0.121201
680,21,0.099508,0.115955
681,16,0.096792,0.117131
682,20,0.100979,0.120826
683,10,0.094602,0.111323
684,23,0.098011,0.122803
685,27,0.097885,0.116076
686,20,0.098768,0.116916
687,12,0.094315,0.122301
688,18,0.100609,0.129667
689,20,0.097095,0.112172
690,20,0.097158,0.114855
691,18,0.096334,0.112906
692,19,0.101580,0.118641
693,17,0.098828,0.124989
694,18,0.100939,0.127001
695,9,0.095925,0.115156
696,22,0.103747,0.130165
697,17,0.096789,0.114053
698,14,0.098447,0.123839
699,22,0.099679,0.115616
700,22,0.096394,0.125015
701,19,0.100754,0.114163
702,18,0.097176,0.108300
703,20,0.100044,0.127620
704,18,0.100444,0.122066
705,21,0.100465,0.116290
706,22,0.099240,0.117562
707,13,0.099306,0.116298
708,20,0.096060,0.119613
709,22,0.096818,0.113305
710,21,0.094408,0.109652
711,23,0.095523,0.116976
712,20,0.097957,0.120494
713,22,0.100238,0.119377
714,17,0.096551,0.118571
715,21,0.099055,0.123797
716,22,0.095728,0.113912
717,21,0.098618,0.120316
718,18,0.100064,0.116338
719,14,0.100600,0.122347
720,19,0.099816,0.109751
721,16,0.095332,0.124342
722,20,0.096180,0.120716
723,19,0.096004,0.116306
724,25,0.098325,0.116832
725,20,0.101578,0.122081
726,24,0.097093,0.116811
727,17,0.101654,0.118687
728,16,0.093332,0.121068
729,22,0.096090,0.113592
730,17,0.101451,0.116705
731,18,0.101427,0.115728
732,20,0.096846,0.118290
733,21,0.100846,0.129589
734,24,0.099042,0.122920
735,18,0.098726,0.126667
736,21,0.098880,0.115052
737,23,0.099870,0.123081
738,16,0.101034,0.119087
739,15,0.099144,0.123143
740,14,0.101404,0.115379
741,20,0.099538,0.133904
742,31,0.095882,0.122083
743,25,0.099498,0.122509
744,23,0.100451,0.118596
745,22,0.095095,0.110795
746,17,0.095553,0.114907
747,20,0.099460,0.126965
748,19,0.095101,0.117257
749,23,0.098521,0.117920
750,15,0.096137,0.115660
751,16,0.101073,0.116956
752,13,0.098995,0.120013
753,16,0.101246,0.126934
754,25,0.098749,0.122881
755,24,0.100697,0.120882
756,14,0.096372,0.109572
757,21,0.098830,0.122806
758,23,0.100824,0.118079
759,21,0.096998,0.116643
760,21,0.098988,0.121213
761,18,0.099874,0.119027
762,20,0.097756,0.119543
763,23,0.094458,0.123699
764,16,0.097673,0.117543
765,30,0.099224,0.122486
766,15,0.097286,0.117036
767,23,0.096111,0.120952
768,14,0.100125,0.112873
769,14,0.101689,0.121212
770,21,0.098595,0.119030
771,14,0.102660,0.116421
772,13,0.100221,0.117763
773,21,0.100824,0.128886
774,23,0.099170,0.113591
775,23,0.097356,0.114409
776,17,0.100761,0.117346
777,18,0.097190,0.118615
778,17,0.097709,0.122504
779,17,0.099404,0.111595
780,19,0.102078,0.125239
781,20,0.094393,0.110989
782,21,0.098066,0.125066
783,14,0.095043,0.110554
784,23,0.100656,0.130781
785,15,0.102948,0.115521
786,19,0.098614,0.118561
787,18,0.099547,0.112243
788,23,0.098516,0.120883
789,20,0.099869,0.115793
790,20,0.099373,0.127406
791,16,0.102106,0.116746
792,17,0.097173,0.111709
793,17,0.102278,0.120296
794,12,0.096179,0.111176
795,23,0.099535,0.114874
796,25,0.098728,0.128005
797,19,0.100633,0.118498
798,13,0.093610,0.115466
799,20,0.094349,0.118958
800,18,0.097471,0.119657
801,20,0.095554,0.116478
802,22,0.093045,0.111499
803,12,0.097948,0.113898
804,25,0.100343,0.126068
805,20,0.100416,0.117551
806,14,0.097904,0.114519
807,20,0.098705,0.116029
808,19,0.102293,0.126877
809,18,0.097080,0.116693
810,12,0.098512,0.118658
811,18,0.101388,0.120363
812,21,0.097249,0.119068
813,22,0.098602,0.121059
814,24,0.099179,0.119802
815,20,0.102921,0.127481
816,21,0.095276,0.119495
817,21,0.098541,0.114165
818,22,0.096902,0.122080
819,24,0.096351,0.116852
820,15,0.095285,0.117661
821,19,0.102477,0.117644
822,21,0.099953,0.125440
823,18,0.099802,0.124175
824,16,0.103568,0.126213
825,18,0.101921,0.126096
826,23,0.100101,0.118653
827,22,0.097691,0.115732
828,25,0.099237,0.127938
829,26,0.100710,0.118043
830,19,0.099308,0.118975
831,25,0.099150,0.122907
832,21,0.095910,0.115925
833,31,0.097961,0.130544
834,17,0.098962,0.112296
835,20,0.094303,0.120316
836,23,0.099486,0.128087
837,15,0.096552,0.117762
838,12,0.097846,0.116700
839,16,0.100072,0.123376
840,22,0.096976,0.108463
841,19,0.101767,0.124642
842,14,0.100695,0.122211
843,15,0.100183,0.117671
844,21,0.098719,0.116049
845,17,0.097793,0.119009
846,20,0.096644,0.121197
847,14,0.102542,0.126869
848,18,0.095310,0.112214
849,21,0.099328,0.113980
850,26,0.103506,0.121771
851,14,0.098581,0.119910
852,17,0.098087,0.116857
853,18,0.102065,0.118466
854,13,0.091855,0.110694
855,17,0.095725,0.112636
856,22,0.101751,0.124915
857,19,0.097020,0.109897
858,18,0.094437,0.110795
859,23,0.094787,0.113052
860,12,0.098304,0.115867
861,14,0.094928,0.109716
862,20,0.103077,0.123132
863,27,0.097850,0.119332
864,14,0.095336,0.109968
865,19,0.097073,0.109229
866,22,0.097619,0.120500
867,23,0.098382,0.108912
868,24,0.099907,0.123318
869,16,0.098795,0.116550
870,31,0.099280,0.131050
871,15,0.097399,0.120689
872,17,0.098031,0.127438
873,14,0.098235,0.123924
874,20,0.101805,0.119636
875,17,0.097356,0.116416
876,28,0.100254,0.118817
877,21,0.099390,0.126826
878,24,0.101729,0.116485
879,20,0.100147,0.122586
880,15,0.096051,0.124724
881,18,0.096505,0.129859
882,21,0.094487,0.115944
883,21,0.098721,0.118484
884,10,0.094896,0.108025
885,23,0.099114,0.126712
886,25,0.102320,0.126740
887,16,0.094227,0.117982
888,22,0.099060,0.117054
889,20,0.097174,0.116794
890,19,0.099422,0.122292
891,22,0.097851,0.116193
892,24,0.097662,0.119926
893,18,0.099437,0.118115
894,19,0.098419,0.113368
895,18,0.098240,0.115244
896,21,0.101435,0.122149
897,13,0.099285,0.121784
898,24,0.100052,0.120148
899,19,0.102518,0.119633
900,18,0.096652,0.110820
901,15,0.090653,0.103194
902,21,0.099917,0.128129
903,14,0.098742,0.135489
904,19,0.099663,0.131669
905,18,0.097086,0.117849
906,18,0.097893,0.117817
907,24,0.097016,0.125053
908,20,0.096816,0.118466
909,15,0.098970,0.115555
910,20,0.098730,0.118362
911,18,0.096028,0.116018
912,15,0.095765,0.116503
913,15,0.096181,0.107303
914,23,0.097341,0.117152
915,17,0.099196,0.122294
916,24,0.096794,0.114203
917,23,0.097952,0.115687
918,20,0.099547,0.120112
919,22,0.097498,0.117502
920,16,0.095590,0.114825
921,20,0.098301,0.116962
922,24,0.101559,0.129032
923,16,0.099297,0.125726
924,14,0.100866,0.122195
925,22,0.098104,0.130470
926,15,0.098224,0.116283
927,24,0.103156,0.123639
928,20,0.099510,0.123113
929,20,0.100574,0.115339
930,23,0.097744,0.121152
931,12,0.099016,0.115838
932,26,0.095326,0.125016
933,17,0.102415,0.122035
934,21,0.097194,0.123530
935,25,0.100932,0.124176
936,14,0.100846,0.134217
937,19,0.098673,0.112961
938,21,0.096012,0.116660
939,18,0.100305,0.141980
940,21,0.099091,0.122139
941,18,0.094066,0.109991
942,18,0.099272,0.120916
943,14,0.097941,0.118521
944,18,0.097480,0.113751
945,10,0.101880,0.128706
946,17,0.099629,0.114745
947,17,0.102326,0.118764
948,22,0.099457,0.121834
949,20,0.099624,0.112319
950,23,0.102727,0.137488
951,20,0.098247,0.129381
952,15,0.098395,0.113133
953,16,0.097108,0.112219
954,20,0.099764,0.115518
955,23,0.097542,0.127820
956,20,0.104156,0.133240
957,23,0.097693,0.126415
958,12,0.097911,0.111439
959,23,0.098842,0.120706
960,25,0.096322,0.110554
961,19,0.098797,0.125340
962,23,0.101343,0.124069
963,19,0.098017,0.121996
964,18,0.093377,0.117570
965,19,0.098205,0.112744
966,21,0.094346,0.114414
967,19,0.103079,0.126045
968,19,0.099901,0.120332
969,17,0.099834,0.117960
970,16,0.095227,0.111555
971,17,0.098158,0.113205
972,25,0.098406,0.116469
973,21,0.096437,0.112940
974,23,0.098293,0.139263
975,14,0.105647,0.127047
976,19,0.097826,0.119359
977,28,0.099089,0.128128
978,15,0.099543,0.128088
979,15,0.103820,0.133605
980,25,0.100141,0.112846
981,23,0.096039,0.121435
982,16,0.102086,0.123426
983,23,0.098944,0.120068
984,22,0.099700,0.119831
985,19,0.098147,0.120419
986,19,0.102963,0.142650
987,17,0.099091,0.118721
988,18,0.097274,0.121889
989,17,0.094581,0.114904
990,18,0.099395,0.122113
991,16,0.101107,0.118890
992,18,0.094446,0.109001
993,10,0.099181,0.113584
994,19,0.095892,0.130390
995,12,0.099354,0.114276
996,15,0.094065,0.114321
997,16,0.096138,0.113827
998,20,0.099076,0.126610
999,15,0.099402,0.118568
1000,21,0.096119,0.123406
1001,20,0.100444,0.120463
1002,15,0.095123,0.109451
1003,20,0.099671,0.120439
1004,24,0.098194,0.123978
1005,20,0.099061,0.124601
1006,23,0.094975,0.114559
1007,22,0.098957,0.118992
1008,20,0.097947,0.124912
1009,24,0.098414,0.124173
1010,21,0.099831,0.123000
1011,23,0.097182,0.122205
1012,27,0.102100,0.117370
1013,26,0.096978,0.113027
1014,18,0.098559,0.122937
1015,20,0.096349,0.119570
1016,26,0.094952,0.119390
1017,14,0.099347,0.113100
1018,14,0.096868,0.114794
1019,14,0.095190,0.108810
1020,22,0.097508,0.118182
1021,18,0.101215,0.124789
1022,20,0.096631,0.110144
1023,20,0.100269,0.126588
1024,22,0.100713,0.117600
1025,22,0.099835,0.123101
1026,17,0.099077,0.124756
1027,15,0.098835,0.120216
1028,23,0.096243,0.111323
1029,15,0.101552,0.121796
1030,14,0.094503,0.116824
1031,13,0.101892,0.117500
1032,25,0.096031,0.111697
1033,24,0.098854,0.118143
1034,22,0.097478,0.122494
1035,26,0.096221,0.122066
1036,11,0.099992,0.115468
1037,18,0.094511,0.112509
1038,22,0.098590,0.112772
1039,20,0.095887,0.120129
1040,26,0.098146,0.114982
1041,12,0.101318,0.125171
1042,25,0.099101,0.124120
1043,21,0.096589,0.113482
1044,10,0.097990,0.107006
1045,19,0.099335,0.121967
1046,17,0.099554,0.115870
1047,20,0.099074,0.122007
1048,21,0.099415,0.122335
1049,19,0.100117,0.125830
1050,18,0.099874,0.119866
1051,15,0.100196,0.118970
1052,10,0.098030,0.115162
1053,18,0.096946,0.115191
1054,21,0.104483,0.127356
1055,17,0.097028,0.118406
1056,23,0.094213,0.108844
1057,22,0.100595,0.131670
1058,14,0.102356,0.121106
1059,22,0.099509,0.114988
1060,20,0.096425,0.114423
1061,24,0.098712,0.120809
1062,18,0.097626,0.112589
1063,28,0.098684,0.122140
1064,22,0.097383,0.118716
1065,15,0.095912,0.109204
1066,20,0.098029,0.110007
1067,18,0.102941,0.125792
1068,18,0.099637,0.117002
1069,17,0.094534,0.108142
1070,17,0.096040,0.116536
1071,20,0.095697,0.110060
1072,21,0.096679,0.112930
1073,17,0.101054,0.124429
1074,26,0.098757,0.132508
1075,12,0.096121,0.107510
1076,19,0.099603,0.108570
1077,22,0.095661,0.115130
1078,22,0.098102,0.116962
1079,23,0.097027,0.117728
1080,13,0.101545,0.130091
1081,25,0.093918,0.110740
1082,18,0.099933,0.116177
1083,18,0.100887,0.122122
1084,26,0.100011,0.123235
1085,16,0.101502,0.130994
1086,13,0.096447,0.131466
1087,19,0.094486,0.111089
1088,19,0.097824,0.119966
1089,24,0.097716,0.116034
1090,21,0.095841,0.118601
1091,28,0.098206,0.117679
1092,23,0.097696,0.127536
1093,26,0.099824,0.119656
1094,21,0.098770,0.118202
1095,24,0.099385,0.124290
1096,25,0.102333,0.141768
1097,23,0.097631,0.120339
1098,17,0.101397,0.119492
1099,17,0.098638,0.115126
1100,20,0.099006,0.116791
1101,20,0.095430,0.115567
1102,23,0.096134,0.113732
1103,17,0.100532,0.119369
1104,22,0.102202,0.131357
1105,24,0.097960,0.112389
1106,28,0.100255,0.125825
1107,18,0.099193,0.118536
1108,17,0.100241,0.116552
1109,14,0.097144,0.106225
1110,19,0.098097,0.117852
1111,21,0.096572,0.112810
1112,17,0.098222,0.121315
1113,12,0.095331,0.110203
1114,19,0.098965,0.118166
1115,20,0.099404,0.116579
1116,15,0.097172,0.111988
1117,22,0.096515,0.117646
1118,12,0.100641,0.116181
1119,20,0.100799,0.122430
1120,15,0.102517,0.116437
1121,23,0.094731,0.113255
1122,18,0.100344,0.116138
1123,13,0.102835,0.119756
1124,24,0.098595,0.121737
1125,23,0.101355,0.122927
1126,19,0.100374,0.120625
1127,19,0.100642,0.124379
1128,22,0.100692,0.123371
1129,28,0.100766,0.125868
1130,20,0.101953,0.123797
1131,19,0.096127,0.126518
1132,22,0.099310,0.117959
1133,19,0.101706,0.116435
1134,16,0.100259,0.127373
1135,19,0.098974,0.109465
1136,25,0.101992,0.122035
1137,17,0.091128,0.102259
1138,16,0.098389,0.114283
1139,22,0.096637,0.122465
1140,20,0.096855,0.121569
1141,14,0.100868,0.113047
1142,22,0.097947,0.117895
1143,22,0.099893,0.114812
1144,18,0.098285,0.114595
1145,17,0.102525,0.122496
1146,16,0.098126,0.120986
1147,25,0.095361,0.121790
1148,21,0.099050,0.133046
1149,21,0.099693,0.114143
1150,13,0.098518,0.115798
1151,13,0.099875,0.125172
1152,17,0.099616,0.121591
1153,25,0.099718,0.121049
1154,22,0.102567,0.128198
1155,11,0.101739,0.113028
1156,15,0.098491,0.124087
1157,15,0.094399,0.110414
1158,20,0.099998,0.119700
1159,23,0.102923,0.123113
1160,21,0.097861,0.124117
1161,23,0.099264,0.126330
1162,20,0.099335,0.118992
1163,30,0.098807,0.116214
1164,12,0.093066,0.111771
1165,28,0.098877,0.124190
1166,18,0.095941,0.115892
1167,20,0.099077,0.120664
1168,16,0.097932,0.115606
1169,22,0.098200,0.121719
1170,23,0.098441,0.113306
1171,23,0.094878,0.119843
1172,16,0.100511,0.113645
1173,24,0.102218,0.126027
1174,16,0.098167,0.120109
1175,20,0.097648,0.125254
1176,21,0.099924,0.119726
1177,21,0.101133,0.125420
1178,22,0.101965,0.124624
1179,14,0.095264,0.112817
1180,23,0.094693,0.121672
1181,20,0.097992,0.113896
1182,14,0.091885,0.117225
1183,18,0.092141,0.110397
1184,27,0.099343,0.125690
1185,23,0.095259,0.115833
1186,19,0.096866,0.123682
1187,18,0.099561,0.122042
1188,21,0.100092,0.116740
1189,17,0.099578,0.126779
1190,19,0.101910,0.116978
1191,20,0.100612,0.115466
1192,20,0.096970,0.109961
1193,26,0.096074,0.127564
1194,15,0.099324,0.115969
1195,20,0.096141,0.116942
1196,15,0.091608,0.114846
1197,19,0.102123,0.121927
1198,28,0.097921,0.119243
1199,15,0.099394,0.112840
1200,20,0.099801,0.119884
1201,29,0.100959,0.125873
1202,19,0.100733,0.115183
1203,22,0.100206,0.131397
1204,24,0.099428,0.117750
1205,16,0.098294,0.126864
1206,20,0.097522,0.115565
1207,22,0.096913,0.121073
1208,19,0.099259,0.124070
1209,17,0.100707,0.118425
1210,23,0.098768,0.123112
1211,16,0.095409,0.118453
1212,23,0.099605,0.131753
1213,19,0.097115,0.122102
1214,18,0.096962,0.114921
1215,24,0.098492,0.123424
1216,20,0.103175,0.121749
1217,18,0.097174,0.123199
1218,21,0.097316,0.116766
1219,15,0.093790,0.108035
1220,21,0.099538,0.117444
1221,19,0.093581,0.111080
1222,16,0.098324,0.111758
1223,8,0.095703,0.111746
1224,19,0.100166,0.117774
1225,16,0.096978,0.112808
1226,21,0.096350,0.116717
1227,20,0.096166,0.116334
1228,22,0.100597,0.130130
1229,21,0.098556,0.116517
1230,13,0.098302,0.112649
1231,23,0.096410,0.110333
1232,21,0.095102,0.114917
1233,16,0.100872,0.114042
1234,26,0.100357,0.127414
1235,13,0.102276,0.114292
1236,26,0.094978,0.119551
1237,19,0.100523,0.128911
1238,15,0.097783,0.113676
1239,27,0.099700,0.113143
1240,31,0.098163,0.119888
1241,22,0.096842,0.116564
1242,24,0.101343,0.137007
1243,19,0.096906,0.124126
1244,23,0.101915,0.129454
1245,20,0.100170,0.114798
1246,24,0.098046,0.119841
1247,21,0.101022,0.124280
1248,21,0.098928,0.120293
1249,28,0.099565,0.119864
1250,19,0.095457,0.122135
1251,12,0.098427,0.119042
1252,20,0.099340,0.119747
1253,12,0.101390,0.119275
1254,20,0.099031,0.126902
1255,25,0.096720,0.118291
1256,17,0.095414,0.108085
1257,22,0.099414,0.121080
1258,15,0.097454,0.110504
1259,25,0.098216,0.116277
1260,25,0.096993,0.117722
1261,23,0.101978,0.126667
1262,21,0.100522,0.125720
1263,20,0.100502,0.133684
1264,22,0.098569,0.126278
1265,15,0.097911,0.113952
1266,15,0.097844,0.115790
1267,18,0.092727,0.123932
1268,23,0.098678,0.124605
1269,17,0.098588,0.117024
1270,24,0.099873,0.124557
1271,20,0.097462,0.123976
1272,20,0.100041,0.128028
1273,24,0.100431,0.121822
1274,21,0.099735,0.120803
1275,22,0.101587,0.121431
1276,14,0.095156,0.113687
1277,19,0.099016,0.116449
1278,16,0.100558,0.125704
1279,19,0.100309,0.132816
1280,20,0.096648,0.114945
1281,22,0.099782,0.125180
1282,23,0.098651,0.119202
1283,16,0.095456,0.118565
1284,27,0.097676,0.112880
1285,19,0.099318,0.116002
1286,22,0.097518,0.111930
1287,23,0.098290,0.121184
1288,9,0.092815,0.117237
1289,20,0.100152,0.124719
1290,16,0.099352,0.117336
1291,20,0.099997,0.123308
1292,22,0.098998,0.117189
1293,16,0.098337,0.121039
1294,19,0.097889,0.113890
1295,18,0.100936,0.127890
1296,22,0.096153,0.120973
1297,21,0.099142,0.128348
1298,19,0.101947,0.120206
1299,23,0.098851,0.124608
1300,14,0.098368,0.112121
1301,24,0.097096,0.111785
1302,20,0.100422,0.121934
1303,21,0.097757,0.122573
1304,19,0.097888,0.123270
1305,15,0.098933,0.115323
1306,20,0.100212,0.115668
1307,13,0.097813,0.119551
1308,19,0.093612,0.116314
1309,17,0.100428,0.111917
1310,19,0.099113,0.115637
1311,15,0.099619,0.116315
1312,13,0.103437,0.117568
1313,10,0.090184,0.107094
1314,22,0.099818,0.118026
1315,18,0.097307,0.113210
1316,17,0.098303,0.117216
1317,15,0.094533,0.108520
1318,26,0.097206,0.110357
1319,18,0.095278,0.118144
1320,22,0.096474,0.122570
1321,22,0.096271,0.128564
1322,18,0.099846,0.120666
1323,17,0.098216,0.114665
1324,20,0.100948,0.116187
1325,19,0.098492,0.117462
1326,22,0.100830,0.127358
1327,20,0.099400,0.132533
1328,23,0.101029,0.122829
1329,18,0.102001,0.130024
1330,20,0.099377,0.132052
1331,18,0.098545,0.112679
1332,18,0.098218,0.125082
1333,14,0.097631,0.110939
1334,24,0.096398,0.122569
1335,19,0.102507,0.123309
1336,23,0.099380,0.119511
1337,23,0.097268,0.141169
1338,20,0.093494,0.108683
1339,24,0.101171,0.117511
1340,19,0.099976,0.112920
1341,17,0.096632,0.116469
1342,20,0.099474,0.117452
1343,17,0.105076,0.133294
1344,18,0.098867,0.117998
1345,20,0.092949,0.110334
1346,17,0.095954,0.116471
1347,17,0.100514,0.118062
1348,25,0.096458,0.116983
1349,18,0.092795,0.111291
1350,22,0.096227,0.113734
1351,22,0.099691,0.123678
1352,18,0.096499,0.117175
1353,11,0.099940,0.121508
1354,22,0.103742,0.135424
1355,18,0.100167,0.120934
1356,21,0.096555,0.118124
1357,19,0.097541,0.116981
1358,17,0.095941,0.115687
1359,13,0.094784,0.118687
1360,18,0.102294,0.121867
1361,19,0.098755,0.114180
1362,12,0.098096,0.110148
1363,17,0.093618,0.112816
1364,19,0.100110,0.118841
1365,23,0.098712,0.115117
1366,14,0.102935,0.116646
1367,19,0.100796,0.115793
1368,20,0.097222,0.117089
1369,18,0.098023,0.118093
1370,27,0.099350,0.123747
1371,27,0.097361,0.113249
1372,19,0.099652,0.118312
1373,23,0.099779,0.116790
1374,19,0.101147,0.124756
1375,25,0.096606,0.117647
1376,25,0.100325,0.123124
1377,25,0.099726,0.121193
1378,20,0.095560,0.107565
1379,26,0.099828,0.127147
1380,23,0.097225,0.110428
1381,16,0.098232,0.109025
1382,23,0.100662,0.136470
1383,15,0.099625,0.114548
1384,16,0.099810,0.113453
1385,15,0.102562,0.125632
1386,15,0.099555,0.117312
1387,13,0.096819,0.114149
1388,18,0.102216,0.125677
1389,17,0.100677,0.117756
1390,24,0.101863,0.119713
1391,26,0.100579,0.121642
1392,27,0.099734,0.123802
1393,24,0.101375,0.120696
1394,16,0.099665,0.121708
1395,18,0.095332,0.118031
1396,25,0.096912,0.119494
1397,25,0.097030,0.126955
1398,26,0.097532,0.111770
1399,14,0.099011,0.125377
1400,20,0.098073,0.118600
1401,13,0.096811,0.115290
1402,23,0.099527,0.115756
1403,21,0.100362,0.120089
1404,20,0.099348,0.132878
1405,21,0.098905,0.121643
1406,20,0.098145,0.120161
1407,22,0.097311,0.108238
1408,20,0.094882,0.127759
1409,20,0.098619,0.119624
1410,18,0.096563,0.111637
1411,23,0.096443,0.123959
1412,21,0.097882,0.125539
1413,14,0.101991,0.130604
1414,14,0.096189,0.126569
1415,21,0.097178,0.114186
1416,24,0.098991,0.127887
1417,16,0.096079,0.117537
1418,21,0.097063,0.115121
1419,17,0.096119,0.117113
1420,19,0.099334,0.125744
1421,22,0.096082,0.112944
1422,20,0.094792,0.107186
1423,23,0.094994,0.122201
1424,25,0.099991,0.120076
1425,16,0.104400,0.126203
1426,22,0.098370,0.110582
1427,22,0.097326,0.119374
1428,16,0.096934,0.119531
1429,20,0.099990,0.120536
1430,16,0.096949,0.108719
1431,18,0.095235,0.115544
1432,18,0.098987,0.124036
1433,8,0.101967,0.115808
1434,24,0.101047,0.122929
1435,24,0.097105,0.120954
1436,23,0.100290,0.123653
1437,18,0.103308,0.123315
1438,19,0.100540,0.119001
1439,16,0.098359,0.119504
1440,20,0.098915,0.118907
1441,19,0.097245,0.121419
1442,17,0.097695,0.121463
1443,21,0.100333,0.114161
1444,19,0.100746,0.127608
1445,15,0.099809,0.121401
1446,18,0.092935,0.122825
1447,19,0.098377,0.124591
1448,24,0.099390,0.121436
1449,25,0.099841,0.124338
1450,19,0.096788,0.116402
1451,19,0.095038,0.119040
1452,20,0.098976,0.121450
1453,19,0.097835,0.123324
1454,25,0.096995,0.122295
1455,19,0.096943,0.115687
1456,18,0.097832,0.119297
1457,15,0.099717,0.121938
1458,22,0.096923,0.121339
1459,18,0.097292,0.109027
1460,21,0.094001,0.115839
1461,23,0.096918,0.118737
1462,26,0.096046,0.121922
1463,25,0.098384,0.131205
1464,21,0.097129,0.119913
1465,22,0.099922,0.121680
1466,25,0.095117,0.112374
1467,20,0.097852,0.125186
1468,19,0.098793,0.121838
1469,12,0.097379,0.131505
1470,17,0.100097,0.124911
1471,23,0.100211,0.123246
1472,16,0.099170,0.116931
1473,26,0.095971,0.120314
1474,19,0.101294,0.125144
1475,12,0.098255,0.123453
1476,16,0.102928,0.130270
1477,23,0.100912,0.127850
1478,19,0.102284,0.123970
1479,8,0.094033,0.118113
1480,20,0.097225,0.117127
1481,19,0.101049,0.123767
1482,27,0.096605,0.114782
1483,11,0.096546,0.118593
1484,19,0.096889,0.117331
1485,24,0.100623,0.114728
1486,23,0.100163,0.122762
1487,16,0.097726,0.135628
1488,21,0.100539,0.115562
1489,21,0.100441,0.129930
1490,17,0.097797,0.117080
1491,21,0.097319,0.116659
1492,26,0.100902,0.122417
1493,22,0.096539,0.113001
1494,14,0.099093,0.121168
1495,16,0.100871,0.123059
1496,19,0.097690,0.126877
1497,23,0.097796,0.116986
1498,23,0.098802,0.116037
1499,24,0.097914,0.113557
1500,24,0.101647,0.122073
1501,11,0.097674,0.117104
1502,24,0.100929,0.120299
1503,16,0.097193,0.122649
1504,20,0.097397,0.116900
1505,20,0.096017,0.114068
1506,23,0.097891,0.111353
1507,18,0.097942,0.109847
1508,20,0.099975,0.116438
1509,9,0.095843,0.117045
1510,17,0.097867,0.120281
1511,25,0.098806,0.118279
1512,22,0.094625,0.108842
1513,15,0.095883,0.113007
1514,15,0.099466,0.127488
1515,14,0.098535,0.121398
1516,17,0.099271,0.117438
1517,14,0.099867,0.120796
1518,27,0.098617,0.113276
1519,15,0.095845,0.115453
1520,24,0.094536,0.110487
1521,23,0.098216,0.126811
1522,15,0.097890,0.126088
1523,21,0.098922,0.118479
1524,25,0.100971,0.123420
1525,18,0.100937,0.111832
1526,24,0.102085,0.132697
1527,13,0.104636,0.131971
1528,17,0.099519,0.114658
1529,19,0.096382,0.134340
1530,23,0.096362,0.120749
1531,20,0.097193,0.112249
1532,22,0.101045,0.120677
1533,15,0.096273,0.120377
1534,24,0.100226,0.117690
1535,14,0.099286,0.117779
1536,20,0.099292,0.125439
1537,16,0.098743,0.114385
1538,18,0.093155,0.116694
1539,24,0.097390,0.116415
1540,24,0.095804,0.126295
1541,22,0.102256,0.128610
1542,21,0.096742,0.119548
1543,17,0.098439,0.116145
1544,22,0.102323,0.118964
1545,18,0.097222,0.109837
1546,13,0.097561,0.116865
1547,12,0.096319,0.114262
1548,20,0.097950,0.115322
1549,15,0.098624,0.121650
1550,17,0.102175,0.123278
1551,16,0.097954,0.118984
1552,17,0.096040,0.109024
1553,16,0.097266,0.110390
1554,14,0.096814,0.114470
1555,15,0.100281,0.114607
1556,15,0.096217,0.114381
1557,16,0.097964,0.111975
1558,17,0.101758,0.119971
1559,18,0.098713,0.111926
1560,21,0.100373,0.119711
1561,23,0.099704,0.113717
1562,23,0.100245,0.120710
1563,19,0.100198,0.122836
1564,19,0.097552,0.123568
1565,23,0.100761,0.120690
1566,16,0.098058,0.116640
1567,23,0.095318,0.112898
1568,21,0.091573,0.111656
1569,16,0.097027,0.109044
1570,15,0.100784,0.128732
1571,20,0.096081,0.117716
1572,17,0.102296,0.115363
1573,20,0.092310,0.112934
1574,20,0.097424,0.124533
1575,20,0.097677,0.113806
1576,25,0.101176,0.123498
1577,19,0.100983,0.118983
1578,14,0.095875,0.109102
1579,18,0.097033,0.115391
1580,22,0.098934,0.120941
1581,24,0.097241,0.129082
1582,19,0.099456,0.113805
1583,18,0.105073,0.124907
1584,18,0.100115,0.136502
1585,20,0.099160,0.121074
1586,13,0.098170,0.118227
1587,20,0.093959,0.120758
1588,17,0.099650,0.127951
1589,27,0.101161,0.121827
1590,17,0.098742,0.121384
1591,22,0.103661,0.132511
1592,20,0.100442,0.112805
1593,22,0.095610,0.117798
1594,16,0.099169,0.110838
1595,20,0.105689,0.144231
1596,17,0.097097,0.118084
1597,25,0.099113,0.118409
1598,20,0.098560,0.110824
1599,18,0.099950,0.119704
1600,21,0.100359,0.115926
1601,26,0.097823,0.113975
1602,19,0.097811,0.113488
1603,21,0.097523,0.112838
1604,13,0.101287,0.119812
1605,17,0.100844,0.143000
1606,21,0.100968,0.118014
1607,12,0.100031,0.116550
1608,13,0.096182,0.104873
1609,26,0.101055,0.124810
1610,20,0.097694,0.113206
1611,14,0.098115,0.121262
1612,22,0.103341,0.123670
1613,19,0.097774,0.119912
1614,20,0.098511,0.123417
1615,17,0.096762,0.109328
1616,9,0.100525,0.116483
1617,19,0.099795,0.117303
1618,21,0.099673,0.123139
1619,19,0.099048,0.121517
1620,20,0.096523,0.113642
1621,17,0.099063,0.122201
1622,19,0.105604,0.124847
1623,21,0.098148,0.121713
1624,20,0.098156,0.111932
1625,21,0.095745,0.114529
1626,20,0.101281,0.127194
1627,21,0.099249,0.121009
1628,25,0.095842,0.132689
1629,21,0.097203,0.121643
1630,20,0.099008,0.115020
1631,21,0.098289,0.119805
1632,24,0.095624,0.115539
1633,19,0.096567,0.115614
1634,21,0.102447,0.124986
1635,12,0.097213,0.114601
1636,13,0.096580,0.125046
1637,20,0.098437,0.110361
1638,20,0.099286,0.124855
1639,15,0.093656,0.109731
1640,23,0.098988,0.111242
1641,24,0.096540,0.125695
1642,20,0.099810,0.123614
1643,21,0.097478,0.124829
1644,19,0.099717,0.112357
1645,19,0.100867,0.122534
1646,21,0.102207,0.117540
1647,14,0.096790,0.120554
1648,19,0.098365,0.116568
1649,16,0.098474,0.117949
1650,20,0.098368,0.116883
1651,16,0.095064,0.115556
1652,22,0.102727,0.125730
1653,18,0.098821,0.125924
1654,28,0.099490,0.114798
1655,19,0.097562,0.113258
1656,21,0.098332,0.119078
1657,19,0.097152,0.120176
1658,21,0.098598,0.115899
1659,17,0.095190,0.113686
1660,25,0.100299,0.119534
1661,19,0.099710,0.129789
1662,14,0.095398,0.113567
1663,21,0.097956,0.122492
1664,27,0.099790,0.121416
1665,15,0.101223,0.126730
1666,20,0.098320,0.115982
1667,28,0.099373,0.128035
1668,31,0.099758,0.122388
1669,20,0.095719,0.126955
1670,20,0.100983,0.122582
1671,11,0.096668,0.120692
1672,18,0.100977,0.121966
1673,19,0.096621,0.117495
1674,21,0.099575,0.114077
1675,17,0.100582,0.121016
1676,13,0.100881,0.122295
1677,22,0.096331,0.114645
1678,17,0.101396,0.124002
1679,23,0.098629,0.116236
1680,19,0.095575,0.120400
1681,28,0.096960,0.121713
1682,17,0.101229,0.127925
1683,22,0.095855,0.115904
1684,22,0.095251,0.109327
1685,24,0.098632,0.121138
1686,21,0.097295,0.109708
1687,21,0.100824,0.118545
1688,18,0.097272,0.114656
1689,21,0.098795,0.128656
1690,18,0.102659,0.114722
1691,18,0.100988,0.117883
1692,16,0.099849,0.126837
1693,14,0.100525,0.113244
1694,24,0.097961,0.123149
1695,18,0.098637,0.128053
1696,15,0.092399,0.111468
1697,9,0.101288,0.112972
1698,23,0.097988,0.137020
1699,22,0.097798,0.110571
1700,20,0.099689,0.124867
1701,19,0.102284,0.118928
1702,19,0.099102,0.118170
1703,15,0.097705,0.111998
1704,20,0.099557,0.119532
1705,18,0.094438,0.119851
1706,21,0.093790,0.113479
1707,24,0.095109,0.126025
1708,19,0.099461,0.117291
1709,16,0.094940,0.111847
1710,16,0.098367,0.118810
1711,19,0.103050,0.119086
1712,15,0.099322,0.122639
1713,18,0.097316,0.116232
1714,19,0.102247,0.117887
1715,19,0.097630,0.119141
1716,22,0.095380,0.123743
1717,30,0.098726,0.120142
1718,13,0.091952,0.108934
1719,19,0.094386,0.117191
1720,21,0.097883,0.119107
1721,21,0.096382,0.108657
1722,19,0.097442,0.132382
1723,19,0.100107,0.117570
1724,18,0.100379,0.124373
1725,15,0.102691,0.124610
1726,19,0.101316,0.115717
1727,22,0.096550,0.120351
1728,19,0.096786,0.112624
1729,22,0.100156,0.116493
1730,12,0.099124,0.111451
1731,22,0.102775,0.115650
1732,11,0.093974,0.119535
1733,17,0.099241,0.113406
1734,27,0.097381,0.128132
1735,23,0.098398,0.116450
1736,23,0.098745,0.120866
1737,24,0.097233,0.114139
1738,22,0.097929,0.116245
1739,17,0.093635,0.120840
1740,17,0.100341,0.118002
1741,20,0.100521,0.119483
1742,15,0.104064,0.117933
1743,25,0.097414,0.116678
1744,18,0.099613,0.120820
1745,18,0.098505,0.122677
1746,26,0.094259,0.116318
1747,19,0.099129,0.121648
1748,18,0.096985,0.114664
1749,17,0.101286,0.121203
1750,18,0.099798,0.137286
1751,25,0.096458,0.111456
1752,24,0.100654,0.118464
1753,21,0.096753,0.112154
1754,17,0.098294,0.109143
1755,14,0.097528,0.110914
1756,18,0.098291,0.122260
1757,17,0.097372,0.111641
1758,17,0.097760,0.112401
1759,20,0.095245,0.110646
1760,25,0.099807,0.123435
1761,24,0.096978,0.114736
1762,21,0.095330,0.117086
1763,11,0.099204,0.117233
1764,17,0.096687,0.112964
1765,19,0.096149,0.115505
1766,27,0.096488,0.115733
1767,26,0.098105,0.121780
1768,23,0.098697,0.117891
1769,17,0.096006,0.109367
1770,21,0.096375,0.125115
1771,12,0.100943,0.123517
1772,18,0.101051,0.125280
1773,19,0.099021,0.135056
1774,16,0.099593,0.118491
1775,22,0.098686,0.121554
1776,21,0.099751,0.123726
1777,16,0.097181,0.109291
1778,13,0.097226,0.118893
1779,20,0.098839,0.114443
1780,24,0.101377,0.125913
1781,16,0.097112,0.120631
1782,14,0.099128,0.115785
1783,18,0.099162,0.118127
1784,25,0.099017,0.122996
1785,21,0.097412,0.117129
1786,15,0.097777,0.112066
1787,17,0.101098,0.119687
1788,24,0.097996,0.116445
1789,18,0.098925,0.122422
1790,21,0.101696,0.116334
1791,26,0.099894,0.118906
1792,28,0.100833,0.124052
1793,21,0.098913,0.125772
1794,19,0.097457,0.121346
1795,16,0.096759,0.108837
1796,15,0.098056,0.119627
1797,20,0.095423,0.114274
1798,17,0.098510,0.120677
1799,13,0.100439,0.116393
1800,26,0.095349,0.108366
1801,15,0.098427,0.119987
1802,21,0.096840,0.111625
1803,18,0.098906,0.119783
1804,21,0.101410,0.117362
1805,17,0.096146,0.117121
1806,22,0.096696,0.107481
1807,24,0.099884,0.126961
1808,19,0.099868,0.119524
1809,27,0.095776,0.125828
1810,12,0.098987,0.120019
1811,23,0.097388,0.119708
1812,15,0.094975,0.121312
1813,14,0.098664,0.125914
1814,19,0.098793,0.118182
1815,20,0.099806,0.119212
1816,16,0.096676,0.110209
1817,18,0.100313,0.123706
1818,13,0.097117,0.106426
1819,18,0.101877,0.117922
1820,18,0.098430,0.116251
1821,20,0.097344,0.125966
1822,20,0.098891,0.120162
1823,14,0.099313,0.112030
1824,18,0.096355,0.123989
1825,18,0.097058,0.113267
1826,17,0.097356,0.120155
1827,24,0.095059,0.115390
1828,14,0.097361,0.111798
1829,15,0.093370,0.107951
1830,22,0.098808,0.116884
1831,23,0.098792,0.119836
1832,19,0.098412,0.119241
1833,17,0.100343,0.121402
1834,20,0.099655,0.123633
1835,12,0.100891,0.119296
1836,21,0.098630,0.113367
1837,11,0.096746,0.116712
1838,16,0.103342,0.123585
1839,18,0.097814,0.125351
1840,19,0.096799,0.111742
1841,16,0.100394,0.116277
1842,18,0.100213,0.117081
1843,21,0.100501,0.122126
1844,11,0.095875,0.116617
1845,15,0.098221,0.111212
1846,23,0.095819,0.114745
1847,17,0.097187,0.107248
1848,23,0.098313,0.117936
1849,19,0.096485,0.114028
1850,22,0.098099,0.124693
1851,19,0.099854,0.111540
1852,17,0.100260,0.117731
1853,18,0.095261,0.113445
1854,19,0.097941,0.114813
1855,22,0.103034,0.120258
1856,19,0.094909,0.107193
1857,16,0.097099,0.122541
1858,22,0.096279,0.119901
1859,19,0.100349,0.124315
1860,21,0.097854,0.127525
1861,17,0.100672,0.114792
1862,23,0.098588,0.114829
1863,10,0.097921,0.114903
1864,22,0.101299,0.114368
1865,21,0.097116,0.114752
1866,24,0.101115,0.124165
1867,16,0.099051,0.120035
1868,23,0.098558,0.127376
1869,13,0.098220,0.118589
1870,26,0.099275,0.122938
1871,22,0.096281,0.115480
1872,20,0.097923,0.117440
1873,22,0.093842,0.108807
1874,24,0.098896,0.119070
1875,18,0.097326,0.115833
1876,16,0.094757,0.110260
1877,20,0.102710,0.124888
1878,26,0.095572,0.119807
1879,17,0.099152,0.134473
1880,27,0.100238,0.116005
1881,19,0.095466,0.122449
1882,16,0.102121,0.122362
1883,23,0.099385,0.123816
1884,20,0.098093,0.123011
1885,17,0.095876,0.122958
1886,23,0.097592,0.123830
1887,17,0.096540,0.117619
1888,18,0.098812,0.117479
1889,23,0.097924,0.123076
1890,22,0.100061,0.125000
1891,22,0.099259,0.117913
1892,19,0.099754,0.118748
1893,24,0.097203,0.116518
1894,19,0.097902,0.113143
1895,19,0.097266,0.125225
1896,21,0.097012,0.124534
1897,21,0.100319,0.125558
1898,17,0.098067,0.117991
1899,23,0.097651,0.132889
1900,24,0.093525,0.118215
1901,16,0.096527,0.108618
1902,26,0.098048,0.111162
1903,17,0.094828,0.113809
1904,16,0.099423,0.121568
1905,24,0.098454,0.123537
1906,23,0.103865,0.133484
1907,23,0.096446,0.115799
1908,22,0.097126,0.126636
1909,16,0.101006,0.119445
1910,13,0.101096,0.122323
1911,21,0.099363,0.115400
1912,17,0.098371,0.116843
1913,13,0.098771,0.110184
1914,21,0.098946,0.122454
1915,18,0.098137,0.116455
1916,20,0.102477,0.125037
1917,18,0.096055,0.116589
1918,15,0.094907,0.109207
1919,19,0.098398,0.126509
1920,18,0.097716,0.115194
1921,22,0.098243,0.117407
1922,24,0.094990,0.114714
1923,18,0.102029,0.122977
1924,24,0.098419,0.117128
1925,17,0.097421,0.110662
1926,17,0.101902,0.118253
1927,16,0.097908,0.124685
1928,14,0.098613,0.116710
1929,21,0.100996,0.118935
1930,19,0.100167,0.121129
1931,19,0.094903,0.110404
1932,20,0.097001,0.114448
1933,18,0.100331,0.121811
1934,19,0.097048,0.113744
1935,21,0.098761,0.112706
1936,30,0.097455,0.111450
1937,20,0.097431,0.114217
1938,24,0.103035,0.119715
1939,22,0.101409,0.117421
1940,22,0.099029,0.119295
1941,22,0.101509,0.123713
1942,23,0.097610,0.120396
1943,22,0.096092,0.117096
1944,21,0.097701,0.117878
1945,12,0.093454,0.119832
1946,22,0.097531,0.113349
1947,22,0.097740,0.115203
1948,17,0.095662,0.115252
1949,22,0.096952,0.114239
1950,20,0.095642,0.126344
1951,25,0.101128,0.123200
1952,23,0.096293,0.120693
1953,20,0.098444,0.113886
1954,23,0.099162,0.115145
1955,17,0.099662,0.117797
1956,21,0.097271,0.116625
1957,25,0.098030,0.124258
1958,25,0.096282,0.120575
1959,17,0.096344,0.109717
1960,17,0.100527,0.119193
1961,17,0.097358,0.114019
1962,20,0.098506,0.120534
1963,16,0.097202,0.117530
1964,20,0.099419,0.114908
1965,22,0.096222,0.124673
1966,20,0.098062,0.113105
1967,23,0.099644,0.119557
1968,22,0.096452,0.121163
1969,12,0.097336,0.116131
1970,20,0.098560,0.114279
1971,26,0.097194,0.125312
1972,20,0.102693,0.121735
1973,20,0.097814,0.114476
1974,19,0.100509,0.126508
1975,14,0.101755,0.122231
1976,25,0.098723,0.115487
1977,18,0.095399,0.116873
1978,20,0.100824,0.121837
1979,23,0.098605,0.115908
1980,23,0.101010,0.123782
1981,23,0.095353,0.120475
1982,18,0.100450,0.125274
1983,27,0.099593,0.121953
1984,25,0.095710,0.116692
1985,17,0.098298,0.127424
1986,18,0.100798,0.115041
1987,19,0.100315,0.125873
1988,16,0.101781,0.128393
1989,21,0.098966,0.123604
1990,20,0.097465,0.118389
1991,19,0.096847,0.117242
1992,26,0.099222,0.123951
1993,29,0.097718,0.120114
1994,19,0.098353,0.116189
1995,12,0.099627,0.128260
1996,15,0.096208,0.117088
1997,22,0.101146,0.120281
1998,11,0.092824,0.107783
1999,23,0.103351,0.122236
2000,19,0.096676,0.115225
2001,25,0.094184,0.122382
2002,12,0.095635,0.114189
2003,15,0.099406,0.113886
2004,30,0.098845,0.127099
2005,18,0.096707,0.128112
2006,24,0.098802,0.116750
2007,20,0.101451,0.123679
2008,21,0.101237,0.140514
2009,17,0.099388,0.122661
2010,20,0.097841,0.111244
2011,19,0.104692,0.130041
2012,19,0.101148,0.121959
2013,22,0.101863,0.128092
2014,20,0.097166,0.110389
2015,21,0.100044,0.117127
2016,24,0.096670,0.127758
2017,14,0.098884,0.117174
2018,17,0.101076,0.123956
2019,22,0.101226,0.124174
2020,19,0.098899,0.111058
2021,22,0.093769,0.115277
2022,17,0.092145,0.124791
2023,20,0.098027,0.116738
2024,21,0.096477,0.117602
2025,15,0.096983,0.115838
2026,12,0.098366,0.122518
2027,21,0.099285,0.115448
2028,17,0.093813,0.110944
2029,26,0.098128,0.113810
2030,18,0.104490,0.132135
2031,13,0.094614,0.113829
2032,15,0.099398,0.128144
2033,22,0.097406,0.118610
2034,21,0.100813,0.124567
2035,8,0.098953,0.119221
2036,22,0.098278,0.119093
2037,19,0.099848,0.118879
2038,17,0.095110,0.108834
2039,21,0.098463,0.118693
2040,20,0.095931,0.118251
2041,21,0.099725,0.114870
2042,17,0.099220,0.127691
2043,19,0.098904,0.118801
2044,27,0.099297,0.117003
2045,23,0.096105,0.113411
2046,19,0.094720,0.118000
2047,19,0.098133,0.118015
2048,17,0.094644,0.124939
2049,17,0.098743,0.119597
2050,25,0.097816,0.123373
2051,21,0.098762,0.116641
2052,22,0.095145,0.120593
2053,9,0.094307,0.111344
2054,18,0.102178,0.120924
2055,21,0.100693,0.120784
2056,18,0.100828,0.134459
2057,18,0.093710,0.118568
2058,14,0.101578,0.115583
2059,19,0.100427,0.115841
2060,24,0.096802,0.114921
2061,26,0.099389,0.121451
2062,19,0.097139,0.114569
2063,16,0.095648,0.114011
2064,19,0.101984,0.122738
2065,26,0.094049,0.115981
2066,17,0.099202,0.126766
2067,23,0.098331,0.114190
2068,18,0.097982,0.113475
2069,16,0.101540,0.122443
2070,22,0.097355,0.119324
2071,20,0.096113,0.116035
2072,19,0.099322,0.121256
2073,18,0.099490,0.127657
2074,20,0.095483,0.122143
2075,17,0.097675,0.112711
2076,23,0.097208,0.124789
2077,12,0.097486,0.109887
2078,15,0.098850,0.118567
2079,13,0.098124,0.122310
2080,18,0.101359,0.127800
2081,23,0.096679,0.131085
2082,23,0.099869,0.115150
2083,14,0.093555,0.102594
2084,27,0.097114,0.117926
2085,19,0.102066,0.127377
2086,24,0.098330,0.115285
2087,19,0.101106,0.121770
2088,20,0.095921,0.116193
2089,13,0.099523,0.117423
2090,21,0.097166,0.115708
2091,19,0.101769,0.122193
2092,18,0.097201,0.117299
2093,17,0.097028,0.123927
2094,20,0.097026,0.119632
2095,20,0.094952,0.113156
2096,29,0.098709,0.119549
2097,16,0.095349,0.112696
2098,24,0.099312,0.130280
2099,13,0.094903,0.110238
2100,21,0.099015,0.119350
2101,25,0.095324,0.120732
2102,23,0.099184,0.132888
2103,21,0.096861,0.119367
2104,14,0.102508,0.117649
2105,22,0.102199,0.118261
2106,11,0.092077,0.112966
2107,24,0.098378,0.125040
2108,18,0.100442,0.130070
2109,17,0.096926,0.115661
2110,21,0.095091,0.110559
2111,25,0.100198,0.118651
2112,19,0.100722,0.116871
2113,21,0.102442,0.126986
2114,23,0.100561,0.118405
2115,16,0.100007,0.131509
2116,17,0.099736,0.122394
2117,22,0.100385,0.123417
2118,19,0.098325,0.117567
2119,24,0.098368,0.124141
2120,21,0.097168,0.119311
2121,18,0.098515,0.128776
2122,18,0.093913,0.130086
2123,15,0.099608,0.122521
2124,13,0.100330,0.113299
2125,19,0.100183,0.136272
2126,16,0.096919,0.125966
2127,21,0.099976,0.119590
2128,20,0.097544,0.110675
2129,14,0.095219,0.105287
2130,10,0.092371,0.110230
2131,17,0.099815,0.116014
2132,26,0.098821,0.120660
2133,23,0.102489,0.130271
2134,22,0.098010,0.122082
2135,29,0.099744,0.129355
2136,21,0.098182,0.121675
2137,18,0.097344,0.107600
2138,22,0.100960,0.129681
2139,17,0.100609,0.123097
2140,18,0.099341,0.116821
2141,12,0.102895,0.118883
2142,18,0.099043,0.126816
2143,19,0.101263,0.120435
2144,22,0.099449,0.115821
2145,16,0.096729,0.115279
2146,24,0.099095,0.112561
2147,22,0.095969,0.120171
2148,25,0.102577,0.122191
2149,23,0.100642,0.122192
2150,18,0.100177,0.123460
2151,19,0.096839,0.108023
2152,21,0.100671,0.119987
2153,13,0.095064,0.111312
2154,28,0.096388,0.124823
2155,19,0.097077,0.111215
2156,30,0.099652,0.121255
2157,15,0.097134,0.112154
2158,18,0.099512,0.115569
2159,20,0.102908,0.115195
2160,17,0.097398,0.110658
2161,29,0.099053,0.126365
2162,24,0.102471,0.121155
2163,19,0.100988,0.122630
2164,20,0.099134,0.117448
2165,16,0.100042,0.112442
2166,16,0.099877,0.113733
2167,22,0.101207,0.115611
2168,17,0.092953,0.110153
2169,18,0.096847,0.120377
2170,30,0.097859,0.121810
2171,16,0.100373,0.116384
2172,19,0.095062,0.112577
2173,12,0.103243,0.127524
2174,16,0.094945,0.106805
2175,20,0.098466,0.117638
2176,22,0.098045,0.121424
2177,18,0.096147,0.119153
2178,25,0.100135,0.124886
2179,15,0.102284,0.124740
2180,15,0.100824,0.112671
2181,15,0.101302,0.119832
2182,21,0.099839,0.119997
2183,17,0.104524,0.134541
2184,15,0.097011,0.124626
2185,23,0.095743,0.119477
2186,16,0.096797,0.123409
2187,26,0.099582,0.124313
2188,14,0.097168,0.120904
2189,17,0.096752,0.114180
2190,24,0.103152,0.114860
2191,17,0.094475,0.117682
2192,14,0.098425,0.111020
2193,29,0.099195,0.120448
2194,23,0.095928,0.114634
2195,20,0.094895,0.112944
2196,22,0.097871,0.115375
2197,18,0.094988,0.111678
2198,20,0.096392,0.113763
2199,17,0.099252,0.120303
2200,19,0.101356,0.116307
2201,26,0.097905,0.120936
2202,13,0.093634,0.110327
2203,18,0.099537,0.112173
2204,17,0.096103,0.115712
2205,17,0.096845,0.113955
2206,25,0.095203,0.117265
2207,23,0.098886,0.126024
2208,25,0.097738,0.120057
2209,19,0.097993,0.120865
2210,26,0.099058,0.115606
2211,23,0.099713,0.120263
2212,23,0.098617,0.117843
2213,20,0.098072,0.110406
2214,20,0.094794,0.108097
2215,21,0.101565,0.124773
2216,18,0.100165,0.126952
2217,24,0.098624,0.113343
2218,20,0.101159,0.117176
2219,18,0.103654,0.118547
2220,21,0.094946,0.114979
2221,17,0.097354,0.115750
2222,17,0.101017,0.124726
2223,17,0.095973,0.113612
2224,23,0.098240,0.120859
2225,13,0.099374,0.123330
2226,18,0.097329,0.115085
2227,20,0.096553,0.113983
2228,25,0.094904,0.109753
2229,21,0.099032,0.116167
2230,20,0.096705,0.112787
2231,20,0.095820,0.110996
2232,22,0.099015,0.113051
2233,24,0.100684,0.129283
2234,18,0.100846,0.116657
2235,18,0.100738,0.127794
2236,16,0.094359,0.116707
2237,16,0.095259,0.122650
2238,23,0.097034,0.121922
2239,17,0.099477,0.111808
2240,21,0.095241,0.119261
2241,27,0.095911,0.113971
2242,16,0.098186,0.106656
2243,15,0.097375,0.114600
2244,20,0.097087,0.123377
2245,15,0.099909,0.118801
2246,21,0.098237,0.113641
2247,20,0.098008,0.124246
2248,16,0.097110,0.115142
2249,17,0.091397,0.107957
2250,18,0.097261,0.109509
2251,18,0.096068,0.117063
2252,19,0.100269,0.118995
2253,18,0.098615,0.120200
2254,17,0.096224,0.110739
2255,16,0.101449,0.122137
2256,18,0.094354,0.114456
2257,20,0.097482,0.116281
2258,21,0.100395,0.115397
2259,21,0.098490,0.123672
2260,29,0.098767,0.118640
2261,21,0.097516,0.115711
2262,14,0.095833,0.111032
2263,27,0.099084,0.123343
2264,20,0.099184,0.121688
2265,17,0.097931,0.110855
2266,20,0.095597,0.115822
2267,21,0.097999,0.131351
2268,22,0.097833,0.121610
2269,19,0.096373,0.111935
2270,25,0.099644,0.115247
2271,18,0.101456,0.117950
2272,17,0.096150,0.114235
2273,28,0.096549,0.121759
2274,20,0.099506,0.114234
2275,15,0.102649,0.124128
2276,27,0.098165,0.121283
2277,17,0.094671,0.119947
2278,18,0.099761,0.129102
2279,23,0.097557,0.117706
2280,22,0.095393,0.110936
2281,16,0.099465,0.134658
2282,22,0.100170,0.125975
2283,23,0.100277,0.123201
2284,21,0.100445,0.113986
2285,13,0.103156,0.127445
2286,18,0.096134,0.120946
2287,13,0.094769,0.125299
2288,21,0.100855,0.125843
2289,18,0.096472,0.113459
2290,19,0.099196,0.117689
2291,17,0.098205,0.122280
2292,26,0.101599,0.120184
2293,21,0.096523,0.126880
2294,20,0.095885,0.111109
2295,19,0.098890,0.117468
2296,11,0.095863,0.106436
2297,16,0.099835,0.115183
2298,20,0.097208,0.113422
2299,15,0.100947,0.124398
2300,16,0.096864,0.114577
2301,21,0.098236,0.118774
2302,16,0.097145,0.121796
2303,18,0.096286,0.107965
2304,22,0.101934,0.133353
2305,20,0.098576,0.124222
2306,26,0.097620,0.122653
2307,22,0.099712,0.119296
2308,21,0.096608,0.121502
2309,25,0.101087,0.119447
2310,23,0.097280,0.122924
2311,24,0.097592,0.115910
2312,11,0.096286,0.110664
2313,25,0.095839,0.117843
2314,21,0.096577,0.120767
2315,22,0.102256,0.124230
2316,22,0.099677,0.112476
2317,17,0.097271,0.118400
2318,13,0.097085,0.115787
2319,19,0.098493,0.112415
2320,24,0.098676,0.117549
2321,18,0.098593,0.122466
2322,25,0.096112,0.118057
2323,22,0.097110,0.114145
2324,24,0.099726,0.118013
2325,21,0.097345,0.115744
2326,19,0.099914,0.123756
2327,21,0.097613,0.121571
2328,23,0.097512,0.121327
2329,18,0.099546,0.131955
2330,18,0.099051,0.111125
2331,22,0.099220,0.120511
2332,20,0.097830,0.128025
2333,19,0.099438,0.121787
2334,21,0.099809,0.125054
2335,17,0.097369,0.129368
2336,26,0.098244,0.120498
2337,21,0.101242,0.122195
2338,31,0.101674,0.121383
2339,15,0.095282,0.112450
2340,24,0.094473,0.118217
2341,21,0.100462,0.115068
2342,21,0.093079,0.115199
2343,23,0.096438,0.115271
2344,7,0.092938,0.105780
2345,21,0.102233,0.119289
2346,19,0.102242,0.120900
2347,25,0.099101,0.114556
2348,19,0.098256,0.119016
2349,22,0.098951,0.121329
2350,24,0.099062,0.114928
2351,26,0.096935,0.125596
2352,22,0.099581,0.126578
2353,18,0.101314,0.123014
2354,18,0.097492,0.117016
2355,24,0.096355,0.110496
2356,14,0.093083,0.109398
2357,26,0.101509,0.131717
2358,21,0.098408,0.119309
2359,12,0.096538,0.110584
2360,15,0.095645,0.116287
2361,22,0.101479,0.121350
2362,11,0.097645,0.112663
2363,24,0.096527,0.115542
2364,25,0.097352,0.116462
2365,21,0.096613,0.118599
2366,16,0.096907,0.111645
2367,21,0.096714,0.117066
2368,19,0.099608,0.118767
2369,19,0.096061,0.113974
2370,11,0.097309,0.113830
2371,24,0.100431,0.132945
2372,18,0.096813,0.114494
2373,21,0.099078,0.127565
2374,23,0.099446,0.118026
2375,15,0.097156,0.105954
2376,19,0.099350,0.119968
2377,23,0.097784,0.116252
2378,18,0.098147,0.112729
2379,19,0.100071,0.113761
2380,21,0.099626,0.116528
2381,20,0.098887,0.117566
2382,15,0.096388,0.117194
2383,14,0.099341,0.116235
2384,23,0.093163,0.114115
2385,20,0.100083,0.121058
2386,23,0.101187,0.124656
2387,17,0.099592,0.110706
2388,17,0.094127,0.113893
2389,22,0.098357,0.116611
2390,17,0.094159,0.110276
2391,16,0.097911,0.117114
2392,25,0.096895,0.113274
2393,19,0.097057,0.117060
2394,19,0.102098,0.119784
2395,22,0.101044,0.113046
2396,22,0.096889,0.114808
2397,13,0.099202,0.124245
2398,16,0.100672,0.114593
2399,24,0.099813,0.122290
2400,16,0.093736,0.104637
2401,12,0.097272,0.109019
2402,22,0.095496,0.114728
2403,18,0.100109,0.117480
2404,22,0.100959,0.125196
2405,25,0.099073,0.117928
2406,18,0.100440,0.121159
2407,20,0.098207,0.115857
2408,14,0.101985,0.116504
2409,19,0.098125,0.116588
2410,19,0.099762,0.121720
2411,14,0.097185,0.123387
2412,23,0.098842,0.122856
2413,23,0.097082,0.127122
2414,22,0.101238,0.126562
2415,18,0.095207,0.113041
2416,24,0.096905,0.120505
2417,22,0.098340,0.120112
2418,12,0.092928,0.106377
2419,18,0.096850,0.112111
2420,15,0.095981,0.111744
2421,27,0.102142,0.117374
2422,30,0.101862,0.122689
2423,20,0.096107,0.110032
2424,20,0.096760,0.120255
2425,30,0.099236,0.116882
2426,26,0.095859,0.108773
2427,27,0.097826,0.117930
2428,27,0.098719,0.126377
2429,15,0.099554,0.110857
2430,18,0.097975,0.109576
2431,12,0.095721,0.121366
2432,19,0.094140,0.127544
2433,18,0.101710,0.122918
2434,14,0.096149,0.108317
2435,21,0.099567,0.121313
2436,16,0.099899,0.118780
2437,24,0.097160,0.117540
2438,13,0.101439,0.123834
2439,21,0.099956,0.122381
2440,17,0.099227,0.115021
2441,18,0.098545,0.115486
2442,24,0.097694,0.122758
2443,23,0.096050,0.120202
2444,25,0.101807,0.120906
2445,13,0.096280,0.112817
2446,24,0.098823,0.119202
2447,30,0.100924,0.119398
2448,20,0.097189,0.118616
2449,16,0.094032,0.119067
2450,25,0.095623,0.115701
2451,17,0.103368,0.136984
2452,14,0.100119,0.119973
2453,22,0.098570,0.115399
2454,17,0.100511,0.133688
2455,20,0.103265,0.134035
2456,13,0.098987,0.118398
2457,16,0.095549,0.113975
2458,16,0.101673,0.128547
2459,14,0.098114,0.115532
2460,29,0.099487,0.119128
2461,20,0.097609,0.118665
2462,22,0.100364,0.122582
2463,21,0.101165,0.116236
2464,20,0.101005,0.119106
2465,21,0.100449,0.119338
2466,12,0.094108,0.113076
2467,16,0.101519,0.129337
2468,19,0.096902,0.122953
2469,19,0.096197,0.114139
2470,20,0.098476,0.134419
2471,19,0.101307,0.126477
2472,14,0.102237,0.120310
2473,20,0.097801,0.112177
2474,21,0.095962,0.114576
2475,18,0.095612,0.111093
2476,20,0.096325,0.113553
2477,18,0.097501,0.109289
2478,16,0.099680,0.110086
2479,12,0.094349,0.116097
2480,18,0.096167,0.113721
2481,13,0.097893,0.122305
2482,28,0.099215,0.126936
2483,23,0.096577,0.118065
2484,22,0.100227,0.121340
2485,19,0.095503,0.115575
2486,25,0.100111,0.117494
2487,24,0.100347,0.119795
2488,22,0.095357,0.116382
2489,16,0.102643,0.120440
2490,23,0.097007,0.115911
2491,17,0.102748,0.118147
2492,16,0.095494,0.110600
2493,19,0.096486,0.122373
2494,24,0.097547,0.116176
2495,19,0.100304,0.123511
2496,24,0.096347,0.117384
2497,23,0.103086,0.133259
2498,26,0.100400,0.122087
2499,16,0.099274,0.116051
2500,11,0.093048,0.106076
2501,23,0.099439,0.121081
2502,19,0.102501,0.125938
2503,16,0.100510,0.117919
2504,20,0.099838,0.115438
2505,20,0.098180,0.111420
2506,16,0.096138,0.113548
2507,18,0.100465,0.112498
2508,15,0.099111,0.121908
2509,17,0.102400,0.118150
2510,19,0.098597,0.121489
2511,22,0.099212,0.116546
2512,12,0.096806,0.117516
2513,26,0.097531,0.123743
2514,26,0.097778,0.114643
2515,20,0.099800,0.115164
2516,16,0.098759,0.121884
2517,19,0.092256,0.109982
2518,18,0.096165,0.117758
2519,22,0.094511,0.110339
2520,20,0.101582,0.126821
2521,19,0.096709,0.112278
2522,23,0.101581,0.124585
2523,17,0.098513,0.124640
2524,20,0.097979,0.118552
2525,21,0.097956,0.116082
2526,27,0.100430,0.114647
2527,14,0.097606,0.109504
2528,12,0.098897,0.128523
2529,20,0.098603,0.117119
2530,18,0.099277,0.112470
2531,15,0.097401,0.119340
2532,21,0.100911,0.121347
2533,17,0.097200,0.118438
2534,20,0.095898,0.121740
2535,21,0.095944,0.116957
2536,19,0.098911,0.113682
2537,18,0.096830,0.120532
2538,25,0.099395,0.119264
2539,19,0.096886,0.120635
2540,20,0.100349,0.120481
2541,20,0.102358,0.125108
2542,15,0.099561,0.124438
2543,23,0.097743,0.112061
2544,21,0.102534,0.123378
2545,20,0.098855,0.117634
2546,21,0.096355,0.117347
2547,24,0.094569,0.112368
2548,23,0.097380,0.113815
2549,19,0.097568,0.126756
2550,15,0.096835,0.114930
2551,22,0.096130,0.120493
2552,18,0.105614,0.132751
2553,24,0.100329,0.114808
2554,19,0.098588,0.120986
2555,16,0.091734,0.108419
2556,16,0.097744,0.115500
2557,13,0.095242,0.133044
2558,19,0.100271,0.120711
2559,21,0.099757,0.126282
2560,11,0.091607,0.106688
2561,25,0.098682,0.111633
2562,10,0.092988,0.110037
2563,22,0.095528,0.119320
2564,25,0.100025,0.118823
2565,17,0.101347,0.121626
2566,22,0.098358,0.116948
2567,23,0.095889,0.120956
2568,22,0.097660,0.118059
2569,10,0.097949,0.112241
2570,17,0.102008,0.114144
2571,23,0.103828,0.122671
2572,19,0.102648,0.119948
2573,25,0.095204,0.112308
2574,22,0.098352,0.116355
2575,20,0.096227,0.113496
2576,25,0.100634,0.124652
2577,11,0.097254,0.125599
2578,15,0.100746,0.121200
2579,11,0.095507,0.116447
2580,20,0.099102,0.126172
2581,19,0.101045,0.115934
2582,20,0.096962,0.125187
2583,21,0.099918,0.113052
2584,19,0.098264,0.118583
2585,22,0.098418,0.122511
2586,21,0.098819,0.131493
2587,20,0.100920,0.130453
2588,20,0.096805,0.117165
2589,24,0.099373,0.114062
2590,23,0.099340,0.120681
2591,28,0.099048,0.123456
2592,14,0.104048,0.124334
2593,19,0.102561,0.122157
2594,16,0.104051,0.119940
2595,23,0.101645,0.126226
2596,22,0.098762,0.116230
2597,25,0.096290,0.116513
2598,11,0.101864,0.116284
2599,22,0.101014,0.123169
2600,21,0.096578,0.121089
2601,18,0.098130,0.124387
2602,16,0.098821,0.123005
2603,26,0.097399,0.122322
2604,17,0.098900,0.118668
2605,20,0.102200,0.118091
2606,23,0.098417,0.125565
2607,18,0.099948,0.125661
2608,22,0.100352,0.120771
2609,21,0.096205,0.114271
2610,11,0.098972,0.118005
2611,20,0.095481,0.127255
2612,20,0.097390,0.121524
2613,17,0.095309,0.119145
2614,14,0.098858,0.126854
2615,20,0.100433,0.129099
2616,11,0.098621,0.120035
2617,9,0.103737,0.124813
2618,26,0.100600,0.115616
2619,20,0.097955,0.111447
2620,12,0.095691,0.119248
2621,16,0.097105,0.123535
2622,17,0.099527,0.120103
2623,23,0.102083,0.123616
2624,19,0.097176,0.113073
2625,28,0.098545,0.120882
2626,16,0.097680,0.109220
2627,15,0.093068,0.111427
2628,17,0.097465,0.121536
2629,11,0.103406,0.119607
2630,25,0.099265,0.115607
2631,18,0.098978,0.111750
2632,19,0.098908,0.117425
2633,23,0.098147,0.115900
2634,23,0.097049,0.116615
2635,21,0.095257,0.109955
2636,24,0.099434,0.116042
2637,15,0.100837,0.122416
2638,20,0.101715,0.125936
2639,21,0.101108,0.120771
2640,22,0.100695,0.119452
2641,20,0.098377,0.118665
2642,16,0.102920,0.119794
2643,15,0.098496,0.121817
2644,21,0.100154,0.113833
2645,17,0.099768,0.113203
2646,21,0.097717,0.120254
2647,20,0.098002,0.127518
2648,17,0.096534,0.113611
2649,13,0.100319,0.117632
2650,17,0.100242,0.123187
2651,21,0.097881,0.120408
2652,16,0.099230,0.118803
2653,21,0.100471,0.127398
2654,22,0.095302,0.115032
2655,21,0.101035,0.121895
2656,17,0.099019,0.112818
2657,20,0.095408,0.109790
2658,13,0.099239,0.112168
2659,20,0.101194,0.121834
2660,24,0.100153,0.119697
2661,21,0.096894,0.117000
2662,16,0.100963,0.125916
2663,18,0.099979,0.121944
2664,22,0.100460,0.125960
2665,19,0.096017,0.110768
2666,20,0.098592,0.119836
2667,26,0.100539,0.118211
2668,19,0.097270,0.114744
2669,16,0.101629,0.124644
2670,20,0.099956,0.113259
2671,24,0.098039,0.122208
2672,21,0.102447,0.121211
2673,16,0.098071,0.117449
2674,14,0.095370,0.115794
2675,16,0.098787,0.117167
2676,21,0.098700,0.123108
2677,11,0.096610,0.109902
2678,20,0.098704,0.126289
2679,27,0.098759,0.122240
2680,23,0.101322,0.120808
2681,17,0.101998,0.115682
2682,20,0.096686,0.122652
2683,26,0.095917,0.110886
2684,13,0.095397,0.112524
2685,17,0.098869,0.118464
2686,19,0.095963,0.106659
2687,23,0.097871,0.118490
2688,19,0.098194,0.111625
2689,22,0.098064,0.121360
2690,24,0.100767,0.126613
2691,19,0.097257,0.110566
2692,24,0.100819,0.122068
2693,16,0.096145,0.113011
2694,22,0.097520,0.112865
2695,18,0.101299,0.115553
2696,16,0.100440,0.115462
2697,21,0.098033,0.120092
2698,18,0.099803,0.125120
2699,21,0.101942,0.119075
2700,19,0.095742,0.118434
2701,11,0.098033,0.120448
2702,14,0.099028,0.113475
2703,28,0.097913,0.131772
2704,17,0.099497,0.118531
2705,18,0.102133,0.124098
2706,14,0.102927,0.118508
2707,18,0.097280,0.114536
2708,16,0.099090,0.109445
2709,26,0.098112,0.129388
2710,24,0.098925,0.120656
2711,18,0.098133,0.112110
2712,17,0.097324,0.110667
2713,18,0.102231,0.125779
2714,19,0.100425,0.122736
2715,12,0.100484,0.119635
2716,18,0.092007,0.102761
2717,20,0.098071,0.123227
2718,23,0.100754,0.125574
2719,20,0.097436,0.108459
2720,20,0.097253,0.112103
2721,24,0.096638,0.116261
2722,7,0.097097,0.109900
2723,18,0.100116,0.115635
2724,20,0.097696,0.112415
2725,21,0.099124,0.130550
2726,21,0.098448,0.129440
2727,16,0.098456,0.111940
2728,19,0.094729,0.125321
2729,23,0.099429,0.121670
2730,22,0.094297,0.126599
2731,19,0.096485,0.114343
2732,17,0.098759,0.116798
2733,19,0.097271,0.127441
2734,18,0.098987,0.120623
2735,18,0.102818,0.130983
2736,24,0.095243,0.131257
2737,32,0.100774,0.125972
2738,20,0.095648,0.120841
2739,15,0.099400,0.108281
2740,28,0.101544,0.134944
2741,13,0.099739,0.110301
2742,21,0.098649,0.117958
2743,18,0.095290,0.113566
2744,18,0.097292,0.105018
2745,24,0.097769,0.122647
2746,20,0.100817,0.121957
2747,19,0.096225,0.114206
2748,21,0.099950,0.133379
2749,22,0.097493,0.125626
2750,21,0.099320,0.117053
2751,21,0.098353,0.114065
2752,26,0.095189,0.112461
2753,21,0.097073,0.119251
2754,18,0.094814,0.107834
2755,19,0.100209,0.125203
2756,23,0.100312,0.119432
2757,17,0.096268,0.110691
2758,20,0.097782,0.126598
2759,23,0.097587,0.120336
2760,20,0.098462,0.121222
2761,26,0.098700,0.122210
2762,12,0.104968,0.123287
2763,19,0.098490,0.124119
2764,17,0.098953,0.117544
2765,21,0.100201,0.124416
2766,11,0.097048,0.112192
2767,16,0.103758,0.123290
2768,19,0.101412,0.116621
2769,26,0.102194,0.114977
2770,18,0.098189,0.108943
2771,15,0.096373,0.115392
2772,23,0.100235,0.129305
2773,16,0.095763,0.110340
2774,24,0.097996,0.117784
2775,16,0.100411,0.121446
2776,17,0.101515,0.115815
2777,21,0.097771,0.115552
2778,20,0.097532,0.125796
2779,17,0.100369,0.126955
2780,17,0.095219,0.118039
2781,17,0.099800,0.117075
2782,27,0.099039,0.115928
2783,21,0.094621,0.112819
2784,14,0.096198,0.118175
2785,20,0.097420,0.119974
2786,23,0.099325,0.120455
2787,21,0.097723,0.111942
2788,19,0.100945,0.116068
2789,19,0.099261,0.117890
2790,14,0.096998,0.112536
2791,18,0.099369,0.117982
2792,23,0.097189,0.116354
2793,24,0.100287,0.119171
2794,18,0.099715,0.134592
2795,26,0.101465,0.120757
2796,16,0.096066,0.110977
2797,22,0.100038,0.123554
2798,19,0.098822,0.115420
2799,30,0.098224,0.118001
2800,15,0.098694,0.124769
2801,22,0.096860,0.115794
2802,21,0.097277,0.120120
2803,10,0.093871,0.114796
2804,20,0.099377,0.113060
2805,21,0.102066,0.117653
2806,22,0.098944,0.121051
2807,16,0.101224,0.128229
2808,17,0.098832,0.114668
2809,17,0.097011,0.125562
2810,10,0.100341,0.116543
2811,22,0.097677,0.116063
2812,21,0.099869,0.123467
2813,24,0.097594,0.121930
2814,21,0.099734,0.115175
2815,20,0.100113,0.120690
2816,19,0.100086,0.115816
2817,18,0.094087,0.117401
2818,20,0.098366,0.125543
2819,19,0.101459,0.126162
2820,18,0.101626,0.123887
2821,22,0.100879,0.119666
2822,21,0.100696,0.119252
2823,18,0.099602,0.124072
2824,21,0.095505,0.114493
2825,13,0.101057,0.112183
2826,21,0.099307,0.118895
2827,17,0.102187,0.121818
2828,24,0.101871,0.136259
2829,20,0.099995,0.120743
2830,21,0.097428,0.109351
2831,18,0.096034,0.110933
2832,19,0.096973,0.122620
2833,8,0.096339,0.110882
2834,19,0.099052,0.116451
2835,21,0.095190,0.109829
2836,25,0.096716,0.112256
2837,19,0.098250,0.122986
2838,15,0.099634,0.119312
2839,15,0.096593,0.113091
2840,24,0.100343,0.114016
2841,21,0.100135,0.127754
2842,26,0.099251,0.124662
2843,18,0.097932,0.115617
2844,20,0.099193,0.126111
2845,17,0.098156,0.117156
2846,24,0.093341,0.111389
2847,21,0.096482,0.122080
2848,27,0.098912,0.117458
2849,21,0.097803,0.108665
2850,11,0.097141,0.117639
2851,32,0.097086,0.114007
2852,19,0.096727,0.111329
2853,19,0.102000,0.132087
2854,18,0.097216,0.111423
2855,28,0.098078,0.132018
2856,19,0.095505,0.107501
2857,21,0.095224,0.119768
2858,23,0.099117,0.117488
2859,7,0.099331,0.114291
2860,28,0.099591,0.119179
2861,21,0.097510,0.117955
2862,22,0.096695,0.129430
2863,20,0.097024,0.112474
2864,23,0.098796,0.118358
2865,16,0.093677,0.106867
2866,24,0.096431,0.123082
2867,21,0.098296,0.119152
2868,16,0.097203,0.110211
2869,30,0.098288,0.119614
2870,17,0.096258,0.112920
2871,19,0.101169,0.131265
2872,22,0.098927,0.116312
2873,22,0.100951,0.119616
2874,16,0.099542,0.120286
2875,20,0.102691,0.124521
2876,19,0.094685,0.124329
2877,11,0.099229,0.110677
2878,18,0.097720,0.110331
2879,18,0.099513,0.123983
2880,24,0.100953,0.123923
2881,17,0.098549,0.116377
2882,16,0.097067,0.120239
2883,22,0.100875,0.113477
2884,18,0.097615,0.116047
2885,20,0.094751,0.113186
2886,22,0.100000,0.123504
2887,11,0.091816,0.103122
2888,24,0.095843,0.121380
2889,17,0.099117,0.112150
2890,17,0.099217,0.116145
2891,19,0.098785,0.114083
2892,29,0.099577,0.119207
2893,15,0.099347,0.115401
2894,13,0.100949,0.119596
2895,17,0.097150,0.108176
2896,22,0.103409,0.118456
2897,26,0.100137,0.117972
2898,20,0.100444,0.123060
2899,19,0.095412,0.110492
2900,17,0.099429,0.115216
2901,30,0.098193,0.119178
2902,14,0.100576,0.124586
2903,18,0.095594,0.106639
2904,17,0.094188,0.110897
2905,15,0.097400,0.114532
2906,20,0.097701,0.118777
2907,26,0.095848,0.109830
2908,14,0.102718,0.125178
2909,15,0.098438,0.116044
2910,26,0.098217,0.114865
2911,17,0.095311,0.111508
2912,16,0.098890,0.118612
2913,18,0.095797,0.109258
2914,20,0.098475,0.118296
2915,24,0.097404,0.112005
2916,24,0.096751,0.116152
2917,23,0.100265,0.118984
2918,16,0.095885,0.102928
2919,22,0.097529,0.122418
2920,22,0.101329,0.127526
2921,17,0.096654,0.117543
2922,17,0.098243,0.115006
2923,22,0.099435,0.123647
2924,14,0.100138,0.123906
2925,16,0.100541,0.123612
2926,16,0.099319,0.123350
2927,16,0.094233,0.109067
2928,18,0.100824,0.122288
2929,15,0.097531,0.121197
2930,16,0.093352,0.110297
2931,20,0.099385,0.117150
2932,23,0.100338,0.119679
2933,21,0.101296,0.125438
2934,16,0.094435,0.111879
2935,17,0.102017,0.127345
2936,20,0.100023,0.117662
2937,19,0.095639,0.114511
2938,19,0.099748,0.116966
2939,27,0.098538,0.121468
2940,17,0.097887,0.112393
2941,16,0.098981,0.116930
2942,23,0.099323,0.123559
2943,19,0.101005,0.113083
2944,19,0.095993,0.119690
2945,15,0.096296,0.119488
2946,24,0.099073,0.124467
2947,24,0.097095,0.117332
2948,20,0.103010,0.124901
2949,16,0.103973,0.126663
2950,19,0.099824,0.115837
2951,24,0.097006,0.123388
2952,12,0.098669,0.112348
2953,19,0.095514,0.116987
2954,20,0.098161,0.115202
2955,21,0.097211,0.124685
2956,17,0.095620,0.118829
2957,15,0.102882,0.117783
2958,28,0.098178,0.119332
2959,16,0.097387,0.119056
2960,23,0.100721,0.125489
2961,22,0.098409,0.124385
2962,18,0.098996,0.116662
2963,17,0.103277,0.132471
2964,24,0.100523,0.121215
2965,18,0.099631,0.125529
2966,21,0.103232,0.128600
2967,17,0.099421,0.124491
2968,16,0.098378,0.118191
2969,21,0.097221,0.120290
2970,21,0.099373,0.120895
2971,16,0.098551,0.114901
2972,15,0.100127,0.118440
2973,19,0.098659,0.111308
2974,13,0.101920,0.114095
2975,21,0.100129,0.121198
2976,26,0.101327,0.124028
2977,15,0.097766,0.109145
2978,21,0.099470,0.115713
2979,28,0.098442,0.119975
2980,13,0.095307,0.120838
2981,23,0.098713,0.119843
2982,19,0.095369,0.116433
2983,21,0.097397,0.110193
2984,19,0.095442,0.115105
2985,22,0.099097,0.116758
2986,15,0.100531,0.120004
2987,19,0.096258,0.113302
2988,18,0.100002,0.114963
2989,16,0.101132,0.115498
2990,21,0.098624,0.120589
2991,25,0.095912,0.120080
2992,17,0.096718,0.122361
2993,20,0.100247,0.138071
2994,18,0.097024,0.118521
2995,22,0.097476,0.124504
2996,15,0.098414,0.120371
2997,24,0.094702,0.114556
2998,20,0.095708,0.114287
2999,19,0.099829,0.135356
3000,20,0.100459,0.112820
3001,16,0.103154,0.128547
3002,13,0.095360,0.110793
3003,13,0.097817,0.116525
3004,19,0.099462,0.119671
3005,19,0.094077,0.115332
3006,17,0.098341,0.123864
3007,21,0.100790,0.115415
3008,18,0.103891,0.127267
3009,26,0.097436,0.130710
3010,16,0.094285,0.112343
3011,22,0.101004,0.115736
3012,26,0.095818,0.130776
3013,26,0.099903,0.119786
3014,18,0.094976,0.111291
3015,19,0.101635,0.115949
3016,21,0.096082,0.121158
3017,22,0.096184,0.111504
3018,24,0.099110,0.116236
3019,21,0.099232,0.120638
3020,26,0.097979,0.116707
3021,26,0.097317,0.116331
3022,25,0.101667,0.120147
3023,19,0.098634,0.120231
3024,23,0.094415,0.120989
3025,21,0.097759,0.115798
3026,18,0.094921,0.108091
3027,16,0.096933,0.114636
3028,16,0.098564,0.114198
3029,13,0.097289,0.120229
3030,21,0.095245,0.118928
3031,21,0.100202,0.128175
3032,19,0.096814,0.137632
3033,17,0.101595,0.121330
3034,25,0.098398,0.120801
3035,20,0.098166,0.114867
3036,21,0.100471,0.122415
3037,17,0.100780,0.123241
3038,17,0.090927,0.109293
3039,18,0.097709,0.122643
3040,16,0.095089,0.116115
3041,18,0.097619,0.113629
3042,18,0.098289,0.127142
3043,20,0.096699,0.124040
3044,15,0.098102,0.118805
3045,20,0.098816,0.120984
3046,18,0.102235,0.121369
3047,20,0.103645,0.118732
3048,22,0.098012,0.124382
3049,24,0.097501,0.120961
3050,22,0.101325,0.124407
3051,17,0.099123,0.119678
3052,24,0.100624,0.115776
3053,16,0.094688,0.113122
3054,24,0.102908,0.129493
3055,18,0.093440,0.121442
3056,27,0.097262,0.118986
3057,24,0.099082,0.122242
3058,22,0.094857,0.113823
3059,15,0.098748,0.126822
3060,21,0.099194,0.124893
3061,16,0.104160,0.118184
3062,20,0.095176,0.112212
3063,25,0.097816,0.115830
3064,20,0.092259,0.109301
3065,22,0.100921,0.119212
3066,24,0.100859,0.122411
3067,19,0.100763,0.117939
3068,19,0.097618,0.124024
3069,19,0.101689,0.127546
3070,12,0.100297,0.118842
3071,14,0.095834,0.117509
3072,23,0.098142,0.128615
3073,18,0.099745,0.116794
3074,26,0.098795,0.125783
3075,19,0.098612,0.127729
3076,18,0.098424,0.123682
3077,16,0.098068,0.118749
3078,28,0.096077,0.117417
3079,25,0.099910,0.125113
3080,22,0.096432,0.129662
3081,8,0.098110,0.114895
3082,21,0.100760,0.120688
3083,14,0.100895,0.116901
3084,14,0.100019,0.117434
3085,15,0.102977,0.121262
3086,21,0.099540,0.113633
3087,27,0.096612,0.116798
3088,18,0.097350,0.138655
3089,15,0.099750,0.119258
3090,16,0.098296,0.117366
3091,15,0.098463,0.115487
3092,23,0.095234,0.117329
3093,24,0.103544,0.131397
3094,20,0.098521,0.130805
3095,23,0.100463,0.127010
3096,17,0.097310,0.114918
3097,27,0.096096,0.118797
3098,15,0.101559,0.123282
3099,24,0.098796,0.111222
3100,21,0.095993,0.116609
3101,28,0.098857,0.114846
3102,17,0.094832,0.114427
3103,18,0.097939,0.115769
3104,18,0.101665,0.121832
3105,15,0.099066,0.110415
3106,28,0.099837,0.115607
3107,19,0.095606,0.120886
3108,14,0.096721,0.114275
3109,21,0.098274,0.121013
3110,23,0.098178,0.118629
3111,12,0.095039,0.109897
3112,13,0.094365,0.116345
3113,16,0.102420,0.117520
3114,20,0.095289,0.119266
3115,18,0.098712,0.120277
3116,24,0.099200,0.119444
3117,18,0.101970,0.120581
3118,19,0.100326,0.125214
3119,21,0.098173,0.118177
3120,25,0.099889,0.120842
3121,27,0.100549,0.124114
3122,15,0.096406,0.116969
3123,21,0.101051,0.121196
3124,10,0.100580,0.109401
3125,30,0.098867,0.123221
3126,25,0.100935,0.114071
3127,20,0.096564,0.114094
3128,11,0.098673,0.114527
3129,19,0.100185,0.120002
3130,14,0.098713,0.118254
3131,19,0.100004,0.115822
3132,20,0.099894,0.123474
3133,22,0.100006,0.119938
3134,21,0.096858,0.115290
3135,20,0.098934,0.122599
3136,27,0.097194,0.108319
3137,18,0.097579,0.113142
3138,21,0.100627,0.119234
3139,19,0.101359,0.118024
3140,14,0.102553,0.117499
3141,19,0.099143,0.125109
3142,18,0.098517,0.119748
3143,12,0.095460,0.117984
3144,21,0.100454,0.117479
3145,24,0.102996,0.117464
3146,13,0.101740,0.132402
3147,26,0.096457,0.128044
3148,14,0.101226,0.113549
3149,16,0.101393,0.118848
3150,20,0.100081,0.136475
3151,24,0.101855,0.116555
3152,18,0.098878,0.118115
3153,22,0.101133,0.120843
3154,17,0.100563,0.118041
3155,30,0.097041,0.124287
3156,14,0.097237,0.117854
3157,22,0.096949,0.117375
3158,18,0.101040,0.126305
3159,17,0.100655,0.117498
3160,14,0.103312,0.127613
3161,20,0.101925,0.122358
3162,20,0.100255,0.120268
3163,25,0.099225,0.129442
3164,16,0.095294,0.117918
3165,24,0.098626,0.116274
3166,24,0.096254,0.114285
3167,18,0.099492,0.112985
3168,24,0.098541,0.114258
3169,17,0.096843,0.113902
3170,25,0.099688,0.120970
3171,22,0.098058,0.114334
3172,21,0.098264,0.113224
3173,21,0.102232,0.120635
3174,24,0.099034,0.112206
3175,19,0.095976,0.112745
3176,18,0.098331,0.120278
3177,15,0.098378,0.115878
3178,23,0.098329,0.132799
3179,15,0.094921,0.110952
3180,18,0.099181,0.127361
3181,28,0.098266,0.127580
3182,16,0.101474,0.124236
3183,19,0.100228,0.117278
3184,19,0.098810,0.113443
3185,24,0.099707,0.117831
3186,19,0.098482,0.119587
3187,21,0.096676,0.121245
3188,16,0.097957,0.115715
3189,24,0.094797,0.118171
3190,19,0.095496,0.116741
3191,17,0.098443,0.114991
3192,19,0.099114,0.120757
3193,17,0.101540,0.116921
3194,24,0.100105,0.121359
3195,20,0.101632,0.122645
3196,20,0.098612,0.124347
3197,27,0.097292,0.114147
3198,21,0.099185,0.120665
3199,22,0.101976,0.124922
3200,16,0.100239,0.118020
3201,24,0.100912,0.119836
3202,27,0.098173,0.117358
3203,25,0.097334,0.121061
3204,28,0.098704,0.124094
3205,18,0.097191,0.107412
3206,26,0.099740,0.125370
3207,27,0.103528,0.127616
3208,20,0.097650,0.121923
3209,13,0.096362,0.111115
3210,17,0.096637,0.113365
3211,19,0.099459,0.136047
3212,28,0.096456,0.116134
3213,8,0.096855,0.102718
3214,14,0.097867,0.114861
3215,23,0.097084,0.114433
3216,18,0.096296,0.120714
3217,11,0.102294,0.121247
3218,21,0.098120,0.121735
3219,18,0.096546,0.114769
3220,21,0.097326,0.126550
3221,22,0.097615,0.124052
3222,20,0.098307,0.115727
3223,16,0.105029,0.124252
3224,20,0.097593,0.116005
3225,22,0.102004,0.129135
3226,17,0.100939,0.118759
3227,20,0.096989,0.118456
3228,21,0.099017,0.121884
3229,20,0.096953,0.121714
3230,29,0.098439,0.120625
3231,16,0.096109,0.105442
3232,21,0.097076,0.117686
3233,22,0.102212,0.118020
3234,25,0.098404,0.123418
3235,16,0.101792,0.123297
3236,24,0.097323,0.124956
3237,21,0.100407,0.117714
3238,18,0.101390,0.124962
3239,24,0.101467,0.119783
3240,20,0.093901,0.116723
3241,19,0.098684,0.113653
3242,17,0.098628,0.116875
3243,29,0.099895,0.119230
3244,16,0.100499,0.124043
3245,21,0.100025,0.122398
3246,16,0.096271,0.116007
3247,20,0.100110,0.112983
3248,19,0.099232,0.117809
3249,20,0.099348,0.126963
3250,16,0.094067,0.116668
3251,19,0.098051,0.113803
3252,19,0.098046,0.114332
3253,22,0.098953,0.122527
3254,12,0.098606,0.129945
3255,17,0.103911,0.120681
3256,22,0.098654,0.119960
3257,22,0.100509,0.123596
3258,17,0.097201,0.119098
3259,21,0.099403,0.129401
3260,18,0.090263,0.107254
3261,16,0.099895,0.129167
3262,18,0.102268,0.125860
3263,12,0.094196,0.111773
3264,20,0.096889,0.116373
3265,13,0.098277,0.118547
3266,22,0.094551,0.106997
3267,18,0.100277,0.121433
3268,24,0.098906,0.119487
3269,23,0.098461,0.127526
3270,14,0.096504,0.115407
3271,23,0.098472,0.115310
3272,16,0.095683,0.118418
3273,15,0.093141,0.113337
3274,19,0.097947,0.115528
3275,15,0.099675,0.108372
3276,15,0.096239,0.114683
3277,20,0.097314,0.120169
3278,17,0.096156,0.121907
3279,21,0.097037,0.115666
3280,29,0.099205,0.122029
3281,10,0.098376,0.114827
3282,23,0.096279,0.117599
3283,21,0.097771,0.122568
3284,18,0.097948,0.118858
3285,27,0.098599,0.120453
3286,13,0.102160,0.117557
3287,16,0.094805,0.124973
3288,25,0.099363,0.111245
3289,19,0.103062,0.131110
3290,24,0.099183,0.117676
3291,15,0.104457,0.132536
3292,18,0.096246,0.121427
3293,19,0.101969,0.124771
3294,26,0.097122,0.115906
3295,27,0.099336,0.127734
3296,19,0.096763,0.124740
3297,22,0.099486,0.113502
3298,17,0.099934,0.113468
3299,22,0.097781,0.115829
3300,14,0.101201,0.117541
3301,21,0.098847,0.118314
3302,21,0.101309,0.121339
3303,15,0.099098,0.118452
3304,22,0.097856,0.121920
3305,19,0.098610,0.118290
3306,18,0.097640,0.112847
3307,19,0.099073,0.118073
3308,20,0.101786,0.128437
3309,25,0.100703,0.119860
3310,19,0.098347,0.120715
3311,12,0.098773,0.115555
3312,19,0.098067,0.113986
3313,24,0.102157,0.122891
3314,19,0.100920,0.118680
3315,19,0.097424,0.121502
3316,27,0.100053,0.129669
3317,23,0.096105,0.112309
3318,21,0.099957,0.118591
3319,15,0.099469,0.118250
3320,12,0.097596,0.118870
3321,17,0.096166,0.120794
3322,18,0.098508,0.118840
3323,17,0.097307,0.123564
3324,27,0.100423,0.123554
3325,24,0.096546,0.118197
3326,16,0.098463,0.121177
3327,19,0.099963,0.118491
3328,18,0.096049,0.114708
3329,17,0.097957,0.114336
3330,23,0.101361,0.120852
3331,22,0.100955,0.130318
3332,22,0.098150,0.122688
3333,11,0.098056,0.117666
3334,21,0.101831,0.119680
3335,14,0.097922,0.115191
3336,19,0.098614,0.113539
3337,19,0.099190,0.123879
3338,23,0.100662,0.126900
3339,23,0.101254,0.122323
3340,15,0.100045,0.125109
3341,15,0.095707,0.113621
3342,16,0.101012,0.121984
3343,20,0.096923,0.122437
3344,20,0.097690,0.120477
3345,19,0.099006,0.125590
3346,19,0.093077,0.108929
3347,15,0.094774,0.104242
3348,28,0.099834,0.126455
3349,23,0.099550,0.113835
3350,29,0.096371,0.125453
3351,25,0.099043,0.124522
3352,16,0.101501,0.119332
3353,18,0.098627,0.123448
3354,16,0.095827,0.116181
3355,24,0.097507,0.116333
3356,26,0.098276,0.122583
3357,18,0.096036,0.121457
3358,12,0.099334,0.122647
3359,24,0.094037,0.119325
3360,14,0.097160,0.123719
3361,22,0.098034,0.120670
3362,15,0.097776,0.123069
3363,17,0.100818,0.119365
3364,24,0.100305,0.121947
3365,24,0.096553,0.110326
3366,25,0.097835,0.120279
3367,15,0.099069,0.122445
3368,21,0.098999,0.124076
3369,23,0.096559,0.108974
3370,20,0.100862,0.120557
3371,16,0.095458,0.117420
3372,19,0.096786,0.115551
3373,25,0.095174,0.107628
3374,23,0.095875,0.118512
3375,25,0.096952,0.124993
3376,20,0.096817,0.125501
3377,22,0.101225,0.125188
3378,21,0.099165,0.120701
3379,21,0.100179,0.125168
3380,15,0.101814,0.118061
3381,17,0.102786,0.113806
3382,16,0.099776,0.113518
3383,17,0.102369,0.128080
3384,24,0.098959,0.119076
3385,18,0.097774,0.111452
3386,17,0.097682,0.118191
3387,14,0.099736,0.120507
3388,20,0.098690,0.117359
3389,29,0.099413,0.119910
3390,18,0.097875,0.109306
3391,19,0.096081,0.109233
3392,23,0.097760,0.114746
3393,20,0.099802,0.116172
3394,16,0.097668,0.119259
3395,18,0.096117,0.112984
3396,21,0.099255,0.115037
3397,22,0.099881,0.118279
3398,18,0.098803,0.113596
3399,21,0.099601,0.115745
3400,17,0.097703,0.119569
3401,14,0.095145,0.112545
3402,22,0.101981,0.122128
3403,18,0.096341,0.116903
3404,18,0.098569,0.128742
3405,20,0.096226,0.116656
3406,18,0.101490,0.126598
3407,19,0.101237,0.116964
3408,18,0.099625,0.115081
3409,22,0.098156,0.123048
3410,23,0.096448,0.106319
3411,24,0.099427,0.121670
3412,13,0.101483,0.115424
3413,10,0.097687,0.120040
3414,22,0.098717,0.121189
3415,12,0.099178,0.115550
3416,20,0.098486,0.115141
3417,16,0.097050,0.123191
3418,20,0.100758,0.122527
3419,28,0.096180,0.122828
3420,16,0.094797,0.109893
3421,19,0.098221,0.129102
3422,23,0.097208,0.116284
3423,17,0.099168,0.112769
3424,20,0.097480,0.113943
3425,24,0.097148,0.112459
3426,13,0.098286,0.132562
3427,24,0.096661,0.113513
3428,20,0.101656,0.125702
3429,18,0.099355,0.114431
3430,23,0.094764,0.117409
3431,22,0.095133,0.121683
3432,20,0.100329,0.116490
3433,25,0.101592,0.130089
3434,22,0.097402,0.113667
3435,22,0.096544,0.124742
3436,21,0.097764,0.117726
3437,15,0.099971,0.117790
3438,21,0.099024,0.123839
3439,14,0.096638,0.121168
3440,15,0.097981,0.117955
3441,19,0.101099,0.120186
3442,14,0.097880,0.119673
3443,16,0.098960,0.114434
3444,27,0.098407,0.115409
3445,28,0.095333,0.113160
3446,20,0.097303,0.111703
3447,22,0.098303,0.118213
3448,16,0.097583,0.116229
3449,23,0.096868,0.123164
3450,15,0.100566,0.120700
3451,20,0.100032,0.119101
3452,22,0.098430,0.127062
3453,23,0.098571,0.117606
3454,23,0.097944,0.126412
3455,10,0.096737,0.112550
3456,21,0.100357,0.116525
3457,16,0.100103,0.123811
3458,23,0.100447,0.120313
3459,20,0.097524,0.112601
3460,15,0.100268,0.115708
3461,19,0.099669,0.112206
3462,17,0.095567,0.113285
3463,16,0.095144,0.121773
3464,22,0.103718,0.125176
3465,14,0.098766,0.124013
3466,17,0.099352,0.113905
3467,15,0.095864,0.113852
3468,18,0.100887,0.117210
3469,20,0.103620,0.127182
3470,17,0.100389,0.111966
3471,24,0.099830,0.117466
3472,20,0.100423,0.119234
3473,18,0.098477,0.111675
3474,21,0.096088,0.113373
3475,24,0.101262,0.119430
3476,18,0.096450,0.115510
3477,23,0.098534,0.120869
3478,13,0.096603,0.113471
3479,26,0.097115,0.122519
3480,19,0.099439,0.118076
3481,15,0.096924,0.109576
3482,19,0.098152,0.117744
3483,26,0.096143,0.129593
3484,26,0.098036,0.113789
3485,15,0.097076,0.116000
3486,15,0.097823,0.118405
3487,20,0.102752,0.119128
3488,19,0.101219,0.128515
3489,26,0.096709,0.116076
3490,25,0.098269,0.119323
3491,25,0.097118,0.114249
3492,26,0.096822,0.115828
3493,18,0.096622,0.130203
3494,19,0.098519,0.122982
3495,26,0.102162,0.116577
3496,15,0.102084,0.127697
3497,15,0.101549,0.115955
3498,19,0.095235,0.121999
3499,22,0.100804,0.116826
3500,11,0.090403,0.099391
3501,19,0.097418,0.118824
3502,24,0.094606,0.118495
3503,19,0.099942,0.120865
3504,25,0.098535,0.111706
3505,19,0.098463,0.122651
3506,10,0.097868,0.112709
3507,21,0.092599,0.120542
3508,25,0.096762,0.118338
3509,19,0.097631,0.119724
3510,15,0.098103,0.128804
3511,14,0.100092,0.112300
3512,21,0.100806,0.120816
3513,22,0.099360,0.114163
3514,23,0.094852,0.114571
3515,21,0.101290,0.120284
3516,20,0.098102,0.112660
3517,12,0.100519,0.122155
3518,16,0.094850,0.113729
3519,17,0.099048,0.125795
3520,19,0.098659,0.114223
3521,16,0.097534,0.117549
3522,30,0.097130,0.109405
3523,23,0.100422,0.114821
3524,19,0.101503,0.117357
3525,20,0.095812,0.112729
3526,27,0.100253,0.127243
3527,13,0.090852,0.113040
3528,19,0.101503,0.114116
3529,18,0.095147,0.117539
3530,15,0.100083,0.114063
3531,9,0.093999,0.107405
3532,20,0.098268,0.109500
3533,15,0.106518,0.133086
3534,16,0.097369,0.111593
3535,21,0.095106,0.114386
3536,21,0.099827,0.122454
3537,15,0.099712,0.126134
3538,22,0.101504,0.125753
3539,24,0.098938,0.124821
3540,21,0.097817,0.116060
3541,16,0.094895,0.120361
3542,18,0.101711,0.127404
3543,14,0.102432,0.132243
3544,24,0.097536,0.131438
3545,22,0.099964,0.121383
3546,13,0.102180,0.120477
3547,13,0.102069,0.124341
3548,14,0.102901,0.121245
3549,17,0.102170,0.123017
3550,24,0.099867,0.129418
3551,25,0.098090,0.126257
3552,27,0.100734,0.126807
3553,24,0.102955,0.119992
3554,20,0.101904,0.123597
3555,19,0.097124,0.133678
3556,20,0.101888,0.123740
3557,31,0.099836,0.115607
3558,21,0.096035,0.109524
3559,19,0.095355,0.118288
3560,16,0.101511,0.122200
3561,21,0.100967,0.124345
3562,18,0.098589,0.127769
3563,16,0.102607,0.130105
3564,18,0.097824,0.113170
3565,20,0.097362,0.116957
3566,18,0.104694,0.132755
3567,22,0.096197,0.113130
3568,13,0.098630,0.112813
3569,22,0.097378,0.118985
3570,21,0.098085,0.117744
3571,23,0.093942,0.116689
3572,22,0.101061,0.121838
3573,15,0.101251,0.119401
3574,13,0.099570,0.109981
3575,20,0.095860,0.121722
3576,15,0.100093,0.121582
3577,19,0.102131,0.124676
3578,23,0.100067,0.116795
3579,16,0.099199,0.128641
3580,23,0.097350,0.118567
3581,19,0.100832,0.120554
3582,19,0.098536,0.114588
3583,24,0.103590,0.117372
3584,22,0.100889,0.126112
3585,15,0.101245,0.114994
3586,19,0.097007,0.110785
3587,22,0.096106,0.114474
3588,18,0.098974,0.114581
3589,18,0.099459,0.118260
3590,14,0.094839,0.119012
3591,21,0.097604,0.125099
3592,23,0.102459,0.128425
3593,18,0.098466,0.115663
3594,22,0.098740,0.116651
3595,15,0.100890,0.117234
3596,23,0.098971,0.126975
3597,21,0.100146,0.123214
3598,20,0.096093,0.119694
3599,20,0.095861,0.115142
3600,18,0.100843,0.120000
3601,20,0.098272,0.118225
3602,20,0.095801,0.113789
3603,22,0.099848,0.124950
3604,16,0.098704,0.105651
3605,19,0.099550,0.125183
3606,17,0.095793,0.115129
3607,23,0.100271,0.121242
3608,25,0.098831,0.120679
3609,16,0.096488,0.112475
3610,24,0.095053,0.109888
3611,21,0.097446,0.111956
3612,26,0.098588,0.118250
3613,13,0.097846,0.118411
3614,23,0.099830,0.121033
3615,19,0.094342,0.115181
3616,24,0.096963,0.113388
3617,19,0.097964,0.115421
3618,22,0.096724,0.106492
3619,18,0.100298,0.109791
3620,20,0.097374,0.115162
3621,25,0.100446,0.117943
3622,20,0.095763,0.110259
3623,23,0.095156,0.114967
3624,24,0.100445,0.116370
3625,24,0.098641,0.113525
3626,12,0.097935,0.116346
3627,26,0.102232,0.134160
3628,21,0.098047,0.128467
3629,19,0.102563,0.120555
3630,22,0.100007,0.122667
3631,19,0.101897,0.126198
3632,22,0.100210,0.117409
3633,19,0.097875,0.116235
3634,21,0.101037,0.126598
3635,15,0.099023,0.122157
3636,15,0.096306,0.110239
3637,16,0.094549,0.118215
3638,21,0.101720,0.126749
3639,20,0.099148,0.120279
3640,22,0.095380,0.121544
3641,16,0.098084,0.113031
3642,19,0.098651,0.126335
3643,14,0.098911,0.121791
3644,17,0.097635,0.126216
3645,10,0.098857,0.117777
3646,17,0.096633,0.116321
3647,8,0.095288,0.114799
3648,26,0.099590,0.117453
3649,22,0.100643,0.118968
3650,22,0.097736,0.115257
3651,20,0.098102,0.114092
3652,22,0.099300,0.118557
3653,15,0.095827,0.119024
3654,18,0.100489,0.123479
3655,16,0.100741,0.121949
3656,15,0.101728,0.136658
3657,17,0.098492,0.118818
3658,12,0.102321,0.124560
3659,25,0.096646,0.114711
3660,16,0.098081,0.110891
3661,18,0.097499,0.113313
3662,17,0.098507,0.118874
3663,20,0.095156,0.120888
3664,17,0.100731,0.114150
3665,18,0.097054,0.108891
3666,23,0.101240,0.117383
3667,12,0.101614,0.116729
3668,22,0.094495,0.110810
3669,19,0.096806,0.118800
3670,19,0.099696,0.117889
3671,12,0.094614,0.117723
3672,30,0.098176,0.122284
3673,14,0.095351,0.121728
3674,19,0.100194,0.118958
3675,21,0.097598,0.121998
3676,22,0.100455,0.121628
3677,17,0.101919,0.125514
3678,14,0.100048,0.114095
3679,22,0.095191,0.115649
3680,16,0.097985,0.119558
3681,12,0.099262,0.125857
3682,23,0.098517,0.121596
3683,19,0.101611,0.118899
3684,19,0.096338,0.116586
3685,10,0.094679,0.103040
3686,19,0.097973,0.121093
3687,15,0.099650,0.114399
3688,17,0.100844,0.116502
3689,17,0.097769,0.126068
3690,14,0.099455,0.137859
3691,19,0.096614,0.121102
3692,19,0.096935,0.113674
3693,17,0.099845,0.119710
3694,17,0.096336,0.114375
3695,17,0.096587,0.116960
3696,22,0.097456,0.113601
3697,17,0.100177,0.118807
3698,24,0.094768,0.115528
3699,18,0.093295,0.110639
3700,16,0.097847,0.120401
3701,19,0.099394,0.121349
3702,17,0.103231,0.117496
3703,22,0.097357,0.113846
3704,22,0.099513,0.114703
3705,17,0.098106,0.116142
3706,18,0.097729,0.111837
3707,24,0.099037,0.120323
3708,17,0.099572,0.123417
3709,23,0.102344,0.134237
3710,22,0.098694,0.125205
3711,17,0.099676,0.119336
3712,16,0.096388,0.120456
3713,18,0.098356,0.116742
3714,23,0.097161,0.118069
3715,20,0.099202,0.120917
3716,22,0.096531,0.114870
3717,16,0.095468,0.113200
3718,18,0.095443,0.113439
3719,13,0.096691,0.121069
3720,21,0.095138,0.107715
3721,20,0.100122,0.131970
3722,19,0.098316,0.114474
3723,22,0.100256,0.122888
3724,19,0.096203,0.117674
3725,21,0.097515,0.112722
3726,23,0.099991,0.116277
3727,14,0.096158,0.110457
3728,20,0.097862,0.121643
3729,18,0.102740,0.119400
3730,14,0.099686,0.124099
3731,18,0.099198,0.112607
3732,11,0.101541,0.122787
3733,21,0.100170,0.116091
3734,23,0.094623,0.119285
3735,24,0.097481,0.124389
3736,16,0.103794,0.133416
3737,18,0.099311,0.120720
3738,20,0.098945,0.112692
3739,17,0.096024,0.114138
3740,22,0.101078,0.130743
3741,16,0.096107,0.112006
3742,22,0.096749,0.114119
3743,29,0.097760,0.123834
3744,20,0.098032,0.121986
3745,17,0.099462,0.121765
3746,23,0.096464,0.120491
3747,18,0.103153,0.125399
3748,19,0.096521,0.115616
3749,25,0.096978,0.113216
3750,21,0.096209,0.118113
3751,21,0.099666,0.121985
3752,24,0.095661,0.114018
3753,15,0.100443,0.112716
3754,19,0.096513,0.120347
3755,27,0.099179,0.121230
3756,21,0.098723,0.116880
3757,19,0.101797,0.115978
3758,11,0.097749,0.109485
3759,23,0.097176,0.130590
3760,9,0.095061,0.116708
3761,14,0.099986,0.112002
3762,23,0.097569,0.123876
3763,21,0.097399,0.119398
3764,20,0.101007,0.119698
3765,22,0.099758,0.117626
3766,20,0.098588,0.120059
3767,17,0.099398,0.117315
3768,23,0.097548,0.126089
3769,16,0.100347,0.128176
3770,20,0.097975,0.129923
3771,15,0.096383,0.117004
3772,13,0.101789,0.115101
3773,28,0.102702,0.129021
3774,26,0.100874,0.119598
3775,21,0.099081,0.121033
3776,18,0.098929,0.125000
3777,18,0.096679,0.120774
3778,21,0.098215,0.122563
3779,23,0.098843,0.113799
3780,16,0.099664,0.127451
3781,19,0.097733,0.121165
3782,22,0.097962,0.120798
3783,19,0.100511,0.122949
3784,22,0.100084,0.127299
3785,18,0.097904,0.113777
3786,24,0.097923,0.117781
3787,22,0.100094,0.119422
3788,15,0.095367,0.113479
3789,17,0.098233,0.110875
3790,15,0.097725,0.111738
3791,25,0.101270,0.123357
3792,25,0.098544,0.115934
3793,25,0.099914,0.118357
3794,18,0.097716,0.112135
3795,15,0.096879,0.111503
3796,21,0.099707,0.122745
3797,14,0.097209,0.118007
3798,22,0.101041,0.136542
3799,19,0.099384,0.123247
3800,13,0.101970,0.120579
3801,17,0.101947,0.113935
3802,15,0.096978,0.119840
3803,13,0.097319,0.124317
3804,14,0.100655,0.116646
3805,22,0.101510,0.123605
3806,25,0.099609,0.118566
3807,16,0.093825,0.123132
3808,27,0.099058,0.116200
3809,18,0.097093,0.115970
3810,19,0.099392,0.114144
3811,25,0.099651,0.118577
3812,26,0.098566,0.116045
3813,19,0.098586,0.130262
3814,21,0.098601,0.117042
3815,27,0.102091,0.125215
3816,20,0.100235,0.122712
3817,27,0.100600,0.127421
3818,23,0.097396,0.114306
3819,29,0.100464,0.119982
3820,18,0.102126,0.130566
3821,22,0.098144,0.114053
3822,21,0.102843,0.129134
3823,21,0.098134,0.121456
3824,21,0.099659,0.121921
3825,22,0.095976,0.113970
3826,17,0.096558,0.108938
3827,15,0.096676,0.114403
3828,15,0.095693,0.110796
3829,22,0.099119,0.116117
3830,15,0.095009,0.114832
3831,24,0.103310,0.137394
3832,20,0.100496,0.117468
3833,16,0.098072,0.118590
3834,16,0.096605,0.113941
3835,15,0.100767,0.121758
3836,21,0.098390,0.115261
3837,20,0.097874,0.111821
3838,20,0.096735,0.117919
3839,23,0.101304,0.117419
3840,20,0.096150,0.110051
3841,21,0.098826,0.117673
3842,28,0.099122,0.122280
3843,16,0.097935,0.117462
3844,16,0.098571,0.116963
3845,18,0.101707,0.120878
3846,17,0.094249,0.116555
3847,22,0.099796,0.113050
3848,24,0.097103,0.119024
3849,19,0.099055,0.113558
3850,23,0.099888,0.128727
3851,22,0.098668,0.115434
3852,22,0.099420,0.111242
3853,17,0.094975,0.119567
3854,21,0.098565,0.123624
3855,19,0.098626,0.123000
3856,13,0.099704,0.117002
3857,19,0.100361,0.120137
3858,29,0.098774,0.122872
3859,16,0.096398,0.112041
3860,17,0.097703,0.116708
3861,20,0.095624,0.113849
3862,20,0.099907,0.117071
3863,15,0.099308,0.120150
3864,23,0.096984,0.111419
3865,17,0.098453,0.115076
3866,26,0.097451,0.120675
3867,17,0.100873,0.113709
3868,17,0.096724,0.118032
3869,16,0.094920,0.105077
3870,24,0.101048,0.119120
3871,10,0.103332,0.113150
3872,24,0.100921,0.122659
3873,17,0.099301,0.122894
3874,22,0.102818,0.125297
3875,23,0.096596,0.114817
3876,12,0.092215,0.109363
3877,21,0.099074,0.117819
3878,17,0.098489,0.108255
3879,17,0.100677,0.122607
3880,13,0.095351,0.114968
3881,31,0.100687,0.127583
3882,21,0.096945,0.119283
3883,20,0.098306,0.121690
3884,21,0.099735,0.126625
3885,23,0.095348,0.117095
3886,17,0.098314,0.116630
3887,25,0.097886,0.119186
3888,21,0.096094,0.115715
3889,17,0.099449,0.117465
3890,22,0.097093,0.112484
3891,22,0.100184,0.120133
3892,19,0.095549,0.109788
3893,25,0.098554,0.121971
3894,21,0.099363,0.122416
3895,18,0.097554,0.125804
3896,29,0.102057,0.123722
3897,17,0.101227,0.125040
3898,18,0.095853,0.116019
3899,18,0.098078,0.115974
3900,15,0.097534,0.114736
3901,19,0.098714,0.126386
3902,24,0.097738,0.115244
3903,21,0.096451,0.125951
3904,18,0.102760,0.125957
3905,16,0.096617,0.117615
3906,20,0.098974,0.117514
3907,18,0.097498,0.110968
3908,20,0.097749,0.117697
3909,19,0.096744,0.121540
3910,28,0.098903,0.118975
3911,24,0.101191,0.130292
3912,21,0.100914,0.122447
3913,20,0.098199,0.119021
3914,20,0.100619,0.118982
3915,14,0.095123,0.120420
3916,16,0.104528,0.129715
3917,30,0.098103,0.121066
3918,16,0.100355,0.128818
3919,18,0.093119,0.106168
3920,17,0.101346,0.115466
3921,16,0.100713,0.112313
3922,19,0.095479,0.111774
3923,18,0.100145,0.122172
3924,16,0.096588,0.117387
3925,16,0.101721,0.139731
3926,26,0.096807,0.124631
3927,24,0.100799,0.118335
3928,18,0.101919,0.122519
3929,22,0.097707,0.112547
3930,21,0.098250,0.119648
3931,22,0.100476,0.120086
3932,24,0.098793,0.120247
3933,24,0.098457,0.123916
3934,20,0.094617,0.113090
3935,17,0.099979,0.126023
3936,17,0.098174,0.120337
3937,25,0.095494,0.124895
3938,25,0.103179,0.124556
3939,18,0.096984,0.119330
3940,17,0.096592,0.112777
3941,18,0.095630,0.111893
3942,19,0.097181,0.114710
3943,23,0.096492,0.112512
3944,21,0.099503,0.123165
3945,14,0.101120,0.109127
3946,18,0.097226,0.113647
3947,16,0.098192,0.108804
3948,20,0.093712,0.106929
3949,19,0.096993,0.117244
3950,23,0.100370,0.119007
3951,18,0.095841,0.116383
3952,18,0.097979,0.110946
3953,17,0.098921,0.116867
3954,24,0.097518,0.120083
3955,20,0.098148,0.114498
3956,24,0.103472,0.122178
3957,18,0.099350,0.117417
3958,19,0.096796,0.118467
3959,14,0.096155,0.119312
3960,23,0.098426,0.118089
3961,16,0.095079,0.108140
3962,19,0.099789,0.128329
3963,25,0.096255,0.123159
3964,25,0.099441,0.130528
3965,20,0.102195,0.117187
3966,19,0.100178,0.119524
3967,17,0.096680,0.117407
3968,17,0.094979,0.112964
3969,18,0.096238,0.112064
3970,21,0.097755,0.117807
3971,20,0.099470,0.123355
3972,23,0.099418,0.117739
3973,19,0.097143,0.113121
3974,19,0.100213,0.118453
3975,28,0.098002,0.113642
3976,14,0.094473,0.109133
3977,14,0.101547,0.116770
3978,24,0.094981,0.125173
3979,17,0.097921,0.126234
3980,15,0.092012,0.124773
3981,12,0.091009,0.113222
3982,23,0.095330,0.117878
3983,17,0.098258,0.122161
3984,18,0.096893,0.112976
3985,24,0.099143,0.121927
3986,26,0.097937,0.116747
3987,10,0.097558,0.117446
3988,20,0.096164,0.112753
3989,23,0.095136,0.121056
3990,20,0.095748,0.119825
3991,20,0.098501,0.116418
3992,17,0.099684,0.116851
3993,17,0.097654,0.124895
3994,18,0.100207,0.117489
3995,14,0.099745,0.112833
3996,17,0.100688,0.127737
3997,20,0.095687,0.113247
3998,15,0.095795,0.116135
3999,21,0.095041,0.117918
4000,24,0.097481,0.114418
4001,24,0.099009,0.120111
4002,17,0.100468,0.113923
4003,21,0.096219,0.114645
4004,20,0.097481,0.112449
4005,19,0.097738,0.124378
4006,15,0.100141,0.112342
4007,18,0.098633,0.118805
4008,14,0.100893,0.113377
4009,20,0.101715,0.123540
4010,24,0.098686,0.124691
4011,14,0.095977,0.114263
4012,24,0.097246,0.109235
4013,14,0.098222,0.119566
4014,25,0.096213,0.121307
4015,12,0.093157,0.122551
4016,23,0.099849,0.116852
4017,19,0.101364,0.127843
4018,17,0.102565,0.124177
4019,13,0.099677,0.120120
4020,20,0.098815,0.121248
4021,20,0.100469,0.127703
4022,12,0.093016,0.103993
4023,25,0.097985,0.116299
4024,17,0.099272,0.118714
4025,14,0.097408,0.123607
4026,17,0.094902,0.121389
4027,21,0.098135,0.118485
4028,17,0.097868,0.115261
4029,19,0.098407,0.122072
4030,20,0.097553,0.125151
4031,25,0.097033,0.119236
4032,17,0.097507,0.114687
4033,21,0.096597,0.121014
4034,16,0.094864,0.116048
4035,21,0.098432,0.111154
4036,18,0.100706,0.116628
4037,16,0.098499,0.116413
4038,21,0.095735,0.110481
4039,26,0.100728,0.127192
4040,13,0.100863,0.122549
4041,24,0.098814,0.118159
4042,14,0.103593,0.115458
4043,15,0.099182,0.115155
4044,19,0.099615,0.119332
4045,24,0.094814,0.124026
4046,19,0.100470,0.122751
4047,17,0.101642,0.128296
4048,27,0.096490,0.120159
4049,19,0.096750,0.122042
4050,24,0.098048,0.122466
4051,23,0.098730,0.123766
4052,16,0.099031,0.119964
4053,19,0.098462,0.117155
4054,23,0.096927,0.113653
4055,21,0.103276,0.129992
4056,24,0.097632,0.113947
4057,20,0.096282,0.114996
4058,14,0.097144,0.121245
4059,15,0.097694,0.113677
4060,20,0.099345,0.116630
4061,16,0.097338,0.120894
4062,13,0.096705,0.110886
4063,20,0.097455,0.118575
4064,17,0.094315,0.110785
4065,25,0.098582,0.125082
4066,22,0.096721,0.120283
4067,18,0.098631,0.118052
4068,17,0.097971,0.123157
4069,20,0.101023,0.119456
4070,16,0.100293,0.118894
4071,23,0.097431,0.122426
4072,20,0.098377,0.122842
4073,21,0.099511,0.124963
4074,21,0.099776,0.115578
4075,19,0.097416,0.112176
4076,18,0.099803,0.114847
4077,24,0.099068,0.127765
4078,26,0.096883,0.117382
4079,14,0.095389,0.108791
4080,14,0.095846,0.108831
4081,19,0.101089,0.118418
4082,15,0.102120,0.123510
4083,22,0.098624,0.116604
4084,22,0.100384,0.121251
4085,13,0.094881,0.113782
4086,22,0.096575,0.114583
4087,16,0.097011,0.117162
4088,17,0.097115,0.115615
4089,24,0.103411,0.118854
4090,18,0.096075,0.117001
4091,26,0.095942,0.114981
4092,18,0.095525,0.109644
4093,19,0.102706,0.137410
4094,22,0.097458,0.115024
4095,22,0.098961,0.135839
4096,15,0.097433,0.122977
4097,25,0.096863,0.116464
4098,19,0.099437,0.119078
4099,13,0.099214,0.116263
4100,21,0.100913,0.115415
4101,18,0.098243,0.110337
4102,24,0.102613,0.127840
4103,15,0.098484,0.113097
4104,22,0.098158,0.115568
4105,20,0.101881,0.124970
4106,28,0.095308,0.116052
4107,15,0.094347,0.108691
4108,23,0.099377,0.138202
4109,15,0.097433,0.121419
4110,23,0.095467,0.121482
4111,19,0.097882,0.128687
4112,27,0.096680,0.120811
4113,23,0.098352,0.121323
4114,18,0.096413,0.118060
4115,25,0.099339,0.118247
4116,18,0.100420,0.114407
4117,25,0.100368,0.117742
4118,15,0.103040,0.122690
4119,17,0.098696,0.125857
4120,23,0.100322,0.127180
4121,23,0.097048,0.114910
4122,21,0.093418,0.113083
4123,22,0.097355,0.108092
4124,22,0.097715,0.118927
4125,18,0.101756,0.116973
4126,25,0.101295,0.128863
4127,20,0.098189,0.120061
4128,33,0.100294,0.118114
4129,31,0.094867,0.114825
4130,17,0.100544,0.132793
4131,19,0.099396,0.122559
4132,22,0.101690,0.120798
4133,23,0.098565,0.116952
4134,13,0.101273,0.119541
4135,23,0.096919,0.110317
4136,13,0.098190,0.123732
4137,22,0.101306,0.116276
4138,21,0.099579,0.125572
4139,17,0.101167,0.111377
4140,20,0.096335,0.114094
4141,23,0.099810,0.116908
4142,17,0.098374,0.118385
4143,21,0.099742,0.119493
4144,16,0.095945,0.110936
4145,20,0.099534,0.124617
4146,15,0.096992,0.115045
4147,21,0.096716,0.118267
4148,13,0.101399,0.117951
4149,21,0.098173,0.118446
4150,21,0.100221,0.122545
4151,18,0.098543,0.116093
4152,21,0.099443,0.118408
4153,21,0.101350,0.120158
4154,15,0.095849,0.110609
4155,9,0.096553,0.127475
4156,15,0.096499,0.115572
4157,17,0.099973,0.125673
4158,24,0.099447,0.113513
4159,23,0.101991,0.118345
4160,24,0.098798,0.121938
4161,19,0.096298,0.116662
4162,18,0.097628,0.109806
4163,24,0.099046,0.130261
4164,17,0.099853,0.122319
4165,17,0.099157,0.115426
4166,20,0.097329,0.119278
4167,18,0.099706,0.122472
4168,14,0.098840,0.115978
4169,23,0.095084,0.113533
4170,20,0.098801,0.122972
4171,20,0.099024,0.120682
4172,14,0.097259,0.114222
4173,17,0.097313,0.132082
4174,16,0.100264,0.117496
4175,13,0.099042,0.121469
4176,22,0.097999,0.121540
4177,23,0.101944,0.123894
4178,16,0.099498,0.114324
4179,17,0.099721,0.125627
4180,17,0.099289,0.127587
4181,19,0.099742,0.123558
4182,21,0.095336,0.121956
4183,19,0.100827,0.123406
4184,18,0.098128,0.131208
4185,16,0.099663,0.118831
4186,20,0.098523,0.114371
4187,16,0.099187,0.121529
4188,28,0.099876,0.122009
4189,19,0.096213,0.133565
4190,19,0.098165,0.118156
4191,19,0.100204,0.131119
4192,23,0.101663,0.126358
4193,11,0.099364,0.125403
4194,12,0.096799,0.123910
4195,22,0.100910,0.122905
4196,22,0.098050,0.118881
4197,22,0.095306,0.109590
4198,15,0.102102,0.126229
4199,25,0.102766,0.118007
4200,25,0.101362,0.120466
4201,21,0.098895,0.122118
4202,16,0.097400,0.111901
4203,24,0.100672,0.120579
4204,22,0.099871,0.117255
4205,19,0.096558,0.115867
4206,22,0.097207,0.117211
4207,23,0.098670,0.121564
4208,17,0.101613,0.115807
4209,18,0.098575,0.118129
4210,23,0.098045,0.123576
4211,19,0.099119,0.116432
4212,14,0.100325,0.120835
4213,17,0.097219,0.115688
4214,18,0.100392,0.116517
4215,16,0.099699,0.111893
4216,24,0.098412,0.127492
4217,18,0.098419,0.115512
4218,23,0.100516,0.131568
4219,18,0.096716,0.113965
4220,20,0.101486,0.121740
4221,14,0.095355,0.108157
4222,12,0.100072,0.125356
4223,22,0.099410,0.119479
4224,16,0.096580,0.115743
4225,21,0.096451,0.111125
4226,15,0.097479,0.115484
4227,15,0.098764,0.117156
4228,22,0.097353,0.113904
4229,20,0.098355,0.121948
4230,12,0.094952,0.108939
4231,25,0.096717,0.121397
4232,18,0.099770,0.127707
4233,19,0.099562,0.125914
4234,20,0.101083,0.124235
4235,15,0.093843,0.105905
4236,18,0.099877,0.125685
4237,17,0.095014,0.111130
4238,19,0.104867,0.119645
4239,18,0.099150,0.118484
4240,25,0.098205,0.112664
4241,20,0.103189,0.115918
4242,25,0.098201,0.116650
4243,17,0.097219,0.116478
4244,28,0.099694,0.125606
4245,21,0.097933,0.118911
4246,17,0.102801,0.117171
4247,16,0.098661,0.124124
4248,19,0.103028,0.125092
4249,13,0.096163,0.112256
4250,14,0.097964,0.110322
4251,16,0.096588,0.112603
4252,22,0.100747,0.118969
4253,18,0.097976,0.116033
4254,18,0.096855,0.122148
4255,21,0.102849,0.123586
4256,19,0.098409,0.113223
4257,27,0.098301,0.123081
4258,24,0.097479,0.122380
4259,14,0.098340,0.121701
4260,23,0.098725,0.125425
4261,25,0.098857,0.113472
4262,28,0.098828,0.122269
4263,25,0.100400,0.112465
4264,26,0.096355,0.132835
4265,19,0.100828,0.129642
4266,12,0.097979,0.110473
4267,18,0.102243,0.121706
4268,14,0.099175,0.116085
4269,18,0.102174,0.117617
4270,21,0.097893,0.113846
4271,25,0.094493,0.124509
4272,22,0.102663,0.129906
4273,17,0.096722,0.108813
4274,21,0.098736,0.116746
4275,17,0.095960,0.112091
4276,17,0.099597,0.114577
4277,20,0.097850,0.125979
4278,14,0.095046,0.114477
4279,28,0.099654,0.115802
4280,18,0.098616,0.120700
4281,23,0.098716,0.119302
4282,23,0.099882,0.120276
4283,26,0.096121,0.113544
4284,19,0.095592,0.112077
4285,26,0.095923,0.124126
4286,19,0.096480,0.116611
4287,21,0.098873,0.111735
4288,17,0.100582,0.117788
4289,22,0.099423,0.126514
4290,27,0.098755,0.118776
4291,19,0.099388,0.122466
4292,26,0.099846,0.126659
4293,18,0.099481,0.120454
4294,23,0.099288,0.123866
4295,18,0.097261,0.110428
4296,20,0.103321,0.127612
4297,11,0.099310,0.122853
4298,20,0.097113,0.114207
4299,26,0.100147,0.118455
4300,23,0.098626,0.114686
4301,20,0.097531,0.119409
4302,16,0.097172,0.118467
4303,26,0.099373,0.112508
4304,13,0.100503,0.110704
4305,23,0.103825,0.131253
4306,21,0.096499,0.117000
4307,21,0.098896,0.125272
4308,20,0.101176,0.124813
4309,23,0.097918,0.121143
4310,23,0.097747,0.119572
4311,15,0.100129,0.115097
4312,18,0.101960,0.122358
4313,19,0.099565,0.120604
4314,18,0.099448,0.118676
4315,18,0.097138,0.115785
4316,14,0.098164,0.119736
4317,14,0.099314,0.114532
4318,23,0.096261,0.112299
4319,22,0.096889,0.114588
4320,13,0.101620,0.124141
4321,21,0.095281,0.118503
4322,14,0.097411,0.111050
4323,17,0.100455,0.115359
4324,21,0.101171,0.123624
4325,21,0.101651,0.118132
4326,20,0.101987,0.120895
4327,22,0.104210,0.127842
4328,25,0.094677,0.123870
4329,17,0.095968,0.123472
4330,18,0.103598,0.120237
4331,19,0.096307,0.110685
4332,18,0.098781,0.120680
4333,15,0.099068,0.113985
4334,22,0.100785,0.122048
4335,21,0.100714,0.121747
4336,19,0.100768,0.118894
4337,18,0.097705,0.125670
4338,11,0.099412,0.129408
4339,15,0.094601,0.102243
4340,19,0.095570,0.111176
4341,20,0.092670,0.111004
4342,12,0.099081,0.127308
4343,21,0.098958,0.119392
4344,27,0.098864,0.123731
4345,18,0.103710,0.121484
4346,26,0.099637,0.117891
4347,22,0.099612,0.115603
4348,18,0.099836,0.111449
4349,12,0.096691,0.115390
4350,16,0.097508,0.120218
4351,21,0.098626,0.123929
4352,15,0.100349,0.118649
4353,23,0.097568,0.127371
4354,20,0.100509,0.117971
4355,15,0.095471,0.109506
4356,18,0.096695,0.121841
4357,28,0.096628,0.124821
4358,16,0.099836,0.120852
4359,21,0.096977,0.125020
4360,24,0.100125,0.121018
4361,28,0.097203,0.113423
4362,18,0.103436,0.126946
4363,17,0.096944,0.129042
4364,24,0.097644,0.128149
4365,24,0.101769,0.123058
4366,20,0.099691,0.127550
4367,21,0.098414,0.122311
4368,12,0.095462,0.105733
4369,20,0.102054,0.121003
4370,23,0.097630,0.120570
4371,27,0.101066,0.115016
4372,20,0.101840,0.119801
4373,29,0.096232,0.114019
4374,15,0.095765,0.111757
4375,22,0.098786,0.125657
4376,10,0.097783,0.105476
4377,21,0.100130,0.120958
4378,24,0.098018,0.125967
4379,18,0.098946,0.116306
4380,20,0.095552,0.109394
4381,14,0.099761,0.123263
4382,19,0.098594,0.120475
4383,18,0.098770,0.112583
4384,16,0.101820,0.129626
4385,22,0.100877,0.127616
4386,21,0.093879,0.118985
4387,23,0.098720,0.121316
4388,22,0.099873,0.125928
4389,25,0.098421,0.117745
4390,20,0.096873,0.113877
4391,22,0.102689,0.117212
4392,29,0.097639,0.115825
4393,23,0.097675,0.127352
4394,22,0.098642,0.116162
4395,22,0.100240,0.111956
4396,14,0.096704,0.121041
4397,19,0.102231,0.116270
4398,16,0.095259,0.119931
4399,24,0.099631,0.126355
4400,21,0.095721,0.107133
4401,18,0.094892,0.118431
4402,20,0.100252,0.123865
4403,19,0.098501,0.110454
4404,21,0.097719,0.119034
4405,16,0.098486,0.118037
4406,22,0.102400,0.124258
4407,20,0.095252,0.120531
4408,21,0.097926,0.114147
4409,14,0.098478,0.116013
4410,29,0.095224,0.126503
4411,22,0.098213,0.113379
4412,20,0.097201,0.114226
4413,21,0.099402,0.117221
4414,18,0.097450,0.115140
4415,15,0.095655,0.115341
4416,13,0.101057,0.118223
4417,18,0.094916,0.114775
4418,18,0.094966,0.124477
4419,15,0.095371,0.112723
4420,15,0.094178,0.114811
4421,20,0.097189,0.110662
4422,15,0.096944,0.116441
4423,19,0.101964,0.124982
4424,22,0.097125,0.120114
4425,18,0.098585,0.117504
4426,21,0.098166,0.121937
4427,20,0.101253,0.125276
4428,21,0.097483,0.113556
4429,20,0.099191,0.117601
4430,18,0.096929,0.113072
4431,21,0.103451,0.123173
4432,19,0.099847,0.120438
4433,19,0.096475,0.120390
4434,20,0.097247,0.112771
4435,24,0.093905,0.111750
4436,22,0.096688,0.118143
4437,14,0.099913,0.123966
4438,17,0.099311,0.121943
4439,19,0.099087,0.116509
4440,16,0.096451,0.116603
4441,13,0.101475,0.124391
4442,13,0.099857,0.130161
4443,14,0.098636,0.121422
4444,19,0.096816,0.115516
4445,19,0.099051,0.119159
4446,20,0.094580,0.109044
4447,19,0.097384,0.127383
4448,20,0.097305,0.121140
4449,18,0.100773,0.118680
4450,21,0.097708,0.121836
4451,13,0.098827,0.124675
4452,18,0.100103,0.118018
4453,21,0.095691,0.112353
4454,18,0.093473,0.106677
4455,21,0.098730,0.119514
4456,16,0.096967,0.131802
4457,20,0.097174,0.119065
4458,15,0.100536,0.115883
4459,25,0.096593,0.119406
4460,21,0.097456,0.126058
4461,20,0.097716,0.122504
4462,18,0.097854,0.115041
4463,18,0.101172,0.126709
4464,21,0.097262,0.121657
4465,24,0.096121,0.109860
4466,23,0.098369,0.116994
4467,19,0.097065,0.115779
4468,14,0.095824,0.110568
4469,18,0.098784,0.118330
4470,18,0.099054,0.115818
4471,15,0.096027,0.114005
4472,22,0.097338,0.120127
4473,24,0.096142,0.111465
4474,18,0.098310,0.116569
4475,17,0.092475,0.113615
4476,30,0.100194,0.119299
4477,21,0.097313,0.107915
4478,21,0.100239,0.120744
4479,17,0.098764,0.126370
4480,17,0.097794,0.118168
4481,17,0.098609,0.115770
4482,16,0.097687,0.116391
4483,17,0.095845,0.118251
4484,25,0.099908,0.123762
4485,27,0.098887,0.118898
4486,26,0.101240,0.117084
4487,24,0.095962,0.109390
4488,16,0.101073,0.124178
4489,24,0.101735,0.117768
4490,20,0.097284,0.122013
4491,25,0.095158,0.119620
4492,19,0.098425,0.115261
4493,21,0.096461,0.118617
4494,21,0.096570,0.125685
4495,21,0.098328,0.137552
4496,16,0.101817,0.124748
4497,21,0.097829,0.127564
4498,23,0.099711,0.121755
4499,17,0.096334,0.113203
4500,19,0.093272,0.113007
4501,29,0.098625,0.115917
4502,11,0.094561,0.114648
4503,21,0.097292,0.123452
4504,23,0.100133,0.115789
4505,20,0.098753,0.124204
4506,20,0.100609,0.114424
4507,23,0.098149,0.124573
4508,14,0.095649,0.113946
4509,23,0.099713,0.119560
4510,16,0.098149,0.118345
4511,21,0.097366,0.130111
4512,21,0.101544,0.132639
4513,20,0.096510,0.116177
4514,15,0.098692,0.114737
4515,17,0.102530,0.120301
4516,22,0.100116,0.120601
4517,17,0.100500,0.118542
4518,16,0.100407,0.117787
4519,19,0.097143,0.131619
4520,25,0.101890,0.116643
4521,21,0.098363,0.119667
4522,25,0.098569,0.126274
4523,17,0.097629,0.119944
4524,17,0.098545,0.114510
4525,14,0.101372,0.116219
4526,14,0.096841,0.113850
4527,23,0.103266,0.144323
4528,13,0.098616,0.116360
4529,22,0.101234,0.122786
4530,23,0.102763,0.124661
4531,18,0.100587,0.115624
4532,12,0.095813,0.122013
4533,16,0.096460,0.114727
4534,23,0.098594,0.119736
4535,19,0.094780,0.116694
4536,22,0.099876,0.118028
4537,16,0.102378,0.115762
4538,21,0.098659,0.114243
4539,24,0.100320,0.133271
4540,20,0.099175,0.117084
4541,28,0.095114,0.118194
4542,17,0.097803,0.115683
4543,20,0.094807,0.118989
4544,26,0.100170,0.121620
4545,21,0.099244,0.122839
4546,22,0.102935,0.121208
4547,21,0.097247,0.116458
4548,21,0.100843,0.121046
4549,20,0.099883,0.126312
4550,17,0.097626,0.120213
4551,15,0.099237,0.110098
4552,24,0.099305,0.116017
4553,19,0.097509,0.112868
4554,16,0.099697,0.129305
4555,16,0.098979,0.112978
4556,17,0.093309,0.107987
4557,18,0.099261,0.120576
4558,23,0.100436,0.128840
4559,14,0.095167,0.113474
4560,17,0.101997,0.119519
4561,23,0.101870,0.116489
4562,21,0.100318,0.125166
4563,22,0.098266,0.114265
4564,26,0.101741,0.119510
4565,16,0.098315,0.118989
4566,25,0.098469,0.119935
4567,18,0.098451,0.120075
4568,17,0.097084,0.119486
4569,13,0.093877,0.121307
4570,22,0.099804,0.117102
4571,21,0.096079,0.112432
4572,16,0.100089,0.120298
4573,21,0.098762,0.114272
4574,23,0.094744,0.110535
4575,21,0.095685,0.112601
4576,19,0.097269,0.116759
4577,24,0.097304,0.125424
4578,9,0.098397,0.112911
4579,19,0.097922,0.113419
4580,24,0.101288,0.118162
4581,23,0.097128,0.116426
4582,17,0.095545,0.118177
4583,11,0.097112,0.120063
4584,17,0.097766,0.126860
4585,15,0.098608,0.113006
4586,19,0.098454,0.113755
4587,16,0.096759,0.112034
4588,29,0.097779,0.119543
4589,18,0.099060,0.117323
4590,25,0.103298,0.125697
4591,17,0.099285,0.116837
4592,19,0.098755,0.117419
4593,18,0.096488,0.115815
4594,18,0.102982,0.129774
4595,19,0.098219,0.114150
4596,19,0.096555,0.118504
4597,16,0.099312,0.114308
4598,27,0.094946,0.109142
4599,18,0.099520,0.115703
4600,17,0.099203,0.121317
4601,20,0.096279,0.117479
4602,26,0.097403,0.131545
4603,19,0.100166,0.115059
4604,20,0.096914,0.115502
4605,22,0.095121,0.120914
4606,23,0.101107,0.118767
4607,23,0.098796,0.108708
4608,17,0.097649,0.116111
4609,21,0.098321,0.108927
4610,17,0.101722,0.121594
4611,21,0.098467,0.121338
4612,16,0.099196,0.121881
4613,25,0.096990,0.112466
4614,25,0.099840,0.117674
4615,16,0.099677,0.127809
4616,20,0.097879,0.126647
4617,16,0.099268,0.120475
4618,25,0.100367,0.119562
4619,23,0.096941,0.117200
4620,26,0.098825,0.128677
4621,18,0.096671,0.127944
4622,23,0.103994,0.126068
4623,19,0.099581,0.118672
4624,20,0.100693,0.122019
4625,16,0.099620,0.117261
4626,12,0.096933,0.108496
4627,19,0.098902,0.117086
4628,22,0.098618,0.128489
4629,19,0.097877,0.130653
4630,16,0.094353,0.112789
4631,12,0.097128,0.123838
4632,21,0.101148,0.121861
4633,17,0.095480,0.113999
4634,17,0.101557,0.115664
4635,22,0.093175,0.116096
4636,21,0.097958,0.123717
4637,12,0.100370,0.133729
4638,13,0.097033,0.131358
4639,20,0.101280,0.118348
4640,17,0.098797,0.120979
4641,24,0.098737,0.127201
4642,21,0.099943,0.120163
4643,22,0.095820,0.114722
4644,23,0.097064,0.124498
4645,20,0.098654,0.119690
4646,20,0.099234,0.124239
4647,17,0.097113,0.115085
4648,28,0.096763,0.116292
4649,19,0.099063,0.123238
4650,22,0.098773,0.125237
4651,17,0.101520,0.117273
4652,24,0.096429,0.116482
4653,17,0.094788,0.118676
4654,15,0.099356,0.115129
4655,25,0.097359,0.119003
4656,24,0.097452,0.114846
4657,25,0.098014,0.115302
4658,14,0.101223,0.119463
4659,21,0.101197,0.118571
4660,20,0.098159,0.119692
4661,21,0.101417,0.124290
4662,16,0.101564,0.112737
4663,24,0.100204,0.120159
4664,27,0.097624,0.115776
4665,24,0.096618,0.107418
4666,17,0.100004,0.121562
4667,20,0.101423,0.119485
4668,18,0.100180,0.119629
4669,19,0.097465,0.116744
4670,23,0.100753,0.116054
4671,17,0.102098,0.120642
4672,24,0.101963,0.131776
4673,17,0.102018,0.113193
4674,21,0.099615,0.118155
4675,17,0.102424,0.127393
4676,25,0.096690,0.122573
4677,19,0.101844,0.118941
4678,29,0.100563,0.122077
4679,14,0.099751,0.118280
4680,21,0.098503,0.115017
4681,25,0.101260,0.123636
4682,17,0.097008,0.111777
4683,22,0.099493,0.136768
4684,24,0.098914,0.113812
4685,23,0.101531,0.119145
4686,25,0.099838,0.123454
4687,8,0.097493,0.110454
4688,20,0.098331,0.110774
4689,23,0.099994,0.110009
4690,21,0.095162,0.110637
4691,19,0.103009,0.118630
4692,17,0.093879,0.108561
4693,20,0.097547,0.115061
4694,21,0.099929,0.116525
4695,21,0.097738,0.121505
4696,17,0.097760,0.123635
4697,20,0.103107,0.127899
4698,19,0.101971,0.120807
4699,17,0.099365,0.122383
4700,29,0.096396,0.114083
4701,17,0.096740,0.117672
4702,14,0.093880,0.116611
4703,14,0.102448,0.127097
4704,27,0.094969,0.115017
4705,25,0.098411,0.122430
4706,20,0.098100,0.119542
4707,15,0.098153,0.120706
4708,16,0.097794,0.116316
4709,15,0.100155,0.119005
4710,18,0.098026,0.118832
4711,16,0.097419,0.113798
4712,27,0.099609,0.119140
4713,11,0.091993,0.104816
4714,17,0.096711,0.121644
4715,19,0.097013,0.120601
4716,20,0.096818,0.119991
4717,9,0.095235,0.116853
4718,26,0.100641,0.116604
4719,15,0.096808,0.124604
4720,17,0.097086,0.121309
4721,22,0.097520,0.113125
4722,15,0.097386,0.115687
4723,23,0.096191,0.116419
4724,19,0.096469,0.109012
4725,17,0.097359,0.121426
4726,20,0.100227,0.120313
4727,18,0.095810,0.111116
4728,24,0.096491,0.122764
4729,20,0.101950,0.126332
4730,25,0.098584,0.113226
4731,21,0.099193,0.116158
4732,16,0.098736,0.118780
4733,17,0.097618,0.112454
4734,20,0.098931,0.116305
4735,21,0.100498,0.116278
4736,22,0.099096,0.114857
4737,21,0.096726,0.114632
4738,18,0.098994,0.117582
4739,22,0.095215,0.115274
4740,22,0.097102,0.115234
4741,23,0.095478,0.114892
4742,16,0.099982,0.118279
4743,20,0.095819,0.117336
4744,16,0.099560,0.119689
4745,18,0.099447,0.121230
4746,19,0.095259,0.109471
4747,13,0.097750,0.121361
4748,19,0.097558,0.119452
4749,18,0.097744,0.112612
4750,25,0.098873,0.117266
4751,9,0.097569,0.111822
4752,17,0.099223,0.131514
4753,33,0.100396,0.121636
4754,23,0.099448,0.112387
4755,26,0.098959,0.125865
4756,18,0.099738,0.112721
4757,22,0.096854,0.117352
4758,11,0.093019,0.106949
4759,27,0.098699,0.125997
4760,14,0.096921,0.122158
4761,26,0.100005,0.117988
4762,23,0.098612,0.120899
4763,18,0.099467,0.131361
4764,14,0.099142,0.118665
4765,23,0.098382,0.123241
4766,22,0.098211,0.119181
4767,23,0.097023,0.108514
4768,21,0.095453,0.114836
4769,23,0.096106,0.112979
4770,17,0.098085,0.118539
4771,18,0.097227,0.114770
4772,17,0.096881,0.117109
4773,19,0.097221,0.114249
4774,23,0.097793,0.113350
4775,17,0.096449,0.113044
4776,15,0.098240,0.124248
4777,21,0.098828,0.119385
4778,16,0.095421,0.115348
4779,18,0.092359,0.111529
4780,15,0.095284,0.107385
4781,16,0.103143,0.127259
4782,17,0.102058,0.114267
4783,22,0.101429,0.117608
4784,21,0.098045,0.125012
4785,23,0.097678,0.127333
4786,21,0.095048,0.111027
4787,27,0.098611,0.125636
4788,17,0.100139,0.116334
4789,21,0.098412,0.119977
4790,19,0.097485,0.114928
4791,18,0.098702,0.112824
4792,18,0.099138,0.121687
4793,26,0.097253,0.112418
4794,17,0.099334,0.113931
4795,12,0.092800,0.117381
4796,20,0.098807,0.116355
4797,12,0.100243,0.116931
4798,26,0.098445,0.124212
4799,20,0.099336,0.120707
4800,24,0.096112,0.118675
4801,19,0.098719,0.124370
4802,23,0.099317,0.113702
4803,24,0.096239,0.117938
4804,10,0.099193,0.120270
4805,21,0.098209,0.126585
4806,14,0.099298,0.120695
4807,16,0.097202,0.120811
4808,20,0.095325,0.124207
4809,19,0.101879,0.117543
4810,26,0.097034,0.122297
4811,20,0.098140,0.117382
4812,20,0.099337,0.116863
4813,18,0.098194,0.114181
4814,12,0.100119,0.127337
4815,21,0.097105,0.116420
4816,16,0.098840,0.121355
4817,26,0.097966,0.119247
4818,14,0.098318,0.117367
4819,23,0.098932,0.117878
4820,11,0.096007,0.112561
4821,15,0.101120,0.122048
4822,22,0.095260,0.113657
4823,20,0.097273,0.109978
4824,22,0.098174,0.116229
4825,22,0.102907,0.129823
4826,20,0.100567,0.120374
4827,17,0.097874,0.130343
4828,21,0.096372,0.118508
4829,17,0.099876,0.124500
4830,15,0.093808,0.110908
4831,27,0.101152,0.121619
4832,19,0.098671,0.122439
4833,21,0.098511,0.122744
4834,21,0.099801,0.118542
4835,22,0.100961,0.119745
4836,27,0.098677,0.120122
4837,17,0.097504,0.111828
4838,19,0.097910,0.124870
4839,19,0.099984,0.125178
4840,15,0.099010,0.121035
4841,23,0.096841,0.118134
4842,19,0.098468,0.119096
4843,16,0.100275,0.114450
4844,17,0.097235,0.120492
4845,25,0.102288,0.122142
4846,13,0.099281,0.121334
4847,19,0.093407,0.115892
4848,19,0.097424,0.127751
4849,21,0.097417,0.122213
4850,16,0.100509,0.121429
4851,20,0.098976,0.123483
4852,14,0.093781,0.110749
4853,23,0.098311,0.116085
4854,27,0.097774,0.115081
4855,23,0.099182,0.117900
4856,23,0.101036,0.122028
4857,20,0.099317,0.114593
4858,19,0.100700,0.124373
4859,17,0.100244,0.113994
4860,13,0.095388,0.114405
4861,17,0.100236,0.129534
4862,14,0.099038,0.109539
4863,15,0.101799,0.118362
4864,20,0.096988,0.110908
4865,19,0.099582,0.117591
4866,22,0.100283,0.123625
4867,20,0.098130,0.113802
4868,17,0.096922,0.125711
4869,14,0.098846,0.120838
4870,18,0.096880,0.117667
4871,12,0.100353,0.115154
4872,22,0.099783,0.123461
4873,21,0.099723,0.116617
4874,23,0.100280,0.125106
4875,19,0.096822,0.110412
4876,28,0.101169,0.121556
4877,21,0.100316,0.118284
4878,17,0.101069,0.116382
4879,23,0.097755,0.118685
4880,25,0.097448,0.121019
4881,21,0.099385,0.113781
4882,19,0.098596,0.115101
4883,20,0.101790,0.126746
4884,22,0.098709,0.126685
4885,25,0.096660,0.112584
4886,23,0.096167,0.117650
4887,24,0.100872,0.122431
4888,19,0.098487,0.115034
4889,21,0.097980,0.121246
4890,15,0.100008,0.124141
4891,26,0.099502,0.116740
4892,15,0.095595,0.114666
4893,19,0.098732,0.110612
4894,23,0.096005,0.107673
4895,20,0.100176,0.122034
4896,31,0.098844,0.115678
4897,16,0.097691,0.108638
4898,15,0.095058,0.110913
4899,22,0.098900,0.119749
4900,20,0.101150,0.128584
4901,15,0.100736,0.115608
4902,24,0.101671,0.121497
4903,25,0.099929,0.113554
4904,25,0.099510,0.125331
4905,21,0.099091,0.123217
4906,17,0.100999,0.117518
4907,14,0.099715,0.119066
4908,19,0.096223,0.109308
4909,22,0.105043,0.123263
4910,17,0.096838,0.117128
4911,15,0.098232,0.119199
4912,22,0.098936,0.126673
4913,24,0.101296,0.124216
4914,22,0.101557,0.122493
4915,21,0.102442,0.124203
4916,10,0.095371,0.115752
4917,18,0.098038,0.121419
4918,15,0.095187,0.112078
4919,23,0.099090,0.116931
4920,15,0.094158,0.124837
4921,22,0.097602,0.117869
4922,19,0.099423,0.126343
4923,14,0.092276,0.114231
4924,24,0.097672,0.122467
4925,22,0.097647,0.120082
4926,14,0.102815,0.122061
4927,15,0.093904,0.115221
4928,19,0.103226,0.132841
4929,15,0.097964,0.116485
4930,20,0.099047,0.124592
4931,11,0.096815,0.115391
4932,21,0.096688,0.116094
4933,23,0.098445,0.123443
4934,19,0.101184,0.114350
4935,23,0.096447,0.122916
4936,23,0.100212,0.115168
4937,21,0.095869,0.118011
4938,29,0.100878,0.124538
4939,23,0.095826,0.127937
4940,22,0.099523,0.117229
4941,24,0.095741,0.121961
4942,18,0.099572,0.126866
4943,23,0.098732,0.124138
4944,14,0.096861,0.110446
4945,17,0.095067,0.110462
4946,20,0.099709,0.122226
4947,16,0.095986,0.117879
4948,16,0.099468,0.115926
4949,24,0.102073,0.118349
4950,20,0.099276,0.118791
4951,20,0.098234,0.111771
4952,14,0.095770,0.115990
4953,21,0.099041,0.112438
4954,22,0.097812,0.115080
4955,20,0.100488,0.113862
4956,18,0.097579,0.109554
4957,24,0.096387,0.117031
4958,22,0.101619,0.125611
4959,25,0.099594,0.130092
4960,26,0.093817,0.114975
4961,11,0.094978,0.106788
4962,18,0.103069,0.126373
4963,21,0.097750,0.126337
4964,21,0.104771,0.120173
4965,17,0.098320,0.125086
4966,22,0.095959,0.119673
4967,22,0.098232,0.113117
4968,24,0.098111,0.124328
4969,22,0.099272,0.126501
4970,19,0.098180,0.114756
4971,13,0.097792,0.119557
4972,22,0.101718,0.121194
4973,17,0.101211,0.121652
4974,15,0.093161,0.112116
4975,18,0.096136,0.118837
4976,21,0.098372,0.119465
4977,22,0.101292,0.118219
4978,28,0.100077,0.128426
4979,18,0.098835,0.113755
4980,25,0.103402,0.129898
4981,23,0.098820,0.120624
4982,26,0.101134,0.125584
4983,23,0.100148,0.130785
4984,17,0.101428,0.122170
4985,20,0.098038,0.118993
4986,20,0.098157,0.114248
4987,20,0.101744,0.125795
4988,21,0.098619,0.124110
4989,19,0.098422,0.115889
4990,18,0.096730,0.123791
4991,17,0.097514,0.121068
4992,17,0.094413,0.113371
4993,17,0.101640,0.123362
4994,28,0.094917,0.117319
4995,18,0.099710,0.130089
4996,16,0.098504,0.111042
4997,21,0.098153,0.121566
4998,24,0.099785,0.122675
4999,16,0.096670,0.123356
5000,20,0.098439,0.116661
5001,19,0.094400,0.116498
5002,19,0.096326,0.119133
5003,16,0.099580,0.125384
5004,22,0.099654,0.117389
5005,21,0.100004,0.115889
5006,20,0.096186,0.110279
5007,22,0.101409,0.122823
5008,23,0.094747,0.113787
5009,22,0.095029,0.112777
5010,20,0.099100,0.132928
5011,16,0.097176,0.112073
5012,17,0.099035,0.125806
5013,24,0.098308,0.119061
5014,21,0.096969,0.121345
5015,26,0.099262,0.120990
5016,17,0.096272,0.116500
5017,18,0.101541,0.119049
5018,18,0.100963,0.114210
5019,14,0.098381,0.116241
5020,20,0.097925,0.125347
5021,25,0.098543,0.120191
5022,19,0.096563,0.115482
5023,18,0.102776,0.127270
5024,22,0.100907,0.127020
5025,18,0.095691,0.111329
5026,9,0.098755,0.109768
5027,27,0.097495,0.115059
5028,19,0.099574,0.115150
5029,15,0.100307,0.133172
5030,14,0.103958,0.124393
5031,16,0.099189,0.124806
5032,17,0.095830,0.119187
5033,16,0.099369,0.116855
5034,24,0.100624,0.121044
5035,18,0.101273,0.125103
5036,27,0.102314,0.118301
5037,21,0.096057,0.111438
5038,16,0.099085,0.117743
5039,29,0.098433,0.117901
5040,14,0.099307,0.118683
5041,18,0.096305,0.122315
5042,22,0.098795,0.119253
5043,20,0.100007,0.122142
5044,22,0.098395,0.123816
5045,22,0.096985,0.115248
5046,11,0.107200,0.119469
5047,17,0.101060,0.127624
5048,25,0.096192,0.115788
5049,20,0.100954,0.122933
5050,24,0.099423,0.124232
5051,17,0.098911,0.122058
5052,17,0.096535,0.121516
5053,16,0.098546,0.115701
5054,23,0.097191,0.115128
5055,18,0.098228,0.121076
5056,16,0.096300,0.112649
5057,16,0.097489,0.114100
5058,13,0.098139,0.111322
5059,23,0.094627,0.119645
5060,15,0.097767,0.116271
5061,24,0.097262,0.112542
5062,16,0.095041,0.128888
5063,19,0.096452,0.119681
5064,23,0.097409,0.121481
5065,9,0.095396,0.113339
5066,19,0.100457,0.126893
5067,26,0.098149,0.115104
5068,21,0.096217,0.110894
5069,16,0.091423,0.115605
5070,13,0.101116,0.119112
5071,21,0.102147,0.134750
5072,21,0.101246,0.129076
5073,17,0.097380,0.114874
5074,15,0.101230,0.120804
5075,16,0.101767,0.131807
5076,22,0.099112,0.123444
5077,17,0.100154,0.126164
5078,19,0.099776,0.116871
5079,19,0.098991,0.119019
5080,22,0.098960,0.124824
5081,12,0.093219,0.113250
5082,20,0.095888,0.120049
5083,22,0.100909,0.118380
5084,22,0.101333,0.123007
5085,17,0.097016,0.114963
5086,19,0.099193,0.114833
5087,18,0.098439,0.124022
5088,13,0.098174,0.124923
5089,20,0.098555,0.122399
5090,24,0.100851,0.118912
5091,26,0.101546,0.124310
5092,28,0.101098,0.118658
5093,17,0.096495,0.120580
5094,24,0.098363,0.121723
5095,9,0.098355,0.110915
5096,24,0.099219,0.114837
5097,13,0.100436,0.121506
5098,20,0.100083,0.122758
5099,25,0.100224,0.118598
5100,18,0.097861,0.117330
5101,15,0.100139,0.119450
5102,21,0.100847,0.122176
5103,12,0.096261,0.113129
5104,15,0.093312,0.105005
5105,22,0.101574,0.119581
5106,14,0.097336,0.109248
5107,22,0.097651,0.115627
5108,16,0.097794,0.111773
5109,24,0.095492,0.118956
5110,21,0.096794,0.122764
5111,23,0.100007,0.132329
5112,11,0.094027,0.108912
5113,18,0.098927,0.108946
5114,20,0.099589,0.125066
5115,18,0.097829,0.114062
5116,19,0.089093,0.113435
5117,19,0.098725,0.129193
5118,15,0.100643,0.113048
5119,21,0.101525,0.122067
5120,17,0.097679,0.117139
5121,20,0.095792,0.117384
5122,14,0.098348,0.117727
5123,22,0.099184,0.119675
5124,20,0.095619,0.116084
5125,23,0.097500,0.118462
5126,16,0.100455,0.118565
5127,21,0.093197,0.111340
5128,19,0.096933,0.126013
5129,16,0.097908,0.122157
5130,25,0.103846,0.128954
5131,20,0.100911,0.118738
5132,20,0.095934,0.115661
5133,17,0.094980,0.122958
5134,24,0.095440,0.122354
5135,15,0.098747,0.123585
5136,22,0.099400,0.137625
5137,22,0.095405,0.113342
5138,21,0.098108,0.118278
5139,25,0.098217,0.120906
5140,20,0.097108,0.115666
5141,14,0.098349,0.113298
5142,25,0.094012,0.114993
5143,20,0.097645,0.114173
5144,18,0.094700,0.110167
5145,18,0.097444,0.122728
5146,15,0.099902,0.116707
5147,26,0.097637,0.114264
5148,24,0.099986,0.124958
5149,23,0.095888,0.120659
5150,18,0.101651,0.116397
5151,23,0.099463,0.124647
5152,16,0.098749,0.117519
5153,18,0.094021,0.114534
5154,21,0.097571,0.112063
5155,17,0.101425,0.122652
5156,17,0.098126,0.106937
5157,23,0.098476,0.116252
5158,23,0.099967,0.124922
5159,24,0.098340,0.138499
5160,13,0.097411,0.122766
5161,26,0.101550,0.134945
5162,20,0.098340,0.118627
5163,22,0.098001,0.123541
5164,26,0.096208,0.116672
5165,27,0.099899,0.129253
5166,14,0.098205,0.116624
5167,18,0.099667,0.116090
5168,20,0.098127,0.112691
5169,27,0.099771,0.120024
5170,24,0.099095,0.122641
5171,17,0.098832,0.122004
5172,17,0.098005,0.112337
5173,20,0.099354,0.115024
5174,23,0.097480,0.115455
5175,17,0.096184,0.109438
5176,26,0.098543,0.124347
5177,15,0.099818,0.117247
5178,18,0.096331,0.116263
5179,24,0.101524,0.124317
5180,17,0.096188,0.122076
5181,21,0.098920,0.128846
5182,23,0.102436,0.121718
5183,12,0.097808,0.118866
5184,16,0.100814,0.120676
5185,18,0.096956,0.121160
5186,24,0.098056,0.121126
5187,19,0.095474,0.117491
5188,13,0.101174,0.119424
5189,21,0.100146,0.117930
5190,16,0.101617,0.121810
5191,20,0.098696,0.110865
5192,24,0.097924,0.116820
5193,23,0.096385,0.130594
5194,26,0.098922,0.123418
5195,20,0.098257,0.117907
5196,18,0.098374,0.118553
5197,11,0.098237,0.122499
5198,14,0.102332,0.118814
5199,21,0.097941,0.116636
5200,21,0.098108,0.115171
5201,26,0.098575,0.117929
5202,26,0.098149,0.117076
5203,22,0.101125,0.120990
5204,12,0.102919,0.118709
5205,20,0.101357,0.124511
5206,19,0.096178,0.117218
5207,17,0.097006,0.116300
5208,11,0.095366,0.104343
5209,18,0.097383,0.117464
5210,22,0.100170,0.125097
5211,22,0.101357,0.117789
5212,16,0.100811,0.122208
5213,24,0.097339,0.112585
5214,13,0.097739,0.113402
5215,22,0.097606,0.123842
5216,25,0.098108,0.118061
5217,18,0.098570,0.127163
5218,16,0.098051,0.119321
5219,17,0.097503,0.112106
5220,16,0.092934,0.104789
5221,30,0.098867,0.121190
5222,28,0.099152,0.119440
5223,22,0.101849,0.130866
5224,10,0.095423,0.118858
5225,15,0.101021,0.115639
5226,18,0.100101,0.111225
5227,16,0.093298,0.107944
5228,20,0.098194,0.118586
5229,18,0.098774,0.120489
5230,23,0.101450,0.123822
5231,17,0.097610,0.122489
5232,24,0.099327,0.120455
5233,19,0.094211,0.111296
5234,19,0.096038,0.115551
5235,13,0.099455,0.112600
5236,24,0.098603,0.122376
5237,16,0.097092,0.108432
5238,21,0.100865,0.130644
5239,15,0.098950,0.115542
5240,13,0.094319,0.111355
5241,21,0.101354,0.119926
5242,26,0.099314,0.123239
5243,14,0.095306,0.128909
5244,16,0.100579,0.129112
5245,26,0.096666,0.119898
5246,18,0.096220,0.111380
5247,21,0.099942,0.121970
5248,14,0.096096,0.121016
5249,25,0.097414,0.116817
5250,19,0.096728,0.123633
5251,24,0.101392,0.123531
5252,16,0.095518,0.113495
5253,17,0.103512,0.123677
5254,23,0.099766,0.125332
5255,23,0.101347,0.113690
5256,15,0.100023,0.120495
5257,15,0.100173,0.125969
5258,21,0.099024,0.133976
5259,18,0.100677,0.119510
5260,18,0.095546,0.113447
5261,18,0.100112,0.123826
5262,21,0.100888,0.120143
5263,22,0.101910,0.114994
5264,22,0.099869,0.120823
5265,24,0.100593,0.120168
5266,24,0.097198,0.118003
5267,18,0.095790,0.118339
5268,22,0.096863,0.128730
5269,23,0.094683,0.111224
5270,23,0.098602,0.115438
5271,13,0.100422,0.124677
5272,17,0.097353,0.119324
5273,15,0.100407,0.121107
5274,19,0.098278,0.119539
5275,23,0.099797,0.120935
5276,19,0.093228,0.112265
5277,25,0.103839,0.133555
5278,21,0.096469,0.114309
5279,20,0.096871,0.114587
5280,20,0.098823,0.115535
5281,19,0.098021,0.121185
5282,20,0.100446,0.117961
5283,21,0.099021,0.116058
5284,25,0.096676,0.111522
5285,24,0.095839,0.121024
5286,17,0.099004,0.126731
5287,17,0.100191,0.125166
5288,16,0.094869,0.116807
5289,19,0.100842,0.114808
5290,26,0.096973,0.121448
5291,24,0.099562,0.129326
5292,18,0.097096,0.120358
5293,16,0.096974,0.129499
5294,18,0.092928,0.116228
5295,16,0.097187,0.116892
5296,23,0.098459,0.122022
5297,8,0.100352,0.108190
5298,26,0.096374,0.111099
5299,16,0.098448,0.116935
5300,25,0.099477,0.118287
5301,14,0.095023,0.115012
5302,20,0.095788,0.122022
5303,19,0.100435,0.119126
5304,23,0.097206,0.111656
5305,19,0.097540,0.125396
5306,20,0.097895,0.115999
5307,20,0.097485,0.108858
5308,17,0.099770,0.115909
5309,24,0.098981,0.116749
5310,17,0.099888,0.113690
5311,23,0.095331,0.122618
5312,21,0.098288,0.120052
5313,20,0.096109,0.121230
5314,17,0.096825,0.112999
5315,23,0.102954,0.129041
5316,22,0.099713,0.117952
5317,20,0.100768,0.119737
5318,21,0.097515,0.116895
5319,14,0.098745,0.112021
5320,13,0.095831,0.128557
5321,18,0.098098,0.114833
5322,20,0.098190,0.114996
5323,14,0.098227,0.120688
5324,19,0.097919,0.122813
5325,8,0.098984,0.108941
5326,13,0.099884,0.117693
5327,20,0.095826,0.113686
5328,25,0.100199,0.124610
5329,18,0.102230,0.132610
5330,23,0.099767,0.117460
5331,27,0.098858,0.118551
5332,16,0.101276,0.124786
5333,25,0.099998,0.119935
5334,22,0.099421,0.120676
5335,21,0.095636,0.113711
5336,19,0.094449,0.111867
5337,27,0.097811,0.129082
5338,23,0.100206,0.119093
5339,23,0.099700,0.128520
5340,12,0.102053,0.117865
5341,25,0.096686,0.110224
5342,17,0.097317,0.109180
5343,26,0.097198,0.125558
5344,16,0.098294,0.125590
5345,20,0.099530,0.121510
5346,20,0.098973,0.125159
5347,14,0.097883,0.115670
5348,16,0.095372,0.115868
5349,15,0.100143,0.120929
5350,23,0.099828,0.118591
5351,20,0.094746,0.115430
5352,19,0.099361,0.120358
5353,21,0.099478,0.116780
5354,19,0.098550,0.118332
5355,24,0.098339,0.122351
5356,17,0.100257,0.127195
5357,25,0.102151,0.120243
5358,14,0.097283,0.114615
5359,15,0.102274,0.123509
5360,20,0.097986,0.113123
5361,22,0.101627,0.120959
5362,12,0.099017,0.125541
5363,22,0.098882,0.118659
5364,22,0.096815,0.115767
5365,16,0.103504,0.118500
5366,19,0.096763,0.110828
5367,16,0.095000,0.105458
5368,21,0.099141,0.121570
5369,16,0.097450,0.111915
5370,15,0.099607,0.129060
5371,26,0.098452,0.122220
5372,13,0.100790,0.112641
5373,17,0.099685,0.119553
5374,20,0.094973,0.108551
5375,18,0.099161,0.130034
5376,18,0.097858,0.116077
5377,22,0.098295,0.119641
5378,24,0.099416,0.118008
5379,22,0.099389,0.126554
5380,28,0.095319,0.120831
5381,18,0.097008,0.119759
5382,15,0.100838,0.125289
5383,20,0.094916,0.113865
5384,18,0.103217,0.120122
5385,13,0.099612,0.128554
5386,14,0.097368,0.106042
5387,18,0.101283,0.128893
5388,21,0.098573,0.124341
5389,23,0.100122,0.120111
5390,20,0.099732,0.128683
5391,21,0.097063,0.113196
5392,21,0.099052,0.119640
5393,18,0.097087,0.114285
5394,20,0.094538,0.114097
5395,15,0.095119,0.111314
5396,20,0.101477,0.123127
5397,15,0.099407,0.131415
5398,19,0.098239,0.113882
5399,19,0.096227,0.108965
5400,13,0.101589,0.109547
5401,14,0.102239,0.122381
5402,19,0.100794,0.118111
5403,23,0.098847,0.125520
5404,21,0.097247,0.119775
5405,17,0.097414,0.114997
5406,21,0.097778,0.125250
5407,13,0.099562,0.112058
5408,11,0.098597,0.116796
5409,23,0.096069,0.124079
5410,20,0.102287,0.127811
5411,15,0.099871,0.118466
5412,19,0.098261,0.118392
5413,20,0.097129,0.115467
5414,23,0.098257,0.122691
5415,16,0.097634,0.111317
5416,21,0.101014,0.122828
5417,26,0.098414,0.123166
5418,15,0.100925,0.111490
5419,17,0.099008,0.118258
5420,10,0.097360,0.117367
5421,16,0.097459,0.116745
5422,23,0.098816,0.127286
5423,17,0.099139,0.123073
5424,18,0.101449,0.127100
5425,17,0.097936,0.117267
5426,15,0.099236,0.114705
5427,26,0.102517,0.117728
5428,17,0.096704,0.113848
5429,23,0.102605,0.116859
5430,18,0.100513,0.115841
5431,17,0.097639,0.116508
5432,25,0.100140,0.124334
5433,19,0.094984,0.117722
5434,21,0.094189,0.122142
5435,16,0.097499,0.112035
5436,20,0.097610,0.112426
5437,23,0.096884,0.120090
5438,19,0.099785,0.124695
5439,18,0.097087,0.113813
5440,21,0.102728,0.126598
5441,20,0.101302,0.118222
5442,21,0.098721,0.112086
5443,25,0.097907,0.121819
5444,21,0.098461,0.124056
5445,15,0.101383,0.112248
5446,15,0.095610,0.117294
5447,19,0.100125,0.122448
5448,16,0.099670,0.116763
5449,10,0.099912,0.111107
5450,20,0.096467,0.119337
5451,19,0.099830,0.119145
5452,21,0.099335,0.124250
5453,21,0.102249,0.132749
5454,19,0.095392,0.118082
5455,15,0.099755,0.118379
5456,18,0.095601,0.122613
5457,21,0.099765,0.123248
5458,21,0.097892,0.120615
5459,16,0.095593,0.118275
5460,18,0.097554,0.118455
5461,22,0.101716,0.119343
5462,18,0.096959,0.118193
5463,23,0.101320,0.119858
5464,20,0.099867,0.118038
5465,20,0.096391,0.115991
5466,15,0.099230,0.117429
5467,11,0.096448,0.121896
5468,21,0.100125,0.114778
5469,22,0.097923,0.119950
5470,7,0.098518,0.117145
5471,20,0.102128,0.124991
5472,24,0.096685,0.116147
5473,18,0.099909,0.120736
5474,21,0.098483,0.117779
5475,23,0.101389,0.121974
5476,20,0.096249,0.123096
5477,16,0.097703,0.109491
5478,24,0.099896,0.122637
5479,18,0.095389,0.111170
5480,20,0.098268,0.115012
5481,21,0.100192,0.120138
5482,17,0.099294,0.112357
5483,22,0.100288,0.124392
5484,20,0.095225,0.114163
5485,15,0.098466,0.120040
5486,22,0.097370,0.117448
5487,25,0.099284,0.125678
5488,25,0.095610,0.115428
5489,19,0.101399,0.118206
5490,14,0.097175,0.117707
5491,19,0.096743,0.114855
5492,23,0.096629,0.120981
5493,24,0.096217,0.113052
5494,15,0.100723,0.119759
5495,19,0.096346,0.116174
5496,23,0.094798,0.121311
5497,29,0.098202,0.126853
5498,22,0.097331,0.116617
5499,18,0.103675,0.115468
5500,30,0.096321,0.121324
5501,17,0.098134,0.120855
5502,16,0.094614,0.125315
5503,16,0.104963,0.139877
5504,23,0.100665,0.115801
5505,14,0.099831,0.120882
5506,20,0.097787,0.112417
5507,22,0.099063,0.114930
5508,18,0.100179,0.119598
5509,13,0.096617,0.113270
5510,13,0.098168,0.115695
5511,25,0.094942,0.113418
5512,23,0.097298,0.116885
5513,20,0.100192,0.129854
5514,20,0.101320,0.129326
5515,19,0.097932,0.111876
5516,22,0.097439,0.124606
5517,17,0.098813,0.133269
5518,22,0.101672,0.123150
5519,22,0.096983,0.113959
5520,20,0.102786,0.115081
5521,20,0.097284,0.120341
5522,20,0.094254,0.111587
5523,13,0.099142,0.115332
5524,18,0.100598,0.119566
5525,14,0.103083,0.115651
5526,23,0.098237,0.115369
5527,19,0.100643,0.116971
5528,21,0.095589,0.117462
5529,17,0.099912,0.134215
5530,21,0.098819,0.111975
5531,25,0.101738,0.128376
5532,18,0.099245,0.118654
5533,20,0.100828,0.121034
5534,19,0.096113,0.111703
5535,15,0.096930,0.116421
5536,19,0.098038,0.118784
5537,17,0.098765,0.121819
5538,16,0.095750,0.113872
5539,15,0.097694,0.106203
5540,18,0.097341,0.120458
5541,15,0.094958,0.114887
5542,19,0.096856,0.123887
5543,13,0.101733,0.121863
5544,16,0.105039,0.135838
5545,19,0.097259,0.126232
5546,25,0.097495,0.116290
5547,20,0.099018,0.117616
5548,16,0.102998,0.123997
5549,25,0.096807,0.115387
5550,21,0.096215,0.112349
5551,16,0.098513,0.115288
5552,23,0.100892,0.122952
5553,17,0.099926,0.118098
5554,16,0.098730,0.116398
5555,23,0.099368,0.116130
5556,22,0.099942,0.126919
5557,19,0.095374,0.114811
5558,16,0.101318,0.116936
5559,27,0.098869,0.117440
5560,23,0.098835,0.120990
5561,19,0.098363,0.117919
5562,23,0.098987,0.116230
5563,24,0.101066,0.132187
5564,21,0.099551,0.123222
5565,19,0.099429,0.115623
5566,17,0.097175,0.114047
5567,19,0.097897,0.114362
5568,20,0.099826,0.117625
5569,20,0.096297,0.118256
5570,21,0.096749,0.115583
5571,22,0.103567,0.122389
5572,28,0.099090,0.118713
5573,18,0.097114,0.112895
5574,11,0.100881,0.118447
5575,28,0.097317,0.111509
5576,13,0.097726,0.113300
5577,19,0.098957,0.113799
5578,19,0.099682,0.119261
5579,15,0.098765,0.117389
5580,17,0.095523,0.107627
5581,20,0.100869,0.120457
5582,28,0.097666,0.124253
5583,18,0.098855,0.119344
5584,18,0.098855,0.117151
5585,14,0.099431,0.111680
5586,19,0.096104,0.116787
5587,23,0.096788,0.119005
5588,18,0.101077,0.126678
5589,21,0.096898,0.116874
5590,21,0.097320,0.124835
5591,26,0.095837,0.122357
5592,16,0.098448,0.118699
5593,20,0.101792,0.117357
5594,20,0.100176,0.121240
5595,21,0.096641,0.108428
5596,25,0.095941,0.113338
5597,18,0.093597,0.111178
5598,27,0.098208,0.114533
5599,24,0.102441,0.128056
5600,19,0.097519,0.116536
5601,22,0.097698,0.133338
5602,25,0.100302,0.121479
5603,16,0.097167,0.114264
5604,22,0.098469,0.114887
5605,17,0.096313,0.116937
5606,13,0.095801,0.111673
5607,19,0.093487,0.112160
5608,22,0.097951,0.120414
5609,16,0.097666,0.108823
5610,14,0.099646,0.125685
5611,32,0.097723,0.114902
5612,17,0.097035,0.119703
5613,18,0.095589,0.118340
5614,26,0.099573,0.119647
5615,23,0.100931,0.126349
5616,18,0.098512,0.111312
5617,19,0.097574,0.108501
5618,21,0.099308,0.106960
5619,16,0.100116,0.118832
5620,22,0.097867,0.131595
5621,19,0.096124,0.123496
5622,19,0.094248,0.109236
5623,19,0.097060,0.109895
5624,20,0.099542,0.115750
5625,24,0.096667,0.115340
5626,10,0.098158,0.107781
5627,19,0.101154,0.120218
5628,18,0.093906,0.113748
5629,20,0.098294,0.114098
5630,20,0.097812,0.117465
5631,17,0.099829,0.120115
5632,20,0.098182,0.111231
5633,15,0.098450,0.109366
5634,21,0.097734,0.113087
5635,27,0.100687,0.120878
5636,23,0.101297,0.116184
5637,14,0.098576,0.114266
5638,16,0.097214,0.108147
5639,28,0.102271,0.127576
5640,18,0.092929,0.115874
5641,17,0.098351,0.120365
5642,22,0.099051,0.120359
5643,21,0.097588,0.112988
5644,26,0.098590,0.114497
5645,19,0.095510,0.110503
5646,20,0.102352,0.118876
5647,16,0.094719,0.117762
5648,23,0.099057,0.121597
5649,11,0.100227,0.113888
5650,27,0.098859,0.129691
5651,19,0.095487,0.120707
5652,22,0.100250,0.112698
5653,25,0.098439,0.122588
5654,16,0.098754,0.115410
5655,21,0.101355,0.114597
5656,19,0.101303,0.120203
5657,24,0.097979,0.124482
5658,14,0.094613,0.110920
5659,23,0.097694,0.111772
5660,19,0.097363,0.113869
5661,24,0.100684,0.130521
5662,19,0.103295,0.127394
5663,17,0.098255,0.112274
5664,17,0.102135,0.129436
5665,19,0.097646,0.116249
5666,15,0.097624,0.112896
5667,25,0.100126,0.131914
5668,19,0.096446,0.128327
5669,23,0.099637,0.123634
5670,25,0.097969,0.120316
5671,18,0.098543,0.109836
5672,16,0.096878,0.118429
5673,27,0.099911,0.114809
5674,21,0.100748,0.115887
5675,20,0.097806,0.115134
5676,15,0.098710,0.129263
5677,25,0.094226,0.125160
5678,20,0.095837,0.114143
5679,19,0.100088,0.119111
5680,26,0.097927,0.118413
5681,22,0.098308,0.114593
5682,17,0.095382,0.117893
5683,28,0.100962,0.115696
5684,20,0.098667,0.111387
5685,25,0.097854,0.112858
5686,20,0.101493,0.121992
5687,20,0.096626,0.111629
5688,20,0.103665,0.126199
5689,20,0.105089,0.124966
5690,22,0.097757,0.119183
5691,20,0.101845,0.119978
5692,24,0.098412,0.123118
5693,14,0.100773,0.126353
5694,26,0.101676,0.117666
5695,24,0.095422,0.114447
5696,20,0.101449,0.119953
5697,19,0.097310,0.121463
5698,15,0.098046,0.116787
5699,22,0.097943,0.135560
5700,25,0.096965,0.123514
5701,21,0.097794,0.120931
5702,17,0.092976,0.115464
5703,16,0.091575,0.104900
5704,20,0.099645,0.121726
5705,17,0.103052,0.128446
5706,16,0.093698,0.112107
5707,18,0.096681,0.113855
5708,22,0.097980,0.110748
5709,20,0.098003,0.109291
5710,20,0.096019,0.119733
5711,20,0.099235,0.119150
5712,26,0.100278,0.121966
5713,18,0.097177,0.121396
5714,13,0.097678,0.111328
5715,17,0.100892,0.119302
5716,22,0.100171,0.134216
5717,15,0.097946,0.117048
5718,19,0.097452,0.113657
5719,12,0.103252,0.121568
5720,25,0.097734,0.121002
5721,17,0.097974,0.120480
5722,22,0.098495,0.119782
5723,21,0.100345,0.118523
5724,18,0.098973,0.119919
5725,21,0.097539,0.119739
5726,17,0.098221,0.121400
5727,28,0.099790,0.120326
5728,25,0.098777,0.120694
5729,14,0.096019,0.118411
5730,21,0.097732,0.122612
5731,22,0.097886,0.124043
5732,18,0.093986,0.107249
5733,15,0.098825,0.132039
5734,19,0.095916,0.121312
5735,18,0.098279,0.112092
5736,16,0.104074,0.119197
5737,20,0.098221,0.114787
5738,20,0.096977,0.114768
5739,17,0.100010,0.115655
5740,18,0.098387,0.124201
5741,15,0.100526,0.132456
5742,18,0.098328,0.122405
5743,19,0.101904,0.118395
5744,17,0.096763,0.117406
5745,17,0.097614,0.114044
5746,20,0.100242,0.112696
5747,23,0.093762,0.110722
5748,11,0.091838,0.109893
5749,23,0.101312,0.117919
5750,14,0.093320,0.119076
5751,22,0.098717,0.127715
5752,20,0.102539,0.120731
5753,15,0.099288,0.115853
5754,28,0.094650,0.111623
5755,22,0.098158,0.116685
5756,13,0.097349,0.124620
5757,22,0.098391,0.132092
5758,23,0.103937,0.124884
5759,13,0.103284,0.114551
5760,16,0.102537,0.125515
5761,20,0.096539,0.115321
5762,15,0.096580,0.117497
5763,24,0.097995,0.119786
5764,22,0.096247,0.118455
5765,28,0.095892,0.112674
5766,18,0.098283,0.117111
5767,19,0.099176,0.123012
5768,25,0.099732,0.116403
5769,22,0.099194,0.131004
5770,21,0.100206,0.123914
5771,19,0.098007,0.116714
5772,19,0.098155,0.113738
5773,16,0.100002,0.113783
5774,16,0.096809,0.113867
5775,18,0.103848,0.119257
5776,16,0.096019,0.113683
5777,31,0.098948,0.125194
5778,22,0.099188,0.113210
5779,16,0.098860,0.114003
5780,21,0.099553,0.113774
5781,19,0.099506,0.126260
5782,22,0.099257,0.125683
5783,14,0.096396,0.123446
5784,19,0.096028,0.120074
5785,15,0.097822,0.122025
5786,19,0.098186,0.117890
5787,17,0.100315,0.121093
5788,15,0.099039,0.116695
5789,20,0.098212,0.111542
5790,20,0.101756,0.124610
5791,22,0.098917,0.119422
5792,18,0.097013,0.110907
5793,20,0.099356,0.122860
5794,24,0.097836,0.115651
5795,18,0.101772,0.115800
5796,23,0.099246,0.121281
5797,17,0.099667,0.111113
5798,21,0.099535,0.124819
5799,24,0.096992,0.124851
5800,16,0.099846,0.122533
5801,12,0.099962,0.117755
5802,23,0.096538,0.125474
5803,21,0.094818,0.120245
5804,15,0.095603,0.122439
5805,10,0.099799,0.114565
5806,20,0.098596,0.114477
5807,21,0.101737,0.122009
5808,26,0.097763,0.127696
5809,22,0.097932,0.117983
5810,16,0.098943,0.113861
5811,11,0.097236,0.116844
5812,14,0.102197,0.131777
5813,26,0.102041,0.132348
5814,22,0.100866,0.119240
5815,20,0.097505,0.120957
5816,19,0.097370,0.125673
5817,26,0.097444,0.123693
5818,24,0.097815,0.117914
5819,28,0.096518,0.110691
5820,13,0.090399,0.107413
5821,18,0.098731,0.131298
5822,24,0.097970,0.113109
5823,16,0.095520,0.107616
5824,11,0.095851,0.119820
5825,21,0.097247,0.122149
5826,18,0.102434,0.114060
5827,21,0.102567,0.122009
5828,20,0.099095,0.124996
5829,15,0.098831,0.124904
5830,20,0.098260,0.115876
5831,19,0.097154,0.111356
5832,16,0.098077,0.113378
5833,16,0.099657,0.115908
5834,20,0.099018,0.113355
5835,20,0.093573,0.118418
5836,14,0.098510,0.110327
5837,27,0.099139,0.129938
5838,20,0.094316,0.110558
5839,18,0.098168,0.133228
5840,22,0.096754,0.117248
5841,16,0.098450,0.127627
5842,25,0.099799,0.117803
5843,18,0.099746,0.117569
5844,17,0.100466,0.120998
5845,16,0.095181,0.110442
5846,26,0.099947,0.126520
5847,15,0.102924,0.134584
5848,15,0.099364,0.125303
5849,29,0.099674,0.121337
5850,20,0.096470,0.122531
5851,21,0.098605,0.119662
5852,24,0.099590,0.118467
5853,15,0.099349,0.123965
5854,25,0.100386,0.119303
5855,12,0.100975,0.118769
5856,22,0.099213,0.116065
5857,24,0.096934,0.118979
5858,15,0.099162,0.112379
5859,15,0.098995,0.115685
5860,16,0.097056,0.115885
5861,22,0.096631,0.114062
5862,15,0.097585,0.123883
5863,15,0.101484,0.123681
5864,17,0.091715,0.111206
5865,22,0.098537,0.127750
5866,12,0.096085,0.115305
5867,21,0.099836,0.121579
5868,20,0.092721,0.107091
5869,25,0.095978,0.118664
5870,17,0.098939,0.109126
5871,23,0.096473,0.111676
5872,23,0.096882,0.113273
5873,23,0.098689,0.116643
5874,18,0.099871,0.114259
5875,17,0.099498,0.123169
5876,17,0.098117,0.116313
5877,23,0.102135,0.123848
5878,12,0.101379,0.128403
5879,20,0.099233,0.118317
5880,20,0.098171,0.118298
5881,27,0.100016,0.122067
5882,16,0.096546,0.114156
5883,22,0.094756,0.113730
5884,23,0.101247,0.129302
5885,17,0.095406,0.120192
5886,22,0.097962,0.115448
5887,18,0.100337,0.118343
5888,21,0.094281,0.112582
5889,15,0.098867,0.116450
5890,13,0.102026,0.133658
5891,17,0.095239,0.112957
5892,20,0.099564,0.127895
5893,15,0.093402,0.107057
5894,21,0.098094,0.124663
5895,27,0.100605,0.120886
5896,14,0.097055,0.108255
5897,21,0.100743,0.122651
5898,28,0.098445,0.121221
5899,15,0.096934,0.119306
5900,23,0.097978,0.121992
5901,17,0.098714,0.112452
5902,16,0.096688,0.117999
5903,21,0.102171,0.123886
5904,24,0.096358,0.117254
5905,14,0.097822,0.115470
5906,18,0.098691,0.114875
5907,20,0.100342,0.130872
5908,19,0.097577,0.115419
5909,16,0.102025,0.121653
5910,16,0.096390,0.114571
5911,16,0.098827,0.116954
5912,22,0.098407,0.122452
5913,24,0.099717,0.134499
5914,18,0.096731,0.112961
5915,21,0.098567,0.123832
5916,20,0.098856,0.116249
5917,18,0.096082,0.121151
5918,17,0.098421,0.131365
5919,22,0.096314,0.117033
5920,26,0.096603,0.120272
5921,22,0.099795,0.129465
5922,32,0.100455,0.116256
5923,19,0.098579,0.116334
5924,18,0.099085,0.116353
5925,20,0.094559,0.111677
5926,17,0.096625,0.116050
5927,25,0.097436,0.120418
5928,15,0.100416,0.120969
5929,20,0.099649,0.133646
5930,20,0.093660,0.105521
5931,19,0.099413,0.127437
5932,17,0.093574,0.115180
5933,18,0.099444,0.118697
5934,16,0.099064,0.128884
5935,21,0.100752,0.130316
5936,18,0.101312,0.120716
5937,18,0.099851,0.119625
5938,18,0.103100,0.117885
5939,15,0.097629,0.111932
5940,20,0.097613,0.120758
5941,15,0.097266,0.108393
5942,24,0.101115,0.123150
5943,23,0.097521,0.121467
5944,15,0.102489,0.121834
5945,16,0.093608,0.108801
5946,24,0.098230,0.120363
5947,23,0.098147,0.122406
5948,18,0.101258,0.121557
5949,19,0.102217,0.125323
5950,21,0.096330,0.141891
5951,18,0.099502,0.116324
5952,10,0.093646,0.113912
5953,22,0.097234,0.112984
5954,20,0.098601,0.119562
5955,21,0.095782,0.116199
5956,22,0.098057,0.118167
5957,17,0.094042,0.110236
5958,18,0.099688,0.118346
5959,20,0.099448,0.119568
5960,22,0.103354,0.124446
5961,13,0.099280,0.114845
5962,13,0.097994,0.119720
5963,13,0.092695,0.111502
5964,16,0.094856,0.118948
5965,19,0.103701,0.118640
5966,23,0.101578,0.130654
5967,18,0.097885,0.132390
5968,27,0.100547,0.116688
5969,18,0.096199,0.108618
5970,21,0.101477,0.128088
5971,12,0.099001,0.121266
5972,22,0.098283,0.119680
5973,24,0.099395,0.114991
5974,14,0.100439,0.112353
5975,17,0.097032,0.116781
5976,19,0.099133,0.120936
5977,17,0.101755,0.117338
5978,16,0.098591,0.114768
5979,23,0.096954,0.121792
5980,20,0.097789,0.115523
5981,23,0.100883,0.126636
5982,20,0.099489,0.117239
5983,28,0.096692,0.118980
5984,20,0.098574,0.116847
5985,16,0.099536,0.121702
5986,27,0.096045,0.120499
5987,21,0.098628,0.119981
5988,23,0.098569,0.123839
5989,20,0.097693,0.113302
5990,17,0.099643,0.116956
5991,22,0.097382,0.107821
5992,20,0.099577,0.121836
5993,13,0.098929,0.121026
5994,25,0.097286,0.114971
5995,21,0.100289,0.125608
5996,17,0.096686,0.116152
5997,23,0.097947,0.120339
5998,18,0.095295,0.110036
5999,15,0.098129,0.131406
6000,25,0.096189,0.109796
6001,18,0.099441,0.120114
6002,22,0.097192,0.116310
6003,19,0.093691,0.129697
6004,27,0.100148,0.115769
6005,12,0.098597,0.120269
6006,13,0.096972,0.110323
6007,19,0.102343,0.130923
6008,21,0.093398,0.121211
6009,22,0.100914,0.137713
6010,19,0.099665,0.115737
6011,23,0.096282,0.111340
6012,20,0.096975,0.114302
6013,20,0.097029,0.115051
6014,15,0.097233,0.122750
6015,25,0.096658,0.117453
6016,19,0.100521,0.124637
6017,17,0.099546,0.122509
6018,24,0.095390,0.128202
6019,16,0.095146,0.114149
6020,27,0.101715,0.129581
6021,17,0.097757,0.112806
6022,27,0.097703,0.118049
6023,22,0.097969,0.116685
6024,11,0.096697,0.120502
6025,18,0.099915,0.115718
6026,21,0.098603,0.129216
6027,27,0.098285,0.118896
6028,26,0.101202,0.126298
6029,25,0.097934,0.115747
6030,20,0.098857,0.127558
6031,27,0.100619,0.119751
6032,18,0.100008,0.117674
6033,22,0.098013,0.114445
6034,16,0.096028,0.111901
6035,24,0.097501,0.117027
6036,13,0.098149,0.111327
6037,21,0.100245,0.125504
6038,24,0.099859,0.125057
6039,20,0.096958,0.123952
6040,20,0.098974,0.124510
6041,17,0.099073,0.112333
6042,24,0.101578,0.121641
6043,25,0.099674,0.121312
6044,16,0.099165,0.117136
6045,20,0.097835,0.123159
6046,21,0.098813,0.122321
6047,18,0.101107,0.123018
6048,19,0.100033,0.116775
6049,11,0.092980,0.120319
6050,21,0.096061,0.130752
6051,18,0.096807,0.124164
6052,22,0.097593,0.127667
6053,34,0.097908,0.116584
6054,19,0.093231,0.129288
6055,25,0.095295,0.118366
6056,15,0.102386,0.123442
6057,18,0.096308,0.112293
6058,19,0.097624,0.115807
6059,18,0.100828,0.121730
6060,28,0.098365,0.119351
6061,13,0.099775,0.127503
6062,27,0.099025,0.124078
6063,20,0.098216,0.119519
6064,22,0.098263,0.126076
6065,22,0.096463,0.108851
6066,21,0.098382,0.112186
6067,19,0.096504,0.117946
6068,24,0.097416,0.115855
6069,27,0.100286,0.116098
6070,19,0.096465,0.119809
6071,19,0.098032,0.112732
6072,15,0.099205,0.122942
6073,25,0.098577,0.121104
6074,20,0.099123,0.114105
6075,25,0.098177,0.116688
6076,23,0.100185,0.122084
6077,24,0.099845,0.117903
6078,23,0.097152,0.116115
6079,19,0.096973,0.116558
6080,22,0.101544,0.126492
6081,18,0.098304,0.116677
6082,20,0.101704,0.128737
6083,18,0.099548,0.116879
6084,30,0.100455,0.121141
6085,19,0.100719,0.123145
6086,12,0.100121,0.123540
6087,19,0.098567,0.116383
6088,21,0.098187,0.122005
6089,17,0.096280,0.112738
6090,23,0.100384,0.116912
6091,18,0.095016,0.110042
6092,16,0.094364,0.115637
6093,18,0.098905,0.116446
6094,25,0.100182,0.116743
6095,19,0.103178,0.114565
6096,20,0.099632,0.118303
6097,19,0.099353,0.113412
6098,20,0.096490,0.117156
6099,22,0.101207,0.117791
6100,18,0.101841,0.122040
6101,23,0.098148,0.115152
6102,17,0.103158,0.127320
6103,19,0.099815,0.130193
6104,22,0.099574,0.116354
6105,28,0.101697,0.125686
6106,18,0.098230,0.119037
6107,18,0.093134,0.111455
6108,23,0.098799,0.124862
6109,27,0.098751,0.123646
6110,16,0.100762,0.124054
6111,19,0.099247,0.116131
6112,24,0.099056,0.128242
6113,21,0.102066,0.125749
6114,19,0.103413,0.140205
6115,20,0.098908,0.116790
6116,21,0.099867,0.124372
6117,18,0.098266,0.120873
6118,4,0.094580,0.111553
6119,24,0.096539,0.121281
6120,23,0.099242,0.119798
6121,17,0.101150,0.119997
6122,31,0.098637,0.122519
6123,27,0.095953,0.112860
6124,25,0.100178,0.122222
6125,12,0.095285,0.109718
6126,26,0.095879,0.110529
6127,22,0.097173,0.119341
6128,24,0.099887,0.121597
6129,17,0.099933,0.123576
6130,17,0.098509,0.113841
6131,14,0.100874,0.111228
6132,15,0.099219,0.113087
6133,21,0.096809,0.126608
6134,12,0.095929,0.118912
6135,15,0.099488,0.116319
6136,13,0.101246,0.116341
6137,14,0.099067,0.115413
6138,19,0.098449,0.123142
6139,24,0.099573,0.131990
6140,16,0.098935,0.120471
6141,19,0.100027,0.119450
6142,16,0.100385,0.132396
6143,24,0.097318,0.121701
6144,26,0.099881,0.118781
6145,22,0.094531,0.118090
6146,17,0.097721,0.110734
6147,12,0.102204,0.113912
6148,18,0.097284,0.115870
6149,14,0.098529,0.121265
6150,18,0.098858,0.123046
6151,21,0.100596,0.116101
6152,22,0.101257,0.118466
6153,22,0.097303,0.117568
6154,21,0.096065,0.110223
6155,21,0.099981,0.118072
6156,22,0.097017,0.117120
6157,17,0.099661,0.120262
6158,13,0.098639,0.118145
6159,18,0.097559,0.117828
6160,30,0.098877,0.117764
6161,26,0.098346,0.114100
6162,26,0.098773,0.123155
6163,15,0.099863,0.114833
6164,21,0.096382,0.124229
6165,23,0.096765,0.119880
6166,22,0.097554,0.119784
6167,25,0.104854,0.133190
6168,22,0.099629,0.120789
6169,12,0.099356,0.116933
6170,24,0.093531,0.105255
6171,14,0.095004,0.119345
6172,17,0.097776,0.115676
6173,17,0.096273,0.122736
6174,19,0.099603,0.115894
6175,21,0.096620,0.110451
6176,21,0.097251,0.113508
6177,17,0.100057,0.125646
6178,20,0.096368,0.114034
6179,19,0.100677,0.119293
6180,23,0.097978,0.125077
6181,23,0.097713,0.125082
6182,17,0.096241,0.117109
6183,21,0.099942,0.119478
6184,18,0.095680,0.119391
6185,20,0.096627,0.120514
6186,12,0.100005,0.116665
6187,19,0.099590,0.113546
6188,18,0.098622,0.116837
6189,18,0.093427,0.108065
6190,12,0.098522,0.127142
6191,13,0.102576,0.118456
6192,15,0.098718,0.113268
6193,15,0.099476,0.112172
6194,23,0.097210,0.110826
6195,20,0.096247,0.123010
6196,18,0.096810,0.108438
6197,27,0.102279,0.128154
6198,22,0.098046,0.113386
6199,21,0.098191,0.118124
6200,15,0.098538,0.111716
6201,22,0.098888,0.120060
6202,18,0.098039,0.114040
6203,20,0.099489,0.117595
6204,16,0.098751,0.112070
6205,20,0.100611,0.122886
6206,13,0.102003,0.124474
6207,14,0.096088,0.112951
6208,26,0.096140,0.115408
6209,12,0.097015,0.110443
6210,17,0.097752,0.121979
6211,16,0.102597,0.135949
6212,25,0.102517,0.131878
6213,5,0.092481,0.109040
6214,16,0.097746,0.123958
6215,22,0.101088,0.117416
6216,15,0.096042,0.108522
6217,20,0.097879,0.112181
6218,17,0.100827,0.122277
6219,24,0.096947,0.118733
6220,16,0.097047,0.130002
6221,24,0.101830,0.128649
6222,22,0.098429,0.124653
6223,13,0.099689,0.114148
6224,20,0.098582,0.117523
6225,16,0.096841,0.110113
6226,24,0.095167,0.113773
6227,20,0.095503,0.112519
6228,13,0.098142,0.121968
6229,17,0.098885,0.123638
6230,16,0.097704,0.120662
6231,18,0.098389,0.112696
6232,19,0.096759,0.122087
6233,19,0.093629,0.111052
6234,15,0.101593,0.129242
6235,18,0.100648,0.119918
6236,21,0.098468,0.127942
6237,22,0.103570,0.128689
6238,20,0.096495,0.109855
6239,22,0.101253,0.125926
6240,24,0.096466,0.114758
6241,18,0.102477,0.118841
6242,15,0.099740,0.120827
6243,27,0.099664,0.124972
6244,16,0.098841,0.121887
6245,25,0.098871,0.116092
6246,14,0.099555,0.114587
6247,21,0.095211,0.112563
6248,19,0.094949,0.110140
6249,21,0.101820,0.118587
6250,16,0.095876,0.111219
6251,22,0.099471,0.119520
6252,24,0.097484,0.117920
6253,20,0.099835,0.115069
6254,22,0.096116,0.111016
6255,24,0.099116,0.116040
6256,18,0.099347,0.115368
6257,15,0.098347,0.119965
6258,20,0.097445,0.114016
6259,19,0.097164,0.118089
6260,14,0.094464,0.107830
6261,16,0.102673,0.128835
6262,15,0.099732,0.123600
6263,13,0.093561,0.108829
6264,20,0.097645,0.125733
6265,21,0.094126,0.119928
6266,16,0.098229,0.115907
6267,19,0.098497,0.112856
6268,23,0.098379,0.118719
6269,17,0.098913,0.119361
6270,17,0.094842,0.107375
6271,20,0.097676,0.122087
6272,19,0.100898,0.116196
6273,24,0.099819,0.120340
6274,19,0.093958,0.128181
6275,18,0.095589,0.111763
6276,26,0.099602,0.121527
6277,13,0.098379,0.114600
6278,27,0.097019,0.112790
6279,21,0.097820,0.108443
6280,20,0.099436,0.119270
6281,18,0.094977,0.107552
6282,23,0.102158,0.119652
6283,18,0.099173,0.114084
6284,21,0.101495,0.128501
6285,20,0.096598,0.113146
6286,19,0.093373,0.111026
6287,20,0.099436,0.116844
6288,24,0.098241,0.123887
6289,15,0.098668,0.120831
6290,22,0.099069,0.119277
6291,17,0.098856,0.114761
6292,19,0.099903,0.116090
6293,20,0.099866,0.119519
6294,22,0.097765,0.113517
6295,24,0.099074,0.121741
6296,25,0.099122,0.124535
6297,17,0.096746,0.114669
6298,20,0.098001,0.117654
6299,28,0.097585,0.116986
6300,25,0.102044,0.124875
6301,18,0.095544,0.123371
6302,12,0.099118,0.115629
6303,18,0.100310,0.117946
6304,16,0.100822,0.126613
6305,14,0.097460,0.113874
6306,18,0.094826,0.111084
6307,20,0.092423,0.117675
6308,16,0.100423,0.125440
6309,24,0.097128,0.121292
6310,24,0.096391,0.115594
6311,21,0.097705,0.115288
6312,18,0.099396,0.116711
6313,17,0.093226,0.106730
6314,14,0.096144,0.116747
6315,22,0.100264,0.116881
6316,20,0.102096,0.134482
6317,24,0.098465,0.117231
6318,19,0.097942,0.120511
6319,16,0.098312,0.114726
6320,10,0.094314,0.117022
6321,15,0.096181,0.120867
6322,26,0.098197,0.133904
6323,18,0.101636,0.131713
6324,24,0.099382,0.120600
6325,24,0.100371,0.115170
6326,17,0.099176,0.114818
6327,19,0.099142,0.116446
6328,23,0.097324,0.119248
6329,18,0.093311,0.111983
6330,26,0.100022,0.123655
6331,23,0.101600,0.125101
6332,27,0.098888,0.117590
6333,26,0.097637,0.118666
6334,14,0.094739,0.118210
6335,22,0.102036,0.116774
6336,15,0.097087,0.114474
6337,24,0.098048,0.122788
6338,14,0.091262,0.104080
6339,26,0.098366,0.123672
6340,19,0.100390,0.131363
6341,20,0.096910,0.113978
6342,10,0.100470,0.109460
6343,15,0.095801,0.113832
6344,26,0.096018,0.115178
6345,18,0.101685,0.127391
6346,19,0.101810,0.120405
6347,14,0.096145,0.117623
6348,23,0.100766,0.122946
6349,21,0.098638,0.121042
6350,18,0.100688,0.120830
6351,18,0.094664,0.107896
6352,20,0.102591,0.120364
6353,14,0.098838,0.116718
6354,18,0.097155,0.114109
6355,22,0.094473,0.106822
6356,19,0.099019,0.118956
6357,23,0.099477,0.120252
6358,13,0.098179,0.116439
6359,22,0.099857,0.115186
6360,22,0.095304,0.122797
6361,19,0.098877,0.119296
6362,19,0.097962,0.136891
6363,19,0.104368,0.127259
6364,20,0.095649,0.114806
6365,16,0.099969,0.115226
6366,22,0.099895,0.118751
6367,21,0.102338,0.129762
6368,21,0.101269,0.129943
6369,15,0.098953,0.125393
6370,19,0.100279,0.125623
6371,23,0.092402,0.112631
6372,12,0.100598,0.129117
6373,22,0.097444,0.116523
6374,21,0.096676,0.118657
6375,17,0.095600,0.111835
6376,22,0.103215,0.130621
6377,26,0.096766,0.110629
6378,20,0.099557,0.120721
6379,21,0.098531,0.119354
6380,23,0.099734,0.116606
6381,18,0.101240,0.120942
6382,21,0.096970,0.124723
6383,21,0.099604,0.118771
6384,14,0.096360,0.122522
6385,20,0.101335,0.123434
6386,20,0.095544,0.121435
6387,19,0.099856,0.113739
6388,13,0.094821,0.106387
6389,19,0.099951,0.119340
6390,17,0.096985,0.114001
6391,16,0.100315,0.127993
6392,16,0.104934,0.123263
6393,9,0.099453,0.118711
6394,21,0.096601,0.126379
6395,14,0.095054,0.110500
6396,25,0.098503,0.116542
6397,23,0.096800,0.116613
6398,14,0.098161,0.124715
6399,19,0.096212,0.110948
6400,15,0.100286,0.114856
6401,20,0.099564,0.125679
6402,20,0.096730,0.119725
6403,20,0.102340,0.119207
6404,18,0.096715,0.118328
6405,21,0.099013,0.118241
6406,21,0.097014,0.123719
6407,24,0.096025,0.115368
6408,20,0.097893,0.111323
6409,17,0.098645,0.115206
6410,18,0.098107,0.115964
6411,16,0.101121,0.115739
6412,30,0.097751,0.119433
6413,25,0.100569,0.128471
6414,20,0.098838,0.118205
6415,20,0.099226,0.120509
6416,14,0.100769,0.118657
6417,16,0.095958,0.121434
6418,15,0.096757,0.108538
6419,18,0.099796,0.116284
6420,11,0.102565,0.125803
6421,10,0.095843,0.117320
6422,20,0.094697,0.107334
6423,15,0.100313,0.114423
6424,14,0.096256,0.125895
6425,23,0.099681,0.124847
6426,24,0.098008,0.124740
6427,13,0.094611,0.122985
6428,23,0.099011,0.113835
6429,13,0.099805,0.113034
6430,15,0.098521,0.116087
6431,17,0.097523,0.112482
6432,20,0.099261,0.114178
6433,21,0.094965,0.118190
6434,23,0.096622,0.118016
6435,18,0.101078,0.118796
6436,19,0.100586,0.120309
6437,13,0.097473,0.117002
6438,18,0.098673,0.121519
6439,19,0.099104,0.118379
6440,23,0.099678,0.120409
6441,25,0.100708,0.117572
6442,20,0.099863,0.117118
6443,12,0.094374,0.108415
6444,18,0.099701,0.129222
6445,20,0.103388,0.131814
6446,20,0.103306,0.125907
6447,23,0.100480,0.123161
6448,22,0.104079,0.123769
6449,14,0.095975,0.112808
6450,18,0.099300,0.125227
6451,22,0.100492,0.131335
6452,21,0.100558,0.122545
6453,25,0.097447,0.115034
6454,11,0.100055,0.123912
6455,23,0.097681,0.117519
6456,13,0.095727,0.117770
6457,23,0.100155,0.116430
6458,15,0.100381,0.113867
6459,13,0.098315,0.114269
6460,13,0.095280,0.114727
6461,21,0.099800,0.120154
6462,18,0.098763,0.109191
6463,20,0.098225,0.112826
6464,14,0.095947,0.114309
6465,25,0.096244,0.121190
6466,21,0.100935,0.131952
6467,23,0.096950,0.123531
6468,19,0.099126,0.122247
6469,25,0.104201,0.126752
6470,18,0.098611,0.111413
6471,19,0.097318,0.117085
6472,26,0.099913,0.114160
6473,24,0.095668,0.118143
6474,19,0.101618,0.119631
6475,18,0.102407,0.125245
6476,24,0.098064,0.124812
6477,18,0.100817,0.118573
6478,18,0.095213,0.118751
6479,16,0.097619,0.120555
6480,24,0.096532,0.116110
6481,19,0.097001,0.118826
6482,26,0.102321,0.124797
6483,20,0.098945,0.124743
6484,15,0.095711,0.110937
6485,22,0.100693,0.122669
6486,24,0.097762,0.117680
6487,18,0.103015,0.117555
6488,15,0.101911,0.121259
6489,15,0.096723,0.118931
6490,16,0.094141,0.107928
6491,30,0.094607,0.117992
6492,17,0.098290,0.112127
6493,22,0.098864,0.116549
6494,20,0.104568,0.129095
6495,14,0.099741,0.115045
6496,24,0.101402,0.126074
6497,23,0.098326,0.127402
6498,24,0.097985,0.120485
6499,21,0.100935,0.126319
6500,18,0.098634,0.113749
6501,19,0.104070,0.126608
6502,18,0.104883,0.119126
6503,20,0.099889,0.119711
6504,19,0.099547,0.119107
6505,20,0.099232,0.120002
6506,19,0.096523,0.119605
6507,25,0.099639,0.119600
6508,15,0.093683,0.123302
6509,14,0.098132,0.114301
6510,20,0.105290,0.123452
6511,16,0.094741,0.118590
6512,19,0.099784,0.124097
6513,21,0.098470,0.116522
6514,22,0.101458,0.127481
6515,23,0.099962,0.126986
6516,22,0.100280,0.125493
6517,15,0.099056,0.111599
6518,13,0.095922,0.107219
6519,22,0.100155,0.130575
6520,21,0.096771,0.121330
6521,15,0.093206,0.119211
6522,23,0.100614,0.116171
6523,19,0.102036,0.120469
6524,20,0.099105,0.120125
6525,15,0.101363,0.117075
6526,13,0.097617,0.126920
6527,11,0.101156,0.119396
6528,17,0.094422,0.112386
6529,12,0.098368,0.117362
6530,26,0.095900,0.116908
6531,26,0.099677,0.129391
6532,16,0.095061,0.114074
6533,15,0.098676,0.111889
6534,16,0.098287,0.115937
6535,23,0.096125,0.120454
6536,19,0.102059,0.121492
6537,15,0.095656,0.119463
6538,14,0.098328,0.112311
6539,18,0.097014,0.111695
6540,18,0.099678,0.122700
6541,25,0.094357,0.109818
6542,25,0.097615,0.120544
6543,19,0.099042,0.114681
6544,21,0.096315,0.117191
6545,18,0.104044,0.119621
6546,21,0.099272,0.125151
6547,25,0.099808,0.124504
6548,15,0.097573,0.119952
6549,24,0.097464,0.115109
6550,16,0.099561,0.110761
6551,17,0.100026,0.116359
6552,22,0.097997,0.112983
6553,22,0.103417,0.123433
6554,17,0.101213,0.134197
6555,23,0.099298,0.121988
6556,20,0.096811,0.119343
6557,22,0.097131,0.129794
6558,18,0.100481,0.118293
6559,27,0.100565,0.120922
6560,25,0.099164,0.122411
6561,22,0.096059,0.114498
6562,26,0.100677,0.119500
6563,19,0.099359,0.123313
6564,23,0.096136,0.127566
6565,19,0.102225,0.127663
6566,18,0.097902,0.118432
6567,24,0.099940,0.113430
6568,19,0.098597,0.118586
6569,15,0.100316,0.121708
6570,18,0.095430,0.115444
6571,22,0.099896,0.115909
6572,21,0.097354,0.115722
6573,18,0.097078,0.118176
6574,17,0.097820,0.118719
6575,17,0.095556,0.111132
6576,12,0.096598,0.114783
6577,16,0.102654,0.121752
6578,21,0.096020,0.114616
6579,19,0.102598,0.115943
6580,25,0.097318,0.122078
6581,18,0.096679,0.110857
6582,24,0.099539,0.120152
6583,22,0.096362,0.114324
6584,12,0.092979,0.113690
6585,13,0.096004,0.113352
6586,18,0.101292,0.118302
6587,20,0.099457,0.116224
6588,18,0.095292,0.122389
6589,16,0.097655,0.109817
6590,19,0.098547,0.115552
6591,20,0.094943,0.111799
6592,8,0.101742,0.106659
6593,17,0.098321,0.114343
6594,18,0.097689,0.118773
6595,23,0.097405,0.112026
6596,18,0.097312,0.123816
6597,20,0.097629,0.114370
6598,25,0.099820,0.124769
6599,23,0.095241,0.114923
6600,27,0.096995,0.120855
6601,23,0.094397,0.113167
6602,15,0.098898,0.122713
6603,19,0.099454,0.115259
6604,21,0.098376,0.119494
6605,17,0.102580,0.126368
6606,17,0.095323,0.123425
6607,21,0.098761,0.118560
6608,19,0.097988,0.114986
6609,19,0.098800,0.109872
6610,14,0.098128,0.110970
6611,19,0.098134,0.120534
6612,18,0.099157,0.122900
6613,17,0.101648,0.116681
6614,19,0.099123,0.126177
6615,23,0.101781,0.120851
6616,23,0.099658,0.123933
6617,19,0.100072,0.124641
6618,21,0.100154,0.121836
6619,18,0.097609,0.118304
6620,19,0.096480,0.117477
6621,18,0.098300,0.117847
6622,20,0.099042,0.126477
6623,19,0.093581,0.116430
6624,22,0.097451,0.121442
6625,13,0.100662,0.116915
6626,25,0.097083,0.130808
6627,24,0.099777,0.124245
6628,18,0.100950,0.120036
6629,14,0.097327,0.109211
6630,17,0.097082,0.115281
6631,15,0.094974,0.106475
6632,17,0.094792,0.112897
6633,16,0.096477,0.115845
6634,21,0.099177,0.113437
6635,22,0.096982,0.121286
6636,22,0.104224,0.123425
6637,26,0.100643,0.127296
6638,21,0.095113,0.107791
6639,18,0.095997,0.112553
6640,25,0.097054,0.112121
6641,17,0.098063,0.111646
6642,20,0.095853,0.108933
6643,17,0.098403,0.116015
6644,20,0.096788,0.114391
6645,27,0.098711,0.118309
6646,18,0.092516,0.115895
6647,22,0.101808,0.130956
6648,20,0.093440,0.113078
6649,17,0.099805,0.115857
6650,17,0.097783,0.123249
6651,23,0.098090,0.119248
6652,22,0.099210,0.117659
6653,16,0.099669,0.119536
6654,22,0.098457,0.120030
6655,16,0.094675,0.114563
6656,22,0.100924,0.117607
6657,20,0.099250,0.120363
6658,17,0.102221,0.124516
6659,19,0.097349,0.124106
6660,23,0.099267,0.110338
6661,15,0.098516,0.114968
6662,15,0.099940,0.117360
6663,23,0.098751,0.115263
6664,18,0.099326,0.125016
6665,26,0.097970,0.120341
6666,15,0.101859,0.128287
6667,16,0.094933,0.111914
6668,16,0.098528,0.112783
6669,15,0.097897,0.114376
6670,19,0.101242,0.130950
6671,16,0.100163,0.121872
6672,20,0.099897,0.119803
6673,24,0.102375,0.124357
6674,23,0.099335,0.128368
6675,19,0.099220,0.122451
6676,24,0.095935,0.109616
6677,18,0.093401,0.115955
6678,14,0.096433,0.114935
6679,22,0.095096,0.129585
6680,18,0.099162,0.111973
6681,23,0.098448,0.123048
6682,18,0.093326,0.119676
6683,18,0.096262,0.121481
6684,18,0.100642,0.118452
6685,18,0.101708,0.127905
6686,20,0.097837,0.120173
6687,21,0.100886,0.118773
6688,17,0.097893,0.121971
6689,24,0.096533,0.119572
6690,16,0.095685,0.115597
6691,20,0.099587,0.127885
6692,17,0.096552,0.115218
6693,21,0.101407,0.134013
6694,21,0.101553,0.120079
6695,15,0.099047,0.129252
6696,28,0.098422,0.112321
6697,20,0.095973,0.119434
6698,18,0.100078,0.119851
6699,23,0.096313,0.117772
6700,24,0.100982,0.125029
6701,18,0.095621,0.113609
6702,18,0.096635,0.111005
6703,11,0.095586,0.118627
6704,22,0.096708,0.119999
6705,19,0.092304,0.116707
6706,19,0.101179,0.116169
6707,16,0.098484,0.117439
6708,15,0.100789,0.120299
6709,18,0.097875,0.115523
6710,22,0.101460,0.118798
6711,17,0.099105,0.116878
6712,19,0.099029,0.119993
6713,15,0.096433,0.112257
6714,18,0.097474,0.123040
6715,25,0.099614,0.114800
6716,16,0.099350,0.114181
6717,25,0.098328,0.114237
6718,20,0.099137,0.116364
6719,22,0.092839,0.116860
6720,23,0.098140,0.115661
6721,21,0.099888,0.121941
6722,20,0.094238,0.111414
6723,21,0.096691,0.113316
6724,24,0.096482,0.123393
6725,22,0.098623,0.119474
6726,18,0.099970,0.116391
6727,18,0.099506,0.129903
6728,13,0.099780,0.123259
6729,24,0.098289,0.128249
6730,18,0.099092,0.120003
6731,18,0.097578,0.113237
6732,24,0.099461,0.122348
6733,25,0.100865,0.122530
6734,22,0.099240,0.121116
6735,18,0.100349,0.118696
6736,15,0.100757,0.124856
6737,24,0.098742,0.125415
6738,15,0.098376,0.117980
6739,24,0.099604,0.111996
6740,23,0.098651,0.118783
6741,15,0.096867,0.114994
6742,17,0.098793,0.110321
6743,18,0.101318,0.129499
6744,18,0.100094,0.113627
6745,17,0.100727,0.118586
6746,26,0.100053,0.117894
6747,17,0.096614,0.109881
6748,17,0.097903,0.115843
6749,18,0.096098,0.109768
6750,16,0.099428,0.113758
6751,21,0.098431,0.120146
6752,17,0.096661,0.114278
6753,25,0.097844,0.128325
6754,19,0.100619,0.124268
6755,17,0.100099,0.114541
6756,19,0.094395,0.115155
6757,18,0.096181,0.116055
6758,21,0.101067,0.118201
6759,20,0.096436,0.118632
6760,22,0.101613,0.122922
6761,18,0.094983,0.113173
6762,21,0.103819,0.129322
6763,20,0.099483,0.119036
6764,21,0.097848,0.111975
6765,16,0.100462,0.117653
6766,13,0.102677,0.122256
6767,16,0.097197,0.109342
6768,8,0.093163,0.112831
6769,23,0.098273,0.111065
6770,21,0.097806,0.124299
6771,17,0.097379,0.114932
6772,21,0.094958,0.120932
6773,26,0.099675,0.122300
6774,21,0.099368,0.124769
6775,25,0.097135,0.124090
6776,16,0.092971,0.108973
6777,14,0.100238,0.124670
6778,18,0.098636,0.123756
6779,20,0.097589,0.119667
6780,20,0.093985,0.119638
6781,20,0.094236,0.115460
6782,27,0.099791,0.115437
6783,24,0.100848,0.119233
6784,19,0.101138,0.119338
6785,15,0.097827,0.113490
6786,18,0.096169,0.113039
6787,18,0.099341,0.129647
6788,20,0.100195,0.128645
6789,18,0.095446,0.110764
6790,23,0.098920,0.119668
6791,25,0.098572,0.130478
6792,13,0.096672,0.113262
6793,17,0.100058,0.129772
6794,19,0.102970,0.118519
6795,24,0.097259,0.120304
6796,20,0.096693,0.114324
6797,22,0.097151,0.125411
6798,19,0.098511,0.118101
6799,19,0.099120,0.119832
6800,19,0.095933,0.116398
6801,17,0.099431,0.121539
6802,22,0.096089,0.108629
6803,19,0.101829,0.114760
6804,16,0.099480,0.116684
6805,16,0.097489,0.111974
6806,23,0.097736,0.113183
6807,20,0.095186,0.113629
6808,21,0.100699,0.129141
6809,17,0.103596,0.133065
6810,10,0.097836,0.114808
6811,18,0.099135,0.115535
6812,22,0.096232,0.120410
6813,22,0.097509,0.118415
6814,19,0.100648,0.119234
6815,11,0.093449,0.119432
6816,16,0.099304,0.115231
6817,27,0.098576,0.118134
6818,17,0.104091,0.123248
6819,16,0.104427,0.135319
6820,27,0.100788,0.124096
6821,19,0.100546,0.127554
6822,19,0.096042,0.113377
6823,21,0.098535,0.117755
6824,21,0.100981,0.122299
6825,17,0.095979,0.113143
6826,23,0.100228,0.121553
6827,21,0.099360,0.121390
6828,16,0.098325,0.110114
6829,20,0.101311,0.113761
6830,29,0.099821,0.123729
6831,19,0.096986,0.131616
6832,22,0.103022,0.114168
6833,26,0.098121,0.115339
6834,15,0.098893,0.119840
6835,17,0.099877,0.113413
6836,25,0.099727,0.133429
6837,14,0.097635,0.120774
6838,16,0.100244,0.113512
6839,22,0.099162,0.127793
6840,23,0.101026,0.137226
6841,22,0.099097,0.118824
6842,11,0.098875,0.113948
6843,17,0.097906,0.117527
6844,19,0.096945,0.109664
6845,23,0.100717,0.121738
6846,23,0.100190,0.121648
6847,25,0.097216,0.126588
6848,19,0.094711,0.114640
6849,26,0.097538,0.125190
6850,25,0.094262,0.120741
6851,24,0.095171,0.116002
6852,15,0.097932,0.113080
6853,20,0.098168,0.111866
6854,26,0.101261,0.116898
6855,20,0.096632,0.113143
6856,19,0.096162,0.112505
6857,20,0.099021,0.125208
6858,20,0.098470,0.114496
6859,20,0.100563,0.117636
6860,22,0.098350,0.114778
6861,26,0.098642,0.114872
6862,20,0.095532,0.119975
6863,22,0.101217,0.122346
6864,21,0.100272,0.117952
6865,20,0.096494,0.110763
6866,11,0.102147,0.114128
6867,26,0.104359,0.129492
6868,24,0.100282,0.120113
6869,18,0.097439,0.107731
6870,15,0.097257,0.124628
6871,16,0.101868,0.121240
6872,16,0.098189,0.116732
6873,24,0.099284,0.120092
6874,13,0.099593,0.112097
6875,11,0.094364,0.106070
6876,20,0.096772,0.112075
6877,17,0.098186,0.118153
6878,11,0.096990,0.112479
6879,27,0.102563,0.124816
6880,19,0.099268,0.112621
6881,15,0.104449,0.125414
6882,20,0.101949,0.121513
6883,17,0.098745,0.123047
6884,20,0.096160,0.115135
6885,18,0.096511,0.112649
6886,16,0.100972,0.120318
6887,22,0.099609,0.118593
6888,15,0.099934,0.114094
6889,24,0.096342,0.124433
6890,19,0.095877,0.106629
6891,24,0.100643,0.121459
6892,21,0.098774,0.131293
6893,26,0.099519,0.124905
6894,10,0.099978,0.115915
6895,20,0.094977,0.116220
6896,9,0.095356,0.117087
6897,16,0.096956,0.114637
6898,20,0.095941,0.120292
6899,17,0.097451,0.133693
6900,19,0.099706,0.116246
6901,17,0.097861,0.114906
6902,21,0.100225,0.122437
6903,26,0.100865,0.120456
6904,21,0.102346,0.130113
6905,26,0.095978,0.113438
6906,18,0.097336,0.117834
6907,25,0.102172,0.116740
6908,24,0.101736,0.123870
6909,22,0.100620,0.117831
6910,16,0.098077,0.120402
6911,23,0.099476,0.124089
6912,18,0.100561,0.132535
6913,15,0.099475,0.113007
6914,15,0.098195,0.110040
6915,17,0.094505,0.113582
6916,19,0.101027,0.115033
6917,18,0.099211,0.120650
6918,15,0.100214,0.118918
6919,20,0.102914,0.121784
6920,18,0.102473,0.125342
6921,18,0.098532,0.114965
6922,17,0.100103,0.118785
6923,12,0.099154,0.114561
6924,19,0.099495,0.122726
6925,23,0.097903,0.118957
6926,24,0.098599,0.122344
6927,26,0.100138,0.122152
6928,18,0.099992,0.129203
6929,19,0.096824,0.115439
6930,15,0.092326,0.117171
6931,21,0.099792,0.124435
6932,22,0.098240,0.125374
6933,22,0.102494,0.129859
6934,12,0.101246,0.120431
6935,13,0.099101,0.126674
6936,26,0.101728,0.122269
6937,30,0.101058,0.125828
6938,25,0.097256,0.115479
6939,19,0.098088,0.116336
6940,18,0.097094,0.116467
6941,19,0.097145,0.112784
6942,20,0.099574,0.121816
6943,26,0.098384,0.123866
6944,19,0.102212,0.124195
6945,19,0.099084,0.117684
6946,26,0.096857,0.116900
6947,12,0.097571,0.118597
6948,23,0.094568,0.112301
6949,24,0.101393,0.120994
6950,26,0.097572,0.127482
6951,17,0.098561,0.118578
6952,15,0.097065,0.118197
6953,20,0.098017,0.119904
6954,21,0.097878,0.118706
6955,15,0.101198,0.117114
6956,20,0.096982,0.112153
6957,17,0.096008,0.119702
6958,13,0.098267,0.113564
6959,17,0.100363,0.117368
6960,24,0.097879,0.115164
6961,21,0.097893,0.117512
6962,16,0.099998,0.117671
6963,22,0.100175,0.133873
6964,22,0.099911,0.119285
6965,23,0.099097,0.131092
6966,21,0.097166,0.114603
6967,22,0.100994,0.121103
6968,18,0.096631,0.114940
6969,21,0.098625,0.123934
6970,14,0.099178,0.123910
6971,20,0.100990,0.119000
6972,24,0.103425,0.134530
6973,19,0.093871,0.112026
6974,20,0.099471,0.119834
6975,23,0.096039,0.116917
6976,21,0.096674,0.107923
6977,22,0.098094,0.119565
6978,15,0.096445,0.108562
6979,16,0.098426,0.114568
6980,18,0.097286,0.115362
6981,23,0.095124,0.109781
6982,21,0.103212,0.121102
6983,16,0.100906,0.120924
6984,20,0.098499,0.122311
6985,16,0.096407,0.106917
6986,19,0.102140,0.126897
6987,19,0.094228,0.108152
6988,31,0.102247,0.131233
6989,17,0.103252,0.129651
6990,28,0.096280,0.119110
6991,23,0.099037,0.118902
6992,18,0.098318,0.115734
6993,28,0.097341,0.122796
6994,17,0.094602,0.118738
6995,23,0.096704,0.125000
6996,18,0.097559,0.123133
6997,17,0.097606,0.119558
6998,19,0.101323,0.120337
6999,22,0.100161,0.114532
7000,18,0.099395,0.117389
7001,14,0.098453,0.112356
7002,22,0.094076,0.111788
7003,16,0.093345,0.113396
7004,27,0.099961,0.127951
7005,17,0.099730,0.121007
7006,25,0.099444,0.122639
7007,22,0.099276,0.121359
7008,16,0.097767,0.127102
7009,17,0.096118,0.121519
7010,23,0.100693,0.130649
7011,13,0.095241,0.112349
7012,16,0.100824,0.117818
7013,22,0.101232,0.122867
7014,18,0.098606,0.122336
7015,20,0.098950,0.117110
7016,14,0.099569,0.132416
7017,24,0.098750,0.115376
7018,15,0.095149,0.114582
7019,25,0.100053,0.120882
7020,20,0.099667,0.124026
7021,22,0.094631,0.118749
7022,19,0.101439,0.126269
7023,21,0.100216,0.121784
7024,24,0.097920,0.114100
7025,17,0.098239,0.114059
7026,15,0.099502,0.110673
7027,19,0.094316,0.110327
7028,20,0.095413,0.116236
7029,18,0.101862,0.116171
7030,17,0.098521,0.117770
7031,21,0.099490,0.116004
7032,17,0.098164,0.123299
7033,15,0.096213,0.124670
7034,17,0.097816,0.117559
7035,22,0.100291,0.122263
7036,24,0.100620,0.120862
7037,18,0.096643,0.108706
7038,18,0.095658,0.111621
7039,18,0.096588,0.110140
7040,21,0.098508,0.122718
7041,14,0.102010,0.122058
7042,21,0.099221,0.119396
7043,26,0.097941,0.120828
7044,19,0.095862,0.117978
7045,19,0.103712,0.124362
7046,17,0.096957,0.126326
7047,14,0.102527,0.115263
7048,17,0.094227,0.118602
7049,23,0.098759,0.115875
7050,13,0.092562,0.105036
7051,26,0.098907,0.120029
7052,6,0.093432,0.112056
7053,18,0.097773,0.117699
7054,21,0.096520,0.118299
7055,21,0.097408,0.114286
7056,23,0.101633,0.120787
7057,16,0.096045,0.107796
7058,20,0.101152,0.124825
7059,15,0.100395,0.113864
7060,16,0.101004,0.128025
7061,18,0.099227,0.118516
7062,10,0.096675,0.126022
7063,25,0.096694,0.113150
7064,27,0.098296,0.125769
7065,17,0.097394,0.110278
7066,15,0.099275,0.119555
7067,14,0.090392,0.103266
7068,17,0.093923,0.130453
7069,21,0.099362,0.116038
7070,14,0.101930,0.116845
7071,10,0.097964,0.112823
7072,18,0.099515,0.117971
7073,15,0.095925,0.112937
7074,19,0.099562,0.118380
7075,14,0.099544,0.116240
7076,19,0.098826,0.117537
7077,21,0.100297,0.121769
7078,17,0.099781,0.118296
7079,20,0.096529,0.109724
7080,16,0.095564,0.109617
7081,23,0.095278,0.115691
7082,27,0.096358,0.111815
7083,25,0.101042,0.117710
7084,24,0.098706,0.129399
7085,19,0.096108,0.116296
7086,17,0.098153,0.112507
7087,14,0.094759,0.118342
7088,21,0.098647,0.129221
7089,18,0.104122,0.120039
7090,19,0.095685,0.119022
7091,24,0.099049,0.118848
7092,19,0.099465,0.117087
7093,21,0.097192,0.119199
7094,16,0.098955,0.118463
7095,22,0.098444,0.127538
7096,11,0.094303,0.119892
7097,21,0.096554,0.117103
7098,19,0.098455,0.116354
7099,19,0.102579,0.119969
7100,24,0.096202,0.112767
7101,16,0.100515,0.113754
7102,21,0.100519,0.118109
7103,14,0.102516,0.118142
7104,14,0.096840,0.114308
7105,21,0.095291,0.114154
7106,17,0.100282,0.124522
7107,18,0.101884,0.123599
7108,26,0.097153,0.128200
7109,22,0.099851,0.122717
7110,21,0.095971,0.134233
7111,18,0.099517,0.118297
7112,20,0.096164,0.112754
7113,17,0.091970,0.113789
7114,21,0.093616,0.113903
7115,14,0.100283,0.114282
7116,15,0.103269,0.130155
7117,22,0.096164,0.112495
7118,13,0.099903,0.113164
7119,20,0.098122,0.123832
7120,19,0.100151,0.120563
7121,18,0.099331,0.121556
7122,15,0.096981,0.120540
7123,19,0.102017,0.123867
7124,19,0.099081,0.135699
7125,22,0.097501,0.123543
7126,28,0.099539,0.119754
7127,16,0.097080,0.112047
7128,16,0.100682,0.120430
7129,18,0.098268,0.106007
7130,19,0.097718,0.121673
7131,24,0.096513,0.122624
7132,16,0.099431,0.129537
7133,19,0.098190,0.125472
7134,25,0.097116,0.120009
7135,19,0.097624,0.118136
7136,9,0.098498,0.115285
7137,17,0.097398,0.121375
7138,19,0.097254,0.116481
7139,25,0.098282,0.123007
7140,17,0.096307,0.106587
7141,19,0.095136,0.105646
7142,17,0.100634,0.117537
7143,14,0.096820,0.115806
7144,24,0.095929,0.117590
7145,16,0.101932,0.120074
7146,16,0.101455,0.114137
7147,28,0.099027,0.116266
7148,14,0.101525,0.119932
7149,22,0.100918,0.125349
7150,13,0.098298,0.129982
7151,20,0.098158,0.131606
7152,23,0.099432,0.121033
7153,24,0.102742,0.125970
7154,15,0.100111,0.121120
7155,24,0.098338,0.116003
7156,16,0.096694,0.125557
7157,18,0.099499,0.122991
7158,21,0.093958,0.112009
7159,23,0.100958,0.121928
7160,21,0.099609,0.121552
7161,19,0.098283,0.114352
7162,16,0.101101,0.116015
7163,16,0.097744,0.113104
7164,12,0.099596,0.131601
7165,12,0.099541,0.114017
7166,28,0.100278,0.118136
7167,22,0.101486,0.119310
7168,20,0.096444,0.116661
7169,23,0.100583,0.114120
7170,17,0.098983,0.116682
7171,14,0.093597,0.118790
7172,23,0.097944,0.117571
7173,15,0.092952,0.116083
7174,16,0.095837,0.116825
7175,14,0.099491,0.119285
7176,19,0.104344,0.120714
7177,17,0.092475,0.112794
7178,15,0.097074,0.112191
7179,16,0.098973,0.117718
7180,18,0.100978,0.118464
7181,20,0.096726,0.112318
7182,22,0.104585,0.120387
7183,22,0.098549,0.122139
7184,21,0.101489,0.128379
7185,11,0.101308,0.121568
7186,16,0.098787,0.119315
7187,13,0.098638,0.112751
7188,16,0.092422,0.114428
7189,18,0.096490,0.116139
7190,20,0.100099,0.119168
7191,22,0.096671,0.124245
7192,19,0.098849,0.119634
7193,13,0.096623,0.120817
7194,17,0.102692,0.128756
7195,11,0.100932,0.125849
7196,19,0.098829,0.125185
7197,23,0.097476,0.117258
7198,18,0.097125,0.117903
7199,18,0.098202,0.114599
7200,21,0.099686,0.128699
7201,17,0.100778,0.127258
7202,21,0.098984,0.122341
7203,16,0.098225,0.116238
7204,16,0.097148,0.108645
7205,20,0.096891,0.119523
7206,27,0.098905,0.120903
7207,21,0.100615,0.122136
7208,15,0.097104,0.112630
7209,21,0.099158,0.116008
7210,22,0.096086,0.114049
7211,17,0.095523,0.122765
7212,20,0.098607,0.129831
7213,19,0.099776,0.128347
7214,10,0.097701,0.114733
7215,15,0.096918,0.109004
7216,21,0.099498,0.116348
7217,21,0.100775,0.115515
7218,27,0.101141,0.116790
7219,27,0.100216,0.116105
7220,16,0.102353,0.114317
7221,18,0.096470,0.116055
7222,18,0.098714,0.116904
7223,21,0.098592,0.122161
7224,19,0.095029,0.116152
7225,18,0.094962,0.112966
7226,23,0.100666,0.127412
7227,27,0.099973,0.118889
7228,19,0.097777,0.118030
7229,22,0.097661,0.128755
7230,21,0.098529,0.120008
7231,19,0.099037,0.116255
7232,19,0.101075,0.120133
7233,25,0.099519,0.124484
7234,15,0.100769,0.126461
7235,20,0.100185,0.125020
7236,20,0.099097,0.122975
7237,21,0.102162,0.136414
7238,25,0.098741,0.114119
7239,23,0.099289,0.124917
7240,15,0.097618,0.120039
7241,27,0.100960,0.123829
7242,20,0.097551,0.119638
7243,25,0.097218,0.125412
7244,26,0.101482,0.124415
7245,21,0.097868,0.124308
7246,24,0.095847,0.110871
7247,23,0.095528,0.114292
7248,17,0.100571,0.117837
7249,21,0.097783,0.123169
7250,16,0.094452,0.122424
7251,28,0.100228,0.117397
7252,16,0.097641,0.123595
7253,14,0.101815,0.133532
7254,22,0.099226,0.114654
7255,18,0.099416,0.113023
7256,20,0.096250,0.115370
7257,21,0.097718,0.115110
7258,18,0.098759,0.120107
7259,23,0.100586,0.123181
7260,21,0.099770,0.132412
7261,22,0.097644,0.122553
7262,18,0.099007,0.118117
7263,18,0.100638,0.132423
7264,23,0.097277,0.121161
7265,15,0.094715,0.115977
7266,16,0.096083,0.126105
7267,18,0.097250,0.127084
7268,20,0.101044,0.112044
7269,19,0.101738,0.122676
7270,20,0.099201,0.116338
7271,20,0.097340,0.115870
7272,9,0.098128,0.116424
7273,21,0.097010,0.120689
7274,21,0.101765,0.136805
7275,23,0.102122,0.122343
7276,19,0.099227,0.120339
7277,11,0.099358,0.125240
7278,22,0.099770,0.124988
7279,20,0.096188,0.116862
7280,19,0.095590,0.115387
7281,26,0.101720,0.118085
7282,26,0.101909,0.132142
7283,23,0.099093,0.122049
7284,16,0.099473,0.120218
7285,28,0.098599,0.119069
7286,17,0.092221,0.110048
7287,22,0.098969,0.114637
7288,25,0.097109,0.112962
7289,15,0.101241,0.122076
7290,18,0.098413,0.119409
7291,19,0.100479,0.128862
7292,22,0.098298,0.114122
7293,17,0.098034,0.114545
7294,23,0.103018,0.130709
7295,18,0.093320,0.114074
7296,24,0.098646,0.122769
7297,20,0.097136,0.120420
7298,15,0.095242,0.106755
7299,24,0.098526,0.116361
7300,18,0.097635,0.123026
7301,17,0.099058,0.124388
7302,19,0.100318,0.120173
7303,29,0.100085,0.122888
7304,24,0.100689,0.118623
7305,12,0.097684,0.122908
7306,20,0.101701,0.122013
7307,22,0.096805,0.107933
7308,18,0.100033,0.113034
7309,22,0.099877,0.128773
7310,17,0.096150,0.112747
7311,21,0.098069,0.113188
7312,21,0.094928,0.118842
7313,19,0.099254,0.123569
7314,23,0.097212,0.121769
7315,22,0.098683,0.117401
7316,21,0.099059,0.122689
7317,17,0.097957,0.116877
7318,23,0.098851,0.129295
7319,24,0.098772,0.121683
7320,22,0.099792,0.123520
7321,20,0.099893,0.125440
7322,22,0.097700,0.117829
7323,20,0.098660,0.119222
7324,19,0.097060,0.114169
7325,14,0.100707,0.121338
7326,25,0.100142,0.125615
7327,17,0.099297,0.109689
7328,13,0.100416,0.121227
7329,23,0.098247,0.112188
7330,24,0.098062,0.119811
7331,13,0.104752,0.123287
7332,21,0.100013,0.114932
7333,11,0.101021,0.117482
7334,25,0.098427,0.119995
7335,23,0.100461,0.132465
7336,18,0.098014,0.124735
7337,23,0.097675,0.133373
7338,25,0.096570,0.117666
7339,17,0.101888,0.116467
7340,14,0.095037,0.123527
7341,18,0.096855,0.115750
7342,16,0.096264,0.112139
7343,18,0.097993,0.119377
7344,16,0.096341,0.117389
7345,26,0.099208,0.119593
7346,20,0.098462,0.122449
7347,23,0.095811,0.111462
7348,16,0.096232,0.116129
7349,15,0.097155,0.120606
7350,24,0.095483,0.114758
7351,20,0.098685,0.116885
7352,16,0.096104,0.112855
7353,15,0.100830,0.117179
7354,21,0.100847,0.115358
7355,13,0.091659,0.105718
7356,21,0.098199,0.116343
7357,23,0.097946,0.119981
7358,13,0.103626,0.117383
7359,15,0.095494,0.120339
7360,18,0.093848,0.112362
7361,24,0.097837,0.116609
7362,17,0.097700,0.117429
7363,22,0.098061,0.116977
7364,14,0.098774,0.121727
7365,29,0.098357,0.121925
7366,18,0.096535,0.127009
7367,28,0.100832,0.122294
7368,21,0.099530,0.116258
7369,13,0.096805,0.123693
7370,16,0.102540,0.129950
7371,24,0.098637,0.122073
7372,22,0.098483,0.116364
7373,18,0.100872,0.113099
7374,16,0.099078,0.117244
7375,22,0.100433,0.122564
7376,17,0.100610,0.117187
7377,19,0.097294,0.123051
7378,27,0.096764,0.116896
7379,19,0.098113,0.110271
7380,16,0.100570,0.126980
7381,24,0.096606,0.113121
7382,14,0.094077,0.114143
7383,21,0.095893,0.111747
7384,19,0.091637,0.106854
7385,16,0.096798,0.116615
7386,19,0.096983,0.108209
7387,21,0.095852,0.108620
7388,29,0.099036,0.126855
7389,15,0.096261,0.116735
7390,18,0.100889,0.117381
7391,18,0.100536,0.123967
7392,17,0.102571,0.115729
7393,16,0.100991,0.127665
7394,18,0.101245,0.128664
7395,22,0.099790,0.125041
7396,18,0.098133,0.122082
7397,19,0.100030,0.120115
7398,20,0.097605,0.118862
7399,19,0.099009,0.122974
7400,14,0.095973,0.112908
7401,16,0.096133,0.112377
7402,20,0.096122,0.118138
7403,23,0.099337,0.127478
7404,27,0.098385,0.120629
7405,19,0.097364,0.117424
7406,14,0.098739,0.112915
7407,23,0.098556,0.125350
7408,19,0.098211,0.129049
7409,23,0.095476,0.132860
7410,16,0.098879,0.121596
7411,20,0.098412,0.135777
7412,14,0.100204,0.117965
7413,19,0.097237,0.111489
7414,24,0.099962,0.132931
7415,21,0.097512,0.108417
7416,24,0.097251,0.109247
7417,16,0.097566,0.110982
7418,22,0.098517,0.117960
7419,25,0.097449,0.119092
7420,28,0.096540,0.121794
7421,24,0.097831,0.118699
7422,18,0.101237,0.124069
7423,25,0.098111,0.124893
7424,18,0.100053,0.115770
7425,18,0.097902,0.130539
7426,18,0.095934,0.115005
7427,16,0.099585,0.117717
7428,18,0.100538,0.118602
7429,24,0.093229,0.104694
7430,22,0.099095,0.123186
7431,18,0.101305,0.128322
7432,19,0.098751,0.117938
7433,22,0.098127,0.118173
7434,14,0.096793,0.115682
7435,21,0.099159,0.124219
7436,23,0.097858,0.113741
7437,17,0.098759,0.125465
7438,23,0.097550,0.116348
7439,25,0.103677,0.126744
7440,17,0.098011,0.113917
7441,23,0.095563,0.111432
7442,14,0.096020,0.117416
7443,24,0.099740,0.116407
7444,11,0.097534,0.112100
7445,18,0.099205,0.124889
7446,24,0.092280,0.109112
7447,21,0.096992,0.109727
7448,25,0.101702,0.114889
7449,22,0.098959,0.117273
7450,24,0.100526,0.125263
7451,23,0.099589,0.120541
7452,17,0.100278,0.128570
7453,24,0.100185,0.117518
7454,15,0.103805,0.122359
7455,25,0.099811,0.122650
7456,18,0.101620,0.127440
7457,25,0.096540,0.119999
7458,19,0.098617,0.127360
7459,28,0.097137,0.119226
7460,18,0.098016,0.111988
7461,16,0.094158,0.120187
7462,22,0.100264,0.131826
7463,14,0.093503,0.112977
7464,16,0.099591,0.118824
7465,17,0.096501,0.110156
7466,18,0.101351,0.120219
7467,20,0.100154,0.120308
7468,18,0.097159,0.125596
7469,14,0.099455,0.115451
7470,20,0.097814,0.113481
7471,14,0.096032,0.109277
7472,21,0.099277,0.121775
7473,18,0.099243,0.123333
7474,23,0.101324,0.116098
7475,19,0.099727,0.119591
7476,24,0.095887,0.119060
7477,11,0.095896,0.115839
7478,12,0.096277,0.115589
7479,24,0.097012,0.118120
7480,21,0.093142,0.111688
7481,15,0.097264,0.112756
7482,20,0.096484,0.115318
7483,19,0.099461,0.121548
7484,14,0.094431,0.106387
7485,21,0.098522,0.120242
7486,21,0.096580,0.115044
7487,24,0.102450,0.123982
7488,15,0.098238,0.117513
7489,23,0.101280,0.115604
7490,19,0.098569,0.114439
7491,10,0.099132,0.119594
7492,21,0.095879,0.117769
7493,18,0.100075,0.114001
7494,31,0.097438,0.116520
7495,24,0.097568,0.120269
7496,15,0.100254,0.113473
7497,23,0.100608,0.126055
7498,19,0.096826,0.110936
7499,26,0.097969,0.116266
7500,17,0.096414,0.115689
7501,18,0.099732,0.117528
7502,22,0.099943,0.136476
7503,11,0.102113,0.125825
7504,16,0.100828,0.127084
7505,21,0.099044,0.123226
7506,23,0.095722,0.110380
7507,19,0.096040,0.110526
7508,22,0.103177,0.113748
7509,18,0.104185,0.129422
7510,30,0.097590,0.115732
7511,14,0.103002,0.119095
7512,19,0.098035,0.114054
7513,15,0.096725,0.110378
7514,19,0.102366,0.126213
7515,19,0.098682,0.116650
7516,18,0.101285,0.120427
7517,12,0.095701,0.109767
7518,20,0.097537,0.119691
7519,18,0.099328,0.115843
7520,20,0.101020,0.127341
7521,22,0.101853,0.119603
7522,25,0.098054,0.117774
7523,13,0.098143,0.110868
7524,20,0.097407,0.121454
7525,15,0.097317,0.124312
7526,20,0.096731,0.115029
7527,23,0.102953,0.126473
7528,17,0.096684,0.112536
7529,14,0.096069,0.110765
7530,20,0.100916,0.129343
7531,18,0.101796,0.124557
7532,25,0.100176,0.133328
7533,24,0.097657,0.112812
7534,20,0.099159,0.117490
7535,17,0.098378,0.131553
7536,18,0.095920,0.112632
7537,16,0.101423,0.116394
7538,13,0.104049,0.124219
7539,22,0.096221,0.115882
7540,17,0.101245,0.113283
7541,16,0.096539,0.121858
7542,20,0.092284,0.112289
7543,16,0.099186,0.124732
7544,19,0.099468,0.116208
7545,22,0.100650,0.134083
7546,19,0.099823,0.114058
7547,19,0.097246,0.116667
7548,21,0.097394,0.126352
7549,22,0.100307,0.117571
7550,14,0.093358,0.121616
7551,21,0.098976,0.113339
7552,22,0.099309,0.122913
7553,22,0.094605,0.109429
7554,12,0.102172,0.123728
7555,13,0.099033,0.119590
7556,16,0.098087,0.112513
7557,21,0.098981,0.124118
7558,25,0.099250,0.123325
7559,14,0.094897,0.109728
7560,18,0.099760,0.111239
7561,20,0.095002,0.119779
7562,24,0.097154,0.119145
7563,17,0.099581,0.116642
7564,26,0.099904,0.125104
7565,16,0.099909,0.114276
7566,13,0.097500,0.113169
7567,21,0.100761,0.122609
7568,18,0.092909,0.115919
7569,17,0.100218,0.121527
7570,16,0.098448,0.111122
7571,14,0.102099,0.119785
7572,21,0.100553,0.119016
7573,21,0.094738,0.111557
7574,22,0.097336,0.122831
7575,21,0.096358,0.114345
7576,27,0.096974,0.115776
7577,12,0.101710,0.118706
7578,29,0.100935,0.122960
7579,20,0.097166,0.126078
7580,26,0.099347,0.133629
7581,17,0.102656,0.115442
7582,19,0.099389,0.112571
7583,22,0.097631,0.116867
7584,20,0.098933,0.119238
7585,25,0.099709,0.124904
7586,19,0.101336,0.118488
7587,20,0.097517,0.119985
7588,22,0.098399,0.122881
7589,19,0.100483,0.123558
7590,22,0.098500,0.126244
7591,15,0.100053,0.121432
7592,12,0.102304,0.113805
7593,18,0.097534,0.116836
7594,20,0.097767,0.123136
7595,20,0.097389,0.126952
7596,19,0.098404,0.123602
7597,21,0.101519,0.120801
7598,24,0.095834,0.112225
7599,13,0.098930,0.131338
7600,18,0.095628,0.122987
7601,20,0.099017,0.131458
7602,21,0.097568,0.109707
7603,27,0.097236,0.125038
7604,23,0.099053,0.113658
7605,16,0.100636,0.117136
7606,15,0.099853,0.116584
7607,24,0.100590,0.117429
7608,23,0.098430,0.118758
7609,17,0.099617,0.114162
7610,17,0.093430,0.109638
7611,19,0.101150,0.123935
7612,18,0.098134,0.125869
7613,19,0.101053,0.119018
7614,21,0.096007,0.116764
7615,14,0.100576,0.120711
7616,17,0.098951,0.121912
7617,13,0.099706,0.113265
7618,17,0.098390,0.126394
7619,22,0.100662,0.123789
7620,21,0.098027,0.124319
7621,17,0.095993,0.117480
7622,22,0.097763,0.121961
7623,17,0.099376,0.117785
7624,18,0.094275,0.107348
7625,23,0.099226,0.118331
7626,20,0.096990,0.110042
7627,17,0.101833,0.127846
7628,22,0.095668,0.114112
7629,16,0.101017,0.113697
7630,27,0.098388,0.116408
7631,20,0.099239,0.110674
7632,14,0.099178,0.122812
7633,18,0.097622,0.112891
7634,20,0.100122,0.128255
7635,23,0.095924,0.111732
7636,14,0.097398,0.116424
7637,24,0.095033,0.123465
7638,18,0.095247,0.114299
7639,20,0.094155,0.115570
7640,19,0.098344,0.117259
7641,20,0.102995,0.121686
7642,20,0.097925,0.121360
7643,14,0.098391,0.112287
7644,16,0.102131,0.113719
7645,18,0.101265,0.130069
7646,27,0.094984,0.116195
7647,17,0.100684,0.116619
7648,29,0.096647,0.122101
7649,14,0.095010,0.116827
7650,13,0.096656,0.123747
7651,13,0.101206,0.118284
7652,23,0.094988,0.113617
7653,14,0.096492,0.123258
7654,19,0.101885,0.125359
7655,15,0.100815,0.125215
7656,18,0.097919,0.114262
7657,22,0.099126,0.122458
7658,19,0.101408,0.126269
7659,22,0.098474,0.117472
7660,22,0.098624,0.120690
7661,22,0.098453,0.115264
7662,18,0.097581,0.131904
7663,28,0.099059,0.120531
7664,19,0.099604,0.118942
7665,21,0.098208,0.121922
7666,18,0.097694,0.110823
7667,18,0.099014,0.126252
7668,14,0.098676,0.121495
7669,20,0.098641,0.121630
7670,21,0.095889,0.121776
7671,24,0.099147,0.122809
7672,25,0.098782,0.127620
7673,15,0.097735,0.112994
7674,17,0.098072,0.133282
7675,23,0.098808,0.132302
7676,18,0.094906,0.123927
7677,16,0.098820,0.117332
7678,11,0.096743,0.117325
7679,18,0.094413,0.113340
7680,20,0.095069,0.109956
7681,24,0.096228,0.122697
7682,24,0.095930,0.130184
7683,16,0.098835,0.111598
7684,22,0.099932,0.119686
7685,24,0.096126,0.118944
7686,22,0.102402,0.124266
7687,16,0.098672,0.119807
7688,17,0.095008,0.119847
7689,13,0.099252,0.125545
7690,10,0.097870,0.115120
7691,31,0.098095,0.127099
7692,16,0.100025,0.121690
7693,23,0.099860,0.115816
7694,21,0.101993,0.119416
7695,18,0.099718,0.114345
7696,24,0.097800,0.114376
7697,15,0.091444,0.106419
7698,21,0.096669,0.117114
7699,16,0.094180,0.118944
7700,17,0.100839,0.114505
7701,21,0.095967,0.115307
7702,15,0.095800,0.118982
7703,18,0.097287,0.112267
7704,15,0.095952,0.110153
7705,20,0.097525,0.127225
7706,21,0.096322,0.116176
7707,25,0.100195,0.121584
7708,18,0.100001,0.121163
7709,14,0.096791,0.109246
7710,21,0.098528,0.115680
7711,25,0.103055,0.121626
7712,28,0.100078,0.116622
7713,20,0.095835,0.111910
7714,17,0.093793,0.109611
7715,15,0.096098,0.107316
7716,22,0.098079,0.125352
7717,19,0.097820,0.118639
7718,24,0.097737,0.119356
7719,24,0.096984,0.124244
7720,24,0.099165,0.129231
7721,19,0.097092,0.125998
7722,23,0.101857,0.122281
7723,22,0.100443,0.125722
7724,26,0.099101,0.122267
7725,18,0.099195,0.117875
7726,14,0.099351,0.120826
7727,16,0.096952,0.120551
7728,19,0.100089,0.115633
7729,19,0.095636,0.116727
7730,25,0.099824,0.118981
7731,24,0.097223,0.112173
7732,16,0.095369,0.120493
7733,25,0.097349,0.115411
7734,15,0.093724,0.113445
7735,19,0.098850,0.119525
7736,22,0.101021,0.119645
7737,21,0.097685,0.117945
7738,18,0.099288,0.133897
7739,20,0.101866,0.122150
7740,16,0.098934,0.120848
7741,22,0.096772,0.113268
7742,20,0.097889,0.114303
7743,23,0.096259,0.118347
7744,12,0.101503,0.129061
7745,22,0.099055,0.112562
7746,10,0.096780,0.123839
7747,29,0.097834,0.112645
7748,20,0.099276,0.123413
7749,21,0.099173,0.127583
7750,21,0.100065,0.121739
7751,19,0.096238,0.112109
7752,22,0.099341,0.120630
7753,17,0.098949,0.115889
7754,16,0.101003,0.136363
7755,19,0.100480,0.118598
7756,19,0.095465,0.115877
7757,15,0.092117,0.115521
7758,22,0.099113,0.140521
7759,26,0.099139,0.127328
7760,20,0.099130,0.109988
7761,19,0.100940,0.124404
7762,20,0.099137,0.116447
7763,19,0.100639,0.119772
7764,16,0.092599,0.110489
7765,27,0.096177,0.116580
7766,20,0.097190,0.112220
7767,30,0.100199,0.116880
7768,26,0.097752,0.122598
7769,20,0.099392,0.122874
7770,19,0.097288,0.115267
7771,17,0.096018,0.114797
7772,16,0.100608,0.131675
7773,18,0.097659,0.114427
7774,16,0.100267,0.117452
7775,24,0.101569,0.124497
7776,21,0.100156,0.113165
7777,19,0.099249,0.130839
7778,16,0.099230,0.109999
7779,23,0.099941,0.118474
7780,21,0.095044,0.112353
7781,13,0.095941,0.107884
7782,24,0.097044,0.119943
7783,19,0.097871,0.126874
7784,21,0.099756,0.117082
7785,13,0.098282,0.123295
7786,24,0.103187,0.134261
7787,14,0.101350,0.111818
7788,19,0.100158,0.132642
7789,24,0.097670,0.114837
7790,16,0.098166,0.119707
7791,23,0.093334,0.118938
7792,18,0.097899,0.113191
7793,20,0.096819,0.113736
7794,24,0.095179,0.111391
7795,18,0.094387,0.118815
7796,20,0.100823,0.116666
7797,19,0.100860,0.116008
7798,21,0.100687,0.122633
7799,17,0.101959,0.121234
7800,27,0.098033,0.114547
7801,18,0.099038,0.117865
7802,17,0.097793,0.116228
7803,18,0.097563,0.117580
7804,18,0.101552,0.120622
7805,20,0.096979,0.116723
7806,22,0.095322,0.113340
7807,23,0.097492,0.120255
7808,15,0.102820,0.115925
7809,17,0.098288,0.128124
7810,12,0.098253,0.113856
7811,18,0.098571,0.124072
7812,20,0.102900,0.131627
7813,19,0.101959,0.126806
7814,17,0.098207,0.118581
7815,19,0.098470,0.120912
7816,22,0.099367,0.122110
7817,9,0.100211,0.113894
7818,20,0.097449,0.120447
7819,20,0.103472,0.124358
7820,18,0.096837,0.114628
7821,23,0.095345,0.116652
7822,22,0.096513,0.114974
7823,18,0.102256,0.132226
7824,23,0.095449,0.114256
7825,17,0.099472,0.121260
7826,20,0.096064,0.119899
7827,19,0.097227,0.109523
7828,19,0.097374,0.114785
7829,25,0.100261,0.135997
7830,23,0.096032,0.119406
7831,17,0.100857,0.124212
7832,20,0.099169,0.118169
7833,23,0.100302,0.123636
7834,21,0.096633,0.121109
7835,15,0.100281,0.129903
7836,19,0.096645,0.114642
7837,23,0.099922,0.122284
7838,20,0.102370,0.124969
7839,22,0.098435,0.121333
7840,22,0.097853,0.114641
7841,16,0.100037,0.117652
7842,20,0.098578,0.117608
7843,11,0.098696,0.123166
7844,16,0.098720,0.120044
7845,19,0.100304,0.134127
7846,20,0.098554,0.114805
7847,24,0.096990,0.118135
7848,21,0.098316,0.120555
7849,14,0.093538,0.113721
7850,12,0.098777,0.116677
7851,16,0.100149,0.125784
7852,19,0.098602,0.126413
7853,21,0.098067,0.113028
7854,16,0.102278,0.109468
7855,25,0.100072,0.116072
7856,22,0.099954,0.119975
7857,18,0.099551,0.122672
7858,23,0.098530,0.120862
7859,19,0.097277,0.121223
7860,16,0.099222,0.121109
7861,20,0.101185,0.131417
7862,13,0.096186,0.111369
7863,21,0.096625,0.121920
7864,14,0.100533,0.115099
7865,15,0.100328,0.122118
7866,26,0.098205,0.130810
7867,25,0.098659,0.110336
7868,24,0.097881,0.128067
7869,17,0.100308,0.120452
7870,21,0.102485,0.128312
7871,19,0.098976,0.123027
7872,11,0.096873,0.116690
7873,16,0.094813,0.113577
7874,19,0.094623,0.110704
7875,22,0.094847,0.111547
7876,18,0.099825,0.120349
7877,21,0.094770,0.113549
7878,24,0.096612,0.119624
7879,26,0.098709,0.117526
7880,18,0.097237,0.120653
7881,20,0.096710,0.112344
7882,24,0.100152,0.110476
7883,18,0.103139,0.124127
7884,20,0.098631,0.122330
7885,22,0.100339,0.122212
7886,21,0.098851,0.122689
7887,16,0.098568,0.119056
7888,20,0.098383,0.123547
7889,19,0.097991,0.119877
7890,17,0.099464,0.119862
7891,19,0.098576,0.115951
7892,22,0.102666,0.136714
7893,16,0.095562,0.112948
7894,23,0.101408,0.119723
7895,16,0.100986,0.123121
7896,16,0.095930,0.109837
7897,16,0.101714,0.122242
7898,27,0.101610,0.122879
7899,13,0.095249,0.113323
7900,16,0.095329,0.116017
7901,20,0.096722,0.114654
7902,28,0.099389,0.123176
7903,17,0.098081,0.120817
7904,25,0.100589,0.119220
7905,22,0.100800,0.126168
7906,23,0.100234,0.120612
7907,16,0.093201,0.110785
7908,20,0.097859,0.123773
7909,12,0.100038,0.120796
7910,19,0.095075,0.110939
7911,18,0.094920,0.108771
7912,18,0.100857,0.122592
7913,26,0.097588,0.111538
7914,23,0.098043,0.115484
7915,21,0.097107,0.118668
7916,24,0.099678,0.123783
7917,15,0.100730,0.117243
7918,22,0.099144,0.121574
7919,24,0.097486,0.113826
7920,25,0.100614,0.114966
7921,22,0.101282,0.121775
7922,11,0.097493,0.122101
7923,19,0.099680,0.123404
7924,13,0.095547,0.111096
7925,16,0.096807,0.115971
7926,22,0.102989,0.129902
7927,21,0.100848,0.128510
7928,20,0.098002,0.120183
7929,17,0.097893,0.113589
7930,20,0.099277,0.122318
7931,17,0.098846,0.114086
7932,17,0.098857,0.113822
7933,27,0.099470,0.114770
7934,14,0.098744,0.113472
7935,24,0.100277,0.120418
7936,16,0.099830,0.122428
7937,15,0.096637,0.110978
7938,23,0.099410,0.113984
7939,17,0.102391,0.120071
7940,25,0.099035,0.124764
7941,14,0.098998,0.121264
7942,17,0.098947,0.125044
7943,21,0.100324,0.126810
7944,16,0.101252,0.117443
7945,17,0.101830,0.125686
7946,20,0.096245,0.125192
7947,13,0.096790,0.119036
7948,11,0.099830,0.117690
7949,19,0.099174,0.119159
7950,16,0.097482,0.119282
7951,18,0.099422,0.125994
7952,15,0.096930,0.108573
7953,24,0.098547,0.121785
7954,17,0.099884,0.116870
7955,20,0.100118,0.115750
7956,22,0.101401,0.114529
7957,25,0.097590,0.123384
7958,18,0.096985,0.111320
7959,25,0.098447,0.116844
7960,13,0.096989,0.122478
7961,15,0.098541,0.120821
7962,19,0.091158,0.108192
7963,19,0.097369,0.113099
7964,23,0.097420,0.118302
7965,18,0.094517,0.110324
7966,20,0.102512,0.126553
7967,6,0.097495,0.101670
7968,16,0.099548,0.125561
7969,19,0.097929,0.116371
7970,20,0.100869,0.128245
7971,16,0.102128,0.122061
7972,16,0.100717,0.111439
7973,14,0.097572,0.115406
7974,18,0.095684,0.124378
7975,20,0.098250,0.132492
7976,21,0.098561,0.128771
7977,13,0.095002,0.111632
7978,17,0.099775,0.122084
7979,21,0.098431,0.114407
7980,19,0.100823,0.133128
7981,26,0.096930,0.122071
7982,17,0.096414,0.110659
7983,23,0.096036,0.109923
7984,23,0.095087,0.114436
7985,13,0.098020,0.111561
7986,19,0.099104,0.120699
7987,20,0.098247,0.119326
7988,21,0.098121,0.119943
7989,14,0.096333,0.111862
7990,23,0.098050,0.119411
7991,15,0.100185,0.117042
7992,20,0.102428,0.121648
7993,17,0.096957,0.117959
7994,19,0.097255,0.118219
7995,10,0.099525,0.115139
7996,14,0.095297,0.109916
7997,20,0.103244,0.130915
7998,19,0.096671,0.113612
7999,22,0.097095,0.117385
8000,23,0.098870,0.119868
8001,18,0.096676,0.112879
8002,13,0.104596,0.117996
8003,17,0.102341,0.122359
8004,20,0.098768,0.123857
8005,14,0.099447,0.116060
8006,15,0.102627,0.116741
8007,14,0.096713,0.118021
8008,20,0.094357,0.117230
8009,15,0.099724,0.127759
8010,20,0.097573,0.112301
8011,18,0.097748,0.114587
8012,14,0.101904,0.136726
8013,24,0.099412,0.138126
8014,21,0.097877,0.114890
8015,24,0.100645,0.119369
8016,26,0.101394,0.118962
8017,19,0.100846,0.113625
8018,25,0.100647,0.125688
8019,20,0.100774,0.131092
8020,25,0.093523,0.109932
8021,19,0.102675,0.126452
8022,20,0.101391,0.119652
8023,18,0.096004,0.118112
8024,19,0.098656,0.111691
8025,16,0.095760,0.111120
8026,21,0.096426,0.128074
8027,23,0.098763,0.131019
8028,20,0.096734,0.120139
8029,24,0.101064,0.129046
8030,19,0.100392,0.115825
8031,23,0.097488,0.113113
8032,23,0.099818,0.116788
8033,20,0.095906,0.111382
8034,16,0.093419,0.110600
8035,16,0.096110,0.115153
8036,25,0.100635,0.124458
8037,20,0.096830,0.115298
8038,15,0.097545,0.123214
8039,20,0.101104,0.123715
8040,18,0.099010,0.113269
8041,20,0.099491,0.117809
8042,17,0.098767,0.111302
8043,21,0.099168,0.112769
8044,20,0.098025,0.113656
8045,20,0.096438,0.120753
8046,14,0.097195,0.124301
8047,16,0.100639,0.115729
8048,14,0.099326,0.117263
8049,14,0.098030,0.116497
8050,24,0.101091,0.120941
8051,16,0.095829,0.119568
8052,25,0.097685,0.119993
8053,15,0.100778,0.126740
8054,29,0.096923,0.122685
8055,14,0.095077,0.107272
8056,21,0.097912,0.120077
8057,19,0.099865,0.120677
8058,20,0.100944,0.118376
8059,18,0.096276,0.114526
8060,13,0.098142,0.124116
8061,17,0.097997,0.120093
8062,21,0.098161,0.114242
8063,14,0.099639,0.114021
8064,21,0.097589,0.120623
8065,19,0.097905,0.116118
8066,25,0.093643,0.110569
8067,16,0.098423,0.112438
8068,20,0.099946,0.119837
8069,24,0.100258,0.120992
8070,20,0.100040,0.123489
8071,18,0.103854,0.121072
8072,16,0.102904,0.119248
8073,22,0.098669,0.122443
8074,19,0.096774,0.119254
8075,21,0.097852,0.113506
8076,19,0.096849,0.115266
8077,19,0.096853,0.119450
8078,23,0.097477,0.115493
8079,23,0.098317,0.117928
8080,17,0.102975,0.137512
8081,23,0.096943,0.116974
8082,16,0.097229,0.115815
8083,15,0.095145,0.129438
8084,18,0.097857,0.119020
8085,24,0.098022,0.129277
8086,15,0.100737,0.130240
8087,8,0.095314,0.118582
8088,18,0.097588,0.125956
8089,17,0.096620,0.124420
8090,12,0.097493,0.111193
8091,29,0.097652,0.114670
8092,27,0.093990,0.111800
8093,18,0.099262,0.117117
8094,14,0.096764,0.115212
8095,19,0.102401,0.115523
8096,17,0.100471,0.118485
8097,19,0.099027,0.123986
8098,12,0.097813,0.109234
8099,22,0.095681,0.112758
8100,20,0.096267,0.109751
8101,19,0.098648,0.123089
8102,16,0.099205,0.139800
8103,23,0.100787,0.124277
8104,21,0.101286,0.123195
8105,21,0.096340,0.113854
8106,9,0.099663,0.114936
8107,23,0.101869,0.132333
8108,16,0.099346,0.124037
8109,19,0.099927,0.115735
8110,22,0.103212,0.121659
8111,13,0.094541,0.106538
8112,11,0.098674,0.124807
8113,15,0.100502,0.115441
8114,12,0.096284,0.108139
8115,26,0.096256,0.112669
8116,23,0.097667,0.123879
8117,21,0.101670,0.120607
8118,21,0.095463,0.110017
8119,22,0.099886,0.126050
8120,20,0.097293,0.116117
8121,21,0.098088,0.135594
8122,21,0.096395,0.119541
8123,16,0.092747,0.112444
8124,19,0.097745,0.116598
8125,10,0.101354,0.120331
8126,18,0.097942,0.119862
8127,19,0.098379,0.128087
8128,21,0.100523,0.124170
8129,22,0.097133,0.122003
8130,24,0.102329,0.126585
8131,26,0.101083,0.125645
8132,16,0.096641,0.107586
8133,17,0.097137,0.124432
8134,32,0.098099,0.121707
8135,21,0.098181,0.113005
8136,16,0.096198,0.113710
8137,19,0.099731,0.119140
8138,25,0.097948,0.118676
8139,19,0.095741,0.114896
8140,22,0.096751,0.109240
8141,28,0.098547,0.114319
8142,21,0.099841,0.121152
8143,24,0.100677,0.127381
8144,25,0.095463,0.123693
8145,18,0.099801,0.117834
8146,28,0.097108,0.117795
8147,19,0.100497,0.114206
8148,15,0.097181,0.115078
8149,20,0.095802,0.118979
8150,21,0.097826,0.127324
8151,16,0.097676,0.117248
8152,15,0.091873,0.114971
8153,16,0.097239,0.115038
8154,16,0.102749,0.118833
8155,21,0.096875,0.132885
8156,13,0.097796,0.116914
8157,14,0.100097,0.115216
8158,16,0.102888,0.120188
8159,26,0.099441,0.108660
8160,21,0.096396,0.125945
8161,16,0.102176,0.117501
8162,24,0.099522,0.116828
8163,20,0.097078,0.117785
8164,18,0.094878,0.116911
8165,21,0.095350,0.116727
8166,17,0.098330,0.115454
8167,15,0.097985,0.122979
8168,25,0.100792,0.124872
8169,18,0.099449,0.113150
8170,13,0.100017,0.117152
8171,17,0.096381,0.107877
8172,16,0.102429,0.117463
8173,22,0.095487,0.116530
8174,15,0.098933,0.118150
8175,20,0.098322,0.113434
8176,10,0.098916,0.126878
8177,21,0.102392,0.122097
8178,18,0.102571,0.125851
8179,21,0.099437,0.123947
8180,18,0.101496,0.130493
8181,18,0.099700,0.123195
8182,25,0.098746,0.119787
8183,20,0.098019,0.110781
8184,19,0.101682,0.129579
8185,18,0.099196,0.121332
8186,18,0.092913,0.129225
8187,19,0.095797,0.111777
8188,19,0.098045,0.116774
8189,11,0.100372,0.117104
8190,20,0.098683,0.124323
8191,13,0.100691,0.113601
8192,22,0.098414,0.112824
8193,18,0.095482,0.118132
8194,17,0.099274,0.114065
8195,23,0.095497,0.122112
8196,20,0.095622,0.123986
8197,21,0.097004,0.120366
8198,17,0.094143,0.120706
8199,20,0.098979,0.128205
8200,25,0.098429,0.123453
8201,18,0.098308,0.134275
8202,22,0.097598,0.107765
8203,16,0.093412,0.105996
8204,19,0.099811,0.116899
8205,19,0.100536,0.126024
8206,24,0.097690,0.109925
8207,23,0.098410,0.125159
8208,17,0.098615,0.119971
8209,16,0.097495,0.112236
8210,24,0.097629,0.118128
8211,35,0.100081,0.119350
8212,18,0.099217,0.112615
8213,18,0.098658,0.115246
8214,15,0.096742,0.113197
8215,19,0.099336,0.118232
8216,20,0.097040,0.121591
8217,20,0.099842,0.121331
8218,25,0.096990,0.121084
8219,17,0.100397,0.117634
8220,17,0.098151,0.116693
8221,18,0.098126,0.116187
8222,24,0.102136,0.129822
8223,19,0.099380,0.114778
8224,23,0.095466,0.116566
8225,18,0.096917,0.124762
8226,14,0.099464,0.124277
8227,24,0.098855,0.121518
8228,20,0.100756,0.121358
8229,18,0.096680,0.112934
8230,23,0.100501,0.117276
8231,14,0.100133,0.117310
8232,14,0.103020,0.135074
8233,21,0.099892,0.124259
8234,20,0.099083,0.118860
8235,19,0.099997,0.122426
8236,15,0.096266,0.112269
8237,23,0.101941,0.123246
8238,19,0.101967,0.118693
8239,20,0.097204,0.124204
8240,18,0.096313,0.116628
8241,27,0.100313,0.119566
8242,21,0.099008,0.112958
8243,18,0.097406,0.118600
8244,25,0.098413,0.122975
8245,14,0.096911,0.118822
8246,10,0.091911,0.104822
8247,19,0.098840,0.114947
8248,17,0.100697,0.118430
8249,22,0.098321,0.122384
8250,18,0.100495,0.119604
8251,21,0.098724,0.115875
8252,31,0.099382,0.116504
8253,22,0.096674,0.111380
8254,23,0.098011,0.117622
8255,18,0.099101,0.112013
8256,19,0.101072,0.120141
8257,18,0.097582,0.118729
8258,17,0.099640,0.127659
8259,25,0.098981,0.121077
8260,17,0.099142,0.110556
8261,22,0.102277,0.128718
8262,26,0.103241,0.135362
8263,23,0.100532,0.111521
8264,13,0.095269,0.114794
8265,20,0.098476,0.121942
8266,21,0.098542,0.125918
8267,27,0.097111,0.117053
8268,12,0.096699,0.108608
8269,17,0.097465,0.112499
8270,11,0.096066,0.114585
8271,22,0.097501,0.114186
8272,23,0.094705,0.124274
8273,17,0.094599,0.110685
8274,28,0.099099,0.123257
8275,15,0.093726,0.110403
8276,18,0.098613,0.121054
8277,10,0.095689,0.109383
8278,17,0.096312,0.110011
8279,13,0.096951,0.115754
8280,20,0.100229,0.124379
8281,20,0.099539,0.118963
8282,16,0.093974,0.113646
8283,19,0.097403,0.122555
8284,13,0.100203,0.117677
8285,17,0.097443,0.122929
8286,19,0.096280,0.110359
8287,11,0.097071,0.116103
8288,23,0.097457,0.112452
8289,15,0.094628,0.117002
8290,21,0.104388,0.121145
8291,28,0.098307,0.120608
8292,17,0.101566,0.116929
8293,11,0.100213,0.127535
8294,24,0.101164,0.115842
8295,17,0.095361,0.109517
8296,17,0.098051,0.115183
8297,19,0.100392,0.119351
8298,16,0.101785,0.124395
8299,20,0.097529,0.124724
8300,18,0.102023,0.123249
8301,25,0.096257,0.119712
8302,16,0.099249,0.117197
8303,25,0.093519,0.116941
8304,17,0.095520,0.111325
8305,18,0.099870,0.122251
8306,16,0.100506,0.120622
8307,12,0.094287,0.108413
8308,19,0.094841,0.108925
8309,16,0.100094,0.115023
8310,19,0.101992,0.131360
8311,18,0.094332,0.111555
8312,25,0.098582,0.129988
8313,20,0.096671,0.122720
8314,16,0.098224,0.119346
8315,18,0.100233,0.118688
8316,21,0.100332,0.120122
8317,16,0.099477,0.134061
8318,20,0.099871,0.130390
8319,19,0.099157,0.122821
8320,17,0.097712,0.120901
8321,18,0.102291,0.127881
8322,15,0.097926,0.115809
8323,15,0.104392,0.129680
8324,22,0.097538,0.123575
8325,19,0.102840,0.123520
8326,19,0.096576,0.119221
8327,21,0.097224,0.120894
8328,24,0.097176,0.114304
8329,20,0.096975,0.116477
8330,20,0.099214,0.125967
8331,11,0.102606,0.113348
8332,15,0.100198,0.132623
8333,14,0.097182,0.110969
8334,23,0.094488,0.113318
8335,20,0.097823,0.114004
8336,17,0.103462,0.127331
8337,23,0.096433,0.117219
8338,16,0.100445,0.119143
8339,21,0.100225,0.118588
8340,12,0.096866,0.108599
8341,17,0.095097,0.110301
8342,27,0.099669,0.121370
8343,15,0.094322,0.113098
8344,23,0.096082,0.118174
8345,16,0.098860,0.123619
8346,19,0.101504,0.116858
8347,14,0.100868,0.122177
8348,19,0.094288,0.115355
8349,17,0.097572,0.117837
8350,19,0.096807,0.115940
8351,15,0.104221,0.124133
8352,16,0.098409,0.122749
8353,21,0.099516,0.119798
8354,15,0.103052,0.118042
8355,15,0.100708,0.125221
8356,24,0.096775,0.118810
8357,21,0.096400,0.113129
8358,15,0.096483,0.119200
8359,14,0.099046,0.113591
8360,25,0.097988,0.118319
8361,16,0.098519,0.114066
8362,23,0.098252,0.123122
8363,26,0.101196,0.139110
8364,19,0.097061,0.124186
8365,16,0.101776,0.127545
8366,21,0.098740,0.118717
8367,20,0.100035,0.116512
8368,19,0.099303,0.128395
8369,20,0.097434,0.119145
8370,14,0.096324,0.110431
8371,19,0.096517,0.113009
8372,19,0.098274,0.107313
8373,15,0.095111,0.128688
8374,20,0.093597,0.120332
8375,22,0.098872,0.123183
8376,17,0.096724,0.124239
8377,16,0.098055,0.123929
8378,20,0.096959,0.109061
8379,26,0.101375,0.125118
8380,18,0.095571,0.119975
8381,20,0.094169,0.118184
8382,12,0.097838,0.122515
8383,20,0.098744,0.115288
8384,22,0.095217,0.110072
8385,17,0.095782,0.111448
8386,18,0.101318,0.116045
8387,17,0.097411,0.114203
8388,17,0.096875,0.119923
8389,16,0.099748,0.124950
8390,17,0.096015,0.120382
8391,19,0.094514,0.112161
8392,15,0.097193,0.125755
8393,22,0.097889,0.125157
8394,16,0.098691,0.119459
8395,18,0.097929,0.113069
8396,24,0.096626,0.110085
8397,18,0.100448,0.124033
8398,19,0.100454,0.123333
8399,20,0.096314,0.111953
8400,16,0.096086,0.119375
8401,22,0.100522,0.112354
8402,16,0.097371,0.116596
8403,18,0.100481,0.115596
8404,19,0.101022,0.114416
8405,15,0.099295,0.114836
8406,23,0.101943,0.126749
8407,18,0.097672,0.112837
8408,18,0.099102,0.116763
8409,16,0.099560,0.118508
8410,14,0.099974,0.119475
8411,13,0.094968,0.111922
8412,14,0.100303,0.129426
8413,17,0.100839,0.113241
8414,17,0.098453,0.120360
8415,17,0.097066,0.117374
8416,27,0.100151,0.128839
8417,19,0.095777,0.112923
8418,18,0.101049,0.119970
8419,10,0.094720,0.110195
8420,23,0.097843,0.122506
8421,13,0.100958,0.113472
8422,19,0.098450,0.118081
8423,23,0.095823,0.112647
8424,16,0.100186,0.124159
8425,17,0.102059,0.121551
8426,21,0.100125,0.116970
8427,18,0.096212,0.127139
8428,27,0.097669,0.120834
8429,11,0.100351,0.119745
8430,20,0.102140,0.131244
8431,21,0.097910,0.116459
8432,29,0.094783,0.114482
8433,22,0.098637,0.112309
8434,19,0.096942,0.112716
8435,15,0.094455,0.127706
8436,21,0.102632,0.125011
8437,19,0.099435,0.116612
8438,25,0.097274,0.115037
8439,23,0.098864,0.117320
8440,19,0.103395,0.122423
8441,18,0.101107,0.124009
8442,28,0.097975,0.114136
8443,19,0.100613,0.137279
8444,24,0.099065,0.117924
8445,22,0.096265,0.111030
8446,16,0.100669,0.121621
8447,16,0.097358,0.114031
8448,17,0.097161,0.115920
8449,17,0.099275,0.112605
8450,22,0.099014,0.120282
8451,17,0.100088,0.115321
8452,16,0.096054,0.124220
8453,13,0.103945,0.125179
8454,13,0.094537,0.106855
8455,19,0.099954,0.133399
8456,15,0.095703,0.109499
8457,21,0.095603,0.115808
8458,12,0.101276,0.109807
8459,21,0.100289,0.121648
8460,16,0.096431,0.109443
8461,17,0.096129,0.111799
8462,23,0.095419,0.126042
8463,18,0.098349,0.114011
8464,25,0.098446,0.128480
8465,11,0.096859,0.108876
8466,21,0.101899,0.122997
8467,20,0.101958,0.123500
8468,25,0.096494,0.124492
8469,25,0.098088,0.119952
8470,16,0.098810,0.117280
8471,22,0.096300,0.113648
8472,19,0.098649,0.124816
8473,24,0.101589,0.124940
8474,16,0.098563,0.115897
8475,21,0.099912,0.120154
8476,30,0.098789,0.115373
8477,19,0.095576,0.120546
8478,18,0.099417,0.122018
8479,14,0.096293,0.117535
8480,17,0.100095,0.114864
8481,13,0.093461,0.114578
8482,21,0.097376,0.115656
8483,26,0.097984,0.116292
8484,19,0.093345,0.112459
8485,15,0.096860,0.112311
8486,21,0.096216,0.115404
8487,21,0.100528,0.120535
8488,24,0.100508,0.119396
8489,22,0.100527,0.121644
8490,21,0.097676,0.112911
8491,22,0.099853,0.117962
8492,26,0.099642,0.120143
8493,30,0.097682,0.116423
8494,18,0.097641,0.114091
8495,24,0.101598,0.123184
8496,19,0.100985,0.116715
8497,24,0.098232,0.117048
8498,22,0.100566,0.118933
8499,14,0.093628,0.109832
8500,23,0.100261,0.130945
8501,25,0.099805,0.122315
8502,17,0.096100,0.123538
8503,18,0.098913,0.126800
8504,12,0.093858,0.117032
8505,17,0.096728,0.123793
8506,19,0.100109,0.129083
8507,22,0.098100,0.120263
8508,20,0.100025,0.118603
8509,21,0.098275,0.122455
8510,20,0.097746,0.120163
8511,13,0.102055,0.119432
8512,27,0.100819,0.131003
8513,17,0.098578,0.117677
8514,21,0.098408,0.112948
8515,14,0.096169,0.115421
8516,15,0.101397,0.121064
8517,17,0.092145,0.113154
8518,15,0.099246,0.113868
8519,18,0.097708,0.119985
8520,20,0.095263,0.113307
8521,23,0.098263,0.117705
8522,17,0.099203,0.114056
8523,21,0.097206,0.111820
8524,22,0.093716,0.114224
8525,17,0.094547,0.115679
8526,13,0.097863,0.121321
8527,19,0.099282,0.117009
8528,15,0.099335,0.114798
8529,17,0.102086,0.128915
8530,17,0.101072,0.117337
8531,26,0.100723,0.118231
8532,20,0.099137,0.110804
8533,20,0.097127,0.118386
8534,18,0.099094,0.120796
8535,21,0.099263,0.114001
8536,21,0.099380,0.118889
8537,18,0.100844,0.127038
8538,22,0.099471,0.117040
8539,16,0.095934,0.108800
8540,19,0.099973,0.113180
8541,21,0.095889,0.117797
8542,21,0.103033,0.116910
8543,19,0.100624,0.121670
8544,26,0.100432,0.121635
8545,17,0.098512,0.112889
8546,15,0.095893,0.119089
8547,24,0.096413,0.106857
8548,21,0.095568,0.111866
8549,20,0.096888,0.119181
8550,20,0.100706,0.124698
8551,26,0.097423,0.117877
8552,18,0.101574,0.126884
8553,28,0.100015,0.121404
8554,14,0.097509,0.110394
8555,20,0.101855,0.123727
8556,16,0.096774,0.113013
8557,20,0.096445,0.112745
8558,21,0.099124,0.120326
8559,19,0.101988,0.117169
8560,17,0.099872,0.120104
8561,24,0.097824,0.121692
8562,19,0.098092,0.111506
8563,19,0.094833,0.117719
8564,19,0.096232,0.120141
8565,17,0.100374,0.117394
8566,22,0.095329,0.120560
8567,18,0.098817,0.113888
8568,14,0.101413,0.123246
8569,26,0.100276,0.118643
8570,17,0.094643,0.110953
8571,17,0.096974,0.110038
8572,17,0.101075,0.119629
8573,22,0.094772,0.113709
8574,16,0.098359,0.113765
8575,21,0.097342,0.116299
8576,20,0.096801,0.117577
8577,20,0.096948,0.129532
8578,25,0.095947,0.118388
8579,20,0.100187,0.120794
8580,18,0.098634,0.119418
8581,16,0.093657,0.110585
8582,23,0.096618,0.113899
8583,23,0.094631,0.111867
8584,18,0.101910,0.121620
8585,22,0.096640,0.124165
8586,21,0.098092,0.116357
8587,27,0.099389,0.117307
8588,14,0.099754,0.124254
8589,18,0.102310,0.115279
8590,16,0.100479,0.119071
8591,21,0.098474,0.117935
8592,19,0.098239,0.120381
8593,23,0.103548,0.133549
8594,20,0.102397,0.115441
8595,20,0.095761,0.122448
8596,19,0.100517,0.120902
8597,20,0.100711,0.130448
8598,19,0.099041,0.112773
8599,20,0.099213,0.120012
8600,19,0.096525,0.115621
8601,29,0.099218,0.131705
8602,20,0.097029,0.125036
8603,18,0.095016,0.111129
8604,18,0.103083,0.120781
8605,19,0.099638,0.125941
8606,17,0.097650,0.124780
8607,20,0.095876,0.126602
8608,23,0.099550,0.118284
8609,26,0.097043,0.126402
8610,16,0.098369,0.128172
8611,23,0.097756,0.119289
8612,17,0.100052,0.130476
8613,21,0.098108,0.126354
8614,18,0.097210,0.116430
8615,22,0.097702,0.120491
8616,24,0.098794,0.125565
8617,22,0.097696,0.120196
8618,20,0.100749,0.119521
8619,13,0.097350,0.125308
8620,19,0.096483,0.106963
8621,18,0.098911,0.122724
8622,15,0.102665,0.128108
8623,23,0.100436,0.116241
8624,19,0.101258,0.123365
8625,23,0.099596,0.119522
8626,20,0.096151,0.111277
8627,19,0.096731,0.110589
8628,22,0.097263,0.116862
8629,15,0.099036,0.113533
8630,12,0.098682,0.111790
8631,26,0.100796,0.117930
8632,15,0.097471,0.121459
8633,17,0.102258,0.125158
8634,15,0.103418,0.130316
8635,12,0.095092,0.109184
8636,20,0.100375,0.121273
8637,13,0.096715,0.116957
8638,17,0.099163,0.118237
8639,19,0.097900,0.116630
8640,17,0.096828,0.118581
8641,25,0.097787,0.127489
8642,24,0.097089,0.123990
8643,17,0.091207,0.100946
8644,26,0.098298,0.121314
8645,11,0.100486,0.114171
8646,18,0.097745,0.124037
8647,12,0.098232,0.121374
8648,17,0.097535,0.107740
8649,26,0.101269,0.119862
8650,21,0.099121,0.114897
8651,22,0.102519,0.127879
8652,20,0.096139,0.116404
8653,20,0.097724,0.113126
8654,23,0.099789,0.114401
8655,22,0.098751,0.115873
8656,24,0.100629,0.115273
8657,12,0.099205,0.113783
8658,15,0.098515,0.120891
8659,17,0.100200,0.114365
8660,25,0.103127,0.126713
8661,22,0.099340,0.117577
8662,23,0.097902,0.120579
8663,25,0.100277,0.114404
8664,16,0.101955,0.121000
8665,20,0.100402,0.118907
8666,17,0.097043,0.114490
8667,24,0.096792,0.121991
8668,22,0.095895,0.108314
8669,15,0.097032,0.118760
8670,23,0.099519,0.119470
8671,23,0.094872,0.135059
8672,24,0.094745,0.118517
8673,26,0.099432,0.114330
8674,14,0.099950,0.120629
8675,23,0.105069,0.128170
8676,21,0.101111,0.120384
8677,17,0.097907,0.117834
8678,22,0.097276,0.117730
8679,21,0.096357,0.121813
8680,19,0.098805,0.117017
8681,21,0.097621,0.113176
8682,16,0.097650,0.108610
8683,22,0.099911,0.117765
8684,22,0.097895,0.121149
8685,24,0.095495,0.109729
8686,13,0.096874,0.108993
8687,26,0.100396,0.118750
8688,22,0.098626,0.113054
8689,20,0.096960,0.113743
8690,23,0.100487,0.118669
8691,20,0.099911,0.116437
8692,23,0.096388,0.124209
8693,18,0.100730,0.112787
8694,23,0.098594,0.117433
8695,21,0.100771,0.116589
8696,22,0.098951,0.120005
8697,15,0.100467,0.122756
8698,17,0.097696,0.130025
8699,13,0.096520,0.119904
8700,22,0.099347,0.115465
8701,15,0.096392,0.122857
8702,19,0.100014,0.123529
8703,17,0.096748,0.116687
8704,19,0.097498,0.115978
8705,20,0.099834,0.122438
8706,20,0.102088,0.117874
8707,22,0.096869,0.108370
8708,16,0.100666,0.118183
8709,19,0.099448,0.117729
8710,19,0.098319,0.125376
8711,18,0.098059,0.123805
8712,31,0.098383,0.120846
8713,21,0.102154,0.122350
8714,16,0.098905,0.117251
8715,21,0.098304,0.114690
8716,25,0.096358,0.119685
8717,20,0.100728,0.122461
8718,18,0.095906,0.119903
8719,21,0.096498,0.122049
8720,11,0.095871,0.114355
8721,18,0.097338,0.116061
8722,23,0.097478,0.126615
8723,20,0.100445,0.118146
8724,13,0.093335,0.125889
8725,25,0.098773,0.135027
8726,12,0.099894,0.117250
8727,19,0.096581,0.114577
8728,16,0.100255,0.126846
8729,23,0.096579,0.120262
8730,23,0.097430,0.119345
8731,16,0.096908,0.122229
8732,20,0.099567,0.124033
8733,21,0.094347,0.106805
8734,18,0.093841,0.111517
8735,21,0.101916,0.120099
8736,18,0.095356,0.108399
8737,24,0.095638,0.119784
8738,24,0.098795,0.119435
8739,15,0.097328,0.106931
8740,22,0.100423,0.116146
8741,22,0.100276,0.125409
8742,17,0.097934,0.125120
8743,17,0.097620,0.119957
8744,24,0.097076,0.117591
8745,26,0.096172,0.122202
8746,16,0.099688,0.120444
8747,22,0.098359,0.118298
8748,17,0.095774,0.121964
8749,16,0.103699,0.114386
8750,21,0.098736,0.113589
8751,31,0.100250,0.123674
8752,21,0.097067,0.120729
8753,29,0.098549,0.118203
8754,19,0.096447,0.125508
8755,13,0.095684,0.111345
8756,23,0.099169,0.121504
8757,18,0.095877,0.119525
8758,23,0.098576,0.111680
8759,23,0.096955,0.118116
8760,17,0.100631,0.122670
8761,26,0.098870,0.115476
8762,24,0.097760,0.119292
8763,19,0.098063,0.122168
8764,14,0.097671,0.113931
8765,19,0.098176,0.117659
8766,19,0.099574,0.117633
8767,12,0.103274,0.122644
8768,23,0.098628,0.117876
8769,20,0.099255,0.126330
8770,19,0.100907,0.116709
8771,18,0.098420,0.118363
8772,21,0.097654,0.112712
8773,22,0.099469,0.120362
8774,21,0.096624,0.118850
8775,20,0.096124,0.112938
8776,20,0.099367,0.116210
8777,10,0.093268,0.114411
8778,17,0.097116,0.110806
8779,22,0.101948,0.138494
8780,17,0.104790,0.125197
8781,24,0.100748,0.128605
8782,24,0.102544,0.124468
8783,21,0.099657,0.115188
8784,24,0.098527,0.126501
8785,16,0.094371,0.115875
8786,18,0.093573,0.113291
8787,16,0.097352,0.111224
8788,15,0.099421,0.112913
8789,21,0.096640,0.118311
8790,12,0.098686,0.112046
8791,19,0.098777,0.117399
8792,31,0.100716,0.124498
8793,28,0.098324,0.122529
8794,17,0.100831,0.126288
8795,19,0.097944,0.114969
8796,19,0.098862,0.120741
8797,11,0.096785,0.114793
8798,18,0.098893,0.116595
8799,24,0.100427,0.130084
8800,17,0.094574,0.126853
8801,22,0.102687,0.118906
8802,19,0.099997,0.121272
8803,17,0.096255,0.122197
8804,18,0.096409,0.111889
8805,21,0.098524,0.115257
8806,28,0.100933,0.118155
8807,15,0.098284,0.111081
8808,15,0.101743,0.118716
8809,20,0.099154,0.114561
8810,19,0.096409,0.127006
8811,23,0.098573,0.130706
8812,23,0.095932,0.109874
8813,21,0.098567,0.128050
8814,25,0.097243,0.115664
8815,18,0.098704,0.115892
8816,21,0.102053,0.124565
8817,16,0.099220,0.123293
8818,22,0.099534,0.119448
8819,22,0.095044,0.114191
8820,12,0.096846,0.118253
8821,19,0.094571,0.117695
8822,26,0.099265,0.117240
8823,27,0.098302,0.117623
8824,21,0.098748,0.119046
8825,19,0.100480,0.124763
8826,17,0.097962,0.112189
8827,18,0.097740,0.116958
8828,19,0.096179,0.125313
8829,24,0.098601,0.113828
8830,15,0.096073,0.122732
8831,18,0.096865,0.107932
8832,18,0.096014,0.112342
8833,25,0.094846,0.122991
8834,21,0.099767,0.131677
8835,20,0.096958,0.115708
8836,15,0.097802,0.118531
8837,20,0.100887,0.118800
8838,16,0.096785,0.122374
8839,22,0.098904,0.127509
8840,23,0.097574,0.112675
8841,16,0.101287,0.117818
8842,26,0.099886,0.120863
8843,20,0.099340,0.118910
8844,17,0.097367,0.112641
8845,20,0.094626,0.112844
8846,18,0.097474,0.111167
8847,26,0.099434,0.124772
8848,24,0.099410,0.114013
8849,13,0.099552,0.120278
8850,23,0.098284,0.114013
8851,18,0.096009,0.108784
8852,18,0.095054,0.114783
8853,14,0.097643,0.117862
8854,20,0.100130,0.116325
8855,20,0.101704,0.130075
8856,20,0.100541,0.118549
8857,16,0.101994,0.118321
8858,17,0.106038,0.117688
8859,21,0.101911,0.130683
8860,20,0.097948,0.114599
8861,23,0.094851,0.119592
8862,24,0.096215,0.120488
8863,18,0.098562,0.118303
8864,20,0.098166,0.116585
8865,17,0.094534,0.111668
8866,24,0.100745,0.123421
8867,17,0.099096,0.116756
8868,19,0.098789,0.112533
8869,19,0.099210,0.108127
8870,20,0.099243,0.131326
8871,20,0.098287,0.130042
8872,21,0.100227,0.120643
8873,26,0.097025,0.119188
8874,19,0.099509,0.118569
8875,17,0.096229,0.111864
8876,20,0.098986,0.118666
8877,21,0.099768,0.121837
8878,19,0.099094,0.117594
8879,20,0.099142,0.115360
8880,16,0.098158,0.117740
8881,18,0.096634,0.114674
8882,18,0.095198,0.110169
8883,14,0.097299,0.109541
8884,27,0.098543,0.121386
8885,24,0.094857,0.116706
8886,20,0.099077,0.120935
8887,21,0.097536,0.131546
8888,20,0.098730,0.113264
8889,24,0.096095,0.110864
8890,17,0.094133,0.119648
8891,21,0.093450,0.105492
8892,22,0.096590,0.115479
8893,13,0.106536,0.120676
8894,17,0.101412,0.124309
8895,21,0.097274,0.113759
8896,17,0.099377,0.113971
8897,15,0.100533,0.116206
8898,18,0.097083,0.120678
8899,24,0.100024,0.121335
8900,15,0.098599,0.111314
8901,17,0.100208,0.116893
8902,22,0.095886,0.108292
8903,19,0.098677,0.116369
8904,21,0.096691,0.123013
8905,15,0.103340,0.122149
8906,22,0.097534,0.118259
8907,17,0.101172,0.117923
8908,20,0.094846,0.110208
8909,25,0.098569,0.119354
8910,21,0.097497,0.123708
8911,20,0.100564,0.120479
8912,16,0.095571,0.115421
8913,24,0.095083,0.113938
8914,21,0.096401,0.109041
8915,25,0.102014,0.127216
8916,20,0.098594,0.113963
8917,25,0.100516,0.119110
8918,12,0.100118,0.114368
8919,20,0.099540,0.114497
8920,23,0.100626,0.117966
8921,16,0.097864,0.120446
8922,23,0.100940,0.125211
8923,22,0.093719,0.116172
8924,24,0.097579,0.118572
8925,29,0.099166,0.124481
8926,21,0.096854,0.119444
8927,17,0.098619,0.123948
8928,20,0.099055,0.112389
8929,15,0.097464,0.115356
8930,18,0.097629,0.123534
8931,21,0.098176,0.120811
8932,22,0.097326,0.116910
8933,20,0.099399,0.117948
8934,24,0.094100,0.117820
8935,15,0.096276,0.115302
8936,18,0.099336,0.119431
8937,13,0.095038,0.116809
8938,20,0.097749,0.125947
8939,23,0.097577,0.119950
8940,22,0.102070,0.119834
8941,16,0.099233,0.117426
8942,22,0.096872,0.118447
8943,22,0.099579,0.123529
8944,27,0.096593,0.113652
8945,22,0.097766,0.112086
8946,18,0.100486,0.119983
8947,20,0.102299,0.133845
8948,13,0.101112,0.113438
8949,11,0.097714,0.115105
8950,12,0.098424,0.118548
8951,18,0.095252,0.112098
8952,24,0.097675,0.116006
8953,24,0.099137,0.123903
8954,20,0.097002,0.114254
8955,18,0.096772,0.110479
8956,23,0.096660,0.118340
8957,27,0.098633,0.119640
8958,20,0.099294,0.118474
8959,13,0.096707,0.117667
8960,22,0.102670,0.118343
8961,21,0.098143,0.115093
8962,20,0.103519,0.133074
8963,17,0.100460,0.117077
8964,13,0.095305,0.110463
8965,23,0.098268,0.122138
8966,16,0.100291,0.124166
8967,22,0.098613,0.118114
8968,13,0.102194,0.114950
8969,15,0.097899,0.115608
8970,18,0.094555,0.117111
8971,20,0.097123,0.116162
8972,20,0.094750,0.113915
8973,13,0.092996,0.105638
8974,17,0.098623,0.118279
8975,19,0.098277,0.114643
8976,14,0.099972,0.118257
8977,23,0.094710,0.118174
8978,21,0.097033,0.126126
8979,19,0.098537,0.114707
8980,16,0.095504,0.123922
8981,20,0.093569,0.117811
8982,19,0.098979,0.115884
8983,17,0.097418,0.111629
8984,28,0.098130,0.122248
8985,14,0.102633,0.126556
8986,20,0.095588,0.125778
8987,26,0.096385,0.122696
8988,23,0.100381,0.119397
8989,26,0.099816,0.123301
8990,16,0.098090,0.121183
8991,23,0.100968,0.123356
8992,24,0.099082,0.127254
8993,14,0.096610,0.113789
8994,21,0.099850,0.119478
8995,18,0.098098,0.115815
8996,16,0.099058,0.113119
8997,24,0.099831,0.121611
8998,17,0.097451,0.115374
8999,14,0.094334,0.112835
9000,20,0.095071,0.118915
9001,27,0.095879,0.112430
9002,17,0.100276,0.119765
9003,20,0.101249,0.140851
9004,19,0.098223,0.110958
9005,20,0.100219,0.125188
9006,16,0.097179,0.121286
9007,27,0.097914,0.130264
9008,23,0.097009,0.120671
9009,16,0.100326,0.124777
9010,20,0.100354,0.121078
9011,22,0.094346,0.122167
9012,21,0.097186,0.127553
9013,14,0.096393,0.112349
9014,20,0.099157,0.127601
9015,21,0.099287,0.122280
9016,15,0.097923,0.121504
9017,27,0.101463,0.119422
9018,25,0.098535,0.126514
9019,23,0.100006,0.121638
9020,20,0.095851,0.121530
9021,19,0.097862,0.116222
9022,15,0.092290,0.115267
9023,20,0.095815,0.125860
9024,25,0.097720,0.111023
9025,25,0.097491,0.119396
9026,24,0.098494,0.116985
9027,16,0.096461,0.112185
9028,26,0.097854,0.125185
9029,21,0.097275,0.123008
9030,26,0.093649,0.120022
9031,15,0.101857,0.131484
9032,16,0.096890,0.116175
9033,22,0.100086,0.129590
9034,21,0.098463,0.119203
9035,20,0.100365,0.118784
9036,26,0.095682,0.120461
9037,16,0.096146,0.111198
9038,17,0.096429,0.121751
9039,6,0.096161,0.114849
9040,23,0.093967,0.114507
9041,18,0.096615,0.120782
9042,25,0.097541,0.111648
9043,16,0.095167,0.110721
9044,21,0.098604,0.111835
9045,21,0.098411,0.112973
9046,18,0.096461,0.113457
9047,21,0.099190,0.118747
9048,20,0.095899,0.111767
9049,20,0.099718,0.121596
9050,15,0.102901,0.126441
9051,20,0.096326,0.126208
9052,27,0.095739,0.122439
9053,16,0.094973,0.115063
9054,20,0.094183,0.114326
9055,12,0.097285,0.125179
9056,20,0.096930,0.120061
9057,21,0.103175,0.132926
9058,16,0.097174,0.122738
9059,24,0.101859,0.124820
9060,28,0.097195,0.117118
9061,14,0.100971,0.116022
9062,16,0.099186,0.122313
9063,19,0.103285,0.127135
9064,16,0.097655,0.114093
9065,15,0.098122,0.113444
9066,22,0.100301,0.116073
9067,26,0.094654,0.116973
9068,17,0.101094,0.126012
9069,21,0.094468,0.117800
9070,18,0.096816,0.113234
9071,18,0.099061,0.119446
9072,18,0.097788,0.127014
9073,19,0.098187,0.129315
9074,16,0.103402,0.120768
9075,17,0.101178,0.131261
9076,13,0.096617,0.120023
9077,34,0.099163,0.121591
9078,20,0.098019,0.116303
9079,19,0.098319,0.115084
9080,14,0.099362,0.113599
9081,17,0.097523,0.111594
9082,19,0.100562,0.115528
9083,21,0.100657,0.119445
9084,13,0.101125,0.118656
9085,27,0.098974,0.122471
9086,24,0.098771,0.128605
9087,29,0.094235,0.107862
9088,15,0.100443,0.110284
9089,17,0.097413,0.119229
9090,20,0.098555,0.125572
9091,19,0.097383,0.118750
9092,22,0.099331,0.116836
9093,20,0.098702,0.122015
9094,20,0.097622,0.123456
9095,20,0.096310,0.108379
9096,11,0.097029,0.114443
9097,22,0.097987,0.118236
9098,17,0.097137,0.122114
9099,22,0.100577,0.119371
9100,17,0.099999,0.116536
9101,18,0.097522,0.114967
9102,22,0.096489,0.115647
9103,21,0.096207,0.122587
9104,23,0.099703,0.111596
9105,28,0.098465,0.132432
9106,22,0.101012,0.129407
9107,24,0.097446,0.117075
9108,24,0.096298,0.115607
9109,28,0.098993,0.119905
9110,20,0.104492,0.121098
9111,20,0.097012,0.115106
9112,24,0.097083,0.117568
9113,25,0.096601,0.116355
9114,12,0.103238,0.123812
9115,21,0.098909,0.114046
9116,20,0.099752,0.118575
9117,20,0.096824,0.119616
9118,21,0.100516,0.126929
9119,18,0.095626,0.119008
9120,28,0.098428,0.127176
9121,18,0.098676,0.120079
9122,18,0.097227,0.117081
9123,16,0.101460,0.129001
9124,21,0.097680,0.114216
9125,16,0.094586,0.120966
9126,26,0.099271,0.121804
9127,16,0.095655,0.106634
9128,19,0.095767,0.110988
9129,9,0.102799,0.117874
9130,20,0.097698,0.114678
9131,16,0.099440,0.128455
9132,20,0.096198,0.111009
9133,15,0.102961,0.124332
9134,18,0.095476,0.123170
9135,18,0.094847,0.108645
9136,15,0.097761,0.113661
9137,15,0.099240,0.114224
9138,22,0.099482,0.124681
9139,23,0.098090,0.117197
9140,25,0.097087,0.114305
9141,16,0.094970,0.110013
9142,17,0.097921,0.105681
9143,19,0.095167,0.124899
9144,19,0.100804,0.124418
9145,19,0.100790,0.118564
9146,21,0.098987,0.120391
9147,19,0.099305,0.116664
9148,18,0.100029,0.119789
9149,21,0.095244,0.108000
9150,23,0.098644,0.119247
9151,22,0.098375,0.121056
9152,17,0.099247,0.121220
9153,25,0.099274,0.123139
9154,20,0.100012,0.126645
9155,23,0.096562,0.117973
9156,21,0.098383,0.128579
9157,20,0.098267,0.116011
9158,16,0.099158,0.133221
9159,22,0.096813,0.136623
9160,12,0.098642,0.114792
9161,17,0.100447,0.118151
9162,15,0.098491,0.112576
9163,18,0.099562,0.120347
9164,13,0.097597,0.132246
9165,16,0.099547,0.117259
9166,19,0.097335,0.132774
9167,19,0.096218,0.112804
9168,17,0.099121,0.116217
9169,18,0.102537,0.131198
9170,26,0.102669,0.116166
9171,18,0.096314,0.114870
9172,23,0.103054,0.122805
9173,13,0.093991,0.113143
9174,26,0.099612,0.114497
9175,20,0.099135,0.129002
9176,21,0.098966,0.122383
9177,16,0.099646,0.118593
9178,13,0.094390,0.116606
9179,23,0.099835,0.125477
9180,14,0.101929,0.123939
9181,22,0.097554,0.115685
9182,17,0.101121,0.122086
9183,19,0.099800,0.120305
9184,18,0.097434,0.124061
9185,16,0.099385,0.125102
9186,19,0.097417,0.112514
9187,20,0.094998,0.112561
9188,13,0.098045,0.120017
9189,21,0.098378,0.119589
9190,21,0.096734,0.114514
9191,31,0.101156,0.120745
9192,19,0.094994,0.110512
9193,21,0.102328,0.126226
9194,9,0.099173,0.129728
9195,15,0.100300,0.113902
9196,17,0.095635,0.113955
9197,18,0.094153,0.101411
9198,22,0.100638,0.118920
9199,16,0.097948,0.111601
9200,24,0.097733,0.120817
9201,22,0.096599,0.114927
9202,19,0.102896,0.126067
9203,23,0.098195,0.122504
9204,13,0.097170,0.120008
9205,18,0.100470,0.132679
9206,15,0.090749,0.104294
9207,17,0.095025,0.108004
9208,22,0.102630,0.125621
9209,27,0.100115,0.119876
9210,22,0.097359,0.108299
9211,19,0.098586,0.120624
9212,23,0.097457,0.120765
9213,19,0.098223,0.114882
9214,19,0.098742,0.116224
9215,18,0.097537,0.114845
9216,17,0.101372,0.123372
9217,21,0.098451,0.124427
9218,20,0.099893,0.124781
9219,18,0.094797,0.110917
9220,18,0.099683,0.114571
9221,18,0.099228,0.111937
9222,8,0.096741,0.117133
9223,19,0.095172,0.112225
9224,23,0.098736,0.113267
9225,23,0.098465,0.111185
9226,21,0.097914,0.112038
9227,20,0.101159,0.121540
9228,22,0.102594,0.122313
9229,21,0.097092,0.118926
9230,20,0.098514,0.119801
9231,17,0.094822,0.115760
9232,20,0.098549,0.123441
9233,17,0.093886,0.117878
9234,19,0.097272,0.123770
9235,16,0.101128,0.122491
9236,19,0.098401,0.122700
9237,14,0.101645,0.120986
9238,14,0.095594,0.108642
9239,18,0.097812,0.123914
9240,20,0.097085,0.124039
9241,18,0.099290,0.112760
9242,19,0.093950,0.114420
9243,22,0.101471,0.122939
9244,15,0.101403,0.118575
9245,20,0.097585,0.112063
9246,12,0.095978,0.111109
9247,20,0.098125,0.114529
9248,23,0.099734,0.122327
9249,29,0.097859,0.125189
9250,14,0.097051,0.116791
9251,23,0.098535,0.120777
9252,18,0.097454,0.115972
9253,19,0.098956,0.125894
9254,13,0.097408,0.121124
9255,25,0.099603,0.114636
9256,11,0.096369,0.116791
9257,23,0.098942,0.118199
9258,26,0.097746,0.117392
9259,23,0.100024,0.114662
9260,22,0.100456,0.115559
9261,26,0.100842,0.128024
9262,22,0.099263,0.117789
9263,19,0.099947,0.114188
9264,16,0.097861,0.117626
9265,19,0.099170,0.113468
9266,24,0.097997,0.124284
9267,21,0.099310,0.127035
9268,22,0.101129,0.120614
9269,15,0.100009,0.116854
9270,30,0.097261,0.117723
9271,14,0.103374,0.115007
9272,11,0.101082,0.124290
9273,16,0.100389,0.117577
9274,18,0.097454,0.115200
9275,18,0.102107,0.122530
9276,26,0.096629,0.115375
9277,21,0.099593,0.125376
9278,18,0.095525,0.117801
9279,20,0.098304,0.115801
9280,18,0.098742,0.122650
9281,23,0.099990,0.128426
9282,20,0.097622,0.116237
9283,16,0.100707,0.126441
9284,25,0.100311,0.120457
9285,23,0.095551,0.113922
9286,17,0.095265,0.115364
9287,15,0.101674,0.124646
9288,20,0.098684,0.113635
9289,21,0.101984,0.120667
9290,24,0.099779,0.116874
9291,21,0.100508,0.121068
9292,24,0.098561,0.120093
9293,23,0.099140,0.130294
9294,25,0.099478,0.127413
9295,20,0.098923,0.117397
9296,20,0.099648,0.117191
9297,23,0.099107,0.130293
9298,11,0.095794,0.115798
9299,10,0.092068,0.114819
9300,22,0.097621,0.122903
9301,26,0.100343,0.118016
9302,24,0.100716,0.122930
9303,21,0.101143,0.117698
9304,19,0.099956,0.114815
9305,14,0.100034,0.117867
9306,26,0.098531,0.124746
9307,21,0.096713,0.117595
9308,16,0.102958,0.130380
9309,17,0.102148,0.120145
9310,20,0.101390,0.114957
9311,14,0.091924,0.110119
9312,26,0.095729,0.110663
9313,13,0.094729,0.112071
9314,16,0.096164,0.114739
9315,14,0.097680,0.110870
9316,22,0.098860,0.113805
9317,14,0.094274,0.117976
9318,21,0.100619,0.122482
9319,13,0.102516,0.117052
9320,18,0.098114,0.116380
9321,22,0.099734,0.118515
9322,15,0.090993,0.108005
9323,19,0.100395,0.126550
9324,27,0.100181,0.118103
9325,20,0.097947,0.116641
9326,23,0.098252,0.113778
9327,12,0.095501,0.108393
9328,23,0.097214,0.121714
9329,21,0.102136,0.132176
9330,18,0.098431,0.113215
9331,18,0.098072,0.121810
9332,17,0.100708,0.120753
9333,19,0.097704,0.117383
9334,20,0.101511,0.120287
9335,24,0.099331,0.119522
9336,18,0.098791,0.115207
9337,17,0.097250,0.119045
9338,12,0.095934,0.119890
9339,15,0.096480,0.120856
9340,20,0.096796,0.122802
9341,23,0.100856,0.126547
9342,13,0.093560,0.105795
9343,18,0.099865,0.121381
9344,15,0.096548,0.122125
9345,12,0.100671,0.119019
9346,27,0.097808,0.126523
9347,17,0.096988,0.120728
9348,24,0.096992,0.117593
9349,24,0.099373,0.120118
9350,10,0.100950,0.114503
9351,20,0.099344,0.122946
9352,17,0.099339,0.111126
9353,28,0.097431,0.114374
9354,23,0.097278,0.126678
9355,16,0.101148,0.128632
9356,17,0.100051,0.114974
9357,9,0.093929,0.124587
9358,19,0.097400,0.111291
9359,18,0.099107,0.111267
9360,16,0.096601,0.112946
9361,21,0.100588,0.122663
9362,18,0.096937,0.110202
9363,20,0.097128,0.118211
9364,16,0.096859,0.115832
9365,20,0.097719,0.124515
9366,9,0.098218,0.114186
9367,24,0.098533,0.117556
9368,20,0.099333,0.120597
9369,22,0.099155,0.121413
9370,27,0.100589,0.120461
9371,15,0.102039,0.124934
9372,19,0.094853,0.113097
9373,32,0.099780,0.123286
9374,13,0.101973,0.121516
9375,23,0.099438,0.112234
9376,24,0.096928,0.111766
9377,28,0.098842,0.121695
9378,19,0.104659,0.136248
9379,19,0.098107,0.127315
9380,17,0.104746,0.119288
9381,26,0.097242,0.117354
9382,23,0.098062,0.125246
9383,18,0.098947,0.116752
9384,16,0.104122,0.127091
9385,24,0.096686,0.113758
9386,17,0.099129,0.117734
9387,25,0.100899,0.123029
9388,19,0.101293,0.123326
9389,19,0.098486,0.119800
9390,17,0.095676,0.116949
9391,19,0.099552,0.128111
9392,25,0.099725,0.115804
9393,29,0.100450,0.119721
9394,25,0.095034,0.109177
9395,15,0.093805,0.108612
9396,20,0.097733,0.116481
9397,22,0.097916,0.125746
9398,25,0.095290,0.112852
9399,20,0.095890,0.109791
9400,23,0.098484,0.116817
9401,27,0.095405,0.110270
9402,17,0.107017,0.123619
9403,19,0.100551,0.121505
9404,24,0.098061,0.124644
9405,15,0.095089,0.112542
9406,18,0.100945,0.117389
9407,19,0.098319,0.118040
9408,27,0.098961,0.114697
9409,21,0.099906,0.118550
9410,16,0.092548,0.111538
9411,23,0.098808,0.118554
9412,21,0.097962,0.119771
9413,22,0.099172,0.113889
9414,17,0.094980,0.122500
9415,20,0.102340,0.124578
9416,17,0.097007,0.115130
9417,30,0.099388,0.119279
9418,18,0.093922,0.111346
9419,26,0.098015,0.120202
9420,13,0.091919,0.117025
9421,15,0.098725,0.122287
9422,15,0.101673,0.119675
9423,14,0.095550,0.125122
9424,15,0.099410,0.125792
9425,14,0.097782,0.120540
9426,16,0.098127,0.111189
9427,20,0.097542,0.120476
9428,18,0.093480,0.118344
9429,23,0.097233,0.120708
9430,18,0.099134,0.115616
9431,13,0.097023,0.119977
9432,27,0.099965,0.123355
9433,26,0.094765,0.120339
9434,20,0.097677,0.115307
9435,19,0.100559,0.118132
9436,26,0.099510,0.128191
9437,20,0.100851,0.126596
9438,18,0.099039,0.120079
9439,15,0.096342,0.111578
9440,25,0.099472,0.117382
9441,14,0.101981,0.115959
9442,17,0.097621,0.118445
9443,10,0.101452,0.116511
9444,26,0.101236,0.116796
9445,20,0.101603,0.126049
9446,23,0.094718,0.119464
9447,27,0.105190,0.125906
9448,21,0.096849,0.120083
9449,17,0.100626,0.116693
9450,18,0.096948,0.112604
9451,19,0.097345,0.124313
9452,17,0.096852,0.109274
9453,24,0.101601,0.123100
9454,23,0.096390,0.115975
9455,12,0.096596,0.112383
9456,16,0.099952,0.113957
9457,28,0.099299,0.126870
9458,25,0.099420,0.117853
9459,18,0.098975,0.122155
9460,18,0.097770,0.115394
9461,18,0.096531,0.115190
9462,13,0.099226,0.117130
9463,25,0.100294,0.118277
9464,22,0.100136,0.113256
9465,19,0.097841,0.119299
9466,15,0.097846,0.117230
9467,16,0.098363,0.115447
9468,19,0.097557,0.115695
9469,21,0.100296,0.124361
9470,19,0.099947,0.116690
9471,26,0.097758,0.116582
9472,17,0.104516,0.126260
9473,20,0.094736,0.114196
9474,25,0.103408,0.119691
9475,20,0.096062,0.107955
9476,23,0.097584,0.119941
9477,19,0.096612,0.118064
9478,18,0.099356,0.116744
9479,22,0.101389,0.118083
9480,21,0.095712,0.111083
9481,18,0.094752,0.122846
9482,28,0.099775,0.123202
9483,27,0.098427,0.114240
9484,17,0.099177,0.113588
9485,20,0.100817,0.119484
9486,17,0.098680,0.122783
9487,17,0.095452,0.121247
9488,17,0.100065,0.117156
9489,17,0.098149,0.119643
9490,22,0.096650,0.119279
9491,20,0.095667,0.121923
9492,21,0.098149,0.107985
9493,15,0.102285,0.125057
9494,16,0.100633,0.117989
9495,17,0.098870,0.116785
9496,22,0.099807,0.123477
9497,18,0.095623,0.114797
9498,23,0.100364,0.118212
9499,23,0.098015,0.121494
9500,18,0.098966,0.123525
9501,20,0.100813,0.115416
9502,27,0.103095,0.125139
9503,14,0.098372,0.114754
9504,20,0.100127,0.116171
9505,18,0.096813,0.117190
9506,24,0.103038,0.124465
9507,20,0.096225,0.109024
9508,23,0.096965,0.115892
9509,18,0.097762,0.127881
9510,23,0.099224,0.114532
9511,23,0.099271,0.124898
9512,23,0.097439,0.111805
9513,18,0.099396,0.113406
9514,20,0.098046,0.115351
9515,17,0.094445,0.113377
9516,15,0.100922,0.127034
9517,14,0.101502,0.116733
9518,17,0.096895,0.120942
9519,18,0.097547,0.111566
9520,23,0.099850,0.129876
9521,12,0.099131,0.121242
9522,17,0.100807,0.111468
9523,20,0.097670,0.123963
9524,27,0.098794,0.117622
9525,20,0.100819,0.122928
9526,7,0.094112,0.105831
9527,20,0.097347,0.114340
9528,20,0.103880,0.118469
9529,19,0.099261,0.120287
9530,19,0.100119,0.112862
9531,15,0.098342,0.122104
9532,18,0.097320,0.117906
9533,24,0.098980,0.113980
9534,21,0.102352,0.121886
9535,16,0.096452,0.107797
9536,22,0.095449,0.115583
9537,20,0.100045,0.124562
9538,24,0.099736,0.119390
9539,15,0.099786,0.110746
9540,22,0.099342,0.113143
9541,21,0.097992,0.116225
9542,15,0.096951,0.113164
9543,14,0.094488,0.120318
9544,22,0.097190,0.113575
9545,15,0.094608,0.121901
9546,17,0.096598,0.119168
9547,26,0.099573,0.111908
9548,17,0.097506,0.115829
9549,22,0.095826,0.116677
9550,27,0.097366,0.118206
9551,28,0.101205,0.113670
9552,17,0.094010,0.115814
9553,21,0.098276,0.120488
9554,16,0.095192,0.115080
9555,23,0.095124,0.111973
9556,25,0.097118,0.125399
9557,17,0.102879,0.117212
9558,23,0.098677,0.124221
9559,10,0.097398,0.118608
9560,18,0.099445,0.114320
9561,19,0.096601,0.120075
9562,26,0.101643,0.129028
9563,22,0.101310,0.121709
9564,27,0.096477,0.113358
9565,15,0.096462,0.118394
9566,21,0.098950,0.121151
9567,17,0.096819,0.130173
9568,21,0.098757,0.126344
9569,17,0.100176,0.123826
9570,19,0.098016,0.125093
9571,21,0.099556,0.126310
9572,15,0.101013,0.128106
9573,21,0.097001,0.112156
9574,22,0.096272,0.114468
9575,20,0.097801,0.116469
9576,22,0.101629,0.126421
9577,17,0.100569,0.117638
9578,26,0.095372,0.113969
9579,26,0.099996,0.122248
9580,22,0.102338,0.126954
9581,22,0.096904,0.118422
9582,21,0.099115,0.120211
9583,22,0.102366,0.129577
9584,21,0.095774,0.116861
9585,18,0.099103,0.121545
9586,21,0.097324,0.114598
9587,21,0.094306,0.114498
9588,18,0.103164,0.125736
9589,17,0.101068,0.134311
9590,23,0.097752,0.112601
9591,22,0.094706,0.118776
9592,19,0.097402,0.110113
9593,15,0.099941,0.122628
9594,18,0.101343,0.115739
9595,28,0.099761,0.123205
9596,13,0.095827,0.121686
9597,18,0.094781,0.122632
9598,19,0.098904,0.121010
9599,26,0.097823,0.123028
9600,19,0.100157,0.132454
9601,17,0.096694,0.119735
9602,15,0.096410,0.116063
9603,17,0.095164,0.114526
9604,21,0.092774,0.119540
9605,17,0.101166,0.118560
9606,24,0.099431,0.115411
9607,22,0.095143,0.112769
9608,24,0.096042,0.119353
9609,14,0.096235,0.108008
9610,26,0.096557,0.116692
9611,18,0.098193,0.125648
9612,15,0.106477,0.127730
9613,18,0.098450,0.114040
9614,19,0.099397,0.120923
9615,22,0.097231,0.125101
9616,21,0.095992,0.112940
9617,19,0.096490,0.114244
9618,24,0.101423,0.119649
9619,17,0.101225,0.128375
9620,21,0.097189,0.115659
9621,24,0.097506,0.113618
9622,24,0.098263,0.116365
9623,13,0.098344,0.109487
9624,18,0.097611,0.111706
9625,18,0.095387,0.121645
9626,17,0.097993,0.114319
9627,16,0.100810,0.119975
9628,22,0.100898,0.123717
9629,25,0.098905,0.123226
9630,24,0.101184,0.124184
9631,13,0.094771,0.110960
9632,16,0.101323,0.118381
9633,16,0.098761,0.122059
9634,21,0.096441,0.118880
9635,22,0.099077,0.119721
9636,18,0.101771,0.120524
9637,16,0.099049,0.117099
9638,25,0.098378,0.127369
9639,23,0.099294,0.127919
9640,19,0.098665,0.115183
9641,24,0.099691,0.123550
9642,17,0.098577,0.119462
9643,15,0.097864,0.119872
9644,14,0.103156,0.129384
9645,22,0.098307,0.114470
9646,19,0.096195,0.111655
9647,17,0.095448,0.107252
9648,24,0.097391,0.114817
9649,20,0.101866,0.118319
9650,15,0.093901,0.114348
9651,16,0.094207,0.113317
9652,20,0.099206,0.121448
9653,16,0.095938,0.114812
9654,18,0.100022,0.116269
9655,13,0.097813,0.125476
9656,24,0.099443,0.114716
9657,12,0.092419,0.108177
9658,20,0.097054,0.120481
9659,22,0.098972,0.130557
9660,17,0.095234,0.109187
9661,19,0.096597,0.120201
9662,21,0.097719,0.114134
9663,20,0.099353,0.114953
9664,26,0.100848,0.115661
9665,19,0.098174,0.116801
9666,27,0.100069,0.124950
9667,27,0.100616,0.128006
9668,15,0.099031,0.117921
9669,26,0.100161,0.119590
9670,15,0.097238,0.118265
9671,16,0.099672,0.117304
9672,18,0.101735,0.119905
9673,26,0.099386,0.127227
9674,16,0.095707,0.117493
9675,15,0.096999,0.115127
9676,14,0.097295,0.112805
9677,17,0.097124,0.114066
9678,18,0.096565,0.111415
9679,23,0.097665,0.117343
9680,22,0.099896,0.131776
9681,23,0.098414,0.119781
9682,31,0.104640,0.130500
9683,16,0.098342,0.111644
9684,16,0.095242,0.115742
9685,20,0.096692,0.115977
9686,17,0.093809,0.114571
9687,22,0.099348,0.116464
9688,18,0.096054,0.120504
9689,20,0.098932,0.125653
9690,22,0.098322,0.116488
9691,10,0.098969,0.124938
9692,21,0.100962,0.118632
9693,24,0.098455,0.118610
9694,17,0.096716,0.118378
9695,19,0.097358,0.123423
9696,26,0.098810,0.117219
9697,16,0.099741,0.124255
9698,22,0.096756,0.113037
9699,16,0.095576,0.112728
9700,22,0.097334,0.124434
9701,21,0.098940,0.124872
9702,15,0.101390,0.128610
9703,17,0.096239,0.114484
9704,19,0.097926,0.113303
9705,19,0.098156,0.123865
9706,16,0.097047,0.113646
9707,20,0.098869,0.133944
9708,19,0.098026,0.117065
9709,18,0.095636,0.116874
9710,22,0.096830,0.118039
9711,16,0.095415,0.110204
9712,20,0.100324,0.118211
9713,21,0.096594,0.117698
9714,25,0.099391,0.123179
9715,21,0.095627,0.115775
9716,19,0.099242,0.115346
9717,24,0.099498,0.119956
9718,20,0.097290,0.117700
9719,21,0.096892,0.122857
9720,19,0.101207,0.116254
9721,22,0.099797,0.114135
9722,15,0.090159,0.110378
9723,15,0.099843,0.125142
9724,14,0.098793,0.118214
9725,15,0.098088,0.113062
9726,23,0.100127,0.128985
9727,20,0.100957,0.126040
9728,12,0.093662,0.114641
9729,19,0.096598,0.113115
9730,22,0.096770,0.118976
9731,24,0.101220,0.130608
9732,16,0.095461,0.116401
9733,15,0.099894,0.121287
9734,17,0.097006,0.120336
9735,23,0.100266,0.120783
9736,17,0.099806,0.117182
9737,17,0.094521,0.115965
9738,23,0.099194,0.121382
9739,22,0.101498,0.121990
9740,12,0.099165,0.119963
9741,14,0.100774,0.118766
9742,15,0.093867,0.108175
9743,26,0.100223,0.114382
9744,23,0.099089,0.117263
9745,23,0.097727,0.120925
9746,19,0.098171,0.114257
9747,17,0.096372,0.120100
9748,23,0.097894,0.115228
9749,17,0.096450,0.113771
9750,15,0.097703,0.117708
9751,16,0.099251,0.112731
9752,12,0.101725,0.118748
9753,16,0.098370,0.113286
9754,18,0.101024,0.124407
9755,23,0.096450,0.122571
9756,22,0.100378,0.123166
9757,18,0.096169,0.115643
9758,22,0.097522,0.126340
9759,14,0.099699,0.116036
9760,18,0.098348,0.114997
9761,15,0.096740,0.115899
9762,25,0.098342,0.121493
9763,20,0.096640,0.109243
9764,26,0.096448,0.120282
9765,17,0.097620,0.128823
9766,19,0.103078,0.125772
9767,14,0.102563,0.129754
9768,30,0.098837,0.125567
9769,21,0.096312,0.111321
9770,24,0.096894,0.116026
9771,24,0.099330,0.120724
9772,18,0.100055,0.122953
9773,14,0.101456,0.109821
9774,15,0.102532,0.116496
9775,13,0.094892,0.104767
9776,17,0.098801,0.124485
9777,17,0.097616,0.129336
9778,26,0.100588,0.120353
9779,15,0.097922,0.116353
9780,17,0.097208,0.120353
9781,16,0.097015,0.113697
9782,19,0.099073,0.126586
9783,28,0.098234,0.117407
9784,15,0.097738,0.126272
9785,20,0.101895,0.123437
9786,18,0.098639,0.123974
9787,20,0.096611,0.115289
9788,22,0.104070,0.123944
9789,28,0.097104,0.117532
9790,18,0.095486,0.110342
9791,17,0.098460,0.119918
9792,8,0.098021,0.122296
9793,11,0.102283,0.116731
9794,18,0.100653,0.117188
9795,15,0.097525,0.112740
9796,22,0.101899,0.120191
9797,28,0.096739,0.125308
9798,19,0.100422,0.114783
9799,25,0.100597,0.127586
9800,21,0.102489,0.115515
9801,24,0.101695,0.116848
9802,20,0.102288,0.131730
9803,30,0.098819,0.113336
9804,16,0.098449,0.115671
9805,27,0.096321,0.128043
9806,25,0.094489,0.118450
9807,14,0.096969,0.114259
9808,24,0.096010,0.117897
9809,19,0.098502,0.117607
9810,22,0.099953,0.120447
9811,26,0.096224,0.119600
9812,10,0.095786,0.117843
9813,16,0.100604,0.114616
9814,16,0.098239,0.116725
9815,17,0.099546,0.119804
9816,15,0.097788,0.115486
9817,19,0.100350,0.115746
9818,22,0.094940,0.113775
9819,16,0.095656,0.115223
9820,20,0.098477,0.114014
9821,18,0.096794,0.120312
9822,27,0.099482,0.120013
9823,20,0.098728,0.120160
9824,16,0.096431,0.110909
9825,23,0.100714,0.121349
9826,23,0.094599,0.112091
9827,15,0.097663,0.112269
9828,20,0.101000,0.117338
9829,14,0.101224,0.114306
9830,27,0.096070,0.117519
9831,19,0.097011,0.116143
9832,25,0.097628,0.122051
9833,16,0.093885,0.106975
9834,17,0.094398,0.117949
9835,25,0.096855,0.114875
9836,22,0.099245,0.115042
9837,18,0.102672,0.124106
9838,27,0.099121,0.127436
9839,21,0.097231,0.113994
9840,22,0.096558,0.120708
9841,13,0.098788,0.120260
9842,11,0.094682,0.114988
9843,17,0.100577,0.116170
9844,16,0.098845,0.109858
9845,24,0.097832,0.123647
9846,17,0.099141,0.124097
9847,21,0.099727,0.120238
9848,22,0.096659,0.109673
9849,31,0.101418,0.127321
9850,22,0.094627,0.122339
9851,11,0.103731,0.121429
9852,18,0.102880,0.118167
9853,17,0.096460,0.120852
9854,21,0.097794,0.109053
9855,16,0.094427,0.123109
9856,20,0.097355,0.117389
9857,26,0.100984,0.116704
9858,21,0.101033,0.117574
9859,15,0.098823,0.115457
9860,20,0.099392,0.124884
9861,16,0.104547,0.126167
9862,22,0.098124,0.121598
9863,23,0.096062,0.118583
9864,22,0.096441,0.111693
9865,22,0.097106,0.113511
9866,14,0.097624,0.112307
9867,12,0.100184,0.117720
9868,22,0.099057,0.123296
9869,23,0.099972,0.109519
9870,16,0.097893,0.136205
9871,25,0.096977,0.121921
9872,15,0.098276,0.124124
9873,19,0.101086,0.111384
9874,25,0.098752,0.116024
9875,20,0.101513,0.125146
9876,20,0.100137,0.123039
9877,26,0.101526,0.127143
9878,18,0.103442,0.121055
9879,22,0.099181,0.116000
9880,16,0.096061,0.110992
9881,24,0.096709,0.112153
9882,23,0.099903,0.116637
9883,32,0.097183,0.118346
9884,13,0.092781,0.105089
9885,18,0.095549,0.108598
9886,17,0.099803,0.111866
9887,20,0.100491,0.118995
9888,16,0.097263,0.121794
9889,16,0.098769,0.114105
9890,20,0.098756,0.113577
9891,16,0.095106,0.107234
9892,25,0.097051,0.126670
9893,21,0.101964,0.119551
9894,19,0.101235,0.118354
9895,19,0.098556,0.115932
9896,22,0.098331,0.121571
9897,17,0.099492,0.115470
9898,18,0.096630,0.108999
9899,15,0.096417,0.119674
9900,18,0.101338,0.116367
9901,18,0.098932,0.114624
9902,22,0.093834,0.109044
9903,13,0.101450,0.111338
9904,22,0.098756,0.119162
9905,22,0.097101,0.114636
9906,18,0.100584,0.121871
9907,18,0.098615,0.114298
9908,19,0.101586,0.115852
9909,20,0.097241,0.114868
9910,20,0.098259,0.116945
9911,19,0.094598,0.112062
9912,28,0.097559,0.115247
9913,17,0.097055,0.112162
9914,17,0.095754,0.122333
9915,29,0.099927,0.121878
9916,15,0.097059,0.109133
9917,20,0.096860,0.111803
9918,14,0.095798,0.111766
9919,23,0.099906,0.123477
9920,16,0.099155,0.120564
9921,15,0.096328,0.107457
9922,14,0.102000,0.133417
9923,20,0.099183,0.121129
9924,24,0.094768,0.115451
9925,17,0.094851,0.112847
9926,15,0.098593,0.111307
9927,16,0.099585,0.112544
9928,22,0.098301,0.120096
9929,22,0.099019,0.114932
9930,23,0.099689,0.120832
9931,26,0.098207,0.118963
9932,18,0.100131,0.122130
9933,23,0.099596,0.125316
9934,18,0.095172,0.126754
9935,24,0.102788,0.128103
9936,18,0.102257,0.129058
9937,26,0.097846,0.121517
9938,24,0.098257,0.113210
9939,21,0.099261,0.125668
9940,19,0.099741,0.127186
9941,22,0.097171,0.115603
9942,21,0.098893,0.118112
9943,22,0.101766,0.122413
9944,18,0.092402,0.111375
9945,12,0.100299,0.124965
9946,17,0.096142,0.112672
9947,19,0.099683,0.119567
9948,19,0.102240,0.127779
9949,25,0.096347,0.112578
9950,15,0.094686,0.118152
9951,24,0.100441,0.126016
9952,23,0.099448,0.119498
9953,24,0.102066,0.123642
9954,25,0.099792,0.133408
9955,19,0.097786,0.126694
9956,14,0.097018,0.105503
9957,23,0.100118,0.119120
9958,19,0.100986,0.127375
9959,26,0.098327,0.124309
9960,24,0.099045,0.122887
9961,22,0.097559,0.130798
9962,15,0.098593,0.115466
9963,18,0.097544,0.115486
9964,18,0.102817,0.119610
9965,21,0.096555,0.111687
9966,15,0.099560,0.117737
9967,20,0.098192,0.119388
9968,26,0.101782,0.123538
9969,14,0.100311,0.120910
9970,21,0.099548,0.114972
9971,25,0.095356,0.115134
9972,20,0.096263,0.112379
9973,21,0.095495,0.110817
9974,20,0.098710,0.117520
9975,16,0.102815,0.121379
9976,10,0.090940,0.113644
9977,23,0.100511,0.132716
9978,17,0.097457,0.115641
9979,16,0.098608,0.115823
9980,18,0.099538,0.120454
9981,28,0.098052,0.119306
9982,24,0.102027,0.135755
9983,20,0.096666,0.121321
9984,18,0.096774,0.119940
9985,22,0.095301,0.120664
9986,23,0.103088,0.119685
9987,15,0.102279,0.115361
9988,17,0.099194,0.126122
9989,14,0.097645,0.126176
9990,26,0.098679,0.113064
9991,21,0.099147,0.112915
9992,15,0.098328,0.110680
9993,17,0.097285,0.112797
9994,25,0.099153,0.121486
9995,23,0.096931,0.107015
9996,18,0.100104,0.126273
9997,14,0.094669,0.108907
9998,20,0.100152,0.120983
9999,27,0.099757,0.114336
10000,20,0.099783,0.127918
10001,27,0.099579,0.118622
10002,20,0.097702,0.115385
10003,25,0.098908,0.120460
10004,13,0.098158,0.112809
10005,17,0.093292,0.113419
10006,22,0.099371,0.124321
10007,17,0.096858,0.108823
10008,23,0.095285,0.130358
10009,22,0.100447,0.125823
10010,21,0.092232,0.109714
10011,17,0.100842,0.131505
10012,20,0.099466,0.114010
10013,17,0.098520,0.118802
10014,19,0.101309,0.116938
10015,24,0.100381,0.120263
10016,31,0.099316,0.121150
10017,18,0.095439,0.117691
10018,18,0.101012,0.123969
10019,30,0.099821,0.122095
10020,22,0.100766,0.128073
10021,22,0.098879,0.121599
10022,17,0.101634,0.117436
10023,21,0.100824,0.120744
10024,23,0.100200,0.118689
10025,22,0.101045,0.117134
10026,24,0.100825,0.122605
10027,21,0.099130,0.117790
10028,16,0.097295,0.118828
10029,18,0.095820,0.112340
10030,23,0.099327,0.110537
10031,20,0.097122,0.113185
10032,14,0.103169,0.124876
10033,19,0.098140,0.115427
10034,20,0.098040,0.119521
10035,26,0.100364,0.121762
10036,23,0.101967,0.121386
10037,14,0.094552,0.117047
10038,12,0.095476,0.113457
10039,20,0.099014,0.114340
10040,19,0.098945,0.125324
10041,19,0.100196,0.124219
10042,16,0.099228,0.119174
10043,21,0.099274,0.121827
10044,20,0.097725,0.110927
10045,14,0.096344,0.116939
10046,16,0.100062,0.119909
10047,15,0.098009,0.117211
10048,19,0.096755,0.115679
10049,27,0.100217,0.119133
10050,22,0.097777,0.123709
10051,22,0.096780,0.118833
10052,27,0.100590,0.128007
10053,26,0.098603,0.118453
10054,24,0.102392,0.116183
10055,21,0.100483,0.123213
10056,15,0.100981,0.130693
10057,16,0.095355,0.121380
10058,21,0.099282,0.115277
10059,18,0.099261,0.128859
10060,24,0.100288,0.119220
10061,17,0.101112,0.113523
10062,22,0.100971,0.128499
10063,28,0.096198,0.133633
10064,17,0.098403,0.118300
10065,10,0.101044,0.131585
10066,31,0.098956,0.124110
10067,22,0.096610,0.118744
10068,24,0.096363,0.118039
10069,10,0.101309,0.113961
10070,20,0.095471,0.116194
10071,25,0.100297,0.119658
10072,16,0.094389,0.119304
10073,23,0.101929,0.119345
10074,19,0.099615,0.120572
10075,21,0.096080,0.114462
10076,18,0.095984,0.118210
10077,21,0.103704,0.124801
10078,19,0.103239,0.125390
10079,20,0.099766,0.112877
10080,15,0.098352,0.120640
10081,18,0.099931,0.125584
10082,21,0.101894,0.121506
10083,21,0.100698,0.119173
10084,15,0.099613,0.128049
10085,17,0.098507,0.116165
10086,15,0.100591,0.117164
10087,4,0.102291,0.107073
10088,16,0.102945,0.120304
10089,18,0.093270,0.113381
10090,18,0.098768,0.116606
10091,18,0.096202,0.123100
10092,22,0.100177,0.117795
10093,24,0.100935,0.119455
10094,19,0.095310,0.114582
10095,33,0.099029,0.127299
10096,22,0.095507,0.115119
10097,18,0.095982,0.118932
10098,18,0.100671,0.112990
10099,18,0.097117,0.122394
10100,18,0.097409,0.122612
10101,20,0.096790,0.118909
10102,28,0.096114,0.121479
10103,20,0.096449,0.122166
10104,26,0.096288,0.118228
10105,17,0.100680,0.125295
10106,23,0.099627,0.117453
10107,25,0.097645,0.120792
10108,21,0.096510,0.119648
10109,26,0.099536,0.120248
10110,25,0.096669,0.118330
10111,19,0.098082,0.111684
10112,19,0.101482,0.118426
10113,21,0.103676,0.122586
10114,27,0.094154,0.118148
10115,17,0.099873,0.116780
10116,14,0.099160,0.111740
10117,16,0.094464,0.115101
10118,14,0.103031,0.127414
10119,21,0.096205,0.108769
10120,18,0.095840,0.108736
10121,19,0.102190,0.114642
10122,19,0.099684,0.111818
10123,19,0.097964,0.120707
10124,16,0.099431,0.115962
10125,18,0.098569,0.124641
10126,21,0.097972,0.119077
10127,21,0.099166,0.114148
10128,22,0.100816,0.120798
10129,21,0.098832,0.108941
10130,13,0.100422,0.118243
10131,24,0.097593,0.115458
10132,27,0.098045,0.116721
10133,15,0.097722,0.116508
10134,21,0.096641,0.123738
10135,27,0.096294,0.109437
10136,18,0.098662,0.113591
10137,16,0.097412,0.111751
10138,20,0.096759,0.125123
10139,25,0.098165,0.119025
10140,28,0.098826,0.122797
10141,25,0.101264,0.134738
10142,18,0.099310,0.116719
10143,14,0.097540,0.112857
10144,21,0.101663,0.118620
10145,19,0.098225,0.115678
10146,15,0.095228,0.115524
10147,11,0.095373,0.119951
10148,20,0.097551,0.122405
10149,20,0.098682,0.108470
10150,15,0.097776,0.116901
10151,19,0.103846,0.121136
10152,16,0.098011,0.117736
10153,15,0.095004,0.108152
10154,21,0.099061,0.117817
10155,24,0.101434,0.119683
10156,19,0.094119,0.126724
10157,26,0.100281,0.123865
10158,19,0.099990,0.118684
10159,19,0.092681,0.113726
10160,21,0.097115,0.116338
10161,15,0.094898,0.112279
10162,21,0.095382,0.124309
10163,14,0.098031,0.124012
10164,18,0.100206,0.114515
10165,17,0.097736,0.117383
10166,27,0.098914,0.121867
10167,21,0.098300,0.112652
10168,18,0.100403,0.113525
10169,18,0.099940,0.119488
10170,11,0.095357,0.106518
10171,18,0.099961,0.130988
10172,20,0.097858,0.113849
10173,18,0.096668,0.119746
10174,25,0.100306,0.126722
10175,26,0.099987,0.124073
10176,20,0.099138,0.122270
10177,15,0.102251,0.125144
10178,18,0.097923,0.117435
10179,20,0.097156,0.112492
10180,20,0.096824,0.118077
10181,18,0.094810,0.111374
10182,19,0.094396,0.118985
10183,20,0.099083,0.118482
10184,17,0.099666,0.120783
10185,24,0.097136,0.119550
10186,19,0.099117,0.122203
10187,23,0.100413,0.125403
10188,18,0.097448,0.114331
10189,21,0.098687,0.118275
10190,21,0.098152,0.115157
10191,23,0.097035,0.118070
10192,24,0.101363,0.128408
10193,23,0.100851,0.115189
10194,17,0.095213,0.110955
10195,12,0.093214,0.111530
10196,22,0.095960,0.113861
10197,10,0.097210,0.108162
10198,19,0.096520,0.123034
10199,18,0.097009,0.114530
10200,23,0.095393,0.111449
10201,20,0.099831,0.115509
10202,25,0.098352,0.116330
10203,17,0.101763,0.119319
10204,20,0.094571,0.121399
10205,24,0.096203,0.112101
10206,14,0.096515,0.125484
10207,21,0.098772,0.113106
10208,18,0.100509,0.122728
10209,24,0.099074,0.127371
10210,20,0.099305,0.119803
10211,20,0.099729,0.115652
10212,13,0.094953,0.112355
10213,18,0.097297,0.122222
10214,17,0.099062,0.117508
10215,20,0.098271,0.121033
10216,16,0.095755,0.114164
10217,19,0.099767,0.129599
10218,22,0.095495,0.110799
10219,18,0.100666,0.120941
10220,15,0.096374,0.111242
10221,11,0.095001,0.114424
10222,7,0.095164,0.117303
10223,22,0.098831,0.118233
10224,19,0.097814,0.120425
10225,15,0.103563,0.121804
10226,24,0.101378,0.121168
10227,12,0.100607,0.118267
10228,28,0.099477,0.116909
10229,19,0.100478,0.124435
10230,13,0.095644,0.124784
10231,22,0.100855,0.125000
10232,15,0.100404,0.123498
10233,21,0.097572,0.118197
10234,21,0.098108,0.120820
10235,27,0.100999,0.116763
10236,19,0.096157,0.115913
10237,24,0.096576,0.112702
10238,20,0.096638,0.121456
10239,23,0.096709,0.113860
10240,22,0.097895,0.121508
10241,18,0.096427,0.115326
10242,24,0.094967,0.112894
10243,26,0.095314,0.119356
10244,18,0.096461,0.112750
10245,20,0.099460,0.122855
10246,22,0.096608,0.108404
10247,19,0.098409,0.114809
10248,22,0.104404,0.123042
10249,19,0.100840,0.123485
10250,23,0.097595,0.116465
10251,20,0.097485,0.123361
10252,23,0.096553,0.114396
10253,25,0.101095,0.125269
10254,20,0.101133,0.118592
10255,14,0.099199,0.117936
10256,15,0.102160,0.123725
10257,22,0.098885,0.119984
10258,22,0.095502,0.118794
10259,20,0.099681,0.116446
10260,18,0.094911,0.121793
10261,20,0.096224,0.117522
10262,22,0.100802,0.118978
10263,17,0.096872,0.115432
10264,17,0.099263,0.116042
10265,21,0.100917,0.121897
10266,23,0.097093,0.110520
10267,23,0.101285,0.131481
10268,19,0.100387,0.119812
10269,24,0.099105,0.112822
10270,15,0.100532,0.123326
10271,20,0.100010,0.120755
10272,13,0.098139,0.117883
10273,20,0.097367,0.119241
10274,20,0.100079,0.124525
10275,13,0.098218,0.120079
10276,28,0.098511,0.124294
10277,26,0.096312,0.123185
10278,17,0.096855,0.107327
10279,14,0.099265,0.116678
10280,20,0.098619,0.116058
10281,21,0.098483,0.113127
10282,12,0.098474,0.115368
10283,13,0.102889,0.124158
10284,22,0.096836,0.126360
10285,14,0.094779,0.106522
10286,25,0.097953,0.121478
10287,26,0.099102,0.117505
10288,19,0.096287,0.111341
10289,19,0.100356,0.124587
10290,17,0.098566,0.119963
10291,23,0.099942,0.122324
10292,18,0.094736,0.115837
10293,15,0.097665,0.126706
10294,12,0.102622,0.118421
10295,15,0.095622,0.104781
10296,26,0.100285,0.125511
10297,21,0.103054,0.131385
10298,20,0.099644,0.118934
10299,13,0.100731,0.123485
10300,16,0.097406,0.130828
10301,23,0.094400,0.126387
10302,22,0.097902,0.120224
10303,11,0.092753,0.106837
10304,18,0.097747,0.115098
10305,24,0.099442,0.121821
10306,17,0.102045,0.122758
10307,14,0.099151,0.120983
10308,20,0.098865,0.115107
10309,23,0.101350,0.130622
10310,14,0.098986,0.116282
10311,14,0.098027,0.125624
10312,23,0.101835,0.120719
10313,20,0.099934,0.114619
10314,22,0.099296,0.116941
10315,16,0.096138,0.117553
10316,16,0.100621,0.120777
10317,17,0.097833,0.114207
10318,25,0.095799,0.114898
10319,18,0.097396,0.115161
10320,22,0.096496,0.114648
10321,19,0.098779,0.127235
10322,22,0.099760,0.121401
10323,22,0.097851,0.114953
10324,12,0.102562,0.122818
10325,23,0.104151,0.123941
10326,16,0.100886,0.123371
10327,26,0.098813,0.120135
10328,22,0.099395,0.118219
10329,21,0.097951,0.127264
10330,17,0.099132,0.118980
10331,27,0.100108,0.120363
10332,18,0.095930,0.125252
10333,23,0.101382,0.123262
10334,19,0.099494,0.130073
10335,22,0.096164,0.118620
10336,13,0.102551,0.124518
10337,14,0.095820,0.127068
10338,19,0.099470,0.117664
10339,16,0.097823,0.122056
10340,20,0.097271,0.121334
10341,21,0.098420,0.109561
10342,24,0.097571,0.119623
10343,20,0.096484,0.115431
10344,17,0.098122,0.113401
10345,20,0.098797,0.118554
10346,20,0.098848,0.118468
10347,22,0.098610,0.112460
10348,23,0.093566,0.110931
10349,18,0.094016,0.111093
10350,21,0.096037,0.118556
10351,21,0.099120,0.114174
10352,17,0.097818,0.127046
10353,23,0.099347,0.124598
10354,19,0.092564,0.118261
10355,19,0.097838,0.117337
10356,14,0.100550,0.112338
10357,14,0.094277,0.106864
10358,22,0.099740,0.124740
10359,21,0.103710,0.132867
10360,24,0.102010,0.119716
10361,16,0.099369,0.122281
10362,13,0.100473,0.116757
10363,17,0.099644,0.116194
10364,18,0.100130,0.120768
10365,22,0.099499,0.116413
10366,20,0.097391,0.123096
10367,24,0.100269,0.126373
10368,19,0.096369,0.108302
10369,21,0.096332,0.110461
10370,24,0.096976,0.118529
10371,21,0.101240,0.121590
10372,17,0.101113,0.119717
10373,16,0.097499,0.114341
10374,18,0.101594,0.122905
10375,10,0.093617,0.116112
10376,19,0.102937,0.122569
10377,22,0.095173,0.111296
10378,21,0.099142,0.121150
10379,21,0.103038,0.128588
10380,28,0.100524,0.120278
10381,18,0.100420,0.114117
10382,14,0.096687,0.119603
10383,24,0.100750,0.121781
10384,18,0.099014,0.114827
10385,19,0.098773,0.128292
10386,22,0.101456,0.136088
10387,26,0.097334,0.112363
10388,23,0.100216,0.119102
10389,9,0.095825,0.113391
10390,15,0.096663,0.116011
10391,13,0.098002,0.116014
10392,17,0.093575,0.117258
10393,12,0.098072,0.115209
10394,29,0.096812,0.118805
10395,21,0.098645,0.121033
10396,20,0.094742,0.111898
10397,10,0.095878,0.115713
10398,18,0.097436,0.121546
10399,16,0.100377,0.117036
10400,26,0.098302,0.118283
10401,22,0.095455,0.123339
10402,17,0.097062,0.113468
10403,17,0.096624,0.122537
10404,23,0.098811,0.120195
10405,20,0.101191,0.116124
10406,20,0.101567,0.116973
10407,19,0.101335,0.124794
10408,21,0.098226,0.120290
10409,20,0.103486,0.119865
10410,20,0.098543,0.116497
10411,15,0.093611,0.104962
10412,21,0.099324,0.117142
10413,21,0.101790,0.132934
10414,18,0.101136,0.115369
10415,27,0.101213,0.122610
10416,18,0.099527,0.118461
10417,22,0.101238,0.125422
10418,21,0.099429,0.126240
10419,16,0.101318,0.124452
10420,16,0.099983,0.115194
10421,24,0.090251,0.114857
10422,12,0.094967,0.107400
10423,25,0.102605,0.130392
10424,22,0.100908,0.126186
10425,22,0.096878,0.121614
10426,24,0.101900,0.119548
10427,23,0.097025,0.116408
10428,17,0.099527,0.114234
10429,22,0.097954,0.122978
10430,18,0.094931,0.109528
10431,22,0.097824,0.116158
10432,22,0.098319,0.122633
10433,24,0.099522,0.119374
10434,24,0.097378,0.122152
10435,24,0.101417,0.120706
10436,25,0.097430,0.131517
10437,17,0.100951,0.113101
10438,16,0.096583,0.113682
10439,21,0.100494,0.114223
10440,22,0.098637,0.116492
10441,11,0.096327,0.107620
10442,28,0.096227,0.117233
10443,15,0.100988,0.118529
10444,14,0.096865,0.112409
10445,16,0.096073,0.118092
10446,21,0.097044,0.114994
10447,11,0.097822,0.113918
10448,11,0.097158,0.113644
10449,22,0.099473,0.119734
10450,22,0.097153,0.125328
10451,17,0.095651,0.106588
10452,14,0.095869,0.114664
10453,13,0.100886,0.113417
10454,23,0.099445,0.116646
10455,15,0.094947,0.111137
10456,19,0.102273,0.122310
10457,15,0.100249,0.114508
10458,19,0.095469,0.109541
10459,21,0.098743,0.117405
10460,25,0.101436,0.123418
10461,21,0.100760,0.125076
10462,9,0.097680,0.114725
10463,27,0.097186,0.124404
10464,21,0.097866,0.113563
10465,26,0.101724,0.126757
10466,19,0.101423,0.115239
10467,26,0.103457,0.121149
10468,17,0.093190,0.117806
10469,20,0.100428,0.117843
10470,18,0.097279,0.113252
10471,18,0.102500,0.118051
10472,17,0.095156,0.113304
10473,18,0.095655,0.108583
10474,20,0.100491,0.120290
10475,23,0.100170,0.117386
10476,14,0.095822,0.117077
10477,19,0.096494,0.115485
10478,17,0.100308,0.118730
10479,17,0.095856,0.114692
10480,23,0.099866,0.115573
10481,23,0.099318,0.111895
10482,22,0.098946,0.119259
10483,22,0.097440,0.108649
10484,22,0.098321,0.117991
10485,17,0.102491,0.118714
10486,26,0.096786,0.110790
10487,19,0.094810,0.112386
10488,23,0.096585,0.113998
10489,19,0.099077,0.125146
10490,15,0.094746,0.115591
10491,17,0.099286,0.118988
10492,22,0.096719,0.116318
10493,25,0.096553,0.115733
10494,20,0.096885,0.118503
10495,17,0.095043,0.119675
10496,28,0.096039,0.114780
10497,17,0.096281,0.110699
10498,19,0.100019,0.119373
10499,18,0.098901,0.128397
10500,15,0.095662,0.107973
10501,13,0.096232,0.117353
10502,15,0.097900,0.121436
10503,22,0.099964,0.122640
10504,15,0.099106,0.124581
10505,16,0.103469,0.116265
10506,22,0.098022,0.129938
10507,16,0.094597,0.115790
10508,22,0.100510,0.122805
10509,16,0.101127,0.117417
10510,16,0.096022,0.110545
10511,15,0.096663,0.127556
10512,20,0.095722,0.117106
10513,18,0.098333,0.118950
10514,16,0.099544,0.117564
10515,11,0.106034,0.131254
10516,19,0.100202,0.129226
10517,25,0.098976,0.116452
10518,14,0.098295,0.115456
10519,21,0.100600,0.124533
10520,28,0.095876,0.115589
10521,20,0.093318,0.116348
10522,15,0.095091,0.110234
10523,15,0.100443,0.113579
10524,25,0.098791,0.115435
10525,15,0.099151,0.111649
10526,20,0.095677,0.116604
10527,16,0.098204,0.120280
10528,27,0.096823,0.112641
10529,27,0.100560,0.114168
10530,22,0.102053,0.129726
10531,16,0.103795,0.121499
10532,26,0.096914,0.123972
10533,22,0.101757,0.114199
10534,20,0.095805,0.126218
10535,27,0.095662,0.115477
10536,15,0.093865,0.116843
10537,18,0.102336,0.120956
10538,23,0.099750,0.121689
10539,26,0.102129,0.124405
10540,24,0.098188,0.118165
10541,22,0.095538,0.117492
10542,25,0.100887,0.134571
10543,22,0.096709,0.111647
10544,21,0.100445,0.122527
10545,20,0.097314,0.117861
10546,10,0.096911,0.112704
10547,19,0.099918,0.119563
10548,19,0.095429,0.119916
10549,19,0.095650,0.109587
10550,27,0.099419,0.124406
10551,23,0.101251,0.121216
10552,21,0.099735,0.117954
10553,12,0.097052,0.111525
10554,20,0.102408,0.120647
10555,19,0.097179,0.123695
10556,11,0.100772,0.118717
10557,18,0.097968,0.115624
10558,25,0.093585,0.111393
10559,14,0.100401,0.125483
10560,15,0.101440,0.134312
10561,25,0.099340,0.115504
10562,17,0.097444,0.111164
10563,14,0.095259,0.115192
10564,13,0.099062,0.113101
10565,17,0.097992,0.124235
10566,30,0.099617,0.120911
10567,19,0.096032,0.108097
10568,21,0.096571,0.125961
10569,18,0.100752,0.122829
10570,15,0.100370,0.131792
10571,17,0.099913,0.117234
10572,20,0.096478,0.117926
10573,23,0.097632,0.119724
10574,29,0.100634,0.123348
10575,22,0.101243,0.119697
10576,18,0.097677,0.115511
10577,23,0.098613,0.121565
10578,16,0.102861,0.128038
10579,27,0.096982,0.120403
10580,17,0.095606,0.117074
10581,21,0.095896,0.113201
10582,21,0.099353,0.112403
10583,18,0.100725,0.115175
10584,18,0.093140,0.109467
10585,15,0.097939,0.108170
10586,15,0.100627,0.123381
10587,13,0.103577,0.120726
10588,16,0.100626,0.121109
10589,21,0.101619,0.121357
10590,19,0.096129,0.115353
10591,16,0.093189,0.114793
10592,19,0.100466,0.136037
10593,17,0.096668,0.111304
10594,19,0.097525,0.119414
10595,19,0.096978,0.105003
10596,18,0.103499,0.113819
10597,21,0.100307,0.126106
10598,16,0.095567,0.115710
10599,22,0.100782,0.126819
10600,27,0.097999,0.116499
10601,21,0.095948,0.117331
10602,18,0.098583,0.122458
10603,16,0.098648,0.117691
10604,16,0.098751,0.110279
10605,16,0.098416,0.121122
10606,21,0.098790,0.117929
10607,18,0.093866,0.104936
10608,20,0.099971,0.124531
10609,22,0.098457,0.119086
10610,19,0.096457,0.119645
10611,23,0.101630,0.138862
10612,23,0.098504,0.121080
10613,17,0.095029,0.115525
10614,34,0.098551,0.113296
10615,21,0.096452,0.110961
10616,14,0.100943,0.118361
10617,24,0.100395,0.118970
10618,18,0.096506,0.114819
10619,17,0.099283,0.125652
10620,20,0.096821,0.123386
10621,15,0.092906,0.111348
10622,20,0.099644,0.119290
10623,23,0.099723,0.117312
10624,20,0.097864,0.115488
10625,22,0.099107,0.119630
10626,17,0.101210,0.134274
10627,18,0.102185,0.115724
10628,23,0.099483,0.121813
10629,20,0.098978,0.117885
10630,18,0.098891,0.114469
10631,27,0.098567,0.115581
10632,21,0.099234,0.118462
10633,24,0.098678,0.121888
10634,19,0.096771,0.114450
10635,23,0.100107,0.116930
10636,23,0.097204,0.122119
10637,23,0.097311,0.123289
10638,18,0.100055,0.128192
10639,15,0.094371,0.113024
10640,20,0.097043,0.120856
10641,22,0.097295,0.111275
10642,19,0.094858,0.126550
10643,18,0.099890,0.123665
10644,21,0.100521,0.129330
10645,16,0.102018,0.131915
10646,14,0.100773,0.115128
10647,23,0.105055,0.128962
10648,16,0.102277,0.115239
10649,24,0.099755,0.121141
10650,19,0.093397,0.112713
10651,20,0.100553,0.120992
10652,27,0.098085,0.134812
10653,16,0.102008,0.125268
10654,19,0.099918,0.121659
10655,18,0.098986,0.116294
10656,14,0.100009,0.117321
10657,21,0.098300,0.123658
10658,20,0.099938,0.120118
10659,18,0.099603,0.123787
10660,27,0.098976,0.116466
10661,25,0.096713,0.117565
10662,15,0.103246,0.123933
10663,20,0.103991,0.119120
10664,23,0.098745,0.120572
10665,12,0.099655,0.122632
10666,18,0.098846,0.126499
10667,19,0.097313,0.116822
10668,20,0.097165,0.111526
10669,12,0.097818,0.115605
10670,21,0.097921,0.111726
10671,21,0.097780,0.118574
10672,18,0.098344,0.120831
10673,24,0.100054,0.123487
10674,14,0.096766,0.106147
10675,22,0.101154,0.117232
10676,19,0.098571,0.111056
10677,15,0.099955,0.125055
10678,23,0.100297,0.117872
10679,18,0.096129,0.116948
10680,22,0.098029,0.119642
10681,17,0.093473,0.113872
10682,23,0.099016,0.124634
10683,16,0.098200,0.108365
10684,17,0.101707,0.116301
10685,22,0.100199,0.121144
10686,17,0.098364,0.118257
10687,21,0.096803,0.112324
10688,17,0.103249,0.123965
10689,25,0.100338,0.119199
10690,16,0.102851,0.119834
10691,25,0.096284,0.113491
10692,27,0.100577,0.121502
10693,19,0.097160,0.117332
10694,18,0.097347,0.115087
10695,21,0.100325,0.120021
10696,16,0.100503,0.119586
10697,22,0.097824,0.124484
10698,15,0.101811,0.122666
10699,19,0.100046,0.118783
10700,21,0.095437,0.112372
10701,22,0.097347,0.116044
10702,26,0.100982,0.125848
10703,20,0.097972,0.113715
10704,17,0.095581,0.115156
10705,12,0.096268,0.111486
10706,22,0.096103,0.109438
10707,12,0.099004,0.112782
10708,17,0.096853,0.116712
10709,23,0.098451,0.114898
10710,14,0.102180,0.132205
10711,21,0.100458,0.118809
10712,24,0.095688,0.116538
10713,18,0.100465,0.118161
10714,26,0.100209,0.116609
10715,27,0.101138,0.120912
10716,14,0.098106,0.119155
10717,14,0.100577,0.115739
10718,20,0.097355,0.120150
10719,17,0.099441,0.112397
10720,21,0.098069,0.118726
10721,23,0.098835,0.126025
10722,17,0.099974,0.116677
10723,19,0.096641,0.110679
10724,16,0.094502,0.103206
10725,12,0.098038,0.121764
10726,18,0.097701,0.119356
10727,17,0.100255,0.117594
10728,23,0.100457,0.127693
10729,22,0.096654,0.117932
10730,20,0.096760,0.116016
10731,20,0.100523,0.123457
10732,15,0.098526,0.125709
10733,21,0.096616,0.116517
10734,25,0.100518,0.132812
10735,21,0.099049,0.118638
10736,28,0.096934,0.119126
10737,17,0.105764,0.126248
10738,18,0.098388,0.119801
10739,16,0.096826,0.114084
10740,23,0.098954,0.118993
10741,18,0.097804,0.110407
10742,17,0.096822,0.111614
10743,20,0.099172,0.113769
10744,19,0.099526,0.111817
10745,24,0.103408,0.127115
10746,10,0.097230,0.117127
10747,18,0.103796,0.121611
10748,16,0.097031,0.115561
10749,29,0.097318,0.119673
10750,21,0.097855,0.129079
10751,18,0.097679,0.121257
10752,19,0.100184,0.108283
10753,16,0.097040,0.118167
10754,21,0.097933,0.125559
10755,23,0.098075,0.113250
10756,13,0.096520,0.113922
10757,21,0.097958,0.115174
10758,23,0.099100,0.122002
10759,19,0.099287,0.113353
10760,16,0.096212,0.109911
10761,14,0.099550,0.116281
10762,17,0.095946,0.124048
10763,18,0.094452,0.110967
10764,26,0.096983,0.118977
10765,16,0.099715,0.114098
10766,21,0.096999,0.116582
10767,20,0.094635,0.117337
10768,18,0.095418,0.111689
10769,17,0.099836,0.117822
10770,18,0.095360,0.125085
10771,19,0.096264,0.116149
10772,17,0.096482,0.119024
10773,22,0.096771,0.119612
10774,23,0.099449,0.120851
10775,19,0.098528,0.123583
10776,13,0.095496,0.115487
10777,18,0.098387,0.116322
10778,20,0.095087,0.117169
10779,15,0.099423,0.113220
10780,19,0.099302,0.120306
10781,22,0.096672,0.116560
10782,20,0.096350,0.114858
10783,19,0.098469,0.110404
10784,16,0.098831,0.116933
10785,20,0.094935,0.116277
10786,18,0.097072,0.112516
10787,22,0.102079,0.117431
10788,21,0.096340,0.125922
10789,26,0.100448,0.113738
10790,16,0.094071,0.107976
10791,24,0.095116,0.120676
10792,24,0.100286,0.121686
10793,22,0.097258,0.114179
10794,21,0.097499,0.113711
10795,19,0.097875,0.108344
10796,26,0.098250,0.127091
10797,20,0.096613,0.131927
10798,23,0.098202,0.115661
10799,18,0.098754,0.120049
10800,20,0.101089,0.119377
10801,14,0.099361,0.123786
10802,15,0.102272,0.125697
10803,14,0.098406,0.117959
10804,20,0.103402,0.131930
10805,23,0.099470,0.115385
10806,18,0.100015,0.129878
10807,16,0.096503,0.121883
10808,21,0.099609,0.118097
10809,18,0.099820,0.118385
10810,23,0.098616,0.132145
10811,16,0.098696,0.119156
10812,20,0.098313,0.125426
10813,32,0.097787,0.120456
10814,24,0.100723,0.116430
10815,16,0.098152,0.106707
10816,13,0.097109,0.111997
10817,19,0.098721,0.117917
10818,20,0.095863,0.114673
10819,19,0.097027,0.142943
10820,20,0.099544,0.116770
10821,16,0.096617,0.122586
10822,19,0.096648,0.114302
10823,23,0.100095,0.122202
10824,18,0.096685,0.115175
10825,17,0.096887,0.133005
10826,13,0.096989,0.117110
10827,28,0.099156,0.120458
10828,20,0.098513,0.118389
10829,21,0.097673,0.119061
10830,19,0.098643,0.112492
10831,19,0.098269,0.116300
10832,21,0.098287,0.117961
10833,21,0.098385,0.127558
10834,20,0.096764,0.111552
10835,19,0.095456,0.113320
10836,23,0.092809,0.117909
10837,19,0.101899,0.119512
10838,17,0.097374,0.119184
10839,23,0.097775,0.114842
10840,23,0.099433,0.119951
10841,18,0.097744,0.111765
10842,16,0.094306,0.111701
10843,16,0.095595,0.115424
10844,13,0.096122,0.116417
10845,25,0.099835,0.130279
10846,17,0.099148,0.117994
10847,23,0.098602,0.120274
10848,21,0.096857,0.117510
10849,22,0.100353,0.122656
10850,23,0.100595,0.121622
10851,26,0.101734,0.118609
10852,20,0.099357,0.116382
10853,18,0.095792,0.111222
10854,22,0.098948,0.124452
10855,11,0.098097,0.112488
10856,24,0.096413,0.124994
10857,14,0.100064,0.119279
10858,26,0.100672,0.129347
10859,23,0.095982,0.111691
10860,15,0.098992,0.112395
10861,17,0.098752,0.123863
10862,18,0.099121,0.113074
10863,19,0.097415,0.121426
10864,19,0.099103,0.127714
10865,24,0.102655,0.130412
10866,19,0.099516,0.116334
10867,22,0.097607,0.116566
10868,18,0.096785,0.120949
10869,10,0.099140,0.110580
10870,23,0.098970,0.116208
10871,16,0.092934,0.125632
10872,21,0.097958,0.112183
10873,20,0.097796,0.112720
10874,14,0.096894,0.118278
10875,18,0.097191,0.115778
10876,15,0.092055,0.109154
10877,16,0.100908,0.121064
10878,22,0.106087,0.142377
10879,17,0.102176,0.134088
10880,26,0.097196,0.110697
10881,19,0.096141,0.115266
10882,24,0.100010,0.114738
10883,20,0.103113,0.123575
10884,18,0.095854,0.114000
10885,19,0.098316,0.111834
10886,15,0.102042,0.124107
10887,19,0.097817,0.116997
10888,23,0.100964,0.115215
10889,23,0.097225,0.119289
10890,16,0.093211,0.115168
10891,18,0.100629,0.130110
10892,27,0.098734,0.123201
10893,18,0.097249,0.118088
10894,20,0.098151,0.129702
10895,20,0.095733,0.117350
10896,14,0.099664,0.115278
10897,19,0.100815,0.129620
10898,19,0.102904,0.117961
10899,19,0.095805,0.114210
10900,16,0.096482,0.110893
10901,24,0.098438,0.120502
10902,20,0.095662,0.109726
10903,18,0.098782,0.123878
10904,26,0.098351,0.119994
10905,13,0.097627,0.116037
10906,20,0.097903,0.120959
10907,18,0.097687,0.119394
10908,11,0.101303,0.118132
10909,15,0.094851,0.125880
10910,13,0.097182,0.109279
10911,13,0.100263,0.114246
10912,14,0.103190,0.122786
10913,16,0.097701,0.114353
10914,14,0.099297,0.118260
10915,19,0.099306,0.130434
10916,17,0.101127,0.124662
10917,23,0.095662,0.130286
10918,21,0.095629,0.126490
10919,17,0.102710,0.122884
10920,18,0.099837,0.115870
10921,17,0.096993,0.114308
10922,23,0.097030,0.126556
10923,14,0.097981,0.110008
10924,22,0.100177,0.116926
10925,21,0.096801,0.112182
10926,18,0.099140,0.116441
10927,21,0.097584,0.112439
10928,21,0.097929,0.122944
10929,27,0.097868,0.114482
10930,20,0.096652,0.115719
10931,21,0.097833,0.123363
10932,23,0.096688,0.114677
10933,23,0.099233,0.131246
10934,21,0.098911,0.120438
10935,21,0.103636,0.123697
10936,17,0.093555,0.117310
10937,17,0.101816,0.119431
10938,21,0.097746,0.118106
10939,20,0.099880,0.121214
10940,16,0.098309,0.128154
10941,19,0.100491,0.122352
10942,13,0.095665,0.114184
10943,19,0.100529,0.126025
10944,23,0.099180,0.125566
10945,25,0.099289,0.132547
10946,18,0.098610,0.119238
10947,20,0.101712,0.125625
10948,22,0.094425,0.113243
10949,17,0.099886,0.116655
10950,24,0.100383,0.123769
10951,27,0.094994,0.118832
10952,14,0.098664,0.119871
10953,25,0.098577,0.117731
10954,17,0.098263,0.119463
10955,21,0.101147,0.116539
10956,23,0.099075,0.119665
10957,27,0.100629,0.134211
10958,22,0.099762,0.114821
10959,22,0.099082,0.113618
10960,18,0.096086,0.117155
10961,19,0.099835,0.115127
10962,20,0.093693,0.106309
10963,16,0.097958,0.119549
10964,13,0.093186,0.107298
10965,18,0.099850,0.136555
10966,18,0.097314,0.113538
10967,14,0.096596,0.122478
10968,23,0.097332,0.118202
10969,13,0.098138,0.122353
10970,27,0.100994,0.116266
10971,18,0.099815,0.125491
10972,15,0.100098,0.120402
10973,18,0.097582,0.114455
10974,17,0.101220,0.128398
10975,23,0.098357,0.118495
10976,25,0.098520,0.126040
10977,24,0.097930,0.120690
10978,19,0.097275,0.111925
10979,16,0.098462,0.114349
10980,18,0.095288,0.118913
10981,25,0.100536,0.115748
10982,18,0.102708,0.117297
10983,14,0.098402,0.117381
10984,22,0.097183,0.116644
10985,20,0.101115,0.111335
10986,11,0.099621,0.120592
10987,21,0.101885,0.124924
10988,16,0.100876,0.118527
10989,26,0.099287,0.119084
10990,20,0.102166,0.113620
10991,17,0.102002,0.125611
10992,21,0.100366,0.117614
10993,23,0.094285,0.110961
10994,16,0.100927,0.119897
10995,13,0.099399,0.115525
10996,17,0.099900,0.115634
10997,25,0.099617,0.119041
10998,18,0.098160,0.124007
10999,19,0.096162,0.115393
11000,18,0.097703,0.123533
11001,16,0.094431,0.112367
11002,23,0.097892,0.116681
11003,23,0.099998,0.124386
11004,23,0.097090,0.119036
11005,23,0.100891,0.117524
11006,21,0.094813,0.109879
11007,21,0.100122,0.121837
11008,22,0.100524,0.118760
11009,23,0.099388,0.115719
11010,18,0.096294,0.114590
11011,20,0.098818,0.121949
11012,30,0.098495,0.123499
11013,16,0.097685,0.117748
11014,20,0.097999,0.121374
11015,18,0.100471,0.121193
11016,17,0.096827,0.118646
11017,25,0.099472,0.123523
11018,26,0.098230,0.121963
11019,19,0.099613,0.123571
11020,23,0.098338,0.115310
11021,20,0.098441,0.120286
11022,21,0.096335,0.123678
11023,20,0.099118,0.121815
11024,16,0.095549,0.112524
11025,22,0.099636,0.118819
11026,19,0.098018,0.116525
11027,18,0.095951,0.115503
11028,26,0.098231,0.115144
11029,24,0.097936,0.124632
11030,25,0.100298,0.126128
11031,17,0.096043,0.117953
11032,17,0.093916,0.105932
11033,16,0.108864,0.125799
11034,20,0.096866,0.114201
11035,20,0.099024,0.125090
11036,21,0.099350,0.123706
11037,19,0.095170,0.116571
11038,21,0.095431,0.107569
11039,17,0.098717,0.123900
11040,13,0.102394,0.119396
11041,22,0.098696,0.121846
11042,19,0.101423,0.131558
11043,20,0.095298,0.114608
11044,21,0.097008,0.115236
11045,19,0.091935,0.115324
11046,19,0.099470,0.123689
11047,22,0.101397,0.123474
11048,24,0.098727,0.116251
11049,19,0.103059,0.120077
11050,25,0.097188,0.121418
11051,17,0.096491,0.110152
11052,16,0.099296,0.116705
11053,23,0.095151,0.116664
11054,16,0.098072,0.118563
11055,23,0.096178,0.118752
11056,20,0.096335,0.120100
11057,21,0.096476,0.114864
11058,24,0.098617,0.116702
11059,29,0.097169,0.117816
11060,13,0.099160,0.116525
11061,24,0.099995,0.127508
11062,20,0.099132,0.117850
11063,18,0.093714,0.118784
11064,23,0.098682,0.126654
11065,21,0.099793,0.124075
11066,20,0.099471,0.114619
11067,27,0.094265,0.114565
11068,17,0.100985,0.128435
11069,15,0.097962,0.113472
11070,21,0.098584,0.121555
11071,21,0.098721,0.113446
11072,19,0.096148,0.111837
11073,23,0.099451,0.115490
11074,15,0.100534,0.116449
11075,15,0.097907,0.114138
11076,16,0.096794,0.110569
11077,24,0.098804,0.113930
11078,23,0.094665,0.113384
11079,17,0.100181,0.112296
11080,30,0.094652,0.114269
11081,23,0.099716,0.114219
11082,20,0.100531,0.120592
11083,20,0.098097,0.118323
11084,14,0.095821,0.126047
11085,21,0.103034,0.124706
11086,13,0.105023,0.134108
11087,25,0.098500,0.124914
11088,21,0.102355,0.113288
11089,15,0.098889,0.120260
11090,21,0.099837,0.112943
11091,11,0.099677,0.116964
11092,15,0.100197,0.117283
11093,16,0.093226,0.116121
11094,21,0.098746,0.122325
11095,15,0.099238,0.121787
11096,21,0.097256,0.111796
11097,18,0.098462,0.114170
11098,16,0.097200,0.123986
11099,22,0.098484,0.111524
11100,25,0.097607,0.128557
11101,28,0.097794,0.125499
11102,15,0.099989,0.118188
11103,19,0.099348,0.109109
11104,15,0.098990,0.119108
11105,25,0.097417,0.112357
11106,24,0.099217,0.118709
11107,21,0.097524,0.119582
11108,22,0.097256,0.118388
11109,21,0.101250,0.132127
11110,16,0.097555,0.120170
11111,20,0.097917,0.120222
11112,26,0.098892,0.121918
11113,20,0.098058,0.115806
11114,17,0.097201,0.115574
11115,27,0.099464,0.124068
11116,20,0.097493,0.126842
11117,18,0.100098,0.130104
11118,20,0.098820,0.119337
11119,25,0.098571,0.117992
11120,17,0.096865,0.117810
11121,16,0.101131,0.117572
11122,16,0.096843,0.115394
11123,22,0.097224,0.116464
11124,21,0.098165,0.118597
11125,18,0.099786,0.114790
11126,22,0.093097,0.118616
11127,18,0.101238,0.124643
11128,14,0.095212,0.108404
11129,19,0.099512,0.128475
11130,28,0.096547,0.113339
11131,14,0.104537,0.125912
11132,24,0.100192,0.114515
11133,21,0.095862,0.109157
11134,17,0.098750,0.115854
11135,18,0.098935,0.119634
11136,15,0.100165,0.113344
11137,17,0.104164,0.116051
11138,20,0.092632,0.119582
11139,21,0.100111,0.119799
11140,15,0.100145,0.114621
11141,23,0.097108,0.118418
11142,20,0.096960,0.116851
11143,17,0.098373,0.115107
11144,14,0.097760,0.119619
11145,16,0.095112,0.112189
11146,18,0.097562,0.114226
11147,25,0.098238,0.116547
11148,19,0.098773,0.135218
11149,18,0.095511,0.109184
11150,13,0.099539,0.116970
11151,25,0.098431,0.130239
11152,23,0.096565,0.120956
11153,24,0.098501,0.123037
11154,18,0.096276,0.119660
11155,22,0.100558,0.117577
11156,20,0.100587,0.121740
11157,19,0.099746,0.124231
11158,20,0.101315,0.120187
11159,17,0.094169,0.115807
11160,14,0.095762,0.118516
11161,23,0.099441,0.118393
11162,22,0.095583,0.111793
11163,15,0.098441,0.117281
11164,19,0.093139,0.109404
11165,20,0.094846,0.108584
11166,23,0.098680,0.122012
11167,22,0.100328,0.116858
11168,22,0.104212,0.128223
11169,17,0.099772,0.126898
11170,13,0.096626,0.112570
11171,21,0.098733,0.128120
11172,22,0.094668,0.115315
11173,21,0.096836,0.111494
11174,17,0.096419,0.116346
11175,16,0.096100,0.110525
11176,16,0.097846,0.110184
11177,17,0.095757,0.105869
11178,22,0.099802,0.122860
11179,17,0.102789,0.121520
11180,19,0.098343,0.115047
11181,17,0.100230,0.124621
11182,20,0.092672,0.111451
11183,20,0.100054,0.118947
11184,21,0.098484,0.117438
11185,16,0.100365,0.121345
11186,25,0.096485,0.115243
11187,14,0.096172,0.111201
11188,18,0.097971,0.118208
11189,23,0.099334,0.120072
11190,18,0.098081,0.125682
11191,20,0.096757,0.111918
11192,25,0.097452,0.117179
11193,20,0.092932,0.105609
11194,18,0.097924,0.117903
11195,20,0.098224,0.116278
11196,16,0.104100,0.127109
11197,20,0.098996,0.123843
11198,22,0.097039,0.116006
11199,14,0.101612,0.118945
11200,21,0.097715,0.109513
11201,17,0.101125,0.118026
11202,24,0.100598,0.124470
11203,28,0.103075,0.125071
11204,22,0.096516,0.119250
11205,18,0.095852,0.107765
11206,14,0.091721,0.120466
11207,26,0.098330,0.120913
11208,28,0.099010,0.129887
11209,24,0.095690,0.119470
11210,26,0.098342,0.131571
11211,17,0.097488,0.125303
11212,22,0.097185,0.116877
11213,23,0.097201,0.109888
11214,16,0.098244,0.123521
11215,19,0.095756,0.111515
11216,12,0.095406,0.112682
11217,21,0.095779,0.118770
11218,18,0.098940,0.120344
11219,16,0.098322,0.124068
11220,19,0.097400,0.117425
11221,14,0.098224,0.120537
11222,18,0.099708,0.123032
11223,14,0.097090,0.117828
11224,19,0.097661,0.114522
11225,28,0.096525,0.113326
11226,19,0.096919,0.119233
11227,18,0.094981,0.109152
11228,17,0.095864,0.109472
11229,25,0.099520,0.119609
11230,13,0.095686,0.114345
11231,22,0.103443,0.125879
11232,26,0.099902,0.132423
11233,28,0.098151,0.117899
11234,18,0.100265,0.119608
11235,21,0.099132,0.112646
11236,18,0.097738,0.112657
11237,22,0.102630,0.118501
11238,20,0.101123,0.115587
11239,19,0.101381,0.123335
11240,21,0.095860,0.115657
11241,20,0.098471,0.122511
11242,15,0.101287,0.125282
11243,20,0.099813,0.114647
11244,19,0.101952,0.120140
11245,23,0.095805,0.110520
11246,23,0.096100,0.112600
11247,21,0.099633,0.121879
11248,26,0.098450,0.124472
11249,21,0.097485,0.114079
11250,20,0.100748,0.128587
11251,18,0.099945,0.120554
11252,16,0.096209,0.121441
11253,17,0.097649,0.125832
11254,18,0.099083,0.111445
11255,20,0.098381,0.112834
11256,17,0.095113,0.117628
11257,24,0.097900,0.120377
11258,17,0.095354,0.111907
11259,24,0.098559,0.115135
11260,16,0.094010,0.116423
11261,17,0.099242,0.110478
11262,17,0.103554,0.118799
11263,25,0.097742,0.117450
11264,16,0.098509,0.114624
11265,24,0.097073,0.113173
11266,18,0.099304,0.131394
11267,18,0.093567,0.107234
11268,12,0.094911,0.115406
11269,16,0.096434,0.119672
11270,18,0.102268,0.121534
11271,22,0.095560,0.113506
11272,20,0.101488,0.126657
11273,15,0.094610,0.114820
11274,15,0.097376,0.113723
11275,21,0.099528,0.118248
11276,16,0.096004,0.112373
11277,22,0.095403,0.122897
11278,14,0.100793,0.124100
11279,21,0.095619,0.121731
11280,20,0.099040,0.118216
11281,23,0.100409,0.118170
11282,20,0.096821,0.112257
11283,17,0.101133,0.118582
11284,21,0.102114,0.115005
11285,25,0.099520,0.123839
11286,17,0.097205,0.107598
11287,27,0.098784,0.122634
11288,26,0.101191,0.120716
11289,26,0.098229,0.122543
11290,14,0.098736,0.114677
11291,15,0.096992,0.116818
11292,17,0.099233,0.116937
11293,16,0.096500,0.118953
11294,17,0.097817,0.106948
11295,12,0.100695,0.128655
11296,16,0.101111,0.116165
11297,13,0.095649,0.125578
11298,21,0.094926,0.113518
11299,21,0.099450,0.118980
11300,22,0.094346,0.120645
11301,16,0.095432,0.114485
11302,21,0.099569,0.116451
11303,25,0.096349,0.121618
11304,23,0.096408,0.117978
11305,22,0.102215,0.116088
11306,20,0.100561,0.120117
11307,12,0.092850,0.098908
11308,15,0.099461,0.107542
11309,16,0.098662,0.113915
11310,19,0.097760,0.115833
11311,19,0.096795,0.126606
11312,26,0.099480,0.117035
11313,33,0.100918,0.124547
11314,19,0.099422,0.115761
11315,14,0.095661,0.123123
11316,23,0.104098,0.122380
11317,16,0.098275,0.124462
11318,20,0.101847,0.128101
11319,22,0.099353,0.124527
11320,14,0.096391,0.111675
11321,24,0.099468,0.122744
11322,22,0.099908,0.118121
11323,15,0.093599,0.110699
11324,30,0.097388,0.117839
11325,19,0.096272,0.123299
11326,16,0.098476,0.112140
11327,15,0.094782,0.109085
11328,14,0.097634,0.115301
11329,24,0.094052,0.110771
11330,22,0.099694,0.120508
11331,18,0.098294,0.116369
11332,18,0.095081,0.111169
11333,20,0.099288,0.113579
11334,27,0.101407,0.133769
11335,22,0.101294,0.125700
11336,22,0.098665,0.118913
11337,21,0.098509,0.113901
11338,21,0.100033,0.123008
11339,20,0.097761,0.117222
11340,17,0.099951,0.118347
11341,18,0.098887,0.123764
11342,15,0.096652,0.112359
11343,19,0.094934,0.118631
11344,19,0.101088,0.128302
11345,19,0.101444,0.127673
11346,27,0.093464,0.129079
11347,15,0.100246,0.113977
11348,21,0.095727,0.113611
11349,26,0.099412,0.117648
11350,14,0.095534,0.117881
11351,12,0.100211,0.121292
11352,19,0.102005,0.124474
11353,21,0.099443,0.117738
11354,18,0.099662,0.121387
11355,19,0.098824,0.116393
11356,28,0.099713,0.120553
11357,22,0.096282,0.112857
11358,20,0.097588,0.112758
11359,27,0.099142,0.113243
11360,23,0.102260,0.122118
11361,22,0.100150,0.119583
11362,23,0.096174,0.110057
11363,18,0.098743,0.122658
11364,13,0.101631,0.126338
11365,18,0.098318,0.118194
11366,25,0.098016,0.131374
11367,19,0.094486,0.107759
11368,19,0.094605,0.106430
11369,19,0.098862,0.121659
11370,16,0.099110,0.122847
11371,15,0.096045,0.127582
11372,27,0.102578,0.121115
11373,12,0.096119,0.113233
11374,9,0.098881,0.116435
11375,20,0.099262,0.119765
11376,19,0.098643,0.119256
11377,22,0.096035,0.115786
11378,19,0.096613,0.120623
11379,17,0.099398,0.124257
11380,15,0.100162,0.123228
11381,19,0.100986,0.121118
11382,13,0.094290,0.112472
11383,14,0.100142,0.123040
11384,12,0.096174,0.111803
11385,20,0.101432,0.117846
11386,22,0.099629,0.116911
11387,21,0.101416,0.125623
11388,27,0.096496,0.112198
11389,14,0.099173,0.114584
11390,19,0.099244,0.123232
11391,19,0.098903,0.118777
11392,17,0.102291,0.123035
11393,19,0.103343,0.124474
11394,18,0.100032,0.116849
11395,17,0.100939,0.121319
11396,12,0.097841,0.109119
11397,26,0.098086,0.123095
11398,15,0.100564,0.112191
11399,18,0.096276,0.119380
11400,22,0.099185,0.121177
11401,16,0.094626,0.105696
11402,17,0.094159,0.111430
11403,24,0.099531,0.118667
11404,18,0.098192,0.115263
11405,15,0.096842,0.113886
11406,19,0.101309,0.119521
11407,23,0.101839,0.125974
11408,17,0.097955,0.111579
11409,19,0.101742,0.126186
11410,17,0.096217,0.117860
11411,25,0.099991,0.121867
11412,17,0.096715,0.112958
11413,9,0.102870,0.119914
11414,20,0.098563,0.113245
11415,29,0.098564,0.118117
11416,17,0.102031,0.123447
11417,22,0.098896,0.130702
11418,29,0.099392,0.119990
11419,10,0.094651,0.121925
11420,22,0.096101,0.114197
11421,24,0.100148,0.113466
11422,14,0.098008,0.121319
11423,17,0.099659,0.114397
11424,15,0.097661,0.115618
11425,18,0.098978,0.115453
11426,8,0.096303,0.111533
11427,21,0.099771,0.120405
11428,25,0.098833,0.118923
11429,22,0.101621,0.130246
11430,23,0.100134,0.121175
11431,17,0.096989,0.114824
11432,20,0.095075,0.121490
11433,26,0.102071,0.121592
11434,12,0.100035,0.115931
11435,16,0.100574,0.134938
11436,21,0.098676,0.119900
11437,23,0.099144,0.116762
11438,18,0.098948,0.125748
11439,25,0.093083,0.108489
11440,23,0.100505,0.126464
11441,20,0.094842,0.110461
11442,20,0.096856,0.117177
11443,17,0.098713,0.123489
11444,20,0.098275,0.116699
11445,20,0.097132,0.120199
11446,25,0.097225,0.116179
11447,21,0.099300,0.114413
11448,15,0.097230,0.118216
11449,15,0.102923,0.123391
11450,16,0.098121,0.111287
11451,22,0.099916,0.116551
11452,28,0.103696,0.132756
11453,23,0.098087,0.121684
11454,20,0.096248,0.125238
11455,19,0.104368,0.131332
11456,25,0.097221,0.121421
11457,17,0.096020,0.126539
11458,18,0.101917,0.122440
11459,25,0.101549,0.123574
11460,14,0.100109,0.115109
11461,20,0.095434,0.110791
11462,19,0.099918,0.113232
11463,18,0.099871,0.112075
11464,22,0.099408,0.114264
11465,19,0.098776,0.127701
11466,16,0.102590,0.126335
11467,18,0.098629,0.129573
11468,22,0.097187,0.117249
11469,16,0.103723,0.117327
11470,21,0.101273,0.114270
11471,17,0.098889,0.114237
11472,24,0.098465,0.124243
11473,18,0.097034,0.123624
11474,24,0.101834,0.120644
11475,17,0.101310,0.119068
11476,24,0.097575,0.114395
11477,18,0.102667,0.117576
11478,15,0.099958,0.115451
11479,12,0.094557,0.109525
11480,18,0.098675,0.115934
11481,17,0.096717,0.111878
11482,20,0.097561,0.118197
11483,19,0.102188,0.118542
11484,17,0.100463,0.121392
11485,14,0.095581,0.114360
11486,20,0.099472,0.116479
11487,14,0.096738,0.110807
11488,16,0.103257,0.127527
11489,22,0.098386,0.116542
11490,23,0.099630,0.121281
11491,18,0.094506,0.127873
11492,20,0.098055,0.112023
11493,24,0.102351,0.119427
11494,18,0.102449,0.118672
11495,18,0.098832,0.122759
11496,23,0.098595,0.121033
11497,19,0.096954,0.125946
11498,24,0.097336,0.117814
11499,19,0.096372,0.117824
11500,18,0.096675,0.120723
11501,20,0.097550,0.110211
11502,22,0.098579,0.135788
11503,16,0.100278,0.116351
11504,17,0.098549,0.117124
11505,23,0.097803,0.117724
11506,24,0.099821,0.116663
11507,22,0.097759,0.122211
11508,27,0.098396,0.124140
11509,22,0.095740,0.109277
11510,19,0.099019,0.116599
11511,16,0.096796,0.117826
11512,5,0.106670,0.114774
11513,14,0.102107,0.123466
11514,18,0.095412,0.116475
11515,22,0.101041,0.116953
11516,30,0.097855,0.111165
11517,18,0.098871,0.118379
11518,12,0.095829,0.111491
11519,25,0.098237,0.113577
11520,17,0.097232,0.115427
11521,14,0.099514,0.117249
11522,22,0.102367,0.116705
11523,15,0.098086,0.126976
11524,15,0.099132,0.118601
11525,17,0.096947,0.116198
11526,23,0.100605,0.115405
11527,18,0.100148,0.109729
11528,20,0.097293,0.110521
11529,15,0.100146,0.118720
11530,13,0.093969,0.115652
11531,23,0.093278,0.117737
11532,24,0.098953,0.118876
11533,24,0.100142,0.111879
11534,22,0.101737,0.117241
11535,20,0.093762,0.110396
11536,12,0.097880,0.117825
11537,20,0.099766,0.114346
11538,20,0.098826,0.113175
11539,21,0.103030,0.114614
11540,19,0.094999,0.104858
11541,20,0.095549,0.117158
11542,22,0.099106,0.117228
11543,14,0.098325,0.113226
11544,17,0.097670,0.123778
11545,23,0.096498,0.120265
11546,17,0.099940,0.117693
11547,13,0.102876,0.118436
11548,17,0.097727,0.120585
11549,20,0.094633,0.111514
11550,21,0.097456,0.118141
11551,20,0.100499,0.128086
11552,19,0.100193,0.115703
11553,17,0.100204,0.116103
11554,22,0.097820,0.112162
11555,24,0.098998,0.111628
11556,21,0.101141,0.116354
11557,15,0.093921,0.121335
11558,20,0.097731,0.122983
11559,19,0.102967,0.125375
11560,23,0.101585,0.118785
11561,24,0.097910,0.138547
11562,11,0.096541,0.113921
11563,25,0.098600,0.123768
11564,20,0.092478,0.116592
11565,26,0.096590,0.110616
11566,20,0.095484,0.108697
11567,19,0.092718,0.117883
11568,24,0.098429,0.115472
11569,21,0.102063,0.126183
11570,18,0.099481,0.134816
11571,13,0.098958,0.118193
11572,16,0.093162,0.106120
11573,26,0.099739,0.124017
11574,19,0.097668,0.115802
11575,16,0.096724,0.110789
11576,18,0.095660,0.130741
11577,25,0.099588,0.113563
11578,18,0.098607,0.118220
11579,20,0.093742,0.117435
11580,23,0.097457,0.115041
11581,21,0.097126,0.111260
11582,17,0.097210,0.111342
11583,23,0.098052,0.117829
11584,20,0.097474,0.117528
11585,21,0.099747,0.122683
11586,24,0.098894,0.117637
11587,22,0.098989,0.124496
11588,19,0.096072,0.110246
11589,17,0.096514,0.118519
11590,18,0.099628,0.114169
11591,21,0.099443,0.115607
11592,18,0.101730,0.125624
11593,11,0.098495,0.119429
11594,22,0.097039,0.125737
11595,18,0.096728,0.117285
11596,15,0.097436,0.107607
11597,14,0.098339,0.113304
11598,23,0.099151,0.113118
11599,12,0.099300,0.120282
11600,22,0.102093,0.129751
11601,16,0.092542,0.110699
11602,20,0.099440,0.121854
11603,18,0.100135,0.118113
11604,15,0.098576,0.113321
11605,18,0.092341,0.107022
11606,16,0.103482,0.117315
11607,22,0.097247,0.114007
11608,16,0.099495,0.125088
11609,19,0.103661,0.125848
11610,20,0.098305,0.130164
11611,23,0.102332,0.126292
11612,23,0.100475,0.122435
11613,20,0.096811,0.119517
11614,22,0.096585,0.115797
11615,20,0.096718,0.113579
11616,18,0.100650,0.117010
11617,19,0.099249,0.123867
11618,25,0.099533,0.121346
11619,25,0.101928,0.126460
11620,15,0.097719,0.121628
11621,17,0.098962,0.117893
11622,18,0.097659,0.118998
11623,25,0.098493,0.125164
11624,7,0.092418,0.109338
11625,20,0.097994,0.129627
11626,14,0.097261,0.114034
11627,12,0.100548,0.114052
11628,15,0.094317,0.110697
11629,23,0.098826,0.120422
11630,22,0.099631,0.119260
11631,18,0.100717,0.113628
11632,12,0.095429,0.105908
11633,14,0.098149,0.108746
11634,18,0.098776,0.125161
11635,18,0.102553,0.124864
11636,15,0.098571,0.115319
11637,19,0.097956,0.107475
11638,13,0.098246,0.115041
11639,20,0.096744,0.118402
11640,24,0.099277,0.121257
11641,16,0.097499,0.113960
11642,18,0.099853,0.124970
11643,19,0.093993,0.117596
11644,16,0.101152,0.123333
11645,21,0.094663,0.111921
11646,19,0.101949,0.118828
11647,19,0.097557,0.122551
11648,20,0.101027,0.123673
11649,15,0.099811,0.120592
11650,17,0.099555,0.121477
11651,17,0.100962,0.119933
11652,28,0.098905,0.119315
11653,22,0.101445,0.122732
11654,12,0.095749,0.120492
11655,18,0.097147,0.116591
11656,22,0.098644,0.125507
11657,20,0.099815,0.121792
11658,14,0.102288,0.125333
11659,17,0.106106,0.122890
11660,21,0.096526,0.115844
11661,20,0.098984,0.117522
11662,15,0.095292,0.116516
11663,19,0.101156,0.129211
11664,21,0.099648,0.118896
11665,11,0.098371,0.110457
11666,20,0.099536,0.122449
11667,20,0.096227,0.110198
11668,21,0.098705,0.114884
11669,24,0.097841,0.124577
11670,23,0.098576,0.120323
11671,13,0.101026,0.117755
11672,17,0.098784,0.112704
11673,19,0.096650,0.112875
11674,15,0.098026,0.122586
11675,16,0.099639,0.116022
11676,19,0.099948,0.123256
11677,18,0.093683,0.110976
11678,18,0.099745,0.125211
11679,21,0.096966,0.115291
11680,21,0.097246,0.116086
11681,23,0.098892,0.112951
11682,20,0.098475,0.116031
11683,21,0.101399,0.115562
11684,23,0.097948,0.119449
11685,17,0.099705,0.114356
11686,22,0.103168,0.120834
11687,21,0.101005,0.125990
11688,17,0.096391,0.114692
11689,19,0.102149,0.124072
11690,22,0.101236,0.121499
11691,20,0.099682,0.127787
11692,15,0.101449,0.112302
11693,23,0.099384,0.126309
11694,20,0.098763,0.121375
11695,16,0.097040,0.112945
11696,16,0.092400,0.114895
11697,20,0.097193,0.119877
11698,24,0.098064,0.119441
11699,19,0.103615,0.133214
11700,17,0.100057,0.117112
11701,16,0.099839,0.116998
11702,19,0.097868,0.109515
11703,17,0.097682,0.114796
11704,14,0.092886,0.105608
11705,11,0.098634,0.115252
11706,12,0.101627,0.123487
11707,22,0.100411,0.119879
11708,18,0.099487,0.133213
11709,15,0.099622,0.128562
11710,17,0.098534,0.128949
11711,17,0.097672,0.117140
11712,16,0.092847,0.114094
11713,18,0.096642,0.117828
11714,14,0.094967,0.111927
11715,24,0.099600,0.112633
11716,19,0.092222,0.112493
11717,23,0.100021,0.119931
11718,26,0.097174,0.110245
11719,19,0.097525,0.111669
11720,12,0.098895,0.109161
11721,20,0.098875,0.117235
11722,26,0.101618,0.132677
11723,15,0.091653,0.112084
11724,14,0.097878,0.117035
11725,23,0.099156,0.127237
11726,13,0.098106,0.119428
11727,23,0.100182,0.117496
11728,25,0.100875,0.130052
11729,21,0.100543,0.124795
11730,16,0.099025,0.120731
11731,17,0.101963,0.124775
11732,18,0.099619,0.121801
11733,16,0.097684,0.120965
11734,25,0.097925,0.120446
11735,13,0.093713,0.109288
11736,18,0.102258,0.126198
11737,21,0.098448,0.120148
11738,21,0.098912,0.112179
11739,20,0.098459,0.111197
11740,22,0.098019,0.115997
11741,19,0.099871,0.113302
11742,20,0.095975,0.112477
11743,20,0.099086,0.121306
11744,12,0.100749,0.115731
11745,26,0.098548,0.117190
11746,18,0.094794,0.113920
11747,23,0.101853,0.122839
11748,21,0.102113,0.122575
11749,17,0.099373,0.118186
11750,25,0.095266,0.111198
11751,18,0.096889,0.125189
11752,15,0.096935,0.123074
11753,16,0.098637,0.119237
11754,21,0.100636,0.122513
11755,16,0.100720,0.120446
11756,14,0.096635,0.110726
11757,19,0.094242,0.112347
11758,20,0.098206,0.112944
11759,19,0.100496,0.117528
11760,20,0.098532,0.116429
11761,19,0.098282,0.130744
11762,19,0.098427,0.115712
11763,20,0.099167,0.117166
11764,15,0.098045,0.119041
11765,19,0.096796,0.110395
11766,22,0.098391,0.117889
11767,20,0.097316,0.114358
11768,23,0.096626,0.115668
11769,14,0.090512,0.115867
11770,23,0.101750,0.126939
11771,24,0.095767,0.121225
11772,18,0.097524,0.117315
11773,25,0.098068,0.121793
11774,14,0.102205,0.130522
11775,17,0.094918,0.113463
11776,16,0.098228,0.110634
11777,24,0.099734,0.129637
11778,14,0.096615,0.123931
11779,22,0.096647,0.108619
11780,12,0.103871,0.118200
11781,14,0.100003,0.118825
11782,14,0.098236,0.121903
11783,18,0.100927,0.118183
11784,21,0.097654,0.120206
11785,21,0.098517,0.120677
11786,20,0.100018,0.121279
11787,16,0.095447,0.108294
11788,20,0.101953,0.121451
11789,23,0.097847,0.112729
11790,18,0.099974,0.112386
11791,25,0.096310,0.115935
11792,19,0.093047,0.106712
11793,19,0.096684,0.113817
11794,21,0.098077,0.122750
11795,21,0.098142,0.114533
11796,20,0.102231,0.122528
11797,30,0.102659,0.120923
11798,14,0.103341,0.126324
11799,20,0.098582,0.122492
11800,19,0.098763,0.125605
11801,19,0.097119,0.115657
11802,16,0.099380,0.119068
11803,20,0.099674,0.125216
11804,18,0.097900,0.120368
11805,24,0.100697,0.127886
11806,11,0.103090,0.118753
11807,17,0.098823,0.133039
11808,22,0.098517,0.121342
11809,13,0.096158,0.116457
11810,18,0.104677,0.125170
11811,14,0.098528,0.112719
11812,27,0.095677,0.129063
11813,17,0.098632,0.114244
11814,20,0.093824,0.108306
11815,21,0.099698,0.126507
11816,20,0.096452,0.115842
11817,18,0.096309,0.127734
11818,20,0.095556,0.111464
11819,25,0.101102,0.121537
11820,20,0.097547,0.114807
11821,11,0.098810,0.112845
11822,13,0.097704,0.114764
11823,14,0.095875,0.110388
11824,22,0.100929,0.127966
11825,20,0.099375,0.126094
11826,20,0.098201,0.120762
11827,24,0.098888,0.120646
11828,14,0.097248,0.109964
11829,18,0.102263,0.124965
11830,19,0.096855,0.115807
11831,16,0.099019,0.119385
11832,18,0.096426,0.117054
11833,22,0.097555,0.116219
11834,19,0.099309,0.126750
11835,13,0.093463,0.114589
11836,13,0.099551,0.121435
11837,21,0.097672,0.115760
11838,15,0.096461,0.108104
11839,21,0.097776,0.119784
11840,18,0.095022,0.112838
11841,18,0.103349,0.121449
11842,20,0.097162,0.109782
11843,20,0.098660,0.117279
11844,14,0.100262,0.115876
11845,22,0.102608,0.137827
11846,16,0.105693,0.119276
11847,19,0.100796,0.125737
11848,19,0.099459,0.112181
11849,17,0.100658,0.111611
11850,19,0.097371,0.126075
11851,25,0.099421,0.118800
11852,27,0.098526,0.120811
11853,14,0.099436,0.119989
11854,20,0.094303,0.118872
11855,12,0.105075,0.116299
11856,15,0.095260,0.109543
11857,23,0.096451,0.123433
11858,19,0.099963,0.122418
11859,15,0.102479,0.114355
11860,23,0.097586,0.128458
11861,13,0.094987,0.125339
11862,25,0.104224,0.134122
11863,15,0.103745,0.125580
11864,24,0.095671,0.122388
11865,22,0.096308,0.117398
11866,20,0.098027,0.121156
11867,16,0.101734,0.116472
11868,22,0.097098,0.116746
11869,12,0.101083,0.126268
11870,16,0.102097,0.122799
11871,15,0.100296,0.118925
11872,23,0.102140,0.119710
11873,13,0.093439,0.122153
11874,25,0.099375,0.134997
11875,18,0.093876,0.117037
11876,16,0.100676,0.123223
11877,18,0.097632,0.116926
11878,29,0.101320,0.127200
11879,23,0.095858,0.123724
11880,19,0.097917,0.118442
11881,20,0.100658,0.124583
11882,23,0.097898,0.115161
11883,18,0.098453,0.119973
11884,19,0.098287,0.116808
11885,23,0.099238,0.118678
11886,17,0.094342,0.113603
11887,21,0.098683,0.123760
11888,19,0.099899,0.124957
11889,22,0.098612,0.126430
11890,20,0.100813,0.121715
11891,18,0.101525,0.115697
11892,19,0.096802,0.119366
11893,28,0.097148,0.119595
11894,19,0.098382,0.127712
11895,14,0.093932,0.112072
11896,16,0.101962,0.127820
11897,21,0.101116,0.123710
11898,24,0.098317,0.115233
11899,19,0.099641,0.115304
11900,20,0.094089,0.108928
11901,22,0.098598,0.111463
11902,25,0.100297,0.129064
11903,16,0.102822,0.124254
11904,20,0.098713,0.116636
11905,28,0.099849,0.116713
11906,21,0.101021,0.130528
11907,16,0.099007,0.114261
11908,23,0.100313,0.125775
11909,14,0.099648,0.119096
11910,21,0.097964,0.112435
11911,21,0.098506,0.119555
11912,18,0.099742,0.126375
11913,14,0.096642,0.117035
11914,17,0.102631,0.122902
11915,23,0.101242,0.121964
11916,24,0.098172,0.119079
11917,21,0.100505,0.121517
11918,26,0.095710,0.119729
11919,16,0.099410,0.120587
11920,27,0.099361,0.116612
11921,17,0.098085,0.111680
11922,22,0.095912,0.118866
11923,15,0.097412,0.118478
11924,22,0.098416,0.121677
11925,17,0.098903,0.115361
11926,21,0.097256,0.126384
11927,17,0.097707,0.110615
11928,19,0.099187,0.126365
11929,13,0.097481,0.117121
11930,19,0.096632,0.112785
11931,25,0.099712,0.115539
11932,19,0.097363,0.111145
11933,15,0.098208,0.112683
11934,21,0.100699,0.131239
11935,18,0.098910,0.119994
11936,14,0.094490,0.109637
11937,25,0.098722,0.114243
11938,19,0.095444,0.112052
11939,16,0.097921,0.111220
11940,21,0.095723,0.122943
11941,20,0.095701,0.110239
11942,23,0.102254,0.119015
11943,18,0.097405,0.117742
11944,21,0.100608,0.123859
11945,15,0.099208,0.114334
11946,18,0.101774,0.132615
11947,21,0.100337,0.118645
11948,16,0.099973,0.113092
11949,21,0.098616,0.115501
11950,13,0.101258,0.132099
11951,17,0.097692,0.117548
11952,23,0.097525,0.121356
11953,21,0.097790,0.116994
11954,27,0.099827,0.123212
11955,20,0.098244,0.116677
11956,16,0.096529,0.118509
11957,21,0.099003,0.116337
11958,22,0.097798,0.111749
11959,15,0.096391,0.115188
11960,16,0.100085,0.126952
11961,25,0.098470,0.127809
11962,27,0.100475,0.123011
11963,19,0.097774,0.127121
11964,23,0.096103,0.119918
11965,21,0.100513,0.122093
11966,22,0.098181,0.115382
11967,17,0.099380,0.113038
11968,18,0.099603,0.115066
11969,16,0.098087,0.115319
11970,19,0.104359,0.129379
11971,11,0.101018,0.121300
11972,15,0.100490,0.118405
11973,18,0.099971,0.119684
11974,14,0.101765,0.123110
11975,22,0.097590,0.121777
11976,17,0.103029,0.119327
11977,22,0.098016,0.123803
11978,21,0.098832,0.112788
11979,19,0.096910,0.113478
11980,14,0.093095,0.111113
11981,19,0.100256,0.127248
11982,14,0.099946,0.114097
11983,19,0.098249,0.119039
11984,17,0.101193,0.114302
11985,23,0.097113,0.114807
11986,24,0.098413,0.120776
11987,23,0.100380,0.120284
11988,20,0.101749,0.118495
11989,21,0.101931,0.124858
11990,13,0.096594,0.118842
11991,18,0.098888,0.121701
11992,19,0.100933,0.118310
11993,16,0.101066,0.119989
11994,19,0.096614,0.110036
11995,24,0.098919,0.122751
11996,9,0.094982,0.111124
11997,17,0.096355,0.110752
11998,24,0.102382,0.120806
11999,25,0.096946,0.125053
12000,18,0.098390,0.123145
12001,14,0.097861,0.125738
12002,19,0.096088,0.115247
12003,13,0.101419,0.117030
12004,21,0.099072,0.124149
12005,17,0.096478,0.116931
12006,19,0.101346,0.135002
12007,16,0.098523,0.118229
12008,16,0.092562,0.107572
12009,16,0.098821,0.116823
12010,18,0.098990,0.118275
12011,14,0.095389,0.108865
12012,17,0.099413,0.123936
12013,21,0.095147,0.119863
12014,22,0.099387,0.117455
12015,18,0.099167,0.115563
12016,19,0.099119,0.123543
12017,18,0.099033,0.114118
12018,12,0.096326,0.120268
12019,24,0.097404,0.116017
12020,22,0.097269,0.117551
12021,14,0.099687,0.123859
12022,23,0.097585,0.109956
12023,21,0.100015,0.118767
12024,22,0.100351,0.117335
12025,16,0.097747,0.127786
12026,23,0.094961,0.115072
12027,20,0.099652,0.118742
12028,20,0.096743,0.112725
12029,26,0.100731,0.116893
12030,14,0.091250,0.121001
12031,18,0.098764,0.119297
12032,9,0.097790,0.111586
12033,18,0.098373,0.120531
12034,24,0.099755,0.119987
12035,21,0.101484,0.115146
12036,20,0.099804,0.117197
12037,22,0.099116,0.123788
12038,24,0.097926,0.117704
12039,23,0.100929,0.119183
12040,19,0.098405,0.116405
12041,20,0.096743,0.121524
12042,18,0.096115,0.121286
12043,18,0.092977,0.109635
12044,19,0.098730,0.116319
12045,24,0.097210,0.121556
12046,24,0.096004,0.112902
12047,20,0.095770,0.116242
12048,18,0.096626,0.116924
12049,21,0.103641,0.122559
12050,22,0.098956,0.122192
12051,26,0.099772,0.118697
12052,24,0.095528,0.118694
12053,21,0.096920,0.109984
12054,14,0.102318,0.119116
12055,15,0.095520,0.112428
12056,20,0.098532,0.115895
12057,22,0.095434,0.117541
12058,14,0.097295,0.117720
12059,9,0.094491,0.111755
12060,13,0.097335,0.116961
12061,22,0.097192,0.120842
12062,12,0.097618,0.111486
12063,14,0.098079,0.109428
12064,15,0.102904,0.127369
12065,18,0.102569,0.116312
12066,13,0.095485,0.110829
12067,21,0.101457,0.118775
12068,14,0.099934,0.131084
12069,11,0.100260,0.129204
12070,26,0.099951,0.124591
12071,20,0.098072,0.120586
12072,19,0.098468,0.122634
12073,13,0.094857,0.123725
12074,26,0.100319,0.134831
12075,19,0.098330,0.123147
12076,21,0.096106,0.116419
12077,17,0.099310,0.119769
12078,18,0.095288,0.108382
12079,20,0.094402,0.114632
12080,19,0.098107,0.115159
12081,18,0.101768,0.128451
12082,20,0.100516,0.115682
12083,23,0.099522,0.116325
12084,14,0.097018,0.118877
12085,12,0.101048,0.135305
12086,16,0.101583,0.122739
12087,23,0.096942,0.121573
12088,14,0.096660,0.112512
12089,21,0.098612,0.118023
12090,18,0.101400,0.120997
12091,16,0.098108,0.120821
12092,14,0.097966,0.118506
12093,21,0.095497,0.123213
12094,17,0.099905,0.134943
12095,25,0.096605,0.118863
12096,23,0.096363,0.113159
12097,24,0.097024,0.113994
12098,20,0.097475,0.127907
12099,19,0.095438,0.120167
12100,22,0.100671,0.132673
12101,18,0.095538,0.112164
12102,18,0.097238,0.119453
12103,22,0.101714,0.127593
12104,12,0.098960,0.114956
12105,15,0.098679,0.116527
12106,16,0.097176,0.109167
12107,15,0.094189,0.110894
12108,19,0.099954,0.113775
12109,19,0.097028,0.122797
12110,21,0.100871,0.120897
12111,16,0.101035,0.120452
12112,14,0.093964,0.103036
12113,17,0.097710,0.112730
12114,16,0.100480,0.121419
12115,17,0.094887,0.117575
12116,18,0.096703,0.121703
12117,21,0.097311,0.117020
12118,19,0.099543,0.117206
12119,21,0.098365,0.117911
12120,18,0.099509,0.124968
12121,22,0.099218,0.122082
12122,22,0.097686,0.127855
12123,16,0.100507,0.118885
12124,24,0.100557,0.113267
12125,18,0.094531,0.114511
12126,25,0.098722,0.120003
12127,17,0.100701,0.119521
12128,15,0.098750,0.112958
12129,26,0.097280,0.123049
12130,15,0.100383,0.124906
12131,13,0.096889,0.132498
12132,22,0.098912,0.126994
12133,18,0.099084,0.115142
12134,21,0.094631,0.110074
12135,18,0.097771,0.121365
12136,19,0.098117,0.122162
12137,15,0.098488,0.121264
12138,24,0.097963,0.124492
12139,20,0.100583,0.122995
12140,18,0.097738,0.112114
12141,19,0.097970,0.113713
12142,31,0.098601,0.117114
12143,16,0.098887,0.120040
12144,23,0.098473,0.111602
12145,20,0.100798,0.117634
12146,25,0.097281,0.117666
12147,16,0.102982,0.123921
12148,25,0.097163,0.120395
12149,20,0.101113,0.118320
12150,18,0.099965,0.123629
12151,13,0.099761,0.127339
12152,20,0.101819,0.124874
12153,24,0.097400,0.127694
12154,20,0.101829,0.117422
12155,15,0.099720,0.112009
12156,14,0.103444,0.122989
12157,22,0.102057,0.129407
12158,21,0.096261,0.113768
12159,17,0.098605,0.120403
12160,18,0.100287,0.135915
12161,18,0.092127,0.107758
12162,23,0.098332,0.120716
12163,18,0.100389,0.127506
12164,22,0.098275,0.119577
12165,17,0.095806,0.113008
12166,27,0.099021,0.123302
12167,19,0.095315,0.122031
12168,15,0.100957,0.123530
12169,19,0.093692,0.147662
12170,29,0.098732,0.131845
12171,17,0.100048,0.117960
12172,11,0.099837,0.114274
12173,23,0.098074,0.122482
12174,19,0.096140,0.120767
12175,20,0.100789,0.118219
12176,15,0.096961,0.123670
12177,19,0.097734,0.125421
12178,23,0.100046,0.119604
12179,20,0.095214,0.120242
12180,13,0.100799,0.121307
12181,11,0.098062,0.112316
12182,23,0.098788,0.119764
12183,22,0.102197,0.125856
12184,19,0.100104,0.112160
12185,16,0.100466,0.128971
12186,12,0.095090,0.109219
12187,21,0.099966,0.130601
12188,18,0.100755,0.119110
12189,17,0.098570,0.114226
12190,20,0.099096,0.118953
12191,17,0.097864,0.124116
12192,19,0.097556,0.113252
12193,18,0.097814,0.110257
12194,23,0.101485,0.124346
12195,22,0.098606,0.121837
12196,15,0.096846,0.108618
12197,17,0.104302,0.116244
12198,22,0.098968,0.115912
12199,22,0.098205,0.122358
12200,13,0.097761,0.116172
12201,21,0.098441,0.115508
12202,28,0.100236,0.135901
12203,15,0.099840,0.125681
12204,20,0.104534,0.119676
12205,19,0.096817,0.116614
12206,19,0.100749,0.117904
12207,23,0.098303,0.121427
12208,20,0.098010,0.122396
12209,22,0.099290,0.115822
12210,14,0.097298,0.115975
12211,16,0.098270,0.117244
12212,19,0.097756,0.118343
12213,21,0.098716,0.122771
12214,26,0.097235,0.116093
12215,19,0.096820,0.114693
12216,25,0.098292,0.116536
12217,22,0.096126,0.111631
12218,18,0.096516,0.113930
12219,18,0.098909,0.114800
12220,19,0.099013,0.114751
12221,21,0.099640,0.122922
12222,21,0.097864,0.118579
12223,20,0.095020,0.118313
12224,24,0.101172,0.122785
12225,13,0.100729,0.112895
12226,20,0.098049,0.131197
12227,23,0.095410,0.112160
12228,26,0.096869,0.112964
12229,18,0.100621,0.118700
12230,22,0.098645,0.118159
12231,22,0.099526,0.110949
12232,21,0.095328,0.113363
12233,18,0.099506,0.137693
12234,14,0.101398,0.118545
12235,12,0.093373,0.110099
12236,14,0.098924,0.115447
12237,24,0.106363,0.127090
12238,11,0.098589,0.115992
12239,22,0.097087,0.118609
12240,17,0.097959,0.120608
12241,21,0.097666,0.119637
12242,25,0.098976,0.117783
12243,21,0.098006,0.116341
12244,14,0.099961,0.122117
12245,24,0.101798,0.123344
12246,19,0.095544,0.113222
12247,13,0.098113,0.117528
12248,21,0.095285,0.112763
12249,21,0.095675,0.117598
12250,19,0.097436,0.119951
12251,25,0.098173,0.123121
12252,15,0.099368,0.122881
12253,18,0.096328,0.116594
12254,25,0.100870,0.118954
12255,15,0.096851,0.123061
12256,28,0.099251,0.119984
12257,20,0.100900,0.121396
12258,18,0.098853,0.112637
12259,28,0.101196,0.124606
12260,18,0.102141,0.133002
12261,13,0.101549,0.117436
12262,22,0.099889,0.113662
12263,17,0.102432,0.120024
12264,27,0.099278,0.119119
12265,17,0.100362,0.116049
12266,20,0.100154,0.125525
12267,13,0.101094,0.121413
12268,22,0.099860,0.132994
12269,15,0.094646,0.109900
12270,14,0.096541,0.118567
12271,19,0.100660,0.116147
12272,15,0.097143,0.114310
12273,13,0.093526,0.116801
12274,22,0.100957,0.126334
12275,19,0.095052,0.120614
12276,13,0.096537,0.117497
12277,17,0.096070,0.110864
12278,18,0.098191,0.113892
12279,15,0.100596,0.137182
12280,22,0.097532,0.124372
12281,20,0.099789,0.118828
12282,19,0.101889,0.130021
12283,20,0.097917,0.109959
12284,16,0.095948,0.121645
12285,18,0.101014,0.123556
12286,20,0.103426,0.137726
12287,15,0.098948,0.116426
12288,18,0.096709,0.111582
12289,18,0.098760,0.118487
12290,17,0.099172,0.112212
12291,28,0.100575,0.120933
12292,21,0.097024,0.119661
12293,19,0.097095,0.111893
12294,20,0.098009,0.112855
12295,20,0.100865,0.134579
12296,14,0.096575,0.115512
12297,18,0.097574,0.121719
12298,16,0.098732,0.128087
12299,21,0.101138,0.121703
12300,17,0.104855,0.130039
12301,17,0.100434,0.119154
12302,26,0.099417,0.115213
12303,20,0.100485,0.120000
12304,17,0.096968,0.112002
12305,22,0.099025,0.131613
12306,22,0.100652,0.121390
12307,29,0.099342,0.130382
12308,21,0.094027,0.113499
12309,18,0.097331,0.120035
12310,13,0.105221,0.121141
12311,19,0.099393,0.120776
12312,22,0.095596,0.121398
12313,19,0.098621,0.112709
12314,15,0.100375,0.112975
12315,20,0.098370,0.116147
12316,18,0.094013,0.110549
12317,17,0.095623,0.122725
12318,13,0.099450,0.122497
12319,15,0.096120,0.112814
12320,22,0.099831,0.116374
12321,20,0.097618,0.116034
12322,15,0.100558,0.124405
12323,18,0.103757,0.122802
12324,20,0.096399,0.112209
12325,13,0.095889,0.115939
12326,26,0.099499,0.135926
12327,21,0.101057,0.122150
12328,19,0.096861,0.113340
12329,13,0.101442,0.120130
12330,25,0.099057,0.119282
12331,21,0.097064,0.114668
12332,23,0.100893,0.119424
12333,26,0.100989,0.123905
12334,21,0.094625,0.124809
12335,22,0.098853,0.119109
12336,15,0.101612,0.120536
12337,20,0.101187,0.133676
12338,24,0.096759,0.113325
12339,17,0.100972,0.117677
12340,19,0.099352,0.122585
12341,19,0.100511,0.117017
12342,22,0.099030,0.121449
12343,24,0.098851,0.119385
12344,24,0.099869,0.123524
12345,16,0.101131,0.117008
12346,19,0.095065,0.113575
12347,25,0.099047,0.119965
12348,15,0.093764,0.112933
12349,18,0.094240,0.110490
12350,15,0.095382,0.115666
12351,18,0.101349,0.118194
12352,22,0.097845,0.121865
12353,20,0.101232,0.115680
12354,14,0.100031,0.119414
12355,20,0.099600,0.113195
12356,10,0.094156,0.112542
12357,18,0.097472,0.121833
12358,24,0.099972,0.115764
12359,26,0.103165,0.123905
12360,18,0.100473,0.114597
12361,12,0.098443,0.128896
12362,21,0.097698,0.123885
12363,25,0.098576,0.115867
12364,20,0.096507,0.113321
12365,17,0.094571,0.119456
12366,21,0.096066,0.114005
12367,22,0.098323,0.123415
12368,20,0.104717,0.117342
12369,27,0.101611,0.119523
12370,23,0.100293,0.118532
12371,18,0.097384,0.122637
12372,19,0.100055,0.137114
12373,15,0.097557,0.116742
12374,24,0.095972,0.113641
12375,15,0.094221,0.112742
12376,19,0.099769,0.116458
12377,19,0.098761,0.111024
12378,13,0.097037,0.110033
12379,25,0.099778,0.118799
12380,17,0.101758,0.125067
12381,30,0.098859,0.122923
12382,17,0.102054,0.125325
12383,26,0.099095,0.120240
12384,22,0.094074,0.110512
12385,29,0.098185,0.115932
12386,19,0.098885,0.116319
12387,21,0.098715,0.116894
12388,20,0.097026,0.120458
12389,17,0.097608,0.116747
12390,29,0.096875,0.124656
12391,16,0.100734,0.129493
12392,18,0.098975,0.120920
12393,21,0.095482,0.117820
12394,18,0.101841,0.124901
12395,25,0.099096,0.119665
12396,20,0.100233,0.128655
12397,23,0.100094,0.116720
12398,24,0.098399,0.122023
12399,14,0.095909,0.112150
12400,23,0.100890,0.118830
12401,21,0.098440,0.117239
12402,22,0.099980,0.123111
12403,16,0.095367,0.115431
12404,15,0.099853,0.108125
12405,25,0.099412,0.119694
12406,19,0.096672,0.121481
12407,17,0.099792,0.117661
12408,24,0.100573,0.123790
12409,25,0.097066,0.117193
12410,22,0.100561,0.120787
12411,17,0.100012,0.118748
12412,17,0.097063,0.117351
12413,12,0.101953,0.117961
12414,25,0.099690,0.118417
12415,21,0.098744,0.118844
12416,20,0.098295,0.116218
12417,8,0.095708,0.109584
12418,14,0.101004,0.115911
12419,18,0.098543,0.127378
12420,20,0.098185,0.116294
12421,21,0.095528,0.111308
12422,20,0.096496,0.124385
12423,19,0.098066,0.113117
12424,21,0.099827,0.118228
12425,18,0.099521,0.124106
12426,16,0.093875,0.104089
12427,22,0.096850,0.117974
12428,26,0.098441,0.114531
12429,15,0.099187,0.120088
12430,15,0.098825,0.127338
12431,15,0.095664,0.119497
12432,26,0.102758,0.127247
12433,17,0.095229,0.117555
12434,21,0.096763,0.125313
12435,23,0.097917,0.115991
12436,18,0.098774,0.118719
12437,21,0.096827,0.116233
12438,14,0.092994,0.107816
12439,21,0.102060,0.120036
12440,18,0.099535,0.127671
12441,18,0.094629,0.122888
12442,22,0.097659,0.115339
12443,25,0.098397,0.114438
12444,19,0.096228,0.128412
12445,15,0.099083,0.120908
12446,17,0.099857,0.113591
12447,20,0.097862,0.108738
12448,13,0.097835,0.107083
12449,19,0.098107,0.119962
12450,26,0.097883,0.121030
12451,18,0.095655,0.109319
12452,15,0.099110,0.121495
12453,23,0.096071,0.111944
12454,17,0.100905,0.120999
12455,25,0.098426,0.124462
12456,14,0.102701,0.114413
12457,20,0.094882,0.122275
12458,13,0.100199,0.116005
12459,20,0.095089,0.110139
12460,18,0.098168,0.113812
12461,18,0.094902,0.120313
12462,15,0.101106,0.125927
12463,11,0.102576,0.115380
12464,16,0.098692,0.117224
12465,14,0.097716,0.116614
12466,19,0.102272,0.128636
12467,17,0.099566,0.116612
12468,23,0.098055,0.122391
12469,15,0.095743,0.111076
12470,30,0.098288,0.122207
12471,22,0.099986,0.120504
12472,22,0.097502,0.123741
12473,26,0.097989,0.120943
12474,16,0.095379,0.117328
12475,22,0.099097,0.126043
12476,17,0.098062,0.121072
12477,21,0.099504,0.117719
12478,16,0.098682,0.118789
12479,26,0.097310,0.115378
12480,22,0.097126,0.114552
12481,29,0.099215,0.128354
12482,25,0.098813,0.121697
12483,22,0.099004,0.125084
12484,18,0.096691,0.112763
12485,25,0.098136,0.125949
12486,19,0.100066,0.117312
12487,25,0.098389,0.124742
12488,21,0.103930,0.132196
12489,21,0.099321,0.110767
12490,27,0.099570,0.122470
12491,17,0.094663,0.115415
12492,18,0.100909,0.122746
12493,24,0.097599,0.126144
12494,10,0.101641,0.115396
12495,20,0.094057,0.121826
12496,20,0.099502,0.121952
12497,18,0.100835,0.121224
12498,21,0.096514,0.111088
12499,25,0.098667,0.124990
12500,21,0.099458,0.122561
12501,18,0.096103,0.110185
12502,16,0.098277,0.121380
12503,28,0.098845,0.123476
12504,20,0.097716,0.116341
12505,23,0.095626,0.113300
12506,21,0.096797,0.115689
12507,20,0.102426,0.125897
12508,13,0.102535,0.133067
12509,15,0.100614,0.119264
12510,20,0.098946,0.113740
12511,20,0.098836,0.128280
12512,25,0.097098,0.119981
12513,17,0.099042,0.124903
12514,21,0.098404,0.114812
12515,15,0.102482,0.122412
12516,18,0.099253,0.129050
12517,16,0.099094,0.124110
12518,12,0.099371,0.119909
12519,17,0.095112,0.112153
12520,19,0.099517,0.121731
12521,23,0.099139,0.124869
12522,15,0.102307,0.121678
12523,24,0.100729,0.114545
12524,15,0.099524,0.125460
12525,20,0.100863,0.123731
12526,15,0.100910,0.121013
12527,18,0.100016,0.121134
12528,13,0.097134,0.121429
12529,21,0.097101,0.126730
12530,17,0.100795,0.120145
12531,23,0.099524,0.119547
12532,23,0.103487,0.124479
12533,13,0.095434,0.111941
12534,19,0.098896,0.124953
12535,19,0.101034,0.115782
12536,16,0.096994,0.125457
12537,16,0.099625,0.111302
12538,20,0.099813,0.113776
12539,20,0.094742,0.120973
12540,20,0.097617,0.116691
12541,18,0.097768,0.118208
12542,24,0.099126,0.128174
12543,19,0.099883,0.116741
12544,25,0.094528,0.118386
12545,22,0.096576,0.114437
12546,19,0.095130,0.109867
12547,18,0.102513,0.128055
12548,17,0.096791,0.114731
12549,26,0.097411,0.117785
12550,23,0.093785,0.109078
12551,18,0.093113,0.122782
12552,12,0.098438,0.109665
12553,21,0.101115,0.123717
12554,20,0.099214,0.119236
12555,18,0.097055,0.110068
12556,20,0.099171,0.115165
12557,16,0.097470,0.107965
12558,18,0.093398,0.105725
12559,21,0.099769,0.118104
12560,17,0.098314,0.127203
12561,21,0.102436,0.124905
12562,12,0.101233,0.121007
12563,18,0.096345,0.110816
12564,18,0.099265,0.117429
12565,17,0.094924,0.111681
12566,14,0.098677,0.111545
12567,12,0.095512,0.117452
12568,15,0.094406,0.114431
12569,21,0.099328,0.125929
12570,16,0.098791,0.116835
12571,20,0.100213,0.114070
12572,15,0.100529,0.122120
12573,18,0.096077,0.119167
12574,22,0.098969,0.116385
12575,20,0.099173,0.117831
12576,26,0.097914,0.112894
12577,19,0.101772,0.122485
12578,21,0.099899,0.120688
12579,16,0.099445,0.123039
12580,10,0.098579,0.118029
12581,27,0.099367,0.121225
12582,20,0.096656,0.115565
12583,18,0.099577,0.111695
12584,24,0.095956,0.112334
12585,15,0.091556,0.108310
12586,21,0.096783,0.110093
12587,17,0.098669,0.118683
12588,14,0.097531,0.114434
12589,12,0.100288,0.110672
12590,17,0.100880,0.119211
12591,23,0.100709,0.113087
12592,19,0.098842,0.125350
12593,29,0.092190,0.120095
12594,28,0.094006,0.109353
12595,20,0.098982,0.115423
12596,19,0.098144,0.120371
12597,20,0.097292,0.120269
12598,23,0.099880,0.118657
12599,21,0.096218,0.123667
12600,19,0.099951,0.121070
12601,24,0.099710,0.119726
12602,29,0.101321,0.119008
12603,17,0.094607,0.120709
12604,23,0.097952,0.117455
12605,20,0.099331,0.111343
12606,21,0.098408,0.110787
12607,18,0.101037,0.118338
12608,20,0.101961,0.122972
12609,17,0.102138,0.128806
12610,28,0.097396,0.127137
12611,20,0.098540,0.119356
12612,20,0.102381,0.117091
12613,17,0.098492,0.115402
12614,13,0.100749,0.128993
12615,18,0.098210,0.121488
12616,24,0.098955,0.118546
12617,12,0.099739,0.117244
12618,22,0.095705,0.119318
12619,15,0.099650,0.127856
12620,15,0.096349,0.123179
12621,31,0.100361,0.117329
12622,19,0.100113,0.124053
12623,20,0.096854,0.133622
12624,23,0.099079,0.124341
12625,13,0.098455,0.113387
12626,18,0.099665,0.113191
12627,15,0.100257,0.137349
12628,17,0.094097,0.112589
12629,19,0.097433,0.114756
12630,21,0.094409,0.117817
12631,19,0.097540,0.108549
12632,14,0.097060,0.123964
12633,24,0.098260,0.130618
12634,21,0.099350,0.117093
12635,21,0.095595,0.127678
12636,21,0.100343,0.115665
12637,19,0.095339,0.108856
12638,20,0.097893,0.112714
12639,21,0.095172,0.110026
12640,16,0.095425,0.122949
12641,15,0.097220,0.108560
12642,24,0.098810,0.118482
12643,16,0.097213,0.117594
12644,17,0.095373,0.126861
12645,25,0.097635,0.109005
12646,20,0.099233,0.121165
12647,22,0.094778,0.116628
12648,18,0.098867,0.114849
12649,23,0.099363,0.116078
12650,14,0.094325,0.123446
12651,19,0.099125,0.120948
12652,24,0.099688,0.133192
12653,22,0.096456,0.115340
12654,23,0.099660,0.128651
12655,23,0.097164,0.113793
12656,22,0.096456,0.114812
12657,17,0.094964,0.116487
12658,19,0.100784,0.124644
12659,15,0.095325,0.113697
12660,18,0.099488,0.125361
12661,17,0.098313,0.114237
12662,17,0.094557,0.119350
12663,18,0.101338,0.115646
12664,20,0.098545,0.124788
12665,21,0.096669,0.115011
12666,15,0.101845,0.137721
12667,30,0.096802,0.113761
12668,16,0.095017,0.110954
12669,20,0.095827,0.122910
12670,16,0.098305,0.118035
12671,19,0.095039,0.118180
12672,22,0.097029,0.118444
12673,17,0.097618,0.111380
12674,20,0.098721,0.119532
12675,14,0.101400,0.113394
12676,18,0.095084,0.119718
12677,18,0.098554,0.112874
12678,18,0.098599,0.116442
12679,29,0.101306,0.125630
12680,27,0.096465,0.116671
12681,22,0.099016,0.124537
12682,13,0.096359,0.105101
12683,12,0.093299,0.108545
12684,19,0.097243,0.118422
12685,21,0.097236,0.116110
12686,27,0.098509,0.116944
12687,21,0.098852,0.118119
12688,23,0.100812,0.116000
12689,26,0.101678,0.120368
12690,29,0.099653,0.119332
12691,19,0.099979,0.120935
12692,18,0.097419,0.115498
12693,21,0.100417,0.121978
12694,24,0.100672,0.127554
12695,20,0.098504,0.118804
12696,12,0.097955,0.124996
12697,14,0.102985,0.126316
12698,20,0.101656,0.136852
12699,22,0.099829,0.119883
12700,19,0.092669,0.116844
12701,16,0.100941,0.123537
12702,19,0.095696,0.113187
12703,15,0.097484,0.123262
12704,20,0.095872,0.117460
12705,18,0.103146,0.116787
12706,22,0.098701,0.120163
12707,24,0.094404,0.115753
12708,17,0.094880,0.119018
12709,20,0.096818,0.118536
12710,21,0.096357,0.119896
12711,16,0.096637,0.110176
12712,20,0.098110,0.123385
12713,24,0.097210,0.127454
12714,24,0.097352,0.126576
12715,26,0.099248,0.121729
12716,14,0.097754,0.111621
12717,19,0.096753,0.113727
12718,18,0.098219,0.108023
12719,20,0.099974,0.128266
12720,22,0.099164,0.124041
12721,25,0.098328,0.119643
12722,17,0.099970,0.116999
12723,21,0.095835,0.117745
12724,11,0.096968,0.109948
12725,21,0.100599,0.116081
12726,11,0.099550,0.125313
12727,24,0.094787,0.111341
12728,15,0.100020,0.118595
12729,21,0.098551,0.123291
12730,18,0.097661,0.114895
12731,16,0.097182,0.120615
12732,16,0.099583,0.120716
12733,25,0.099240,0.124188
12734,23,0.097633,0.112449
12735,22,0.100940,0.125869
12736,22,0.098136,0.125731
12737,19,0.097107,0.116928
12738,18,0.100099,0.113667
12739,24,0.098363,0.117555
12740,19,0.098910,0.117334
12741,18,0.098118,0.122940
12742,24,0.100017,0.119660
12743,18,0.099516,0.127157
12744,24,0.098572,0.115675
12745,11,0.098407,0.114440
12746,16,0.096190,0.111038
12747,25,0.097242,0.115556
12748,19,0.098419,0.128605
12749,20,0.096601,0.108574
12750,13,0.098732,0.117889
12751,20,0.099263,0.134848
12752,18,0.094804,0.107062
12753,18,0.099966,0.123768
12754,25,0.096727,0.122130
12755,19,0.097280,0.116400
12756,19,0.100253,0.118131
12757,24,0.098917,0.117842
12758,21,0.099229,0.112498
12759,20,0.100713,0.114645
12760,22,0.096720,0.115437
12761,24,0.096015,0.116733
12762,29,0.100211,0.127755
12763,16,0.094992,0.109903
12764,15,0.098148,0.118273
12765,22,0.094580,0.115717
12766,20,0.096749,0.116599
12767,11,0.101874,0.125123
12768,17,0.100137,0.113930
12769,24,0.101492,0.121738
12770,21,0.097910,0.114734
12771,17,0.093402,0.114277
12772,20,0.100163,0.125103
12773,22,0.100299,0.129915
12774,21,0.100377,0.119418
12775,15,0.092756,0.109974
12776,20,0.099086,0.115713
12777,19,0.101405,0.122271
12778,14,0.096537,0.115803
12779,16,0.098293,0.113750
12780,17,0.098379,0.115385
12781,14,0.098668,0.115454
12782,26,0.100584,0.123921
12783,17,0.093721,0.122833
12784,17,0.102417,0.125138
12785,23,0.094870,0.114826
12786,17,0.097161,0.108902
12787,22,0.101316,0.135107
12788,22,0.098888,0.124284
12789,23,0.099747,0.111994
12790,19,0.099187,0.127596
12791,21,0.098410,0.108293
12792,21,0.096148,0.114630
12793,18,0.098750,0.109567
12794,17,0.100390,0.115488
12795,13,0.100039,0.120291
12796,20,0.100288,0.114632
12797,14,0.098424,0.108926
12798,20,0.097696,0.114172
12799,19,0.094173,0.110063
12800,21,0.099983,0.126705
12801,19,0.101532,0.120493
12802,26,0.097434,0.120735
12803,17,0.099374,0.124479
12804,16,0.103269,0.118050
12805,18,0.092956,0.109714
12806,12,0.101216,0.118041
12807,17,0.095979,0.112595
12808,20,0.094449,0.112002
12809,17,0.100870,0.116249
12810,17,0.102251,0.127573
12811,32,0.101698,0.120357
12812,21,0.095318,0.110476
12813,9,0.101174,0.114030
12814,19,0.103461,0.123134
12815,16,0.095145,0.111230
12816,20,0.100777,0.123365
12817,23,0.103623,0.121173
12818,27,0.098325,0.119917
12819,25,0.100071,0.118784
12820,21,0.098947,0.124773
12821,15,0.099892,0.116791
12822,18,0.097214,0.114081
12823,20,0.097219,0.116688
12824,22,0.097262,0.111128
12825,18,0.098432,0.125595
12826,20,0.100591,0.118883
12827,27,0.098571,0.118614
12828,23,0.098353,0.128249
12829,23,0.099631,0.119110
12830,14,0.097724,0.116952
12831,21,0.096865,0.117446
12832,16,0.094906,0.119844
12833,24,0.099810,0.115361
12834,22,0.099854,0.116533
12835,18,0.097688,0.124507
12836,22,0.098907,0.124676
12837,22,0.097226,0.126484
12838,22,0.098503,0.133772
12839,24,0.099172,0.123767
12840,14,0.101081,0.115101
12841,27,0.100836,0.119321
12842,20,0.096826,0.130107
12843,19,0.097592,0.113612
12844,19,0.098993,0.116845
12845,16,0.101341,0.110632
12846,23,0.097940,0.117398
12847,21,0.097371,0.118025
12848,21,0.100626,0.128805
12849,12,0.101390,0.132722
12850,23,0.101145,0.128752
12851,17,0.103411,0.120536
12852,11,0.095443,0.111516
12853,24,0.096447,0.130623
12854,14,0.098683,0.115040
12855,16,0.098920,0.124590
12856,19,0.097720,0.130047
12857,18,0.100076,0.131178
12858,22,0.100200,0.130518
12859,12,0.095538,0.116943
12860,20,0.097817,0.115152
12861,24,0.099662,0.124687
12862,23,0.098229,0.119674
12863,23,0.097146,0.123611
12864,17,0.097333,0.111674
12865,22,0.095435,0.114020
12866,18,0.098011,0.130242
12867,19,0.097923,0.118617
12868,23,0.099673,0.117419
12869,19,0.095722,0.108093
12870,25,0.100468,0.122583
12871,15,0.096203,0.115337
12872,13,0.098503,0.124011
12873,21,0.099718,0.120130
12874,22,0.100049,0.116414
12875,18,0.101596,0.120729
12876,21,0.100150,0.117507
12877,18,0.100171,0.127221
12878,17,0.097704,0.111632
12879,19,0.100762,0.120947
12880,16,0.098766,0.118101
12881,13,0.098513,0.115714
12882,19,0.098090,0.117318
12883,17,0.100604,0.124032
12884,14,0.097057,0.114723
12885,29,0.098553,0.120914
12886,18,0.098118,0.114739
12887,21,0.094135,0.107930
12888,27,0.099587,0.115597
12889,18,0.100210,0.126473
12890,20,0.099629,0.117486
12891,20,0.094045,0.109160
12892,18,0.098332,0.114241
12893,18,0.097955,0.114513
12894,22,0.097177,0.117747
12895,17,0.095049,0.111989
12896,14,0.093550,0.109020
12897,11,0.102719,0.120371
12898,12,0.102160,0.124586
12899,23,0.100777,0.120255
12900,18,0.095952,0.127757
12901,12,0.101274,0.125215
12902,19,0.099862,0.123276
12903,20,0.099219,0.123722
12904,20,0.096955,0.123223
12905,16,0.097541,0.114576
12906,27,0.096489,0.112481
12907,18,0.097202,0.118237
12908,21,0.104206,0.122477
12909,31,0.096315,0.115894
12910,16,0.095439,0.120973
12911,19,0.099262,0.130973
12912,14,0.103839,0.118632
12913,25,0.099442,0.118780
12914,19,0.099488,0.122273
12915,20,0.103414,0.125998
12916,20,0.103574,0.122750
12917,20,0.098620,0.108336
12918,19,0.103546,0.114290
12919,17,0.100902,0.120414
12920,17,0.097548,0.109568
12921,19,0.096363,0.120656
12922,16,0.100534,0.121575
12923,23,0.094450,0.107802
12924,24,0.097974,0.115831
12925,22,0.095735,0.122068
12926,21,0.099999,0.126747
12927,19,0.100748,0.119696
12928,27,0.098049,0.112402
12929,15,0.098889,0.114071
12930,18,0.101207,0.128296
12931,16,0.094515,0.110415
12932,18,0.097832,0.113825
12933,19,0.101027,0.128306
12934,23,0.098921,0.120555
12935,12,0.096985,0.107369
12936,14,0.096665,0.107741
12937,18,0.097112,0.117262
12938,24,0.092033,0.118275
12939,22,0.097897,0.118565
12940,15,0.098828,0.122228
12941,22,0.100539,0.124752
12942,19,0.100403,0.114146
12943,14,0.095255,0.103825
12944,14,0.101114,0.118312
12945,21,0.098907,0.115019
12946,22,0.095840,0.118470
12947,18,0.097782,0.111251
12948,19,0.095102,0.106508
12949,13,0.096617,0.116120
12950,17,0.101578,0.120524
12951,18,0.097571,0.124110
12952,17,0.096412,0.109988
12953,16,0.101063,0.131669
12954,13,0.097393,0.112949
12955,14,0.094849,0.105837
12956,16,0.095313,0.118382
12957,27,0.097450,0.112784
12958,21,0.097567,0.115763
12959,23,0.099916,0.123367
12960,25,0.098831,0.133565
12961,9,0.096860,0.107051
12962,28,0.099990,0.138260
12963,24,0.094966,0.117253
12964,16,0.094802,0.115019
12965,19,0.102395,0.121880
12966,28,0.098120,0.120812
12967,22,0.096203,0.119229
12968,17,0.103540,0.120175
12969,23,0.099070,0.118918
12970,23,0.100827,0.116963
12971,21,0.093668,0.107847
12972,18,0.098407,0.119629
12973,26,0.098137,0.124299
12974,19,0.097371,0.118922
12975,21,0.097858,0.111471
12976,20,0.096342,0.108646
12977,25,0.101241,0.119907
12978,15,0.100515,0.113543
12979,13,0.103198,0.123158
12980,23,0.099081,0.116789
12981,22,0.094590,0.110998
12982,24,0.100088,0.132617
12983,28,0.099387,0.124505
12984,19,0.098015,0.111278
12985,18,0.096157,0.122605
12986,20,0.102202,0.117174
12987,22,0.095187,0.116563
12988,21,0.096356,0.114159
12989,25,0.100226,0.108572
12990,22,0.094566,0.111444
12991,17,0.096762,0.110890
12992,20,0.094137,0.119183
12993,20,0.099202,0.116708
12994,17,0.095676,0.124634
12995,16,0.094161,0.121680
12996,12,0.097592,0.124215
12997,13,0.096155,0.111047
12998,20,0.098217,0.126361
12999,19,0.096133,0.112246
13000,16,0.096684,0.118340
13001,23,0.099119,0.121066
13002,17,0.100507,0.131527
13003,16,0.098588,0.115881
13004,16,0.098436,0.108908
13005,24,0.096686,0.119735
13006,22,0.096342,0.119340
13007,17,0.098714,0.122504
13008,17,0.101599,0.122620
13009,19,0.099418,0.124693
13010,17,0.099324,0.122129
13011,17,0.094728,0.106662
13012,16,0.099427,0.116536
13013,22,0.097782,0.115523
13014,18,0.100349,0.113264
13015,23,0.101269,0.125657
13016,27,0.098518,0.118908
13017,18,0.098979,0.112170
13018,24,0.097875,0.116470
13019,28,0.097799,0.119446
13020,26,0.097936,0.122553
13021,25,0.097779,0.120944
13022,12,0.099500,0.116537
13023,18,0.099670,0.129252
13024,16,0.101664,0.117786
13025,22,0.099840,0.123326
13026,21,0.100379,0.120915
13027,19,0.097487,0.133058
13028,20,0.099521,0.129757
13029,24,0.096342,0.116380
13030,21,0.100981,0.124858
13031,17,0.096446,0.109706
13032,15,0.098405,0.126428
13033,15,0.097547,0.110439
13034,23,0.099053,0.113762
13035,16,0.098128,0.116688
13036,15,0.094499,0.106645
13037,17,0.095884,0.105141
13038,10,0.096401,0.108402
13039,21,0.103579,0.119855
13040,15,0.095770,0.109729
13041,22,0.102919,0.117049
13042,20,0.101998,0.117994
13043,19,0.100477,0.125711
13044,20,0.100791,0.125384
13045,18,0.097911,0.112430
13046,19,0.099271,0.122045
13047,21,0.096828,0.113453
13048,22,0.102835,0.118773
13049,11,0.101542,0.109548
13050,16,0.099511,0.116992
13051,15,0.098655,0.114467
13052,17,0.096790,0.112705
13053,15,0.098771,0.119993
13054,16,0.103311,0.114400
13055,24,0.097643,0.123835
13056,18,0.097824,0.120904
13057,15,0.099827,0.124095
13058,14,0.098328,0.115453
13059,19,0.095626,0.111642
13060,15,0.098210,0.114123
13061,15,0.100196,0.118043
13062,21,0.098334,0.128291
13063,21,0.097658,0.113598
13064,28,0.101169,0.119524
13065,16,0.102025,0.119621
13066,12,0.096801,0.116550
13067,27,0.098434,0.118697
13068,12,0.096927,0.109803
13069,22,0.099367,0.109507
13070,18,0.095946,0.125837
13071,12,0.093064,0.109542
13072,18,0.100578,0.117245
13073,23,0.099553,0.113635
13074,13,0.097727,0.116052
13075,20,0.099865,0.130191
13076,17,0.096565,0.114061
13077,14,0.095840,0.125477
13078,25,0.095997,0.120244
13079,16,0.092390,0.113640
13080,17,0.099102,0.114085
13081,26,0.100131,0.123273
13082,23,0.100014,0.128088
13083,18,0.101872,0.120934
13084,25,0.103004,0.127567
13085,19,0.098062,0.119174
13086,22,0.098752,0.121105
13087,25,0.100310,0.126940
13088,22,0.093869,0.111024
13089,22,0.096319,0.130464
13090,17,0.094389,0.113117
13091,17,0.098764,0.122866
13092,14,0.094396,0.108191
13093,21,0.097220,0.115356
13094,12,0.096332,0.117805
13095,19,0.096005,0.120217
13096,19,0.099559,0.116268
13097,18,0.094831,0.113774
13098,20,0.099194,0.123175
13099,16,0.098892,0.117495
13100,19,0.099083,0.128582
13101,14,0.095620,0.119175
13102,24,0.097844,0.128384
13103,18,0.095958,0.118420
13104,19,0.098266,0.120447
13105,15,0.099802,0.118046
13106,18,0.100840,0.117306
13107,19,0.093781,0.112298
13108,19,0.095602,0.113364
13109,29,0.099186,0.120155
13110,14,0.096859,0.116613
13111,14,0.100989,0.126244
13112,16,0.097407,0.119219
13113,23,0.100004,0.119956
13114,18,0.097412,0.113008
13115,17,0.098274,0.120771
13116,10,0.092180,0.106381
13117,21,0.096331,0.133492
13118,29,0.097619,0.111431
13119,20,0.098802,0.123812
13120,21,0.101555,0.117566
13121,17,0.098741,0.116979
13122,12,0.100113,0.110060
13123,16,0.095231,0.116888
13124,19,0.096560,0.114567
13125,15,0.100934,0.120091
13126,25,0.097730,0.121119
13127,23,0.105239,0.130994
13128,16,0.098889,0.122009
13129,24,0.097524,0.112750
13130,15,0.096022,0.118881
13131,15,0.100191,0.114156
13132,26,0.097340,0.130591
13133,16,0.097713,0.114439
13134,29,0.096823,0.112596
13135,19,0.099203,0.120256
13136,14,0.100678,0.114550
13137,12,0.099097,0.110944
13138,17,0.095160,0.117565
13139,22,0.099497,0.121971
13140,24,0.101322,0.122357
13141,29,0.096465,0.117269
13142,14,0.099721,0.125835
13143,20,0.101043,0.135118
13144,26,0.095388,0.116009
13145,17,0.097663,0.113846
13146,26,0.095567,0.121921
13147,19,0.099317,0.124842
13148,25,0.100970,0.115264
13149,29,0.097929,0.121065
13150,20,0.101604,0.136966
13151,21,0.097608,0.125178
13152,19,0.099342,0.115727
13153,26,0.098874,0.115805
13154,18,0.097306,0.121679
13155,21,0.096916,0.134302
13156,18,0.099249,0.121068
13157,19,0.098520,0.120735
13158,20,0.096332,0.117834
13159,23,0.101045,0.124407
13160,22,0.098873,0.117965
13161,19,0.094803,0.116283
13162,23,0.101282,0.122025
13163,16,0.101668,0.116042
13164,16,0.096271,0.114593
13165,15,0.092894,0.111106
13166,11,0.100902,0.113537
13167,14,0.096745,0.123278
13168,20,0.097403,0.110654
13169,20,0.098478,0.119121
13170,19,0.096812,0.121895
13171,22,0.096553,0.113718
13172,24,0.099493,0.130135
13173,25,0.099280,0.118233
13174,23,0.098395,0.113779
13175,16,0.097412,0.132716
13176,26,0.096213,0.125579
13177,12,0.099662,0.117674
13178,18,0.098558,0.124053
13179,14,0.094873,0.115945
13180,18,0.099263,0.117787
13181,14,0.099820,0.112447
13182,23,0.096748,0.114861
13183,15,0.102318,0.120451
13184,19,0.102052,0.115784
13185,18,0.099421,0.120487
13186,20,0.098241,0.121926
13187,29,0.097138,0.118467
13188,14,0.098235,0.119306
13189,16,0.098820,0.119733
13190,9,0.100095,0.129085
13191,20,0.101055,0.116619
13192,22,0.097694,0.115502
13193,21,0.100677,0.120726
13194,23,0.097066,0.117935
13195,23,0.100218,0.120280
13196,30,0.101305,0.127668
13197,15,0.092611,0.119027
13198,21,0.097562,0.117830
13199,19,0.098079,0.117276
13200,15,0.095677,0.116592
13201,19,0.096612,0.117345
13202,21,0.099960,0.122904
13203,23,0.097776,0.117269
13204,13,0.097531,0.110203
13205,16,0.099255,0.118903
13206,23,0.100427,0.119384
13207,19,0.101831,0.129323
13208,30,0.101577,0.116455
13209,15,0.098119,0.132549
13210,21,0.095394,0.115994
13211,24,0.097352,0.118232
13212,22,0.096773,0.115180
13213,24,0.096813,0.112151
13214,18,0.093505,0.109027
13215,18,0.097941,0.127127
13216,25,0.098210,0.117341
13217,22,0.099453,0.130529
13218,21,0.100235,0.121744
13219,26,0.099624,0.123509
13220,20,0.099387,0.123305
13221,15,0.095678,0.115310
13222,10,0.098443,0.113541
13223,16,0.091455,0.110872
13224,22,0.099789,0.115421
13225,16,0.095482,0.109714
13226,16,0.098200,0.119650
13227,21,0.095882,0.118910
13228,21,0.095311,0.113425
13229,22,0.098113,0.122914
13230,20,0.098351,0.124314
13231,21,0.104370,0.118650
13232,26,0.096653,0.120264
13233,23,0.095121,0.109797
13234,20,0.102679,0.123687
13235,27,0.099212,0.119595
13236,15,0.099177,0.116159
13237,17,0.099466,0.124617
13238,14,0.098226,0.121793
13239,25,0.098448,0.124313
13240,16,0.100176,0.120685
13241,18,0.095781,0.125222
13242,15,0.099644,0.117235
13243,17,0.097439,0.120833
13244,19,0.100239,0.118522
13245,26,0.096243,0.113411
13246,17,0.095749,0.121152
13247,22,0.098582,0.118906
13248,20,0.101923,0.122714
13249,19,0.100519,0.116853
13250,12,0.096753,0.110765
13251,12,0.100500,0.113844
13252,16,0.094997,0.124899
13253,26,0.101209,0.115471
13254,24,0.098052,0.117328
13255,18,0.098602,0.120861
13256,16,0.101927,0.132241
13257,17,0.098298,0.111668
13258,24,0.099309,0.118620
13259,19,0.098080,0.111258
13260,24,0.099912,0.126780
13261,21,0.101676,0.131035
13262,14,0.098064,0.113943
13263,22,0.097691,0.117684
13264,22,0.096513,0.117064
13265,14,0.096653,0.110652
13266,9,0.090764,0.099420
13267,18,0.096367,0.118707
13268,13,0.098371,0.117908
13269,25,0.096706,0.120225
13270,14,0.097224,0.110162
13271,30,0.099190,0.120097
13272,19,0.097799,0.122703
13273,21,0.097679,0.125509
13274,22,0.101670,0.128042
13275,18,0.097409,0.114790
13276,20,0.100232,0.134936
13277,21,0.094265,0.117948
13278,22,0.098967,0.119677
13279,22,0.096460,0.111755
13280,18,0.096660,0.113481
13281,19,0.097230,0.114304
13282,14,0.094156,0.107463
13283,15,0.098346,0.119494
13284,26,0.102148,0.118771
13285,23,0.098322,0.119559
13286,17,0.098801,0.127970
13287,16,0.093438,0.110831
13288,19,0.101965,0.120975
13289,26,0.100875,0.121390
13290,24,0.098563,0.116286
13291,19,0.097948,0.121096
13292,23,0.100270,0.127622
13293,20,0.097717,0.113295
13294,22,0.096559,0.130888
13295,17,0.099908,0.112956
13296,20,0.097884,0.119006
13297,14,0.096175,0.109824
13298,20,0.099014,0.128808
13299,16,0.098737,0.125009
13300,25,0.098396,0.116818
13301,14,0.098235,0.109645
13302,18,0.102308,0.116827
13303,13,0.094728,0.105439
13304,19,0.102124,0.125558
13305,20,0.097462,0.128280
13306,19,0.100568,0.128927
13307,24,0.099590,0.129757
13308,18,0.102405,0.118038
13309,12,0.094526,0.103279
13310,21,0.102183,0.124265
13311,21,0.094314,0.112725
13312,14,0.097075,0.108487
13313,25,0.100250,0.121915
13314,23,0.096875,0.116145
13315,20,0.101346,0.127239
13316,20,0.099149,0.117372
13317,19,0.096298,0.120004
13318,28,0.099623,0.124489
13319,30,0.098661,0.118632
13320,22,0.098718,0.123237
13321,18,0.101003,0.131021
13322,24,0.096582,0.113591
13323,20,0.097376,0.122695
13324,15,0.101441,0.119808
13325,22,0.099728,0.113624
13326,23,0.095755,0.108233
13327,28,0.099797,0.121312
13328,20,0.096576,0.128945
13329,19,0.098860,0.111815
13330,18,0.104187,0.123382
13331,21,0.099457,0.114059
13332,21,0.098823,0.116911
13333,22,0.098518,0.115293
13334,14,0.101183,0.123363
13335,14,0.101647,0.119575
13336,18,0.098323,0.128637
13337,21,0.097844,0.117482
13338,19,0.100376,0.117794
13339,17,0.096829,0.115633
13340,19,0.100103,0.121216
13341,20,0.099153,0.120817
13342,19,0.099861,0.120510
13343,18,0.098250,0.110723
13344,14,0.097663,0.119402
13345,22,0.099618,0.123796
13346,20,0.101558,0.117920
13347,20,0.099226,0.123456
13348,22,0.100935,0.126181
13349,25,0.098024,0.123193
13350,22,0.098283,0.116648
13351,22,0.099269,0.127301
13352,17,0.098889,0.112073
13353,22,0.100771,0.119921
13354,28,0.099712,0.119591
13355,21,0.097571,0.132793
13356,14,0.098050,0.123327
13357,21,0.095818,0.120401
13358,19,0.097182,0.124868
13359,20,0.098836,0.126129
13360,21,0.097725,0.115394
13361,29,0.096448,0.124643
13362,21,0.100019,0.121456
13363,20,0.097696,0.115424
13364,26,0.098637,0.124928
13365,19,0.098572,0.115178
13366,22,0.097297,0.122394
13367,28,0.102106,0.127523
13368,21,0.100162,0.118987
13369,14,0.105202,0.118328
13370,25,0.099034,0.116492
13371,20,0.096336,0.112885
13372,22,0.098445,0.118245
13373,19,0.100057,0.110558
13374,24,0.099697,0.113623
13375,26,0.100239,0.113800
13376,17,0.096880,0.112070
13377,30,0.098190,0.121238
13378,20,0.096918,0.117433
13379,22,0.098768,0.124793
13380,19,0.100556,0.121354
13381,14,0.104844,0.126661
13382,20,0.096710,0.112628
13383,23,0.097988,0.120162
13384,19,0.103351,0.121601
13385,15,0.099437,0.113841
13386,22,0.098164,0.118900
13387,26,0.096143,0.118511
13388,20,0.095848,0.111703
13389,27,0.099983,0.122216
13390,22,0.096098,0.120623
13391,17,0.102210,0.121833
13392,15,0.097148,0.122758
13393,22,0.099645,0.113766
13394,27,0.098123,0.130101
13395,21,0.096161,0.117615
13396,13,0.096170,0.120298
13397,20,0.100038,0.131336
13398,21,0.094984,0.117716
13399,14,0.096516,0.116690
13400,15,0.096208,0.118082
13401,15,0.096985,0.128214
13402,20,0.100381,0.124393
13403,22,0.099976,0.116309
13404,19,0.100064,0.119520
13405,17,0.093397,0.113771
13406,20,0.099540,0.122229
13407,25,0.099386,0.114568
13408,11,0.098492,0.116588
13409,15,0.099169,0.118212
13410,21,0.095865,0.119095
13411,25,0.097847,0.122128
13412,27,0.100664,0.126553
13413,27,0.100025,0.116083
13414,19,0.099388,0.118138
13415,27,0.099047,0.125198
13416,25,0.096648,0.116799
13417,21,0.100502,0.118224
13418,21,0.097099,0.109362
13419,21,0.100914,0.127034
13420,18,0.095342,0.115269
13421,19,0.093488,0.105394
13422,21,0.100161,0.117965
13423,18,0.098126,0.123942
13424,24,0.100062,0.118220
13425,21,0.099967,0.116448
13426,14,0.096896,0.111783
13427,26,0.097252,0.121948
13428,26,0.097364,0.127526
13429,21,0.098972,0.111888
13430,21,0.101239,0.118579
13431,14,0.099048,0.110016
13432,13,0.093691,0.113991
13433,14,0.093412,0.116126
13434,21,0.099328,0.129094
13435,23,0.095763,0.113348
13436,16,0.098281,0.119395
13437,25,0.098734,0.124164
13438,23,0.099184,0.114675
13439,17,0.098427,0.124910
13440,21,0.099095,0.121758
13441,24,0.100696,0.123723
13442,17,0.097920,0.116176
13443,22,0.099963,0.118789
13444,19,0.098136,0.118675
13445,19,0.099474,0.122449
13446,20,0.095399,0.126627
13447,17,0.092156,0.125070
13448,20,0.098623,0.110256
13449,25,0.098607,0.127680
13450,24,0.098445,0.117499
13451,14,0.100151,0.122044
13452,17,0.096625,0.121436
13453,26,0.098211,0.113117
13454,27,0.100154,0.131629
13455,16,0.099146,0.116116
13456,27,0.099850,0.133940
13457,18,0.095092,0.123188
13458,13,0.095446,0.113054
13459,20,0.099325,0.118927
13460,19,0.094512,0.115352
13461,19,0.103235,0.118362
13462,21,0.098206,0.119231
13463,20,0.098177,0.115410
13464,27,0.100213,0.119413
13465,25,0.101366,0.115561
13466,11,0.102570,0.117597
13467,21,0.100005,0.112330
13468,20,0.100986,0.118539
13469,13,0.103993,0.122201
13470,19,0.094779,0.122651
13471,21,0.100558,0.117258
13472,14,0.098266,0.114978
13473,21,0.096332,0.114509
13474,11,0.096484,0.115129
13475,24,0.099714,0.121066
13476,17,0.093772,0.117801
13477,12,0.100715,0.120200
13478,17,0.100733,0.118448
13479,25,0.099308,0.122289
13480,20,0.098462,0.129256
13481,21,0.092814,0.109778
13482,18,0.096655,0.113115
13483,15,0.098506,0.134108
13484,24,0.101507,0.124552
13485,22,0.099173,0.128057
13486,23,0.100623,0.119684
13487,19,0.101538,0.126011
13488,18,0.098365,0.112596
13489,21,0.096632,0.115838
13490,18,0.099303,0.112709
13491,13,0.097244,0.112222
13492,20,0.099114,0.120074
13493,22,0.099647,0.113968
13494,15,0.101626,0.117727
13495,24,0.095556,0.121228
13496,27,0.097530,0.115071
13497,17,0.095873,0.126384
13498,19,0.095292,0.130645
13499,17,0.101915,0.125128
13500,27,0.097780,0.124552
13501,21,0.098289,0.117404
13502,21,0.104419,0.137784
13503,21,0.097335,0.121931
13504,17,0.098798,0.119737
13505,22,0.098249,0.121425
13506,20,0.099416,0.131587
13507,16,0.096895,0.114376
13508,27,0.098535,0.130409
13509,14,0.101919,0.126790
13510,24,0.095079,0.116861
13511,23,0.101890,0.122074
13512,24,0.095651,0.116910
13513,16,0.100090,0.118732
13514,20,0.099356,0.113705
13515,22,0.097730,0.113250
13516,19,0.099482,0.116633
13517,19,0.096248,0.126309
13518,20,0.098026,0.117000
13519,18,0.100625,0.118088
13520,20,0.096064,0.106669
13521,15,0.096926,0.112305
13522,28,0.098919,0.120543
13523,25,0.096993,0.114576
13524,23,0.101077,0.126652
13525,17,0.098761,0.112314
13526,21,0.100371,0.115517
13527,16,0.096314,0.122322
13528,18,0.095246,0.123413
13529,20,0.103012,0.123248
13530,22,0.099752,0.116842
13531,16,0.098637,0.120966
13532,18,0.101185,0.117400
13533,21,0.098161,0.119748
13534,14,0.099109,0.124521
13535,17,0.098811,0.114002
13536,17,0.097808,0.112679
13537,20,0.098180,0.115823
13538,18,0.096191,0.114085
13539,23,0.098805,0.118527
13540,21,0.097669,0.120885
13541,23,0.097975,0.122468
13542,25,0.095458,0.116185
13543,22,0.099413,0.116707
13544,18,0.096917,0.120280
13545,20,0.100581,0.126401
13546,16,0.095855,0.120070
13547,13,0.102608,0.127529
13548,19,0.096348,0.114978
13549,20,0.101572,0.124859
13550,18,0.097060,0.112776
13551,27,0.102408,0.126002
13552,23,0.094234,0.111063
13553,20,0.100209,0.119230
13554,21,0.098698,0.119225
13555,20,0.097993,0.118729
13556,18,0.096101,0.114934
13557,18,0.099174,0.115932
13558,21,0.100078,0.125076
13559,15,0.099296,0.121831
13560,20,0.100396,0.110993
13561,11,0.103388,0.114680
13562,23,0.099258,0.118691
13563,19,0.098825,0.120544
13564,26,0.096420,0.120896
13565,21,0.100498,0.117977
13566,15,0.097925,0.113074
13567,20,0.096452,0.114745
13568,19,0.100495,0.120171
13569,17,0.093855,0.117182
13570,30,0.098048,0.117965
13571,19,0.095236,0.112921
13572,17,0.098512,0.119488
13573,19,0.097333,0.114799
13574,15,0.096478,0.114250
13575,22,0.093193,0.113581
13576,24,0.096654,0.116344
13577,20,0.098884,0.115439
13578,13,0.093271,0.117143
13579,23,0.099307,0.124765
13580,17,0.103138,0.128093
13581,18,0.103643,0.112168
13582,17,0.099567,0.118195
13583,22,0.097397,0.121650
13584,14,0.096106,0.119032
13585,17,0.094955,0.118289
13586,23,0.098354,0.117789
13587,24,0.097988,0.113208
13588,19,0.101665,0.124083
13589,20,0.097367,0.117211
13590,23,0.097753,0.113566
13591,18,0.099270,0.121924
13592,15,0.097662,0.113085
13593,20,0.096796,0.115404
13594,16,0.096078,0.117452
13595,18,0.094269,0.112185
13596,23,0.099679,0.119013
13597,16,0.100143,0.115786
13598,24,0.097920,0.119540
13599,27,0.099338,0.119872
13600,23,0.098781,0.112430
13601,18,0.103244,0.125487
13602,17,0.098450,0.123390
13603,18,0.103087,0.117968
13604,18,0.099215,0.120315
13605,15,0.096534,0.110692
13606,13,0.101382,0.116579
13607,22,0.099564,0.125232
13608,23,0.098087,0.118936
13609,15,0.096181,0.122415
13610,19,0.100595,0.123256
13611,24,0.097315,0.118052
13612,21,0.102486,0.123601
13613,21,0.099247,0.113922
13614,27,0.097824,0.129143
13615,17,0.098379,0.118978
13616,19,0.102036,0.118438
13617,17,0.103580,0.119708
13618,24,0.097511,0.128510
13619,14,0.101401,0.124554
13620,23,0.095440,0.118788
13621,19,0.104149,0.125641
13622,18,0.094708,0.117247
13623,21,0.097476,0.109272
13624,15,0.099935,0.119278
13625,23,0.095078,0.110917
13626,18,0.095356,0.114983
13627,22,0.101675,0.127225
13628,14,0.099767,0.116963
13629,21,0.096797,0.120735
13630,19,0.099195,0.121815
13631,19,0.097160,0.119409
13632,24,0.097638,0.115808
13633,12,0.097443,0.114174
13634,25,0.102593,0.119280
13635,21,0.099857,0.125230
13636,10,0.097208,0.116476
13637,27,0.098767,0.114519
13638,19,0.097275,0.127063
13639,14,0.100497,0.125533
13640,26,0.097804,0.133520
13641,16,0.094707,0.114844
13642,17,0.094800,0.121021
13643,14,0.103232,0.125201
13644,22,0.099962,0.116418
13645,15,0.099169,0.117709
13646,21,0.099445,0.125357
13647,30,0.097996,0.128715
13648,18,0.100101,0.117742
13649,17,0.094592,0.108018
13650,16,0.091670,0.119693
13651,17,0.103127,0.118536
13652,22,0.097992,0.114649
13653,22,0.101725,0.123411
13654,19,0.098594,0.111515
13655,22,0.100219,0.128914
13656,20,0.098833,0.114977
13657,22,0.097675,0.129838
13658,16,0.102446,0.118142
13659,27,0.096621,0.112278
13660,20,0.098386,0.116389
13661,22,0.099835,0.139599
13662,15,0.100185,0.115226
13663,13,0.098789,0.120471
13664,19,0.099833,0.114895
13665,22,0.100008,0.116501
13666,25,0.098274,0.118131
13667,17,0.096108,0.105589
13668,22,0.095298,0.119845
13669,26,0.098825,0.118766
13670,18,0.096265,0.116299
13671,17,0.097293,0.118701
13672,18,0.097155,0.107287
13673,15,0.096682,0.120439
13674,20,0.094248,0.107031
13675,19,0.095865,0.125638
13676,22,0.097007,0.111136
13677,16,0.097177,0.116394
13678,24,0.099172,0.116613
13679,24,0.093558,0.112083
13680,22,0.096275,0.125269
13681,15,0.098799,0.121334
13682,25,0.101662,0.117695
13683,20,0.098385,0.121350
13684,16,0.104855,0.132251
13685,20,0.097993,0.113032
13686,20,0.095101,0.117326
13687,23,0.099250,0.120472
13688,23,0.096748,0.121427
13689,14,0.095293,0.114782
13690,15,0.096749,0.110062
13691,15,0.099116,0.113545
13692,18,0.098600,0.110214
13693,21,0.098402,0.118494
13694,21,0.094851,0.116030
13695,21,0.096317,0.119205
13696,15,0.098944,0.109929
13697,24,0.096266,0.119861
13698,15,0.100428,0.115400
13699,24,0.098207,0.121736
13700,22,0.094010,0.119331
13701,12,0.097699,0.120745
13702,20,0.097709,0.124987
13703,14,0.097260,0.122535
13704,25,0.100743,0.116874
13705,16,0.095886,0.111497
13706,18,0.099942,0.118929
13707,19,0.099119,0.112105
13708,16,0.099041,0.122895
13709,21,0.099660,0.121056
13710,15,0.097091,0.112992
13711,26,0.097557,0.117341
13712,18,0.096348,0.120427
13713,18,0.101580,0.132757
13714,12,0.099258,0.111515
13715,24,0.101476,0.131423
13716,24,0.094706,0.105016
13717,12,0.101263,0.117951
13718,18,0.101535,0.122825
13719,16,0.095252,0.121306
13720,17,0.100615,0.133416
13721,21,0.096758,0.120033
13722,17,0.097000,0.113704
13723,22,0.099864,0.117839
13724,21,0.103008,0.123359
13725,25,0.097314,0.112807
13726,13,0.099191,0.118417
13727,15,0.096557,0.116168
13728,24,0.094791,0.113842
13729,18,0.101067,0.120870
13730,12,0.098435,0.118489
13731,23,0.101925,0.122400
13732,22,0.100043,0.119486
13733,12,0.100647,0.111186
13734,13,0.094149,0.109039
13735,13,0.096258,0.113734
13736,19,0.100677,0.119989
13737,19,0.097239,0.125654
13738,21,0.100254,0.123328
13739,19,0.094959,0.112810
13740,24,0.095641,0.114395
13741,22,0.097894,0.109626
13742,24,0.097392,0.123979
13743,20,0.098069,0.115949
13744,17,0.097988,0.113296
13745,21,0.102133,0.118232
13746,23,0.098009,0.119910
13747,21,0.099162,0.130279
13748,22,0.095780,0.105255
13749,21,0.100139,0.111683
13750,23,0.102045,0.124141
13751,17,0.099088,0.119929
13752,14,0.099868,0.125488
13753,19,0.096732,0.116167
13754,19,0.098053,0.128564
13755,19,0.094146,0.112210
13756,15,0.100447,0.121980
13757,14,0.097353,0.110270
13758,23,0.097819,0.122354
13759,17,0.099224,0.122970
13760,17,0.100929,0.123016
13761,16,0.098806,0.118613
13762,22,0.100534,0.128926
13763,15,0.098081,0.124043
13764,31,0.101711,0.126830
13765,20,0.097660,0.116046
13766,26,0.097475,0.122084
13767,22,0.097172,0.111402
13768,28,0.098922,0.118063
13769,13,0.097008,0.114851
13770,23,0.099217,0.114161
13771,17,0.095443,0.113595
13772,17,0.103862,0.118668
13773,14,0.104512,0.118492
13774,22,0.099030,0.124472
13775,20,0.100169,0.123478
13776,23,0.098037,0.114842
13777,22,0.095924,0.108920
13778,21,0.098808,0.122893
13779,25,0.100316,0.114950
13780,26,0.098878,0.120718
13781,17,0.100351,0.127003
13782,22,0.100023,0.123979
13783,22,0.097617,0.117362
13784,21,0.094883,0.114866
13785,18,0.098837,0.121984
13786,16,0.099305,0.122488
13787,16,0.095951,0.114775
13788,21,0.097809,0.112116
13789,25,0.093608,0.111017
13790,23,0.098411,0.124386
13791,20,0.099417,0.132135
13792,18,0.097676,0.115241
13793,22,0.099564,0.119491
13794,22,0.095819,0.125173
13795,18,0.099754,0.132940
13796,18,0.103176,0.126004
13797,19,0.097280,0.120374
13798,23,0.098771,0.120837
13799,23,0.093754,0.118330
13800,19,0.097640,0.113567
13801,14,0.095990,0.115276
13802,22,0.097719,0.118901
13803,20,0.096623,0.107559
13804,24,0.096227,0.114074
13805,24,0.100801,0.123329
13806,17,0.095519,0.107410
13807,17,0.097257,0.114918
13808,21,0.096363,0.111068
13809,24,0.100072,0.124791
13810,24,0.101381,0.123071
13811,14,0.097661,0.111944
13812,16,0.096418,0.116428
13813,16,0.098297,0.128205
13814,15,0.102235,0.116439
13815,21,0.100965,0.138473
13816,17,0.098006,0.112917
13817,18,0.096963,0.115015
13818,14,0.097262,0.119897
13819,17,0.101413,0.112213
13820,15,0.096651,0.111906
13821,15,0.097563,0.117348
13822,15,0.101701,0.120500
13823,10,0.101364,0.118233
13824,18,0.100263,0.121157
13825,15,0.097701,0.119209
13826,22,0.094782,0.121210
13827,21,0.098932,0.127161
13828,16,0.096576,0.113213
13829,19,0.100566,0.118986
13830,21,0.096807,0.121343
13831,20,0.096416,0.106642
13832,13,0.104409,0.123160
13833,18,0.098743,0.126071
13834,16,0.102090,0.109390
13835,18,0.102454,0.115253
13836,18,0.097672,0.109127
13837,21,0.100686,0.118853
13838,15,0.100730,0.112606
13839,26,0.098439,0.112684
13840,13,0.099296,0.134473
13841,19,0.096775,0.123823
13842,17,0.099702,0.120152
13843,22,0.095842,0.119630
13844,28,0.098311,0.117738
13845,14,0.097365,0.118973
13846,9,0.092865,0.106419
13847,22,0.100932,0.119004
13848,16,0.095306,0.117147
13849,22,0.099122,0.117476
13850,17,0.100115,0.114366
13851,16,0.098721,0.120826
13852,14,0.098590,0.110859
13853,11,0.099569,0.129655
13854,12,0.096627,0.116860
13855,23,0.097368,0.122223
13856,19,0.098303,0.113385
13857,23,0.098187,0.115571
13858,20,0.099889,0.124668
13859,22,0.098664,0.118090
13860,23,0.100844,0.122432
13861,20,0.099695,0.119389
13862,17,0.100135,0.116398
13863,19,0.099669,0.123974
13864,22,0.094955,0.119330
13865,27,0.095911,0.116397
13866,18,0.095724,0.113341
13867,19,0.099557,0.119108
13868,20,0.095850,0.111305
13869,19,0.096414,0.115190
13870,21,0.099165,0.115429
13871,18,0.100852,0.124502
13872,18,0.096258,0.116086
13873,27,0.095911,0.118391
13874,25,0.100498,0.120023
13875,17,0.098747,0.117594
13876,20,0.097498,0.115120
13877,22,0.097734,0.115101
13878,14,0.099622,0.117403
13879,26,0.095205,0.120604
13880,22,0.096173,0.111190
13881,16,0.096317,0.117628
13882,26,0.096222,0.118117
13883,25,0.100041,0.128967
13884,19,0.097636,0.116845
13885,16,0.098452,0.117093
13886,26,0.096475,0.108959
13887,19,0.097142,0.116115
13888,22,0.099591,0.120987
13889,17,0.099813,0.118087
13890,17,0.097606,0.121074
13891,24,0.097469,0.116222
13892,26,0.098097,0.116839
13893,19,0.100238,0.126827
13894,20,0.098537,0.110281
13895,16,0.098640,0.125683
13896,22,0.098396,0.115631
13897,21,0.099996,0.119323
13898,17,0.100397,0.126564
13899,21,0.096516,0.117479
13900,19,0.097046,0.117561
13901,23,0.100729,0.122437
13902,19,0.099931,0.116072
13903,21,0.099272,0.126025
13904,20,0.101097,0.123547
13905,18,0.099706,0.117178
13906,18,0.099423,0.117852
13907,20,0.098067,0.115690
13908,15,0.101094,0.116789
13909,28,0.096818,0.113832
13910,25,0.099616,0.124769
13911,20,0.096723,0.112446
13912,18,0.099032,0.111628
13913,21,0.101079,0.126973
13914,20,0.099241,0.126185
13915,21,0.100511,0.127892
13916,21,0.097890,0.121136
13917,23,0.097892,0.116072
13918,22,0.099102,0.117863
13919,19,0.097448,0.107249
13920,18,0.096317,0.112323
13921,22,0.100258,0.115202
13922,21,0.098940,0.114316
13923,15,0.094603,0.113253
13924,19,0.101118,0.125522
13925,15,0.097880,0.113429
13926,17,0.101626,0.115507
13927,17,0.098440,0.121853
13928,20,0.097952,0.116684
13929,24,0.099130,0.114581
13930,23,0.097321,0.113566
13931,21,0.096527,0.116561
13932,16,0.097751,0.130728
13933,15,0.095490,0.109702
13934,19,0.100851,0.119872
13935,26,0.097934,0.115270
13936,13,0.098950,0.130311
13937,23,0.098753,0.117904
13938,25,0.098361,0.120670
13939,16,0.099896,0.119758
13940,21,0.100261,0.121424
13941,19,0.096782,0.112043
13942,15,0.095005,0.111897
13943,22,0.103097,0.124254
13944,20,0.098407,0.120342
13945,15,0.095324,0.108837
13946,23,0.097136,0.121031
13947,23,0.097837,0.116854
13948,25,0.099677,0.117839
13949,25,0.097640,0.126675
13950,21,0.095362,0.126719
13951,22,0.097812,0.125740
13952,24,0.101121,0.122287
13953,22,0.103503,0.121258
13954,10,0.100154,0.113497
13955,17,0.100186,0.124844
13956,13,0.099273,0.114024
13957,16,0.100828,0.117569
13958,27,0.097526,0.127734
13959,27,0.097067,0.120352
13960,19,0.103588,0.123794
13961,18,0.095684,0.110816
13962,14,0.096958,0.122640
13963,17,0.099036,0.120701
13964,14,0.098544,0.118345
13965,17,0.094234,0.111088
13966,20,0.097930,0.114956
13967,20,0.101852,0.134439
13968,15,0.094444,0.113674
13969,19,0.096766,0.112994
13970,21,0.097950,0.114105
13971,17,0.091734,0.108887
13972,17,0.097351,0.123751
13973,16,0.093531,0.115833
13974,15,0.101570,0.135575
13975,19,0.098138,0.114045
13976,22,0.097691,0.117575
13977,19,0.098485,0.115182
13978,19,0.096028,0.130835
13979,19,0.099691,0.117389
13980,18,0.099327,0.119236
13981,19,0.100684,0.118920
13982,24,0.098565,0.116888
13983,16,0.100433,0.117334
13984,21,0.098075,0.126390
13985,9,0.090865,0.107063
13986,13,0.098526,0.115190
13987,23,0.095248,0.121563
13988,29,0.098250,0.118899
13989,21,0.096077,0.113576
13990,11,0.098126,0.117725
13991,16,0.096848,0.112732
13992,19,0.098892,0.120836
13993,18,0.095505,0.116687
13994,13,0.096339,0.111695
13995,14,0.096450,0.107416
13996,24,0.099916,0.116036
13997,23,0.101514,0.120384
13998,15,0.098471,0.109145
13999,18,0.095521,0.114778
14000,17,0.100553,0.128327
14001,28,0.097370,0.113180
14002,18,0.098960,0.116663
14003,16,0.096785,0.110990
14004,26,0.096244,0.125471
14005,13,0.098279,0.110391
14006,22,0.100656,0.120520
14007,27,0.098642,0.117834
14008,18,0.101706,0.116552
14009,28,0.099644,0.124456
14010,12,0.099718,0.116707
14011,22,0.099216,0.129113
14012,18,0.098297,0.124463
14013,20,0.101482,0.114993
14014,22,0.101908,0.119570
14015,16,0.100827,0.112440
14016,12,0.098155,0.112497
14017,20,0.098925,0.115484
14018,10,0.094145,0.108177
14019,18,0.097479,0.121726
14020,15,0.094039,0.114158
14021,24,0.099492,0.116083
14022,25,0.099857,0.122286
14023,17,0.099437,0.121001
14024,21,0.098474,0.115567
14025,23,0.098390,0.119240
14026,13,0.100711,0.113765
14027,19,0.099825,0.122703
14028,16,0.095255,0.106037
14029,18,0.097924,0.124033
14030,20,0.096311,0.109565
14031,18,0.095042,0.115775
14032,23,0.097587,0.114981
14033,15,0.099786,0.109552
14034,10,0.098882,0.117882
14035,14,0.102632,0.128042
14036,14,0.102792,0.119187
14037,26,0.099852,0.118885
14038,21,0.097218,0.116339
14039,19,0.102347,0.120366
14040,22,0.102038,0.115762
14041,18,0.099227,0.123068
14042,17,0.099105,0.121660
14043,23,0.100301,0.124115
14044,14,0.096833,0.105930
14045,17,0.100908,0.124716
14046,18,0.095194,0.117340
14047,21,0.097923,0.126784
14048,24,0.096690,0.116782
14049,14,0.098794,0.115792
14050,21,0.101310,0.125405
14051,21,0.096182,0.129440
14052,23,0.098381,0.116719
14053,21,0.100412,0.117013
14054,22,0.098989,0.122863
14055,14,0.097864,0.116712
14056,20,0.099218,0.114166
14057,22,0.094779,0.116154
14058,22,0.097157,0.123172
14059,21,0.096747,0.114945
14060,18,0.099583,0.121983
14061,21,0.102509,0.126640
14062,20,0.095835,0.120464
14063,29,0.097825,0.121247
14064,20,0.100099,0.119047
14065,11,0.094872,0.111128
14066,22,0.090378,0.108802
14067,22,0.099780,0.120128
14068,27,0.100038,0.123428
14069,19,0.098492,0.113566
14070,27,0.099749,0.116213
14071,18,0.099807,0.118245
14072,29,0.098621,0.130023
14073,17,0.097283,0.122880
14074,20,0.099170,0.113412
14075,18,0.098577,0.116658
14076,16,0.098421,0.114973
14077,15,0.099345,0.116232
14078,19,0.093029,0.110203
14079,11,0.097556,0.109426
14080,29,0.101922,0.124400
14081,23,0.101886,0.121845
14082,15,0.092238,0.104885
14083,26,0.099125,0.118853
14084,20,0.102012,0.121331
14085,14,0.095343,0.108806
14086,23,0.096697,0.115995
14087,17,0.101528,0.133798
14088,16,0.100306,0.126586
14089,18,0.098376,0.109957
14090,21,0.098303,0.126600
14091,21,0.097375,0.117142
14092,21,0.097792,0.114402
14093,25,0.098646,0.118583
14094,13,0.098912,0.109137
14095,12,0.096286,0.124716
14096,24,0.099324,0.124277
14097,25,0.100529,0.112231
14098,23,0.098236,0.133029
14099,21,0.097698,0.124124
14100,19,0.099810,0.119366
14101,22,0.098397,0.117439
14102,20,0.098026,0.113027
14103,9,0.099481,0.114764
14104,13,0.099585,0.121338
14105,15,0.099649,0.116540
14106,19,0.099553,0.116006
14107,15,0.096872,0.113519
14108,22,0.101356,0.125724
14109,19,0.099764,0.116946
14110,22,0.098634,0.115192
14111,18,0.098264,0.120362
14112,23,0.095643,0.113852
14113,22,0.097955,0.116444
14114,17,0.101177,0.127934
14115,19,0.100599,0.113835
14116,20,0.097885,0.122112
14117,11,0.097033,0.116995
14118,24,0.097208,0.115381
14119,24,0.099368,0.121972
14120,13,0.092917,0.110344
14121,15,0.100763,0.129328
14122,19,0.099280,0.118208
14123,17,0.101305,0.115246
14124,19,0.096573,0.116124
14125,17,0.099560,0.125207
14126,14,0.097176,0.116318
14127,15,0.095621,0.117852
14128,25,0.100311,0.113980
14129,25,0.097110,0.114245
14130,26,0.098569,0.120456
14131,17,0.095189,0.121079
14132,11,0.096623,0.108597
14133,23,0.099297,0.115269
14134,17,0.095305,0.114925
14135,25,0.097190,0.121836
14136,11,0.096555,0.114374
14137,20,0.098738,0.129093
14138,13,0.101111,0.118441
14139,23,0.099288,0.120067
14140,24,0.098088,0.114043
14141,11,0.095474,0.107536
14142,19,0.098346,0.126099
14143,17,0.101334,0.117696
14144,13,0.100861,0.117990
14145,27,0.101698,0.122326
14146,17,0.099956,0.117303
14147,25,0.098268,0.129301
14148,19,0.097085,0.127231
14149,21,0.097398,0.118776
14150,21,0.097231,0.112247
14151,19,0.095637,0.117278
14152,17,0.097290,0.110687
14153,17,0.098539,0.112075
14154,20,0.101670,0.123994
14155,15,0.098144,0.114217
14156,16,0.100321,0.130356
14157,21,0.097313,0.124971
14158,19,0.094455,0.117063
14159,15,0.093726,0.111714
14160,22,0.100225,0.122560
14161,20,0.096185,0.124758
14162,21,0.098733,0.129625
14163,15,0.102735,0.118897
14164,25,0.097591,0.119179
14165,14,0.100664,0.112559
14166,25,0.100936,0.120332
14167,18,0.095818,0.114217
14168,12,0.098675,0.121837
14169,22,0.097916,0.120429
14170,20,0.098170,0.113238
14171,18,0.100742,0.132661
14172,26,0.098153,0.113767
14173,22,0.100961,0.118263
14174,20,0.100658,0.126809
14175,21,0.100542,0.119836
14176,20,0.102306,0.124632
14177,25,0.100040,0.131833
14178,18,0.097181,0.116278
14179,22,0.094022,0.118305
14180,20,0.099914,0.112075
14181,20,0.099821,0.113795
14182,15,0.100793,0.124638
14183,18,0.099292,0.129637
14184,21,0.098874,0.115570
14185,32,0.097504,0.124357
14186,15,0.101740,0.125221
14187,24,0.098286,0.116688
14188,17,0.100574,0.118047
14189,22,0.096288,0.107129
14190,13,0.100076,0.114795
14191,18,0.098985,0.114215
14192,16,0.095663,0.116903
14193,15,0.099301,0.115466
14194,21,0.100187,0.124759
14195,14,0.101617,0.122747
14196,22,0.097480,0.119573
14197,19,0.100435,0.121578
14198,19,0.097496,0.113206
14199,14,0.094563,0.109805
14200,18,0.098211,0.118510
14201,18,0.095509,0.114186
14202,20,0.097144,0.120740
14203,14,0.099422,0.121111
14204,18,0.100676,0.122343
14205,20,0.096554,0.111152
14206,15,0.100094,0.119388
14207,16,0.094138,0.123757
14208,20,0.099857,0.119726
14209,20,0.096670,0.112520
14210,26,0.098867,0.124343
14211,21,0.094461,0.109708
14212,25,0.100082,0.120034
14213,19,0.098865,0.112314
14214,17,0.099523,0.123684
14215,16,0.094260,0.113102
14216,14,0.099474,0.117125
14217,16,0.097507,0.116658
14218,20,0.092150,0.109198
14219,17,0.097793,0.121148
14220,22,0.096183,0.112474
14221,20,0.092894,0.107770
14222,16,0.099559,0.117378
14223,18,0.101618,0.128753
14224,23,0.095191,0.120906
14225,11,0.100539,0.111375
14226,21,0.097899,0.114856
14227,17,0.101414,0.122079
14228,17,0.097619,0.116431
14229,27,0.099161,0.121709
14230,20,0.094875,0.112926
14231,24,0.099917,0.116318
14232,20,0.099541,0.118970
14233,20,0.101142,0.120148
14234,21,0.100578,0.117946
14235,24,0.097890,0.116449
14236,21,0.097278,0.120254
14237,20,0.099937,0.125430
14238,22,0.099063,0.127285
14239,22,0.101984,0.118825
14240,21,0.097933,0.118032
14241,15,0.099033,0.112205
14242,13,0.096741,0.118469
14243,20,0.095012,0.120235
14244,23,0.101294,0.121311
14245,22,0.096911,0.109460
14246,22,0.097765,0.128909
14247,13,0.096493,0.109973
14248,26,0.099396,0.124653
14249,15,0.099203,0.121863
14250,20,0.098308,0.119223
14251,22,0.098818,0.116777
14252,19,0.098065,0.115334
14253,20,0.100484,0.120743
14254,15,0.100266,0.112127
14255,19,0.099321,0.120499
14256,22,0.096414,0.109992
14257,22,0.094996,0.111866
14258,20,0.096545,0.114305
14259,21,0.096735,0.118630
14260,24,0.103944,0.128072
14261,17,0.098108,0.114207
14262,21,0.101876,0.117584
14263,23,0.097876,0.132109
14264,22,0.095811,0.113341
14265,17,0.100337,0.125708
14266,23,0.100182,0.116127
14267,20,0.098847,0.119574
14268,24,0.099143,0.124392
14269,19,0.099583,0.120770
14270,14,0.099317,0.122385
14271,18,0.101812,0.123455
14272,20,0.095277,0.114348
14273,17,0.098976,0.127458
14274,19,0.098179,0.121300
14275,23,0.097088,0.118438
14276,14,0.100634,0.126119
14277,19,0.099826,0.115105
14278,18,0.101444,0.122245
14279,11,0.095305,0.102508
14280,24,0.100133,0.130538
14281,26,0.098777,0.118645
14282,13,0.098684,0.118071
14283,17,0.098601,0.119055
14284,18,0.100901,0.116148
14285,14,0.098729,0.111097
14286,12,0.095919,0.107062
14287,30,0.098490,0.121343
14288,20,0.099397,0.118236
14289,30,0.095371,0.117661
14290,13,0.099411,0.113632
14291,14,0.095340,0.120577
14292,13,0.098057,0.117622
14293,20,0.098895,0.119754
14294,29,0.099387,0.113356
14295,17,0.098138,0.114110
14296,17,0.099931,0.120098
14297,26,0.099325,0.126984
14298,16,0.094654,0.109757
14299,19,0.096414,0.126254
14300,26,0.097255,0.118579
14301,20,0.095183,0.117475
14302,15,0.093971,0.119275
14303,20,0.095513,0.111276
14304,13,0.094946,0.122887
14305,22,0.097068,0.128567
14306,18,0.094164,0.111075
14307,22,0.096958,0.111921
14308,19,0.100079,0.112318
14309,22,0.101296,0.127057
14310,17,0.097383,0.123698
14311,19,0.098456,0.129416
14312,20,0.098350,0.113699
14313,18,0.097096,0.115096
14314,15,0.100559,0.113305
14315,18,0.100841,0.124589
14316,16,0.098540,0.116079
14317,20,0.093725,0.118586
14318,18,0.100189,0.130456
14319,24,0.100815,0.119925
14320,19,0.096016,0.118137
14321,13,0.101402,0.114916
14322,15,0.095387,0.111299
14323,25,0.097165,0.122524
14324,17,0.096519,0.114686
14325,17,0.099504,0.121119
14326,12,0.098648,0.111091
14327,23,0.098331,0.119668
14328,16,0.100644,0.119380
14329,26,0.100144,0.123136
14330,29,0.101410,0.120133
14331,26,0.099900,0.131895
14332,19,0.099129,0.127980
14333,26,0.097661,0.112632
14334,21,0.098101,0.119201
14335,24,0.094799,0.117123
14336,21,0.099625,0.119126
14337,15,0.098692,0.112405
14338,25,0.099201,0.119809
14339,21,0.098592,0.116755
14340,17,0.103802,0.126734
14341,23,0.101546,0.129512
14342,23,0.104388,0.119033
14343,21,0.097215,0.109169
14344,25,0.097239,0.122324
14345,23,0.098974,0.118441
14346,20,0.097261,0.115462
14347,20,0.098306,0.111453
14348,16,0.099357,0.127418
14349,23,0.100941,0.117118
14350,22,0.102425,0.125363
14351,18,0.098476,0.116179
14352,15,0.098380,0.114892
14353,16,0.096741,0.117644
14354,17,0.096126,0.117172
14355,16,0.098788,0.113667
14356,21,0.098029,0.116001
14357,20,0.095759,0.118590
14358,10,0.099076,0.122231
14359,25,0.099999,0.124902
14360,26,0.099593,0.115185
14361,22,0.100209,0.125652
14362,22,0.100831,0.122465
14363,12,0.096127,0.123775
14364,16,0.100422,0.130051
14365,24,0.096917,0.113746
14366,22,0.099276,0.129184
14367,17,0.095126,0.119630
14368,23,0.097075,0.115936
14369,19,0.101464,0.136013
14370,17,0.099500,0.127536
14371,23,0.095623,0.115869
14372,14,0.098792,0.120971
14373,14,0.097380,0.116295
14374,18,0.095924,0.116646
14375,16,0.097380,0.107753
14376,24,0.095965,0.116571
14377,20,0.096877,0.114675
14378,20,0.099105,0.117785
14379,23,0.096241,0.113355
14380,22,0.097238,0.117666
14381,18,0.098792,0.119682
14382,16,0.096696,0.126364
14383,30,0.100451,0.125664
14384,26,0.098658,0.119887
14385,23,0.097557,0.122428
14386,15,0.099820,0.117055
14387,13,0.099253,0.110988
14388,20,0.095759,0.111241
14389,15,0.100239,0.115817
14390,24,0.096464,0.124736
14391,22,0.100385,0.117001
14392,21,0.098506,0.114016
14393,22,0.094958,0.113795
14394,19,0.096047,0.118720
14395,17,0.098210,0.119228
14396,24,0.099241,0.120228
14397,20,0.100234,0.115517
14398,21,0.096874,0.117982
14399,23,0.097906,0.119030
14400,22,0.094475,0.115477
14401,21,0.096695,0.114078
14402,11,0.097681,0.110735
14403,12,0.097901,0.111458
14404,13,0.099636,0.123064
14405,23,0.097186,0.120592
14406,24,0.100683,0.120738
14407,18,0.099061,0.110393
14408,19,0.100923,0.119807
14409,23,0.097471,0.119599
14410,19,0.098180,0.117594
14411,16,0.104031,0.120089
14412,17,0.100941,0.120823
14413,25,0.099583,0.120541
14414,19,0.096683,0.117894
14415,15,0.100011,0.117679
14416,25,0.098545,0.114486
14417,18,0.099048,0.117168
14418,24,0.096649,0.112283
14419,18,0.096833,0.116967
14420,28,0.099115,0.120845
14421,26,0.097633,0.116291
14422,22,0.100848,0.121696
14423,12,0.100503,0.120253
14424,20,0.099105,0.127809
14425,17,0.103873,0.129497
14426,16,0.096577,0.119259
14427,23,0.099973,0.118842
14428,11,0.096997,0.116548
14429,12,0.094674,0.116357
14430,14,0.098735,0.129114
14431,23,0.097337,0.122839
14432,19,0.096946,0.116844
14433,18,0.100103,0.111042
14434,18,0.097231,0.112791
14435,15,0.101714,0.121112
14436,19,0.096677,0.113105
14437,24,0.096929,0.115427
14438,25,0.096382,0.121894
14439,21,0.100715,0.123845
14440,24,0.096146,0.114834
14441,19,0.098470,0.115861
14442,21,0.098722,0.124108
14443,23,0.095141,0.122263
14444,20,0.096074,0.114628
14445,19,0.098116,0.115588
14446,19,0.100507,0.120377
14447,28,0.098393,0.125711
14448,21,0.096441,0.114704
14449,27,0.098073,0.113753
14450,22,0.101146,0.118917
14451,23,0.101679,0.121674
14452,17,0.097800,0.124137
14453,25,0.098669,0.121610
14454,22,0.102448,0.121558
14455,13,0.095961,0.118847
14456,18,0.099197,0.112978
14457,21,0.099256,0.113314
14458,24,0.095472,0.117229
14459,18,0.097077,0.110665
14460,21,0.099939,0.120774
14461,19,0.101231,0.123864
14462,23,0.095727,0.121045
14463,22,0.099823,0.128758
14464,19,0.098028,0.120450
14465,23,0.100227,0.122914
14466,19,0.095762,0.125371
14467,18,0.094897,0.116598
14468,16,0.094765,0.108892
14469,20,0.095208,0.114045
14470,21,0.096701,0.119897
14471,23,0.101719,0.118532
14472,16,0.096893,0.116406
14473,16,0.094690,0.105090
14474,16,0.100006,0.120505
14475,20,0.100564,0.117964
14476,24,0.098396,0.115428
14477,16,0.096225,0.112317
14478,18,0.099984,0.123520
14479,17,0.098909,0.123228
14480,14,0.093698,0.107523
14481,30,0.096311,0.117366
14482,13,0.096624,0.114453
14483,18,0.096306,0.114607
14484,15,0.100173,0.126408
14485,11,0.098817,0.118471
14486,26,0.096996,0.117707
14487,28,0.097877,0.117196
14488,16,0.099387,0.111833
14489,22,0.101371,0.126267
14490,21,0.097712,0.117791
14491,16,0.097633,0.112088
14492,16,0.096203,0.109506
14493,19,0.099763,0.125040
14494,26,0.096740,0.127442
14495,17,0.101072,0.121675
14496,20,0.100961,0.118932
14497,14,0.100272,0.115963
14498,17,0.094929,0.119990
14499,25,0.099048,0.116936
14500,19,0.095909,0.126486
14501,23,0.102011,0.130327
14502,14,0.100335,0.117216
14503,15,0.100462,0.126551
14504,24,0.099356,0.119316
14505,17,0.101575,0.120639
14506,17,0.103350,0.125795
14507,16,0.094457,0.107085
14508,21,0.097382,0.112012
14509,19,0.100898,0.124040
14510,22,0.101481,0.120636
14511,11,0.093252,0.114336
14512,23,0.097745,0.125313
14513,16,0.096105,0.111820
14514,21,0.101315,0.125313
14515,15,0.094894,0.109889
14516,24,0.100626,0.122247
14517,23,0.095185,0.130983
14518,12,0.095175,0.115268
14519,22,0.098568,0.125888
14520,17,0.100428,0.118402
14521,21,0.095624,0.118157
14522,19,0.097868,0.110882
14523,18,0.100523,0.119650
14524,21,0.096866,0.118207
14525,14,0.101738,0.114536
14526,25,0.100508,0.125229
14527,13,0.097204,0.118532
14528,19,0.097652,0.115756
14529,27,0.100563,0.115508
14530,20,0.101641,0.119965
14531,20,0.100234,0.120565
14532,21,0.093853,0.121804
14533,21,0.097716,0.113711
14534,18,0.094872,0.115542
14535,21,0.097678,0.119758
14536,25,0.100823,0.117132
14537,23,0.096658,0.116257
14538,18,0.100215,0.117515
14539,21,0.101087,0.121746
14540,19,0.098779,0.123754
14541,21,0.095149,0.114761
14542,23,0.099525,0.121818
14543,19,0.095194,0.113729
14544,18,0.102232,0.125308
14545,24,0.096487,0.112740
14546,18,0.097256,0.118364
14547,21,0.097696,0.116356
14548,22,0.099505,0.133958
14549,18,0.096517,0.115076
14550,16,0.097976,0.114057
14551,17,0.097116,0.117857
14552,23,0.100108,0.128091
14553,18,0.099504,0.129792
14554,17,0.096769,0.113760
14555,23,0.097433,0.124343
14556,19,0.095597,0.112033
14557,21,0.099703,0.120701
14558,18,0.098998,0.118947
14559,17,0.102073,0.111834
14560,14,0.098794,0.112270
14561,27,0.098587,0.130072
14562,17,0.096811,0.128625
14563,15,0.101228,0.113633
14564,24,0.097538,0.120262
14565,13,0.101913,0.120395
14566,19,0.093523,0.105445
14567,16,0.096035,0.114158
14568,15,0.098401,0.113184
14569,18,0.097384,0.114645
14570,15,0.101903,0.125888
14571,16,0.100610,0.117069
14572,19,0.092995,0.110950
14573,21,0.105340,0.130938
14574,17,0.093944,0.106879
14575,17,0.098783,0.114860
14576,21,0.098155,0.123552
14577,24,0.099093,0.125638
14578,19,0.099481,0.124752
14579,22,0.097816,0.113980
14580,17,0.098109,0.115560
14581,21,0.096476,0.121560
14582,23,0.097115,0.121141
14583,22,0.097350,0.112905
14584,22,0.100460,0.120279
14585,16,0.098058,0.119179
14586,15,0.097640,0.110101
14587,21,0.097225,0.120562
14588,17,0.097955,0.113578
14589,24,0.098523,0.117558
14590,19,0.101883,0.114869
14591,23,0.098282,0.115040
14592,13,0.094527,0.112832
14593,22,0.101844,0.119003
14594,19,0.096987,0.114885
14595,16,0.102807,0.122155
14596,22,0.099356,0.119581
14597,15,0.093563,0.120690
14598,20,0.096779,0.113159
14599,18,0.098339,0.120493
14600,18,0.095369,0.118385
14601,24,0.099092,0.123487
14602,18,0.098626,0.119705
14603,22,0.098753,0.116639
14604,19,0.102632,0.127188
14605,23,0.097797,0.118187
14606,22,0.099070,0.122171
14607,22,0.093730,0.114380
14608,27,0.099614,0.120943
14609,22,0.097140,0.124767
14610,21,0.096888,0.114985
14611,26,0.102667,0.129822
14612,22,0.100400,0.127010
14613,19,0.099932,0.115929
14614,18,0.097311,0.114676
14615,22,0.097506,0.119020
14616,18,0.098295,0.120097
14617,14,0.100508,0.126107
14618,18,0.095236,0.109915
14619,8,0.098979,0.116854
14620,24,0.099772,0.130290
14621,16,0.093554,0.104374
14622,19,0.097395,0.115578
14623,13,0.099663,0.121904
14624,23,0.100928,0.120332
14625,26,0.099780,0.119101
14626,18,0.097111,0.117404
14627,14,0.097086,0.122700
14628,14,0.095435,0.116232
14629,21,0.097758,0.126420
14630,21,0.097449,0.115313
14631,25,0.098824,0.115531
14632,12,0.093660,0.113489
14633,16,0.099319,0.117562
14634,26,0.097360,0.115457
14635,18,0.099162,0.118555
14636,23,0.100562,0.122596
14637,19,0.100853,0.119520
14638,21,0.099672,0.125843
14639,26,0.100007,0.119414
14640,21,0.099751,0.119766
14641,25,0.098516,0.122533
14642,19,0.100672,0.112813
14643,16,0.098679,0.113293
14644,20,0.099940,0.122485
14645,12,0.098567,0.115056
14646,16,0.094277,0.120241
14647,17,0.098866,0.121716
14648,13,0.097396,0.114648
14649,17,0.100416,0.118238
14650,23,0.099197,0.123218
14651,17,0.097822,0.117094
14652,22,0.096787,0.134008
14653,25,0.096911,0.114458
14654,20,0.097295,0.117511
14655,22,0.096451,0.115835
14656,16,0.097495,0.115030
14657,20,0.097227,0.114474
14658,21,0.096240,0.114962
14659,23,0.096009,0.125818
14660,21,0.099991,0.120048
14661,20,0.096124,0.115508
14662,20,0.100410,0.122664
14663,14,0.099962,0.111324
14664,19,0.100563,0.122748
14665,18,0.096519,0.112374
14666,24,0.098366,0.115908
14667,21,0.100180,0.122988
14668,17,0.096249,0.113655
14669,13,0.101240,0.122759
14670,20,0.099239,0.116930
14671,21,0.096541,0.125525
14672,18,0.098420,0.115699
14673,24,0.097836,0.115109
14674,22,0.096288,0.115990
14675,20,0.097206,0.116428
14676,13,0.094868,0.113299
14677,19,0.097577,0.113141
14678,19,0.097871,0.110178
14679,17,0.098131,0.117257
14680,23,0.097796,0.122937
14681,23,0.095669,0.115393
14682,24,0.096481,0.117576
14683,19,0.097034,0.125069
14684,18,0.101483,0.128543
14685,26,0.099672,0.123411
14686,16,0.099276,0.116734
14687,17,0.095050,0.121695
14688,15,0.097984,0.115926
14689,20,0.096220,0.120651
14690,26,0.097797,0.114303
14691,16,0.099459,0.117237
14692,21,0.100924,0.116743
14693,24,0.099058,0.118715
14694,23,0.096930,0.124175
14695,17,0.099603,0.127273
14696,20,0.099194,0.123222
14697,16,0.099111,0.116827
14698,19,0.098336,0.109427
14699,16,0.096649,0.112736
14700,21,0.096315,0.130563
14701,20,0.100229,0.117240
14702,8,0.098073,0.105785
14703,19,0.100436,0.122070
14704,17,0.096933,0.113128
14705,29,0.097764,0.122803
14706,20,0.097442,0.122222
14707,22,0.100840,0.126041
14708,16,0.099144,0.119094
14709,26,0.099387,0.122614
14710,23,0.096555,0.113114
14711,23,0.101889,0.116853
14712,19,0.097969,0.113097
14713,22,0.097607,0.124340
14714,15,0.103712,0.125032
14715,25,0.097191,0.135771
14716,17,0.098454,0.113105
14717,22,0.097201,0.118567
14718,28,0.099164,0.120847
14719,20,0.097877,0.120228
14720,17,0.095170,0.125956
14721,19,0.097370,0.121755
14722,24,0.095206,0.114980
14723,16,0.104379,0.131973
14724,17,0.096039,0.108317
14725,11,0.091174,0.113618
14726,13,0.092769,0.104124
14727,21,0.097809,0.114249
14728,24,0.101703,0.120329
14729,21,0.099615,0.122719
14730,24,0.099221,0.129986
14731,13,0.092342,0.114557
14732,19,0.099281,0.128594
14733,14,0.095678,0.106987
14734,22,0.102622,0.116986
14735,23,0.100994,0.124859
14736,20,0.095607,0.116237
14737,24,0.098354,0.119098
14738,14,0.096604,0.123141
14739,17,0.099562,0.111257
14740,25,0.097353,0.115024
14741,18,0.099340,0.118757
14742,19,0.095056,0.114725
14743,21,0.097951,0.117318
14744,19,0.097090,0.113132
14745,26,0.098259,0.116263
14746,15,0.093801,0.114107
14747,15,0.096944,0.117139
14748,15,0.098147,0.113617
14749,21,0.099947,0.121038
14750,21,0.096124,0.123903
14751,19,0.098480,0.119356
14752,16,0.094905,0.121603
14753,19,0.100687,0.122467
14754,16,0.102041,0.130914
14755,13,0.098611,0.111592
14756,20,0.098822,0.112206
14757,23,0.096439,0.125064
14758,24,0.101125,0.119397
14759,18,0.095004,0.116133
14760,16,0.095647,0.109253
14761,27,0.099058,0.114313
14762,15,0.096980,0.119014
14763,12,0.095766,0.115624
14764,23,0.098731,0.120092
14765,21,0.101309,0.113301
14766,20,0.104840,0.127904
14767,18,0.101800,0.123113
14768,15,0.101425,0.119273
14769,21,0.096779,0.113778
14770,22,0.097042,0.112695
14771,23,0.099501,0.123152
14772,11,0.103141,0.124461
14773,25,0.100371,0.129577
14774,14,0.100301,0.118056
14775,22,0.098730,0.114420
14776,22,0.104400,0.130754
14777,16,0.100497,0.114842
14778,16,0.096667,0.120965
14779,22,0.096501,0.121167
14780,17,0.099291,0.128401
14781,19,0.101316,0.117921
14782,21,0.100260,0.126854
14783,14,0.105187,0.118254
14784,17,0.099279,0.111872
14785,14,0.101366,0.109837
14786,17,0.097343,0.114200
14787,25,0.097353,0.120182
14788,24,0.095442,0.113451
14789,21,0.095812,0.108209
14790,12,0.094275,0.112606
14791,19,0.099456,0.119385
14792,17,0.098250,0.113081
14793,17,0.100767,0.121021
14794,22,0.097589,0.116413
14795,15,0.096639,0.113735
14796,15,0.095151,0.114660
14797,17,0.099744,0.120159
14798,13,0.094922,0.121908
14799,19,0.099244,0.111387
14800,15,0.097978,0.114037
14801,20,0.098458,0.120440
14802,18,0.098111,0.123074
14803,18,0.098571,0.123168
14804,24,0.099591,0.114165
14805,17,0.098452,0.120394
14806,19,0.102013,0.122484
14807,18,0.095603,0.113395
14808,17,0.097989,0.109195
14809,16,0.098500,0.113596
14810,20,0.101510,0.119772
14811,22,0.097732,0.129496
14812,19,0.100653,0.121040
14813,18,0.103102,0.125325
14814,19,0.102074,0.124670
14815,22,0.097336,0.115589
14816,11,0.099533,0.112751
14817,19,0.100619,0.118356
14818,26,0.100307,0.119723
14819,19,0.099559,0.119858
14820,19,0.099746,0.118845
14821,20,0.097625,0.123804
14822,24,0.100451,0.123154
14823,24,0.097566,0.124200
14824,20,0.098347,0.127270
14825,20,0.101320,0.118581
14826,23,0.096823,0.124184
14827,22,0.097396,0.134694
14828,21,0.099067,0.117343
14829,25,0.100507,0.121049
14830,16,0.100970,0.122462
14831,17,0.095353,0.119292
14832,23,0.097697,0.111065
14833,25,0.098328,0.116167
14834,18,0.104348,0.119008
14835,17,0.098929,0.128819
14836,18,0.098308,0.122008
14837,20,0.097814,0.118381
14838,16,0.097237,0.113918
14839,20,0.097918,0.115444
14840,16,0.096410,0.116918
14841,24,0.100546,0.121156
14842,18,0.100972,0.116095
14843,17,0.096808,0.114272
14844,24,0.098452,0.127541
14845,24,0.097002,0.119590
14846,21,0.098249,0.118224
14847,26,0.099542,0.114823
14848,17,0.096003,0.107724
14849,15,0.100278,0.112780
14850,19,0.097618,0.127471
14851,19,0.100851,0.115036
14852,17,0.103795,0.124023
14853,25,0.100991,0.123870
14854,17,0.096532,0.111084
14855,22,0.098307,0.119295
14856,16,0.100629,0.123197
14857,26,0.100869,0.119920
14858,33,0.098927,0.122370
14859,17,0.098163,0.113327
14860,23,0.097467,0.119992
14861,20,0.101771,0.122509
14862,16,0.098808,0.123595
14863,24,0.101100,0.118815
14864,22,0.096047,0.113533
14865,22,0.094751,0.125613
14866,19,0.097162,0.119135
14867,14,0.102024,0.119209
14868,25,0.099136,0.119394
14869,20,0.104469,0.126930
14870,21,0.096463,0.119120
14871,22,0.096392,0.113054
14872,23,0.094866,0.109010
14873,25,0.097147,0.119297
14874,26,0.099650,0.117150
14875,23,0.099604,0.113064
14876,20,0.096279,0.118153
14877,27,0.099026,0.120552
14878,21,0.097744,0.121522
14879,18,0.095894,0.117225
14880,15,0.096339,0.118029
14881,15,0.101452,0.123279
14882,16,0.096101,0.119336
14883,18,0.098309,0.120010
14884,21,0.096710,0.117526
14885,22,0.098613,0.124706
14886,12,0.095661,0.105229
14887,19,0.096721,0.113283
14888,21,0.099419,0.115704
14889,19,0.098340,0.116796
14890,18,0.100030,0.117265
14891,21,0.096394,0.116697
14892,15,0.099463,0.123764
14893,26,0.100286,0.124477
14894,14,0.097142,0.116100
14895,25,0.097731,0.112604
14896,18,0.104437,0.135635
14897,22,0.096049,0.120765
14898,17,0.093067,0.117822
14899,17,0.099725,0.133118
14900,28,0.095718,0.118175
14901,15,0.097660,0.117543
14902,11,0.097656,0.118237
14903,17,0.094513,0.117170
14904,25,0.099498,0.119771
14905,19,0.095856,0.123971
14906,15,0.096598,0.114912
14907,20,0.096840,0.126452
14908,25,0.098469,0.118503
14909,20,0.100594,0.126417
14910,16,0.097944,0.104800
14911,22,0.101167,0.125570
14912,14,0.102066,0.117139
14913,14,0.101779,0.118120
14914,19,0.096952,0.116619
14915,24,0.096361,0.122455
14916,15,0.096973,0.122728
14917,18,0.097636,0.113171
14918,29,0.096777,0.119582
14919,23,0.100667,0.125324
14920,29,0.102079,0.129722
14921,22,0.100545,0.126022
14922,24,0.100376,0.122120
14923,14,0.099335,0.117430
14924,22,0.097282,0.131760
14925,15,0.099488,0.120277
14926,13,0.099730,0.126049
14927,24,0.099038,0.125319
14928,26,0.099033,0.124586
14929,27,0.099711,0.131964
14930,18,0.099763,0.120412
14931,17,0.098648,0.114857
14932,16,0.096157,0.113121
14933,25,0.098459,0.115144
14934,27,0.101221,0.126231
14935,27,0.100354,0.116961
14936,19,0.099307,0.115666
14937,27,0.101574,0.120261
14938,13,0.098642,0.129925
14939,15,0.096032,0.122615
14940,20,0.093564,0.110686
14941,19,0.096840,0.129065
14942,18,0.099562,0.114452
14943,19,0.096594,0.120159
14944,18,0.100433,0.115042
14945,15,0.094753,0.110642
14946,19,0.103533,0.123754
14947,19,0.094486,0.106888
14948,23,0.097671,0.120839
14949,15,0.099532,0.122387
14950,16,0.104387,0.117028
14951,22,0.098862,0.116479
14952,17,0.100910,0.125141
14953,24,0.095560,0.118972
14954,22,0.098820,0.121047
14955,17,0.097894,0.116794
14956,20,0.097669,0.119688
14957,14,0.098196,0.111775
14958,23,0.097022,0.116142
14959,23,0.102802,0.122380
14960,23,0.100343,0.121475
14961,11,0.097815,0.116528
14962,19,0.099845,0.125981
14963,20,0.094915,0.106498
14964,17,0.095862,0.112856
14965,16,0.097311,0.117844
14966,17,0.094637,0.122446
14967,26,0.098650,0.124973
14968,13,0.097906,0.119723
14969,17,0.093910,0.107872
14970,19,0.096234,0.112437
14971,24,0.095958,0.117610
14972,20,0.104087,0.126841
14973,22,0.098773,0.115737
14974,11,0.095302,0.106836
14975,17,0.099444,0.126202
14976,15,0.097401,0.119576
14977,20,0.095109,0.115031
14978,11,0.099926,0.116069
14979,21,0.102513,0.128303
14980,21,0.095300,0.117303
14981,26,0.103199,0.125820
14982,21,0.098485,0.123424
14983,19,0.098860,0.121727
14984,25,0.100625,0.115764
14985,20,0.100028,0.124046
14986,23,0.096406,0.114011
14987,23,0.094563,0.120324
14988,18,0.096603,0.109879
14989,16,0.102187,0.118267
14990,26,0.096110,0.120208
14991,22,0.098263,0.112405
14992,15,0.099502,0.121238
14993,25,0.095991,0.120904
14994,20,0.097106,0.116436
14995,17,0.096538,0.113776
14996,26,0.098680,0.117727
14997,18,0.095078,0.122185
14998,21,0.096682,0.114246
14999,22,0.097523,0.126899
