plant,plant_id,view,seed,mode,chamfer,acc_pred_to_gt,comp_gt_to_pred,miss_0p01,miss_0p02,nn_gt_median,f1_0p01,precision_0p01,recall_0p01,f1_0p02,precision_0p02,recall_0p02,f1_0p03,precision_0p03,recall_0p03
plant_0001,1,00,1,ref,0.0010216864757239819,0.0004584903654176742,0.0005631961394101381,0.8426513671875,0.4949951171875,0.01986522413790226,0.26230191876493475,0.7877197265625,0.1573486328125,0.6323515587928755,0.8455810546875,0.5050048828125,0.8386250852205696,0.8824462890625,0.7989501953125
plant_0005,5,00,5,ref,0.0015179349575191736,0.0006890742806717753,0.0008288607350550592,0.8607177734375,0.4427490234375,0.018199583515524864,0.2327460819248234,0.70751953125,0.1392822265625,0.6730911066894955,0.8497314453125,0.5572509765625,0.8266453533316818,0.8948974609375,0.76806640625
plant_0009,9,00,9,ref,0.0005005090497434139,0.00022672713384963572,0.00027378188678994775,0.6695556640625,0.1712646484375,0.012602971866726875,0.46913887179293945,0.8084716796875,0.3304443359375,0.8635266825566218,0.9013671875,0.8287353515625,0.9496010837276656,0.943115234375,0.9561767578125
plant_0012,12,00,12,ref,0.000896514393389225,0.0004104811232537031,0.00048603329923935235,0.811279296875,0.3656005859375,0.016850201413035393,0.3034182660670113,0.7735595703125,0.188720703125,0.7239345486864258,0.8428955078125,0.6343994140625,0.8808620981980481,0.8912353515625,0.8707275390625
plant_0013,13,00,13,ref,0.0007500749197788537,0.0003890316584147513,0.00036104326136410236,0.8143310546875,0.276123046875,0.015711059793829918,0.2970995978226045,0.7430419921875,0.1856689453125,0.7784484829972909,0.8419189453125,0.723876953125,0.9130281778386687,0.8984375,0.9281005859375
plant_0014,14,00,14,ref,0.0009329724125564098,0.0004564392729662359,0.0004765331686940044,0.812255859375,0.33740234375,0.015993686392903328,0.1024381741282506,0.0704345703125,0.187744140625,0.7539922507792027,0.8746337890625,0.66259765625,0.9003723475345105,0.9222412109375,0.8795166015625
plant_0015,15,00,15,ref,0.0008728409884497523,0.00043349649058654904,0.00043934452696703374,0.7763671875,0.3466796875,0.01637846976518631,0.33751601007902493,0.687744140625,0.2236328125,0.7322553580595482,0.8328857421875,0.6533203125,0.8865337914156627,0.88525390625,0.8878173828125
plant_0016,16,00,16,ref,0.0006752182962372899,0.00023484937264584005,0.0004403689526952803,0.7535400390625,0.284423828125,0.014589925296604633,0.3776006493065614,0.8070068359375,0.2464599609375,0.7926398969075843,0.8883056640625,0.715576171875,0.9155371868179811,0.9339599609375,0.8978271484375
plant_0017,17,00,17,ref,0.0007134091574698687,0.0003904125187546015,0.0003229966096114367,0.734375,0.239990234375,0.013807520270347595,0.34988821775964857,0.512451171875,0.265625,0.8059979829202505,0.85791015625,0.760009765625,0.9245186265049429,0.9183349609375,0.9307861328125
plant_0018,18,00,18,ref,0.000513203558512032,0.00024132049293257296,0.00027188309468328953,0.6357421875,0.1328125,0.011713683605194092,0.501382553743078,0.8040771484375,0.3642578125,0.883829645864973,0.901123046875,0.8671875,0.9501761017943458,0.9459228515625,0.9544677734375
plant_0019,19,00,19,ref,0.0005355114117264748,0.00025923308567143977,0.00027627835515886545,0.6898193359375,0.188232421875,0.013434890657663345,0.4509172633323928,0.825439453125,0.3101806640625,0.8529614078335772,0.8985595703125,0.811767578125,0.9503718418166897,0.9371337890625,0.9639892578125
plant_0020,20,00,20,ref,0.0007450792472809553,0.000260664033703506,0.00048441518447361887,0.75439453125,0.2730712890625,0.01441048365086317,0.37552366063590076,0.7972412109375,0.24560546875,0.8000497684038004,0.8895263671875,0.7269287109375,0.8964457478846677,0.936279296875,0.85986328125
plant_0021,21,00,21,ref,0.0007333557587116957,0.00042401740211062133,0.00030933835660107434,0.7508544921875,0.1856689453125,0.013745767064392567,0.3824054227705532,0.8221435546875,0.2491455078125,0.8401002766241925,0.8675537109375,0.8143310546875,0.9266691217300099,0.90087890625,0.9539794921875
plant_0022,22,00,22,ref,0.0012959272135049105,0.0006107273511588573,0.0006851998623460531,0.8802490234375,0.5126953125,0.020338749513030052,0.1617549590761499,0.2491455078125,0.1197509765625,0.6227381056683549,0.8624267578125,0.4873046875,0.8453423948421086,0.8980712890625,0.7984619140625
plant_0023,23,00,23,ref,0.0006917453138157725,0.0003253693284932524,0.0003663760144263506,0.81591796875,0.305419921875,0.016016656532883644,0.2993841558783449,0.80126953125,0.18408203125,0.7732710110838398,0.8720703125,0.694580078125,0.9244072698907715,0.9190673828125,0.9298095703125
plant_0024,24,00,24,ref,0.0006620241329073906,0.0002755369932856411,0.0003864871396217495,0.7196044921875,0.2288818359375,0.013765368610620499,0.4134069237610841,0.7864990234375,0.2803955078125,0.8261534994027931,0.8896484375,0.7711181640625,0.9280327512577272,0.93603515625,0.920166015625
plant_0025,25,00,25,ref,0.002023140899837017,0.0012077107094228268,0.0008154301322065294,0.904296875,0.5439453125,0.021331900730729103,0.0284719394679696,0.0167236328125,0.095703125,0.4297140430351076,0.40625,0.4560546875,0.7637338225774789,0.8218994140625,0.7132568359375
plant_0026,26,00,26,ref,0.0015663837548345327,0.0008732806309126318,0.0006931030657142401,0.9329833984375,0.553466796875,0.0210903100669384,0.09419333928329723,0.158447265625,0.0670166015625,0.5683311265221173,0.781494140625,0.446533203125,0.824607937710321,0.848388671875,0.8021240234375
plant_0027,27,00,27,ref,0.000861231645103544,0.0004099757061339915,0.0004512559389695525,0.696044921875,0.3216552734375,0.015020312741398811,0.43895198133510993,0.7896728515625,0.303955078125,0.7605228161634607,0.8653564453125,0.6783447265625,0.8933728742658107,0.91015625,0.877197265625
plant_0028,28,00,28,ref,0.0012290335725992918,0.0004987976863048971,0.0007302359445020556,0.8077392578125,0.3603515625,0.01614350453019142,0.30878094686991936,0.7838134765625,0.1922607421875,0.7314897633713329,0.8541259765625,0.6396484375,0.8599223160326857,0.906982421875,0.8175048828125
plant_0029,29,00,29,ref,0.00121372751891613,0.0006293613114394248,0.0005843661492690444,0.8853759765625,0.439208984375,0.0187353678047657,0.1494615694785489,0.2147216796875,0.1146240234375,0.6734954279312332,0.8428955078125,0.560791015625,0.8710937329033176,0.8922119140625,0.8509521484375
plant_0030,30,00,30,ref,0.0005095013184472919,0.0002061288250843063,0.0003033725079149008,0.686279296875,0.1356201171875,0.012552355416119099,0.4497723434401168,0.794189453125,0.313720703125,0.8746327840180628,0.8851318359375,0.8643798828125,0.948020570116848,0.9420166015625,0.9541015625
plant_0031,31,00,31,ref,0.000606670742854476,0.00026318427990190685,0.00034348643384873867,0.7652587890625,0.2357177734375,0.01409191731363535,0.36311876762598666,0.8013916015625,0.2347412109375,0.8214834009627817,0.887939453125,0.7642822265625,0.9338964326780113,0.9354248046875,0.932373046875
plant_0032,32,00,32,ref,0.0009970901301130652,0.00042235132423229516,0.0005747388349846005,0.7705078125,0.2342529296875,0.014869678765535355,0.35493389568009165,0.7828369140625,0.2294921875,0.8164701197749982,0.8743896484375,0.7657470703125,0.9304523127777004,0.9166259765625,0.9447021484375
plant_0033,33,00,33,ref,0.0018304241821169853,0.0007109724101610482,0.001119451830163598,0.9356689453125,0.6319580078125,0.02291460707783699,0.11943066871596324,0.832275390625,0.0643310546875,0.5176711103576174,0.872314453125,0.3680419921875,0.8156391114622782,0.89404296875,0.7498779296875
plant_0037,37,00,37,ref,0.0007397133158519864,0.00031631370075047016,0.00042339961510151625,0.7315673828125,0.2257080078125,0.01365786511451006,0.4020357859521328,0.8004150390625,0.2684326171875,0.8264882545440344,0.88623046875,0.7742919921875,0.9204758777018963,0.927734375,0.913330078125
plant_0038,38,00,38,ref,0.0006007107440382242,0.00025142281083390117,0.0003492879041004926,0.8070068359375,0.24658203125,0.01523604430258274,0.308954721868294,0.7740478515625,0.1929931640625,0.8148059199205671,0.8870849609375,0.75341796875,0.9432974512698156,0.9423828125,0.9442138671875
plant_0039,39,00,39,ref,0.0024064520839601755,0.0008830628939904273,0.0015233891317620873,0.9542236328125,0.792724609375,0.031145310029387474,0.0858854720127311,0.6937255859375,0.0457763671875,0.3329856333285052,0.84619140625,0.207275390625,0.6110200112253439,0.881591796875,0.467529296875
plant_0041,41,00,41,ref,0.0009408116457052529,0.0004650434129871428,0.00047576826182194054,0.841552734375,0.385498046875,0.01704244688153267,0.0950341744201726,0.06787109375,0.158447265625,0.7187939718889164,0.86572265625,0.614501953125,0.8841681424479526,0.9051513671875,0.8641357421875
plant_0042,42,00,42,ref,0.0023434264585375786,0.0012039815774187446,0.0011394447647035122,0.9554443359375,0.7154541015625,0.026341484859585762,0.07996720814590948,0.3896484375,0.0445556640625,0.42561862160833064,0.8441162109375,0.2845458984375,0.7127141570918251,0.8638916015625,0.6065673828125
plant_0045,45,00,45,ref,0.0010187838925048709,0.0004402143240440637,0.0005785695393569767,0.8662109375,0.406494140625,0.017996052280068398,0.11116979166666667,0.0950927734375,0.1337890625,0.7033738258008254,0.8631591796875,0.593505859375,0.8873288414992956,0.9146728515625,0.861572265625
plant_0046,46,00,46,ref,0.0011420735390856862,0.0007196401129476726,0.00042243345524184406,0.81298828125,0.29931640625,0.01566636748611927,0.06479305096465192,0.0391845703125,0.18701171875,0.21003903935870852,0.12353515625,0.70068359375,0.8983738731613901,0.8968505859375,0.89990234375
plant_0047,47,00,47,ref,0.0010741850128397346,0.0005085365264676511,0.0005656485445797443,0.7672119140625,0.273193359375,0.014583976939320564,0.1226430858318849,0.083251953125,0.2327880859375,0.7926882353116648,0.8717041015625,0.726806640625,0.898152246365736,0.9161376953125,0.880859375
plant_0049,49,00,49,ref,0.0006464525358751416,0.0003032094391528517,0.0003432431258261204,0.77734375,0.272705078125,0.014908317476511002,0.348350580458398,0.7999267578125,0.22265625,0.796545326736902,0.88037109375,0.727294921875,0.9273680194484665,0.927001953125,0.927734375
plant_0050,50,00,50,ref,0.0006475272821262479,0.00033539353171363473,0.00031213375041261315,0.7005615234375,0.219482421875,0.013225935399532318,0.42886825436147435,0.75537109375,0.2994384765625,0.8309306438469205,0.8883056640625,0.780517578125,0.9299676760824801,0.9251708984375,0.934814453125
plant_0051,51,00,51,ref,0.0006174410227686167,0.0002654546406120062,0.0003519863821566105,0.717529296875,0.2366943359375,0.01375927310436964,0.4166739213841159,0.7938232421875,0.282470703125,0.8242420664985101,0.895751953125,0.7633056640625,0.9264652490160398,0.9366455078125,0.91650390625
plant_0052,52,00,52,ref,0.0009091038955375552,0.0003945964272134006,0.0005145074683241546,0.82861328125,0.4053955078125,0.01782406121492386,0.280780148017841,0.7762451171875,0.17138671875,0.7016543203828592,0.855712890625,0.5946044921875,0.8626518756125936,0.8983154296875,0.8297119140625
plant_0053,53,00,53,ref,0.000972633482888341,0.00046709825983271003,0.00050553516484797,0.8665771484375,0.4049072265625,0.017971720546483994,0.22705547754305935,0.7613525390625,0.1334228515625,0.697182357052957,0.841552734375,0.5950927734375,0.8729822008566611,0.887939453125,0.8585205078125
plant_0055,55,00,55,ref,0.0017353144939988852,0.0011130643542855978,0.0006222501397132874,0.9168701171875,0.5704345703125,0.021663540974259377,0.1508510965462541,0.8138427734375,0.0831298828125,0.5684307157076323,0.8399658203125,0.4295654296875,0.828657774922777,0.8619384765625,0.7978515625
plant_0058,58,00,58,ref,0.0009615652961656451,0.000520997098647058,0.0004405680811032653,0.849853515625,0.301025390625,0.01629606820642948,0.07144516728624535,0.046875,0.150146484375,0.7623058274562257,0.8382568359375,0.698974609375,0.9124314283288043,0.9188232421875,0.9061279296875
plant_0059,59,00,59,ref,0.002165537327528,0.0009934043046087027,0.0011721330229192972,0.9432373046875,0.6229248046875,0.022680150344967842,0.0210747660354641,0.012939453125,0.0567626953125,0.504491130455605,0.761962890625,0.3770751953125,0.7813232972553862,0.83642578125,0.7330322265625
plant_0060,60,00,60,ref,0.0007562160026282072,0.00040868803625926375,0.0003475279954727739,0.7373046875,0.2489013671875,0.01384794618934393,0.3915236317487568,0.768310546875,0.2626953125,0.80323932737707,0.8631591796875,0.7510986328125,0.913939802013773,0.906494140625,0.9215087890625
plant_0062,62,00,62,ref,0.001956373918801546,0.0007785173365846276,0.0011778566986322403,0.8436279296875,0.447021484375,0.018686478957533836,0.2602306730485647,0.77490234375,0.1563720703125,0.6600304311999332,0.8184814453125,0.552978515625,0.8314284813898056,0.8577880859375,0.806640625
plant_0063,63,00,63,ref,0.0007714377716183662,0.0003343030984979123,0.0004371347022242844,0.7347412109375,0.2386474609375,0.014356431551277637,0.3946045037008518,0.7701416015625,0.2652587890625,0.8139654085529384,0.8743896484375,0.7613525390625,0.9245479111310074,0.921142578125,0.927978515625
plant_0067,67,00,67,ref,0.0005331375286914408,0.0002866663853637874,0.0002464711433276534,0.727783203125,0.15771484375,0.013368547894060612,0.40373514502332253,0.7811279296875,0.272216796875,0.8662420136933259,0.8916015625,0.84228515625,0.9553015762700364,0.93505859375,0.9764404296875
plant_0068,68,00,68,ref,0.001042420626617968,0.0005871182074770331,0.00045530247734859586,0.8680419921875,0.3629150390625,0.01761837676167488,0.18647486120300624,0.3177490234375,0.1319580078125,0.7201045309180241,0.8280029296875,0.6370849609375,0.8930114854533961,0.880615234375,0.90576171875
plant_0069,69,00,69,ref,0.0013620941899716854,0.0007276959368027747,0.0006343981949612498,0.900146484375,0.4302978515625,0.01861792616546154,0.0644749521419702,0.047607421875,0.099853515625,0.6766824161305147,0.8331298828125,0.5697021484375,0.8722950844760039,0.883544921875,0.861328125
plant_0070,70,00,70,ref,0.0007920197094790637,0.0003040898882318288,0.0004879298503510654,0.6766357421875,0.2537841796875,0.013320459984242916,0.4573427276645064,0.7808837890625,0.3233642578125,0.8140233554420266,0.8953857421875,0.7462158203125,0.913889899013597,0.9403076171875,0.888916015625
plant_0071,71,00,71,ref,0.0005575844552367926,0.00027262166258879006,0.0002849627926480025,0.68359375,0.1942138671875,0.013242345303297043,0.45202885622175687,0.7911376953125,0.31640625,0.8501931842200025,0.8997802734375,0.8057861328125,0.9442399349429614,0.934814453125,0.953857421875
plant_0072,72,00,72,ref,0.0012291236780583858,0.0006356241065077484,0.0005934995133429766,0.8365478515625,0.3499755859375,0.016150403767824173,0.06820166477356679,0.0430908203125,0.1634521484375,0.7368106856007445,0.850341796875,0.6500244140625,0.8640724232127757,0.9085693359375,0.82373046875
plant_0074,74,00,74,ref,0.0007622196571901441,0.000464394164737314,0.00029782552155666053,0.701416015625,0.225830078125,0.01378656830638647,0.2803191940075922,0.26416015625,0.298583984375,0.8184230007363599,0.8680419921875,0.774169921875,0.9318133780748609,0.9185791015625,0.9454345703125
plant_0075,75,00,75,ref,0.0013307181652635336,0.0004652726056519896,0.0008654454723000526,0.819580078125,0.48291015625,0.019561411812901497,0.29442374299501867,0.7998046875,0.180419921875,0.6525117003724517,0.884033203125,0.51708984375,0.8362295567355028,0.9190673828125,0.76708984375
plant_0076,76,00,76,ref,0.0006181887583807111,0.00030502548906952143,0.0003131632984150201,0.778564453125,0.2235107421875,0.014319727197289467,0.3457755941050278,0.78857421875,0.221435546875,0.8283767157357148,0.8876953125,0.7764892578125,0.9492296753439851,0.9423828125,0.9561767578125
plant_0079,79,00,79,ref,0.0006522084586322308,0.00024719283101148903,0.0004050156567245722,0.534423828125,0.224853515625,0.010751764290034771,0.6011565214992567,0.84814453125,0.465576171875,0.8399704092895411,0.9166259765625,0.775146484375,0.9099452392414602,0.94580078125,0.876708984375
plant_0082,82,00,82,ref,0.00041559431701898575,0.00019626447465270758,0.00021932982781436294,0.632080078125,0.126953125,0.0117869284003973,0.5094391404973969,0.827880859375,0.367919921875,0.8890446456145769,0.9056396484375,0.873046875,0.9582745138208907,0.9486083984375,0.9681396484375
plant_0083,83,00,83,ref,0.0006094077252782881,0.00033959528082050383,0.00026981247356161475,0.7130126953125,0.197509765625,0.013424251228570938,0.4219964241468634,0.796875,0.2869873046875,0.8430001407683072,0.8878173828125,0.802490234375,0.9455438624354631,0.93212890625,0.9593505859375
plant_0084,84,00,84,ref,0.0009136110311374068,0.000405309401685372,0.0005083016003482044,0.78759765625,0.28857421875,0.015543412417173386,0.33629311328733086,0.8070068359375,0.21240234375,0.7839441808642807,0.8729248046875,0.71142578125,0.9113580523372623,0.91552734375,0.9072265625
plant_0086,86,00,86,ref,0.0009499791194684803,0.0003685779229272157,0.0005814011674374342,0.805908203125,0.373046875,0.016850236803293228,0.3097477170105795,0.7664794921875,0.194091796875,0.7242087257361408,0.857177734375,0.626953125,0.8802736031680601,0.9139404296875,0.8489990234375
plant_0087,87,00,87,ref,0.000536874053068459,0.00025021741748787463,0.00028665660647675395,0.6796875,0.21630859375,0.013254274614155293,0.4571898188563946,0.79833984375,0.3203125,0.8331545997126961,0.8892822265625,0.78369140625,0.9475934938937013,0.93798828125,0.9573974609375
plant_0088,88,00,88,ref,0.0021611927077174187,0.0009817660320550203,0.0011794267920777202,0.93896484375,0.6602783203125,0.02522359788417816,0.11011201386167711,0.56201171875,0.06103515625,0.48649531150350767,0.8565673828125,0.3397216796875,0.7202038747361031,0.8787841796875,0.610107421875
plant_0091,91,00,91,ref,0.00159788120072335,0.0009308216394856572,0.0006670596194453537,0.9263916015625,0.5819091796875,0.02159457840025425,0.0949673981018246,0.1337890625,0.0736083984375,0.5574815511796297,0.8363037109375,0.4180908203125,0.8435968760165907,0.86865234375,0.8199462890625
plant_0092,92,00,92,ref,0.0015260574873536825,0.0009701214148662984,0.0005559360142797232,0.8966064453125,0.4986572265625,0.019959036260843277,0.03388614033193485,0.020263671875,0.1033935546875,0.39079408461413445,0.3201904296875,0.5013427734375,0.8603237763867727,0.8897705078125,0.832763671875
plant_0094,94,00,94,ref,0.0020380751229822636,0.0012664765818044543,0.0007715984247624874,0.8697509765625,0.538330078125,0.021264171227812767,0.1546117931547619,0.190185546875,0.1302490234375,0.5938058917765642,0.8319091796875,0.461669921875,0.7889737761356654,0.8624267578125,0.72705078125
plant_0096,96,00,96,ref,0.0007646770100109279,0.0004434433067217469,0.000321233703289181,0.766845703125,0.2279052734375,0.014273971319198608,0.12136304221533695,0.08203125,0.233154296875,0.8118659702566169,0.85595703125,0.7720947265625,0.9397946143411954,0.926025390625,0.9539794921875
plant_0097,97,00,97,ref,0.0007520322687923908,0.0004099952057003975,0.00034203706309199333,0.675048828125,0.17138671875,0.01279749721288681,0.4636762900296017,0.80908203125,0.324951171875,0.8569096938140296,0.88720703125,0.82861328125,0.9358111881939236,0.9261474609375,0.9456787109375
plant_0098,98,00,98,ref,0.0005460509564727545,0.00024948001373559237,0.0002965709427371621,0.6773681640625,0.1640625,0.0124999163672328,0.4638540468600415,0.824951171875,0.3226318359375,0.8686618668443945,0.904052734375,0.8359375,0.9399147568739854,0.9449462890625,0.9349365234375
plant_0099,99,00,99,ref,0.0006222216179594398,0.00026122297276742756,0.0003609986451920122,0.7626953125,0.2652587890625,0.014956745319068432,0.3695010786910458,0.834228515625,0.2373046875,0.8071975325252715,0.8955078125,0.7347412109375,0.9262636436919351,0.9342041015625,0.91845703125
plant_0100,100,00,100,ref,0.0016101128421723843,0.00089357077376917,0.0007165420101955533,0.888671875,0.5096435546875,0.020188244059681892,0.09265464948783611,0.079345703125,0.111328125,0.6179574871590124,0.8353271484375,0.4903564453125,0.8250041833135184,0.8760986328125,0.779541015625
plant_0101,101,00,101,ref,0.001415529171936214,0.0007573978509753942,0.0006581313209608197,0.9185791015625,0.568115234375,0.021409302949905396,0.1229389759655125,0.2508544921875,0.0814208984375,0.5731078799695644,0.8515625,0.431884765625,0.817406228959649,0.8797607421875,0.7633056640625
plant_0102,102,00,102,ref,0.001445740694180131,0.000750867067836225,0.0006948738009668887,0.8138427734375,0.4127197265625,0.017758458852767944,0.07979536965481711,0.05078125,0.1861572265625,0.6336578196790945,0.68798828125,0.5872802734375,0.8552463305050924,0.8692626953125,0.8416748046875
plant_0104,104,00,104,ref,0.00239685270935297,0.0005801759543828666,0.0018166768131777644,0.895751953125,0.5712890625,0.022457310929894447,0.18102260754995372,0.6868896484375,0.104248046875,0.5785235120288043,0.8892822265625,0.4287109375,0.7762860198379168,0.9150390625,0.674072265625
plant_0105,105,00,105,ref,0.0005806636763736606,0.00026727988733910024,0.0003133837890345603,0.7265625,0.2381591796875,0.014201232232153416,0.406778934126258,0.7939453125,0.2734375,0.8177728647998478,0.882568359375,0.7618408203125,0.9416515773867392,0.9342041015625,0.94921875
plant_0107,107,00,107,ref,0.0006464599864557385,0.00032542768167331815,0.00032103227567858994,0.768798828125,0.2750244140625,0.014734303578734398,0.35866033485844584,0.79931640625,0.231201171875,0.7921009037492838,0.8729248046875,0.7249755859375,0.9274249342275711,0.9144287109375,0.9407958984375
plant_0108,108,00,108,ref,0.0012256274931132793,0.0007285707979463041,0.0004970566369593143,0.85595703125,0.3759765625,0.01739732176065445,0.12916054888382422,0.1170654296875,0.14404296875,0.7223369520435069,0.857421875,0.6240234375,0.8907954551537342,0.8941650390625,0.887451171875
plant_0109,109,00,109,ref,0.001866786042228341,0.0009474629769101739,0.0009193230653181672,0.87646484375,0.5552978515625,0.02226477675139904,0.1327423946902149,0.1434326171875,0.12353515625,0.5730809684052524,0.8056640625,0.4447021484375,0.738200984589041,0.8585205078125,0.6474609375
plant_0111,111,00,111,ref,0.0006280450616031885,0.0002417865616735071,0.0003862585290335119,0.7760009765625,0.2957763671875,0.01543092355132103,0.3500851816992467,0.8009033203125,0.2239990234375,0.7798434999286805,0.8736572265625,0.7042236328125,0.9160110704410687,0.923828125,0.9083251953125
plant_0112,112,00,112,ref,0.0005095259984955192,0.00021850672783330083,0.00029101927066221833,0.6534423828125,0.192626953125,0.012705369852483273,0.48704610144059585,0.819091796875,0.3465576171875,0.8552033397451284,0.9090576171875,0.807373046875,0.9419859772104202,0.9473876953125,0.9366455078125
plant_0113,113,00,113,ref,0.0013303598389029503,0.0009016256663016975,0.0004287341726012528,0.80615234375,0.318603515625,0.015841562300920486,0.09973452847287184,0.067138671875,0.19384765625,0.24129652889116174,0.1466064453125,0.681396484375,0.8953443643945073,0.91162109375,0.879638671875
plant_0114,114,00,114,ref,0.001323154428973794,0.0008237822912633419,0.0004993721377104521,0.8214111328125,0.4051513671875,0.01779571734368801,0.2921433814950218,0.80224609375,0.1785888671875,0.6974331257429736,0.8427734375,0.5948486328125,0.8723000868875507,0.8758544921875,0.8687744140625
plant_0115,115,00,115,ref,0.0009656057227402925,0.0004086008993908763,0.0005570048233494163,0.7724609375,0.4786376953125,0.019414639100432396,0.35414218675630654,0.79833984375,0.2275390625,0.6455537535254838,0.847412109375,0.5213623046875,0.8422829334218513,0.8895263671875,0.7998046875
plant_0116,116,00,116,ref,0.0006738165393471718,0.00023913751647341996,0.0004346790083218366,0.712890625,0.2886962890625,0.014704806730151176,0.4238387811769291,0.8092041015625,0.287109375,0.7881234228496938,0.883544921875,0.7113037109375,0.9189026932634047,0.9354248046875,0.9029541015625
plant_0117,117,00,117,ref,0.0009838346159085631,0.0003504772612359375,0.0006333573255687952,0.817626953125,0.4732666015625,0.01929434947669506,0.29786702354105304,0.812255859375,0.182373046875,0.6633441373731441,0.8956298828125,0.5267333984375,0.8726982023139197,0.9295654296875,0.8223876953125
plant_0118,118,00,118,ref,0.0020032271277159452,0.0009897589916363358,0.0010134681360796094,0.9368896484375,0.6455078125,0.024172186851501465,0.05181237528506271,0.0439453125,0.0631103515625,0.4738975258335236,0.714599609375,0.3544921875,0.7476495645246549,0.8800048828125,0.64990234375
plant_0119,119,00,119,ref,0.0008085045265033841,0.000364008272299543,0.0004444962542038411,0.7022705078125,0.2694091796875,0.014359824359416962,0.4330973898651481,0.794189453125,0.2977294921875,0.7979148890784983,0.87890625,0.7305908203125,0.9034624406952793,0.9197998046875,0.8876953125
plant_0120,120,00,120,ref,0.0013057762989774346,0.0005374454194679856,0.000768330879509449,0.90185546875,0.5570068359375,0.02147725783288479,0.1753612802098528,0.8223876953125,0.09814453125,0.5895138168510834,0.880859375,0.4429931640625,0.8119987966473386,0.9072265625,0.73486328125
plant_0121,121,00,121,ref,0.0011718629393726587,0.0006619809428229928,0.0005098820547573268,0.8341064453125,0.3514404296875,0.016695162281394005,0.08845268862992445,0.060302734375,0.1658935546875,0.7274717613771388,0.8282470703125,0.6485595703125,0.8850700894550376,0.88427734375,0.8858642578125
plant_0122,122,00,122,ref,0.000745997647754848,0.0003890208899974823,0.0003569767577573657,0.8192138671875,0.2935791015625,0.01558735966682434,0.2734260063014403,0.560791015625,0.1807861328125,0.7843932589414393,0.8817138671875,0.7064208984375,0.9279918586608024,0.92138671875,0.9346923828125
plant_0125,125,00,125,ref,0.001172100892290473,0.0007046691607683897,0.00046743167331442237,0.8709716796875,0.3953857421875,0.017806846648454666,0.16004518926293568,0.210693359375,0.1290283203125,0.7118189285565983,0.865234375,0.6046142578125,0.8834287375170541,0.8936767578125,0.8734130859375
plant_0127,127,00,127,ref,0.001585393212735653,0.0008623158209957182,0.0007230773917399347,0.8438720703125,0.386962890625,0.017047079280018806,0.2616571967447422,0.807373046875,0.1561279296875,0.7207525341736767,0.8743896484375,0.613037109375,0.8728466537622694,0.9002685546875,0.8470458984375
plant_0128,128,00,128,ref,0.0006995485164225101,0.0003294077469035983,0.0003701407986227423,0.7440185546875,0.2403564453125,0.014352780766785145,0.3845947352518092,0.77294921875,0.2559814453125,0.8151968739236577,0.8795166015625,0.7596435546875,0.9315031819224217,0.927734375,0.935302734375
plant_0129,129,00,129,ref,0.0005443631671369076,0.0002729145926423371,0.00027144860359840095,0.5897216796875,0.133544921875,0.011536967940628529,0.5472546022600585,0.821533203125,0.4102783203125,0.8843866815630174,0.903076171875,0.866455078125,0.94937925566803,0.9405517578125,0.9583740234375
plant_0130,130,00,130,ref,0.0026931259781122208,0.0012047616764903069,0.001488364301621914,0.961669921875,0.7918701171875,0.029778698459267616,0.05017909017464246,0.0726318359375,0.038330078125,0.33500929048010875,0.858154296875,0.2081298828125,0.6488941286767901,0.896240234375,0.508544921875
plant_0131,131,00,131,ref,0.0007905513630248606,0.0004211603954900056,0.000369390967534855,0.7347412109375,0.2437744140625,0.014205711893737316,0.170825004875195,0.1259765625,0.2652587890625,0.8129114518686072,0.8787841796875,0.7562255859375,0.9181104661428904,0.92431640625,0.9119873046875
plant_0133,133,00,133,ref,0.0009130793041549623,0.0004891717690043151,0.00042390753515064716,0.760986328125,0.24462890625,0.014726558700203896,0.20657214100565546,0.181884765625,0.239013671875,0.8105869556059018,0.87451171875,0.75537109375,0.9159855466407499,0.9107666015625,0.9212646484375
plant_0134,134,00,134,ref,0.0008756877505220473,0.000435736496001482,0.0004399512254167348,0.80029296875,0.3271484375,0.016185881569981575,0.3179578911898529,0.779541015625,0.19970703125,0.7549014025786539,0.8597412109375,0.6728515625,0.894539560107222,0.9093017578125,0.8802490234375
plant_0135,135,00,135,ref,0.0009456232073716819,0.0004216161323711276,0.0005240070750005543,0.8056640625,0.384765625,0.017172619700431824,0.31145165473293396,0.7838134765625,0.1943359375,0.716456110132615,0.8575439453125,0.615234375,0.8738437058338567,0.898681640625,0.850341796875
plant_0136,136,00,136,ref,0.0008037079824134707,0.00042185434722341597,0.0003818536933977157,0.77294921875,0.309326171875,0.015240509994328022,0.3529605127754161,0.7923583984375,0.22705078125,0.7704147211243454,0.8709716796875,0.690673828125,0.9111936473265122,0.91162109375,0.9107666015625
plant_0137,137,00,137,ref,0.00127667305059731,0.0005318639450706542,0.0007448091055266559,0.888671875,0.5157470703125,0.02050001360476017,0.0675282897249809,0.0484619140625,0.111328125,0.6148224621421339,0.841796875,0.4842529296875,0.8366782953443369,0.906982421875,0.7764892578125
plant_0139,139,00,139,ref,0.0008045777212828398,0.0003996790328528732,0.00040489868842996657,0.7750244140625,0.2708740234375,0.01516134012490511,0.3472055381535745,0.76025390625,0.2249755859375,0.796387293853296,0.8773193359375,0.7291259765625,0.9142961965419364,0.9298095703125,0.8992919921875
plant_0140,140,00,140,ref,0.001604946330189705,0.0007614513742737472,0.0008434950141236186,0.8819580078125,0.5372314453125,0.021168652921915054,0.05182796105730428,0.033203125,0.1180419921875,0.18623850388814264,0.1165771484375,0.4627685546875,0.7977542835296568,0.8858642578125,0.7255859375
plant_0141,141,00,141,ref,0.0009871965739876032,0.00045968336053192616,0.0005275131552480161,0.8287353515625,0.3646240234375,0.016916360706090927,0.28102045219105976,0.782470703125,0.1712646484375,0.7285102810463293,0.8536376953125,0.6353759765625,0.8918706133879081,0.8975830078125,0.88623046875
plant_0142,142,00,142,ref,0.0007388886297121644,0.00039788486901670694,0.00034100376069545746,0.7003173828125,0.2080078125,0.013026694767177105,0.13824281181447823,0.08984375,0.2996826171875,0.8326398344970025,0.877685546875,0.7919921875,0.9306613565867244,0.9322509765625,0.9290771484375
plant_0143,143,00,143,ref,0.0012038402492180467,0.0005316653405316174,0.0006721749668940902,0.7799072265625,0.2921142578125,0.015122019685804844,0.3177268921896698,0.571044921875,0.2200927734375,0.783450255332284,0.8770751953125,0.7078857421875,0.8973698038377379,0.9180908203125,0.8775634765625
plant_0144,144,00,144,ref,0.0008676600991748273,0.00034759717527776957,0.0005200629238970578,0.828369140625,0.381103515625,0.017246322706341743,0.28160791489684467,0.783935546875,0.171630859375,0.7193188815422588,0.858642578125,0.618896484375,0.8846617650939698,0.9105224609375,0.8602294921875
plant_0145,145,00,145,ref,0.0007422997150570154,0.00036172624095343053,0.0003805734741035849,0.7659912109375,0.3001708984375,0.015438597649335861,0.3604666674002787,0.7843017578125,0.2340087890625,0.7757862952945207,0.8702392578125,0.6998291015625,0.9191284139156817,0.919189453125,0.9190673828125
plant_0146,146,00,146,ref,0.0011294747237116098,0.000495722983032465,0.0006337517988868058,0.8270263671875,0.3863525390625,0.01724187470972538,0.2825966226435287,0.7716064453125,0.1729736328125,0.7193825507326912,0.869140625,0.6136474609375,0.8797173892439342,0.905517578125,0.8553466796875
plant_0148,148,00,148,ref,0.0025133942253887653,0.0013830759562551975,0.0011303180363029242,0.9423828125,0.7164306640625,0.026757746934890747,0.09141018533727552,0.2210693359375,0.0576171875,0.42738444096743394,0.8671875,0.2835693359375,0.7065234083416273,0.8829345703125,0.5888671875
plant_0149,149,00,149,ref,0.0006446369225159287,0.0002584794128779322,0.000386157538741827,0.657470703125,0.23779296875,0.012886079028248787,0.48056131565824467,0.804931640625,0.342529296875,0.8212714602801581,0.8902587890625,0.76220703125,0.9182543405085055,0.93408203125,0.9029541015625
plant_0150,150,00,150,ref,0.00045620810124091804,0.00022137461928650737,0.00023483346740249544,0.6666259765625,0.1536865234375,0.012476910836994648,0.46612123814696726,0.7745361328125,0.3333740234375,0.8682516341214436,0.891357421875,0.8463134765625,0.9578790391291885,0.942626953125,0.9736328125
plant_0152,152,00,152,ref,0.0005277839954942465,0.00023490928288083524,0.000292874698061496,0.7130126953125,0.1861572265625,0.013407453894615173,0.42113574804975085,0.790771484375,0.2869873046875,0.8482716604269913,0.8857421875,0.8138427734375,0.9461939763170838,0.9405517578125,0.951904296875
plant_0156,156,00,156,ref,0.00045441777911037207,0.0001674975937930867,0.0002869201998692006,0.70263671875,0.178466796875,0.013236060738563538,0.44127312470209723,0.8551025390625,0.29736328125,0.8678394773336722,0.919677734375,0.821533203125,0.9569091641153208,0.95703125,0.956787109375
plant_0157,157,00,157,ref,0.0014202703023329377,0.0008479182724840939,0.0005723520298488438,0.88525390625,0.4395751953125,0.01862979307770729,0.0631678573149576,0.0435791015625,0.11474609375,0.50693639574572,0.4627685546875,0.5604248046875,0.874192172234822,0.894287109375,0.85498046875
plant_0158,158,00,158,ref,0.0008355551399290562,0.00048205480561591685,0.0003535003343131393,0.7774658203125,0.265380859375,0.015268689952790737,0.168907835501404,0.1361083984375,0.2225341796875,0.7845645955939291,0.841796875,0.734619140625,0.9150408859029074,0.900390625,0.93017578125
plant_0159,159,00,159,ref,0.0006831901846453547,0.00024360456154681742,0.00043958559399470687,0.8109130859375,0.3890380859375,0.017725756391882896,0.3082536491126313,0.8336181640625,0.1890869140625,0.7245483596990383,0.8900146484375,0.6109619140625,0.9135342352599853,0.929931640625,0.897705078125
plant_0160,160,00,160,ref,0.0005692238919436932,0.0002719109761528671,0.00029731294489465654,0.7041015625,0.193359375,0.013462566770613194,0.43144413355130784,0.796142578125,0.2958984375,0.8412801999601709,0.8790283203125,0.806640625,0.9417957361516035,0.92578125,0.9583740234375
plant_0161,161,00,161,ref,0.0006975667783990502,0.0003233379975426942,0.00037422883906401694,0.7093505859375,0.2666015625,0.014422805979847908,0.42546990335967405,0.7935791015625,0.2906494140625,0.801098459453845,0.882568359375,0.7333984375,0.917623273804328,0.9273681640625,0.9080810546875
plant_0162,162,00,162,ref,0.0007201641565188766,0.0003836009418591857,0.00033656321465969086,0.7830810546875,0.2239990234375,0.014351154677569866,0.3264061833172206,0.6590576171875,0.2169189453125,0.8169891828042353,0.862548828125,0.7760009765625,0.9278484485990529,0.9169921875,0.93896484375
plant_0163,163,00,163,ref,0.0008669400122016668,0.00042508842307142913,0.00044185156002640724,0.7919921875,0.298828125,0.015369219705462456,0.32951280315741305,0.7923583984375,0.2080078125,0.7725007208343108,0.8599853515625,0.701171875,0.8994045195439739,0.90234375,0.896484375
plant_0165,165,00,165,ref,0.0006089386879466474,0.0002759372000582516,0.0003330014878883958,0.754638671875,0.2493896484375,0.014374573715031147,0.3715259747922961,0.7647705078125,0.245361328125,0.8074730626984538,0.8736572265625,0.7506103515625,0.9361570833061676,0.935791015625,0.9365234375
plant_0166,166,00,166,ref,0.0011364731471985579,0.0006036254344508052,0.0005328477127477527,0.81689453125,0.417724609375,0.017713865265250206,0.2831573532469005,0.624267578125,0.18310546875,0.6956635332916561,0.8638916015625,0.582275390625,0.8634712137387069,0.89794921875,0.83154296875
plant_0167,167,00,167,ref,0.000549902324564755,0.00029223778983578086,0.00025766456383280456,0.6942138671875,0.173095703125,0.013014227151870728,0.4457367465309726,0.8218994140625,0.3057861328125,0.8625875036968536,0.9014892578125,0.826904296875,0.9523197505306793,0.941162109375,0.9637451171875
plant_0169,169,00,169,ref,0.0006161336787045002,0.000264926056843251,0.0003512076218612492,0.774658203125,0.26708984375,0.014857643283903599,0.34999838086575696,0.7833251953125,0.225341796875,0.7995484405755545,0.8795166015625,0.73291015625,0.9249927543907941,0.9322509765625,0.9178466796875
plant_0170,170,00,170,ref,0.0008416746277362108,0.0003828795743174851,0.00045879511162638664,0.791015625,0.290771484375,0.015279563143849373,0.331128640776699,0.796875,0.208984375,0.7862180322808784,0.8819580078125,0.709228515625,0.9082634916935429,0.9189453125,0.8978271484375
plant_0171,171,00,171,ref,0.00153176614549011,0.0007678719703108072,0.0007638941751793027,0.7906494140625,0.5003662109375,0.02001355029642582,0.20351612249962542,0.197998046875,0.2093505859375,0.6320889986056872,0.860107421875,0.4996337890625,0.8127469910807243,0.9017333984375,0.73974609375
plant_0172,172,00,172,ref,0.0010118319187313318,0.0004920324427075684,0.0005197995342314243,0.838623046875,0.37353515625,0.01719902642071247,0.26721099241733925,0.7763671875,0.161376953125,0.7233163808325097,0.8555908203125,0.62646484375,0.8947972552072676,0.9007568359375,0.888916015625
plant_0174,174,00,174,ref,0.0017265431815758348,0.0005504603032022715,0.0011760828783735633,0.8411865234375,0.4912109375,0.0197179913520813,0.26537193718979196,0.8065185546875,0.1588134765625,0.6448834303602812,0.88037109375,0.5087890625,0.7997741515819843,0.9141845703125,0.7108154296875
plant_0175,175,00,175,ref,0.0012912254314869642,0.0005937920650467277,0.0006974332500249147,0.9180908203125,0.5653076171875,0.021487021818757057,0.10475220185720042,0.145263671875,0.0819091796875,0.5688139743249393,0.8226318359375,0.4346923828125,0.8387381688012109,0.8919677734375,0.79150390625
plant_0176,176,00,176,ref,0.0007651675259694457,0.00034151054569520056,0.0004236569511704147,0.8309326171875,0.32666015625,0.016501409932971,0.2787037186211136,0.7928466796875,0.1690673828125,0.7571332465277778,0.86474609375,0.67333984375,0.9088592601025788,0.91259765625,0.9051513671875
plant_0178,178,00,178,ref,0.001014381879940629,0.0006505876663140953,0.0003637941845227033,0.763671875,0.2364501953125,0.014192719012498856,0.10188538290113452,0.06494140625,0.236328125,0.7891509028978194,0.8165283203125,0.7635498046875,0.9090481754660014,0.9061279296875,0.9119873046875
plant_0179,179,00,179,ref,0.0010906329844146967,0.00040741870179772377,0.000683214224409312,0.8138427734375,0.34619140625,0.016562046483159065,0.27771606241929775,0.5465087890625,0.1861572265625,0.7381727077658753,0.8475341796875,0.65380859375,0.8923169606234619,0.9140625,0.87158203125
plant_0180,180,00,180,ref,0.0015352177433669567,0.0007592730107717216,0.000775944790802896,0.876953125,0.562744140625,0.022373095154762268,0.17990845117395945,0.33447265625,0.123046875,0.5685735434826399,0.8126220703125,0.437255859375,0.7663691536816752,0.86279296875,0.6893310546875
plant_0182,182,00,182,ref,0.0008689835667610168,0.0005140108405612409,0.00035497272619977593,0.7330322265625,0.2471923828125,0.013854045420885086,0.22362009616662237,0.1923828125,0.2669677734375,0.7797608605170712,0.8087158203125,0.7528076171875,0.914976464009972,0.907470703125,0.922607421875
plant_0183,183,00,183,ref,0.0012858222471550107,0.0008772076107561588,0.00040861466550268233,0.8463134765625,0.318359375,0.016463488340377808,0.07111989301930709,0.0462646484375,0.1536865234375,0.21663830678566048,0.1287841796875,0.681640625,0.906411478320878,0.8951416015625,0.91796875
plant_0184,184,00,184,ref,0.0008061990374699235,0.000378384196665138,0.0004278148408047855,0.7252197265625,0.244140625,0.014383865520358086,0.4065312034808937,0.781005859375,0.2747802734375,0.8143143020786768,0.882568359375,0.755859375,0.9223477558965971,0.9261474609375,0.9185791015625
plant_0185,185,00,185,ref,0.0010219630785286427,0.0005223840707913041,0.0004995790659449995,0.8040771484375,0.3455810546875,0.016194911673665047,0.2877556082035129,0.5416259765625,0.1959228515625,0.7259603418926005,0.8150634765625,0.6544189453125,0.8756086497597326,0.8743896484375,0.8768310546875
plant_0188,188,00,188,ref,0.00045438914094120264,0.00021144944184925407,0.0002429397136438638,0.5445556640625,0.1541748046875,0.010734445415437222,0.5833199359939759,0.81103515625,0.4554443359375,0.875223173473741,0.90673828125,0.8458251953125,0.9543771945645744,0.9490966796875,0.959716796875
plant_0189,189,00,189,ref,0.0006671191658824682,0.0003090167010668665,0.0003581024648156017,0.7042236328125,0.2230224609375,0.013668552972376347,0.4299047953436901,0.78662109375,0.2957763671875,0.8233505521783591,0.8756103515625,0.7769775390625,0.9260253745334744,0.9261474609375,0.9259033203125
plant_0191,191,00,191,ref,0.0011028465814888477,0.0003588887630030513,0.0007439577602781355,0.787841796875,0.3211669921875,0.015574109740555286,0.33352951543841564,0.7794189453125,0.212158203125,0.7697528624642287,0.8887939453125,0.6788330078125,0.8956230129827322,0.930908203125,0.8629150390625
plant_0192,192,00,192,ref,0.00183286692481488,0.0011618344578891993,0.0006710324669256806,0.9130859375,0.5205078125,0.02055477350950241,0.03507742432735426,0.02197265625,0.0869140625,0.5663954615033872,0.6917724609375,0.4794921875,0.8310741301145513,0.882080078125,0.78564453125
plant_0197,197,00,197,ref,0.002224887255579233,0.0014911409234628081,0.000733746390324086,0.9073486328125,0.5548095703125,0.02131805755198002,0.05836701651342509,0.0426025390625,0.0926513671875,0.22085116986146908,0.1468505859375,0.4451904296875,0.48510403774752475,0.358154296875,0.75146484375
plant_0201,201,00,201,ref,0.0008220413001254201,0.00045759056229144335,0.0003644507087301463,0.783935546875,0.2801513671875,0.014743564650416374,0.32166267804917675,0.629150390625,0.216064453125,0.7719902443595164,0.832275390625,0.7198486328125,0.9137878601355411,0.8966064453125,0.931640625
plant_0202,202,00,202,ref,0.0005882474360987544,0.0003125498187728226,0.00027569758822210133,0.6531982421875,0.1846923828125,0.012632030993700027,0.16966637446822652,0.1123046875,0.3468017578125,0.8554636934219306,0.8997802734375,0.8153076171875,0.9481160937550293,0.9461669921875,0.9500732421875
plant_0203,203,00,203,ref,0.0006383689469657838,0.0002921395644079894,0.000346229353453964,0.80126953125,0.2703857421875,0.015234715305268764,0.31795898317514437,0.7947998046875,0.19873046875,0.7983352188234069,0.88134765625,0.7296142578125,0.9296872435497636,0.92919921875,0.93017578125
plant_0204,204,00,204,ref,0.0009824729058891535,0.0006608851253986359,0.0003215877804905176,0.75439453125,0.2215576171875,0.014008997939527035,0.15967239129067426,0.1182861328125,0.24560546875,0.6058114683368857,0.495849609375,0.7784423828125,0.8806563030308904,0.8189697265625,0.952392578125
plant_0205,205,00,205,ref,0.0005478105740621686,0.00027341817622072995,0.00027439239784143865,0.6513671875,0.1888427734375,0.012583895586431026,0.48629087926422293,0.8035888671875,0.3486328125,0.8431110168390856,0.877685546875,0.8111572265625,0.9347562272515832,0.92431640625,0.9454345703125
plant_0206,206,00,206,ref,0.0004632759082596749,0.0002679761382751167,0.00019529976998455822,0.6517333984375,0.0928955078125,0.012014864012598991,0.4839292415848668,0.792724609375,0.3482666015625,0.8942917572927328,0.8818359375,0.9071044921875,0.9596552730651925,0.930908203125,0.990234375
plant_0208,208,00,208,ref,0.0006275097257457674,0.00025382760213688016,0.0003736821236088872,0.644775390625,0.1920166015625,0.012371094897389412,0.4947347752438961,0.814697265625,0.355224609375,0.8555456232282187,0.9090576171875,0.8079833984375,0.9393921532898584,0.947021484375,0.931884765625
plant_0209,209,00,209,ref,0.0007970154983922839,0.00035482700332067907,0.00044218849507160485,0.7166748046875,0.254638671875,0.014142889529466629,0.13600351549709397,0.0894775390625,0.2833251953125,0.8011504941998107,0.865966796875,0.745361328125,0.912019649359907,0.931396484375,0.8934326171875
plant_0210,210,00,210,ref,0.0006641529034823179,0.00027379256789572537,0.00039036033558659256,0.7099609375,0.1761474609375,0.013316195458173752,0.4259441924345784,0.801513671875,0.2900390625,0.8511175729483793,0.8802490234375,0.8238525390625,0.9325552535342627,0.931640625,0.9334716796875
plant_0211,211,00,211,ref,0.0006970829563215375,0.00031770215719006956,0.00037938079913146794,0.683349609375,0.221435546875,0.013205177150666714,0.2122904720335725,0.15966796875,0.316650390625,0.8333737565588106,0.896484375,0.778564453125,0.9321127293160315,0.940673828125,0.9237060546875
plant_0212,212,00,212,ref,0.0012035428080707788,0.0004207449092064053,0.000782797927968204,0.8140869140625,0.385986328125,0.017294134944677353,0.2999344288553701,0.775634765625,0.1859130859375,0.7188798380574102,0.866943359375,0.614013671875,0.87996237324358,0.9217529296875,0.841796875
plant_0213,213,00,213,ref,0.0005953856743872166,0.00027825694996863604,0.00031712878262624145,0.7359619140625,0.255615234375,0.01471334882080555,0.39726664831045294,0.8018798828125,0.2640380859375,0.812479557951244,0.894287109375,0.744384765625,0.9415855533824625,0.939697265625,0.9434814453125
plant_0214,214,00,214,ref,0.0010535044129937887,0.000587327522225678,0.0004661769198719412,0.872802734375,0.426025390625,0.01843712292611599,0.06202943577648767,0.041015625,0.127197265625,0.6694335071753102,0.802978515625,0.573974609375,0.8825591583072574,0.874755859375,0.8905029296875
plant_0216,216,00,216,ref,0.0009757914813235402,0.00044080239604227245,0.0005349890561774373,0.809326171875,0.3494873046875,0.01639627292752266,0.3059756406783816,0.7740478515625,0.190673828125,0.7416285609783464,0.8624267578125,0.6505126953125,0.8771048050838807,0.9088134765625,0.8475341796875
plant_0217,217,00,217,ref,0.0014860105002298951,0.0007414830615743995,0.0007445274386554956,0.8807373046875,0.4786376953125,0.0195156317204237,0.14530966796875,0.1859130859375,0.1192626953125,0.6358286014589996,0.814697265625,0.5213623046875,0.8215037984025255,0.8638916015625,0.7830810546875
plant_0218,218,00,218,ref,0.0006568226963281631,0.00026238488499075174,0.0003944378113374114,0.7281494140625,0.2657470703125,0.014769001863896847,0.4089857168498971,0.8253173828125,0.2718505859375,0.81010821893518,0.9034423828125,0.7342529296875,0.9277549288016311,0.9423828125,0.91357421875
plant_0219,219,00,219,ref,0.0012529916130006313,0.000654533680062741,0.0005984578747302294,0.7218017578125,0.364990234375,0.015405169688165188,0.41034400938183885,0.7816162109375,0.2781982421875,0.7299082165375654,0.858154296875,0.635009765625,0.861913648409894,0.90234375,0.824951171875
plant_0220,220,00,220,ref,0.00071353605017066,0.0003518843441270292,0.0003616517351474613,0.8299560546875,0.2803955078125,0.015976013615727425,0.27983831264704945,0.789794921875,0.1700439453125,0.7909216027832964,0.8779296875,0.7196044921875,0.9310517559562823,0.9189453125,0.9434814453125
plant_0222,222,00,222,ref,0.0006059738807380199,0.0002930788032244891,0.0003128950484097004,0.720703125,0.1842041015625,0.01340415794402361,0.36190823137888584,0.513916015625,0.279296875,0.8506759493840865,0.888671875,0.8157958984375,0.9437809533179885,0.9359130859375,0.9517822265625
plant_0223,223,00,223,ref,0.0013163068797439337,0.00048360953223891556,0.0008326973184011877,0.8441162109375,0.545654296875,0.021669315174221992,0.25832768587458055,0.7535400390625,0.1558837890625,0.5868271681397507,0.828369140625,0.454345703125,0.7774876726390557,0.8768310546875,0.6983642578125
plant_0225,225,00,225,ref,0.0011625797487795353,0.0004008577379863709,0.0007617219816893339,0.810546875,0.4267578125,0.018261730670928955,0.30648475985221674,0.8017578125,0.189453125,0.6953833590804357,0.8836669921875,0.5732421875,0.8627994681623706,0.92431640625,0.8089599609375
plant_0230,230,00,230,ref,0.0012257557827979326,0.0005603883182629943,0.0006653674645349383,0.7711181640625,0.4010009765625,0.01681157387793064,0.351760598543442,0.759521484375,0.2288818359375,0.6989254247495543,0.8388671875,0.5989990234375,0.8536624265765544,0.8885498046875,0.8214111328125
plant_0232,232,00,232,ref,0.001360531197860837,0.0005402318201959133,0.0008202993194572628,0.89599609375,0.552978515625,0.02137281559407711,0.15461141109897558,0.3011474609375,0.10400390625,0.5878340881324823,0.858154296875,0.447021484375,0.7945452591318786,0.8919677734375,0.71630859375
plant_0233,233,00,233,ref,0.0015938954893499613,0.0008397288620471954,0.000754166510887444,0.914794921875,0.5408935546875,0.02120083011686802,0.15460123957502658,0.833251953125,0.085205078125,0.5984833580224054,0.859375,0.4591064453125,0.8105184886778918,0.8848876953125,0.7476806640625
plant_0236,236,00,236,ref,0.000847512565087527,0.0004870300181210041,0.0003604825178626925,0.83203125,0.2630615234375,0.015587632544338703,0.0844413084874864,0.056396484375,0.16796875,0.791268961869486,0.854248046875,0.7369384765625,0.9343911612419997,0.921630859375,0.947509765625
plant_0237,237,00,237,ref,0.0013864999637007713,0.0007240779814310372,0.0006624218076467514,0.884521484375,0.4864501953125,0.019644059240818024,0.1822640623258859,0.4322509765625,0.115478515625,0.5702368417031217,0.6409912109375,0.5135498046875,0.8179022466840161,0.8228759765625,0.81298828125
plant_0238,238,00,238,ref,0.0004447479732334614,0.00018645227828528732,0.0002582956512924284,0.71875,0.1834716796875,0.013662458397448063,0.41676740132688633,0.8043212890625,0.28125,0.85778936815228,0.9034423828125,0.8165283203125,0.9603803685184596,0.9493408203125,0.9716796875
plant_0239,239,00,239,ref,0.0008369095157831907,0.0004850116674788296,0.0003518978483043611,0.808837890625,0.240234375,0.015070918016135693,0.07544583506855458,0.0469970703125,0.191162109375,0.8121593352655199,0.872314453125,0.759765625,0.9364528510558561,0.9334716796875,0.939453125
plant_0240,240,00,240,ref,0.0005616848357021809,0.0002570824872236699,0.00030460229027085006,0.71044921875,0.1634521484375,0.012958966195583344,0.42693263525396036,0.8123779296875,0.28955078125,0.8681445058829594,0.9022216796875,0.8365478515625,0.9386542347722544,0.94091796875,0.9364013671875
plant_0241,241,00,241,ref,0.0012895907275378704,0.0005449282471090555,0.000744662422221154,0.817626953125,0.5103759765625,0.020360160619020462,0.29685888008829575,0.7974853515625,0.182373046875,0.6277073759705316,0.874267578125,0.4896240234375,0.8064958193198805,0.90771484375,0.7255859375
plant_0242,242,00,242,ref,0.001022501615807414,0.0005029829917475581,0.000519518565852195,0.818603515625,0.3017578125,0.016208482906222343,0.21637516550108638,0.26806640625,0.181396484375,0.7655791838618593,0.8472900390625,0.6982421875,0.9065115804151518,0.9002685546875,0.912841796875
plant_0243,243,00,243,ref,0.0008377904305234551,0.0004272362566553056,0.00041055423207581043,0.786376953125,0.3389892578125,0.01593671552836895,0.11636016274688149,0.0799560546875,0.213623046875,0.7472064580468625,0.8592529296875,0.6610107421875,0.9145131810523155,0.9267578125,0.902587890625
plant_0245,245,00,245,ref,0.001583874225616455,0.0005787179688923061,0.001005156198516488,0.877685546875,0.5770263671875,0.022641826421022415,0.21232976748830545,0.8040771484375,0.122314453125,0.5683182378365339,0.8658447265625,0.4229736328125,0.7654566113837717,0.8953857421875,0.66845703125
plant_0251,251,00,251,ref,0.0008096083765849471,0.0002996112161781639,0.0005099971313029528,0.8016357421875,0.4395751953125,0.018513575196266174,0.32001696899355964,0.8275146484375,0.1983642578125,0.6888633302748803,0.8936767578125,0.5604248046875,0.8950496540072178,0.9306640625,0.862060546875
plant_0252,252,00,252,ref,0.0005966335302218795,0.0002895902725867927,0.00030704328673891723,0.7176513671875,0.17041015625,0.01303174439817667,0.41219933504816114,0.76318359375,0.2823486328125,0.8550301256507631,0.882080078125,0.82958984375,0.9388210448901313,0.934326171875,0.943359375
plant_0253,253,00,253,ref,0.0008777969051152468,0.00043576385360211134,0.0004420330806169659,0.8388671875,0.3658447265625,0.017026565968990326,0.2669482485370611,0.777587890625,0.1611328125,0.7241802891315344,0.843994140625,0.6341552734375,0.89384535571014,0.8902587890625,0.8974609375
plant_0254,254,00,254,ref,0.002218264387920499,0.001545342500321567,0.0006729218875989318,0.8736572265625,0.462890625,0.019001943990588188,0.11031780544025585,0.097900390625,0.1263427734375,0.3381087204095935,0.2467041015625,0.537109375,0.7738315832897902,0.768798828125,0.7789306640625
plant_0255,255,00,255,ref,0.0010209317551925778,0.0004460706259123981,0.0005748611292801797,0.77392578125,0.3502197265625,0.016442542895674706,0.3466850991813602,0.7431640625,0.22607421875,0.7318493617280468,0.837646484375,0.6497802734375,0.8799450580330831,0.8966064453125,0.8638916015625
plant_0259,259,00,259,ref,0.0007152013131417334,0.000343761348631233,0.00037143996451050043,0.7333984375,0.234375,0.013918326236307621,0.3983587960282538,0.78759765625,0.2666015625,0.8211050724637681,0.88525390625,0.765625,0.9208191500488799,0.929443359375,0.912353515625
plant_0263,263,00,263,ref,0.0019532081205397844,0.0008330385899171233,0.0011201695306226611,0.9139404296875,0.6051025390625,0.02267872542142868,0.15043895585804895,0.59716796875,0.0860595703125,0.5365250396123489,0.8365478515625,0.3948974609375,0.7709827606652453,0.8643798828125,0.69580078125
plant_0266,266,00,266,ref,0.00232818559743464,0.0009220411884598434,0.0014061443507671356,0.8602294921875,0.584716796875,0.022807393223047256,0.20847652564040298,0.4100341796875,0.1397705078125,0.502086179086259,0.634765625,0.415283203125,0.70826682750241,0.7657470703125,0.6588134765625
plant_0267,267,00,267,ref,0.000656080199405551,0.0003180549247190356,0.0003380252455826849,0.7308349609375,0.2364501953125,0.014163385145366192,0.402157332654583,0.794921875,0.2691650390625,0.8204856090317078,0.8865966796875,0.7635498046875,0.9324744072614626,0.9281005859375,0.9368896484375
plant_0269,269,00,269,ref,0.0010090210707858205,0.00039048001053743064,0.0006185411475598812,0.8111572265625,0.4476318359375,0.01845417730510235,0.3023238106418483,0.757568359375,0.1888427734375,0.6672313495878369,0.8424072265625,0.5523681640625,0.8505104946033507,0.8934326171875,0.8115234375
plant_0270,270,00,270,ref,0.0007625351427122951,0.00032439155620522797,0.00043814361561089754,0.692626953125,0.2049560546875,0.012786856852471828,0.4405864780814019,0.777587890625,0.307373046875,0.8260714810609554,0.859619140625,0.7950439453125,0.9028161700317316,0.9066162109375,0.8990478515625
plant_0272,272,00,272,ref,0.0006752671906724572,0.00036943572922609746,0.00030583140323869884,0.708251953125,0.2098388671875,0.013580267317593098,0.4269803065375982,0.7958984375,0.291748046875,0.8329396379205634,0.880615234375,0.7901611328125,0.9371382724993488,0.9267578125,0.94775390625
plant_0273,273,00,273,ref,0.000724364654161036,0.0002769705024547875,0.0004473941517062485,0.7496337890625,0.2427978515625,0.0143152279779315,0.3801214768056371,0.7890625,0.2503662109375,0.8160287223068917,0.884765625,0.7572021484375,0.9257689536431208,0.93408203125,0.9176025390625
plant_0274,274,00,274,ref,0.0010504978708922863,0.00045637405128218234,0.0005941237905062735,0.6912841796875,0.2235107421875,0.013587838038802147,0.4158457099329493,0.6368408203125,0.3087158203125,0.8199348574259332,0.8685302734375,0.7764892578125,0.9096064380389015,0.908935546875,0.9102783203125
plant_0277,277,00,277,ref,0.000688191968947649,0.0003378961991984397,0.00035029579885303974,0.8046875,0.285888671875,0.015612969174981117,0.10820294848621781,0.0748291015625,0.1953125,0.7879358496699939,0.8787841796875,0.714111328125,0.9367639990501613,0.9385986328125,0.9349365234375
plant_0279,279,00,279,ref,0.0007491100113838911,0.0003753719211090356,0.00037373806117102504,0.73681640625,0.313720703125,0.015620549209415913,0.35713848838726514,0.555419921875,0.26318359375,0.7733565115895326,0.8857421875,0.686279296875,0.9255947597263435,0.9273681640625,0.923828125
plant_0280,280,00,280,ref,0.0007592636393383145,0.0003073004772886634,0.0004519631329458207,0.833251953125,0.287109375,0.016107404604554176,0.2771224191970363,0.8197021484375,0.166748046875,0.7894857815604462,0.884521484375,0.712890625,0.9350086182278068,0.92822265625,0.94189453125
plant_0283,283,00,283,ref,0.0005121853318996727,0.0002544713206589222,0.00025771401124075055,0.736328125,0.1864013671875,0.013743260875344276,0.39567544575771585,0.7923583984375,0.263671875,0.8454435155067397,0.8798828125,0.8135986328125,0.9500416959269663,0.9271240234375,0.97412109375
plant_0285,285,00,285,ref,0.0007379257585853338,0.0003130397235509008,0.000424886035034433,0.7576904296875,0.23486328125,0.014441077597439289,0.36998985152340025,0.7821044921875,0.2423095703125,0.820824184079142,0.88525390625,0.76513671875,0.9245524405488811,0.9326171875,0.9166259765625
plant_0287,287,00,287,ref,0.0010118642821907997,0.0005940170958638191,0.00041784721543081105,0.839599609375,0.3223876953125,0.01657445915043354,0.26633221598801526,0.7843017578125,0.160400390625,0.7520453432877144,0.8448486328125,0.6776123046875,0.9002021167988342,0.8837890625,0.917236328125
plant_0293,293,00,293,ref,0.0007094667525961995,0.00033603078918531537,0.0003734359925147146,0.737060546875,0.2630615234375,0.01464903261512518,0.37626284971024304,0.6612548828125,0.262939453125,0.8033068147561987,0.8828125,0.7369384765625,0.9217912327538403,0.9263916015625,0.917236328125
plant_0294,294,00,294,ref,0.00046448688954114914,0.00023083527048584074,0.00023365160450339317,0.689453125,0.1376953125,0.012624194845557213,0.45179529291224685,0.8287353515625,0.310546875,0.8838474271048999,0.906494140625,0.8623046875,0.9607028961181641,0.9459228515625,0.9759521484375
plant_0297,297,00,297,ref,0.0017481532413512468,0.0008808315033093095,0.0008673216798342764,0.807861328125,0.38916015625,0.01703023724257946,0.15047272872777348,0.1236572265625,0.192138671875,0.4164524540634879,0.31591796875,0.61083984375,0.8489724101627039,0.8740234375,0.8253173828125
plant_0301,301,00,301,ref,0.0004640159895643592,0.00021758500952273607,0.0002464309800416231,0.5413818359375,0.1607666015625,0.010761246085166931,0.5901928731790358,0.82763671875,0.4586181640625,0.8695316949811602,0.902099609375,0.8392333984375,0.949779903194681,0.9429931640625,0.9566650390625
plant_0302,302,00,302,ref,0.00090591493062675,0.00042437633965164423,0.00048153853276744485,0.860595703125,0.387451171875,0.017489777877926826,0.2349337950642483,0.7464599609375,0.139404296875,0.7046930139861804,0.8294677734375,0.612548828125,0.885918224412246,0.888427734375,0.8834228515625
plant_0306,306,00,306,ref,0.0011008677538484335,0.0004831284168176353,0.0006177392788231373,0.8358154296875,0.439697265625,0.0181463323533535,0.27282185171283485,0.806396484375,0.1641845703125,0.6890971548605285,0.894775390625,0.560302734375,0.8439754252196128,0.92919921875,0.7730712890625
plant_0307,307,00,307,ref,0.0006325527792796493,0.00032958685187622905,0.0003029659274034202,0.7813720703125,0.2265625,0.014829425141215324,0.3445783156897189,0.8128662109375,0.2186279296875,0.826001213592233,0.88623046875,0.7734375,0.9393132489665227,0.9307861328125,0.947998046875
plant_0308,308,00,308,ref,0.0008323639631271362,0.0004222721036057919,0.00041009183041751385,0.8134765625,0.3131103515625,0.015829114243388176,0.3019903273809524,0.792724609375,0.1865234375,0.7656723032063699,0.8648681640625,0.6868896484375,0.91075637586282,0.90771484375,0.913818359375
plant_0309,309,00,309,ref,0.0013748144265264273,0.0005602877354249358,0.0008145266911014915,0.818115234375,0.557861328125,0.021770982071757317,0.29267606304925237,0.748779296875,0.181884765625,0.5819503153317915,0.85107421875,0.442138671875,0.7956089540946806,0.8946533203125,0.71630859375
plant_0310,310,00,310,ref,0.0020185986068099737,0.0012631046120077372,0.0007554939948022366,0.91943359375,0.578857421875,0.022042687982320786,0.13327123108789626,0.3853759765625,0.08056640625,0.5470617701824901,0.7803955078125,0.421142578125,0.782556184622414,0.82666015625,0.742919921875
plant_0312,312,00,312,ref,0.0007484714733436704,0.00034264501300640404,0.00040582643123343587,0.7664794921875,0.222900390625,0.013789106160402298,0.3148868155414467,0.4832763671875,0.2335205078125,0.8189660890359107,0.8656005859375,0.777099609375,0.9179712168865918,0.9310302734375,0.9052734375
plant_0314,314,00,314,ref,0.0008208035724237561,0.0004030042327940464,0.0004177992814220488,0.7977294921875,0.24951171875,0.014709120616316795,0.32137420881474876,0.7816162109375,0.2022705078125,0.8009307495543165,0.858642578125,0.75048828125,0.9059305101731456,0.9095458984375,0.90234375
plant_0315,315,00,315,ref,0.0007853657589294016,0.0003684036200866103,0.0004169621679466218,0.5804443359375,0.2554931640625,0.012108813971281052,0.5556411458205351,0.8223876953125,0.4195556640625,0.8135082877061793,0.8966064453125,0.7445068359375,0.9091821777278217,0.927734375,0.891357421875
plant_0316,316,00,316,ref,0.0008247258374467492,0.0003542161430232227,0.0004705096944235265,0.807373046875,0.302978515625,0.015577488578855991,0.31031176324426774,0.797607421875,0.192626953125,0.7758396950964973,0.874755859375,0.697021484375,0.9126775835318456,0.9224853515625,0.903076171875
plant_0317,317,00,317,ref,0.00049352872883901,0.00020765075169038028,0.00028587799170054495,0.653076171875,0.1966552734375,0.012544587254524231,0.488525390625,0.825439453125,0.346923828125,0.8483974787262891,0.8988037109375,0.8033447265625,0.9399410099178166,0.9405517578125,0.9393310546875
plant_0318,318,00,318,ref,0.0009837234392762184,0.0004838072054553777,0.0004999162629246712,0.80419921875,0.37060546875,0.016535919159650803,0.31135000938258595,0.7596435546875,0.19580078125,0.7250020400269348,0.8548583984375,0.62939453125,0.8834849403569949,0.9033203125,0.864501953125
plant_0321,321,00,321,ref,0.000887878704816103,0.0004867875832132995,0.00040109112160280347,0.7633056640625,0.36865234375,0.0166843980550766,0.36022128995345826,0.75341796875,0.2366943359375,0.727044052965059,0.85693359375,0.63134765625,0.9023268398268398,0.90625,0.8984375
plant_0322,322,00,322,ref,0.0007341020973399282,0.0002522860304452479,0.00048181606689468026,0.7724609375,0.3323974609375,0.016239775344729424,0.3574978161307949,0.8336181640625,0.2275390625,0.7676884408151667,0.903076171875,0.6676025390625,0.9170005999821227,0.9398193359375,0.895263671875
plant_0326,326,00,326,ref,0.0007843952625989914,0.0003640148206613958,0.00042038047104142606,0.83203125,0.3096923828125,0.0158887580037117,0.27447625814386384,0.7501220703125,0.16796875,0.76552194276619,0.859130859375,0.6903076171875,0.9113768877243504,0.91162109375,0.9111328125
plant_0327,327,00,327,ref,0.003323395736515522,0.0027000792324543,0.0006233163876459002,0.8802490234375,0.365966796875,0.01746082305908203,0.03537387665616855,0.020751953125,0.1197509765625,0.09612033613211744,0.052001953125,0.634033203125,0.19296626929546026,0.108642578125,0.862060546875
plant_0328,328,00,328,ref,0.0007395846769213676,0.0003334161883685738,0.0004061684594489634,0.819091796875,0.26123046875,0.015571353957057,0.29469762867301913,0.7943115234375,0.180908203125,0.8004688416890664,0.8734130859375,0.73876953125,0.9221620417673241,0.9180908203125,0.92626953125
plant_0330,330,00,330,ref,0.002898236270993948,0.0014004884287714958,0.0014977477258071303,0.892822265625,0.4759521484375,0.019308747723698616,0.06812073560120435,0.0499267578125,0.107177734375,0.24576423851807686,0.1605224609375,0.5240478515625,0.7887665492653828,0.868896484375,0.72216796875
plant_0331,331,00,331,ref,0.002211126731708646,0.0013348569627851248,0.0008762696525081992,0.8956298828125,0.4759521484375,0.019404808059334755,0.046492143110795456,0.0299072265625,0.1043701171875,0.18147882070673632,0.1097412109375,0.5240478515625,0.8312234198993725,0.8521728515625,0.811279296875
plant_0332,332,00,332,ref,0.0008219439769163728,0.0004704994207713753,0.0003514445561449975,0.784912109375,0.195556640625,0.014423081651329994,0.3165712059258843,0.599365234375,0.215087890625,0.8316866398347017,0.86083984375,0.804443359375,0.9281386391410614,0.9068603515625,0.950439453125
plant_0333,333,00,333,ref,0.0011359117925167084,0.0005685145733878016,0.0005673972773365676,0.883056640625,0.3775634765625,0.017667977139353752,0.0631066299066311,0.043212890625,0.116943359375,0.7183627892426488,0.8492431640625,0.6224365234375,0.8990296553633247,0.910400390625,0.887939453125
plant_0335,335,00,335,ref,0.0013625540304929018,0.0007410151301883161,0.0006215389585122466,0.8905029296875,0.4931640625,0.01986398547887802,0.18064986107383368,0.515869140625,0.1094970703125,0.6326156844160253,0.8414306640625,0.5068359375,0.8609146473723351,0.888671875,0.8348388671875
plant_0337,337,00,337,ref,0.0012928713113069534,0.0006347332964651287,0.0006581380148418248,0.7860107421875,0.3638916015625,0.016457708552479744,0.33070814898547907,0.7275390625,0.2139892578125,0.7282783550867143,0.8516845703125,0.6361083984375,0.8533455165882384,0.8848876953125,0.823974609375
plant_0338,338,00,338,ref,0.000848302966915071,0.0003506043285597116,0.0004976986674591899,0.8150634765625,0.35595703125,0.016566898673772812,0.29799546016186185,0.7667236328125,0.1849365234375,0.7366910972363083,0.8604736328125,0.64404296875,0.8977554189631599,0.9219970703125,0.874755859375
plant_0339,339,00,339,ref,0.0010605650022625923,0.0004404697974678129,0.000620095175690949,0.8192138671875,0.4022216796875,0.017106108367443085,0.29033526610516164,0.73681640625,0.1807861328125,0.7033632090032577,0.854248046875,0.5977783203125,0.8534313845619163,0.904296875,0.8079833984375
plant_0341,341,00,341,ref,0.0008232107502408326,0.0004254844971001148,0.00039772625314071774,0.8126220703125,0.2720947265625,0.015238734893500805,0.2957379686963427,0.7012939453125,0.1873779296875,0.7859287434167374,0.85400390625,0.7279052734375,0.9094524185142776,0.904052734375,0.9149169921875
plant_0342,342,00,342,ref,0.0007319481810554862,0.0003917889262083918,0.00034015922574326396,0.8172607421875,0.2757568359375,0.015808530151844025,0.2956926306899713,0.7742919921875,0.1827392578125,0.7832746720552094,0.852783203125,0.7242431640625,0.9237299981019343,0.8978271484375,0.951171875
plant_0343,343,00,343,ref,0.0010387060465291142,0.0005001523531973362,0.000538553751539439,0.7806396484375,0.468994140625,0.01890498399734497,0.10995460491164512,0.0733642578125,0.2193603515625,0.6494602830862654,0.8359375,0.531005859375,0.8402157030287382,0.8819580078125,0.80224609375
plant_0344,344,00,344,ref,0.0007366645149886608,0.0002834156039170921,0.00045324888196773827,0.7723388671875,0.360595703125,0.016083523631095886,0.3485479634257513,0.7431640625,0.2276611328125,0.7315984463713137,0.8548583984375,0.639404296875,0.8876909872729691,0.9210205078125,0.856689453125
plant_0346,346,00,346,ref,0.0008553365478292108,0.0003990238765254617,0.00045631272951141,0.8328857421875,0.351318359375,0.01669950969517231,0.2732288038678176,0.74853515625,0.1671142578125,0.74030215677016,0.862060546875,0.648681640625,0.8992857627578719,0.91015625,0.888671875
plant_0347,347,00,347,ref,0.0008127030450850725,0.0004083522071596235,0.00040435086702927947,0.83935546875,0.316650390625,0.016452113166451454,0.26501109015206975,0.7564697265625,0.16064453125,0.759156756543814,0.8538818359375,0.683349609375,0.9031357179664797,0.9019775390625,0.904296875
plant_0348,348,00,348,ref,0.0008130872738547623,0.0004236096574459225,0.0003894776164088398,0.7481689453125,0.2998046875,0.014782538637518883,0.3200186078478482,0.4388427734375,0.2518310546875,0.7646957353988604,0.84228515625,0.7001953125,0.9005005586030159,0.90869140625,0.8924560546875
plant_0349,349,00,349,ref,0.0012540592579171062,0.0005223702755756676,0.0007316889823414385,0.8861083984375,0.61962890625,0.023583823814988136,0.1902152822277709,0.57666015625,0.1138916015625,0.5213972100918821,0.82861328125,0.38037109375,0.7873369500761903,0.8795166015625,0.712646484375
plant_0351,351,00,351,ref,0.0011886912398040295,0.0007555694319307804,0.00043312174966558814,0.8809814453125,0.417724609375,0.01842966116964817,0.08015535315688775,0.0604248046875,0.1190185546875,0.6776626029203918,0.8104248046875,0.582275390625,0.8916015959004548,0.8677978515625,0.916748046875
plant_0352,352,00,352,ref,0.0011287597008049488,0.0006126107764430344,0.0005161489243619144,0.851806640625,0.396240234375,0.017573682591319084,0.2517669919937376,0.836181640625,0.148193359375,0.7137702255652695,0.872802734375,0.603759765625,0.8669021457322647,0.900390625,0.8358154296875
plant_0353,353,00,353,ref,0.001257432857528329,0.0006935457931831479,0.0005638871225528419,0.873291015625,0.387451171875,0.017557546496391296,0.21866924331241744,0.79736328125,0.126708984375,0.7145894317804351,0.857421875,0.612548828125,0.8881025882563913,0.892333984375,0.8839111328125
plant_0355,355,00,355,ref,0.0017477665096521378,0.0011121868155896664,0.0006355797522701323,0.9102783203125,0.49853515625,0.019965000450611115,0.045679800408848885,0.0306396484375,0.0897216796875,0.17378194021684443,0.1051025390625,0.50146484375,0.7741999349315404,0.7178955078125,0.840087890625
plant_0357,357,00,357,ref,0.0008885482093319297,0.0004577596264425665,0.0004307885537855327,0.83642578125,0.3616943359375,0.01701739989221096,0.27139631919273816,0.7962646484375,0.16357421875,0.7344247918379935,0.8646240234375,0.6383056640625,0.9081972019646758,0.9058837890625,0.9105224609375
plant_0360,360,00,360,ref,0.0004815819556824863,0.00018726137932389975,0.000294320605462417,0.646728515625,0.189208984375,0.012460482306778431,0.4967404496075313,0.83642578125,0.353271484375,0.8600358351415011,0.9156494140625,0.810791015625,0.9411354945636754,0.9461669921875,0.9361572265625
plant_0361,361,00,361,ref,0.0006521027535200119,0.0003881230659317225,0.0002639796584844589,0.7432861328125,0.168212890625,0.013455858454108238,0.11367263426740096,0.072998046875,0.2567138671875,0.8522662652313555,0.873779296875,0.831787109375,0.9506079335062424,0.9351806640625,0.966552734375
plant_0362,362,00,362,ref,0.0011681264732033014,0.0005228167283348739,0.0006453096284531057,0.791015625,0.4007568359375,0.017319513484835625,0.33230342017837905,0.8106689453125,0.208984375,0.7080829452154705,0.865234375,0.5992431640625,0.8478239489186572,0.9019775390625,0.7998046875
plant_0364,364,00,364,ref,0.0014726647641509771,0.000724290031939745,0.0007483746740035713,0.8280029296875,0.4737548828125,0.01925872080028057,0.28193425021006724,0.7813720703125,0.1719970703125,0.647845143820231,0.842529296875,0.5262451171875,0.8155873313421856,0.874755859375,0.763916015625
plant_0366,366,00,366,ref,0.001708849216811359,0.0008855854393914342,0.0008232637774199247,0.9044189453125,0.4642333984375,0.019175583496689796,0.07170486145750199,0.057373046875,0.0955810546875,0.6688136254134377,0.8897705078125,0.5357666015625,0.8707216692294568,0.905517578125,0.8385009765625
plant_0367,367,00,367,ref,0.000750403618440032,0.0003700358502101153,0.0003803677682299167,0.732666015625,0.218505859375,0.013699316419661045,0.40286665722788156,0.817138671875,0.267333984375,0.8286384370871862,0.8818359375,0.781494140625,0.9250323330075547,0.921142578125,0.928955078125
plant_0368,368,00,368,ref,0.0014471266185864806,0.00046170924906618893,0.0009854173986241221,0.7452392578125,0.3885498046875,0.01632348634302616,0.38665940027440787,0.8017578125,0.2547607421875,0.7239586249949092,0.88720703125,0.6114501953125,0.832808843033788,0.9190673828125,0.7613525390625
plant_0370,370,00,370,ref,0.0007356859277933836,0.0002748378028627485,0.0004608481249306351,0.8447265625,0.3834228515625,0.017560968175530434,0.2599945810404402,0.798583984375,0.1552734375,0.7270881323059697,0.8858642578125,0.6165771484375,0.9105680195702418,0.9324951171875,0.8896484375
plant_0371,371,00,371,ref,0.0010646905284374952,0.00047553126933053136,0.0005891593173146248,0.74560546875,0.401611328125,0.016764292493462563,0.38449924814646586,0.7869873046875,0.25439453125,0.706340749613359,0.86181640625,0.598388671875,0.8503528521018134,0.902587890625,0.8038330078125
plant_0372,372,00,372,ref,0.0026519866660237312,0.0015452769584953785,0.001106709591113031,0.9197998046875,0.5823974609375,0.022309349849820137,0.04459483387706044,0.0308837890625,0.0802001953125,0.15458655209698072,0.0948486328125,0.4176025390625,0.2745712038608815,0.1702880859375,0.7083740234375
plant_0373,373,00,373,ref,0.0012565372744575143,0.0007139630615711212,0.0005425742128863931,0.775146484375,0.4019775390625,0.017126217484474182,0.3467411702726849,0.7572021484375,0.224853515625,0.6970307784355838,0.8353271484375,0.5980224609375,0.8462142098212678,0.8809814453125,0.8140869140625
plant_0374,374,00,374,ref,0.002350566443055868,0.0012746192514896393,0.0010759473079815507,0.9248046875,0.666259765625,0.024564610794186592,0.12833333333333333,0.4375,0.0751953125,0.47276305501093685,0.810302734375,0.333740234375,0.7443393023724046,0.8472900390625,0.6636962890625
plant_0375,375,00,375,ref,0.0026969234459102154,0.0014855089830234647,0.0012114144628867507,0.941650390625,0.6905517578125,0.025276755914092064,0.06441971869142456,0.0718994140625,0.058349609375,0.4331835833462802,0.7218017578125,0.3094482421875,0.7381546453932993,0.8642578125,0.6441650390625
plant_0376,376,00,376,ref,0.0017915954813361168,0.0012490329099819064,0.0005425627459771931,0.87939453125,0.3994140625,0.01790674403309822,0.15990203055697713,0.2371826171875,0.12060546875,0.7002593792380064,0.839599609375,0.6005859375,0.86285037296854,0.8646240234375,0.861083984375
plant_0377,377,00,377,ref,0.0006811439525336027,0.0003777111123781651,0.0003034327819477767,0.7510986328125,0.2518310546875,0.01467589009553194,0.3784167339761968,0.7889404296875,0.2489013671875,0.8063698698876673,0.8743896484375,0.7481689453125,0.9352346910066545,0.91845703125,0.95263671875
plant_0378,378,00,378,ref,0.0009331521578133106,0.0003630557330325246,0.000570096424780786,0.6544189453125,0.2449951171875,0.013376125134527683,0.4831374515352567,0.8026123046875,0.3455810546875,0.8159910095582225,0.8876953125,0.7550048828125,0.9135385238643384,0.9298095703125,0.8978271484375
plant_0379,379,00,379,ref,0.001072729006409645,0.0004754308902192861,0.0005972980870865285,0.8809814453125,0.4820556640625,0.01964913308620453,0.20042794041686923,0.63427734375,0.1190185546875,0.6451627731492799,0.855224609375,0.5179443359375,0.8751638269540781,0.8939208984375,0.857177734375
plant_0383,383,00,383,ref,0.0008017318323254585,0.000403736368753016,0.00039799546357244253,0.8106689453125,0.2784423828125,0.015564652159810066,0.30426320746967633,0.7742919921875,0.1893310546875,0.7805197589679296,0.8499755859375,0.7215576171875,0.9008454113471799,0.8953857421875,0.9063720703125
plant_0384,384,00,384,ref,0.0017146854661405087,0.0008746054372750223,0.0008400800870731473,0.8946533203125,0.5501708984375,0.021311568096280098,0.18563432283412004,0.7803955078125,0.1053466796875,0.5854173994742299,0.8380126953125,0.4498291015625,0.8166285995008196,0.865234375,0.773193359375
plant_0385,385,00,385,ref,0.0009223500965163112,0.000342982035363093,0.0005793680320493877,0.7850341796875,0.3330078125,0.015682516619563103,0.33726216459799574,0.7823486328125,0.2149658203125,0.7556386934162501,0.8714599609375,0.6669921875,0.887965445856286,0.9217529296875,0.8565673828125
plant_0386,386,00,386,ref,0.0006162408972159028,0.0002948148758150637,0.0003214260214008391,0.5714111328125,0.242431640625,0.01217250432819128,0.5623838245512538,0.817626953125,0.4285888671875,0.824810129177832,0.9051513671875,0.757568359375,0.9262912140515879,0.93603515625,0.916748046875
plant_0387,387,00,387,ref,0.0011099912226200104,0.0005294728907756507,0.0005805182736366987,0.8929443359375,0.4617919921875,0.01914096809923649,0.16564059122112157,0.3658447265625,0.1070556640625,0.6682001019065564,0.8809814453125,0.5382080078125,0.8809728611875346,0.909423828125,0.854248046875
plant_0389,389,00,389,ref,0.0012899184366688132,0.0006804144941270351,0.000609504000749439,0.8187255859375,0.408935546875,0.01744857244193554,0.16541041371063714,0.152099609375,0.1812744140625,0.6842280569056628,0.812255859375,0.591064453125,0.866847645250352,0.878662109375,0.8553466796875
plant_0390,390,00,390,ref,0.0008823113748803735,0.00042148493230342865,0.0004608263843692839,0.72216796875,0.24658203125,0.014062744565308094,0.15057392596893018,0.103271484375,0.27783203125,0.8131541737758261,0.8831787109375,0.75341796875,0.9230095235020661,0.934814453125,0.9114990234375
plant_0392,392,00,392,ref,0.000990048167295754,0.0004970458685420454,0.0004930022405460477,0.71337890625,0.33251953125,0.01576816290616989,0.41327396118077014,0.740478515625,0.28662109375,0.7555842880635368,0.8704833984375,0.66748046875,0.8909505877028554,0.910400390625,0.872314453125
plant_0393,393,00,393,ref,0.0010598698863759637,0.00042433227645233274,0.0006355377263389528,0.8155517578125,0.344482421875,0.01613311655819416,0.2190167887873084,0.26953125,0.1844482421875,0.748399594109626,0.8719482421875,0.655517578125,0.8872178275531313,0.927001953125,0.8507080078125
plant_0395,395,00,395,ref,0.0008233366534113884,0.00040694201015867293,0.0004163946723565459,0.8084716796875,0.3018798828125,0.015553326345980167,0.0965857783082102,0.0645751953125,0.1915283203125,0.770007162428437,0.8583984375,0.6981201171875,0.9150318809354573,0.9124755859375,0.9176025390625
plant_0396,396,00,396,ref,0.0014847879065200686,0.0007761805318295956,0.0007086073746904731,0.902099609375,0.53759765625,0.020917480811476707,0.05212994267497713,0.0355224609375,0.097900390625,0.5671203750382887,0.733154296875,0.46240234375,0.8137603304279384,0.8758544921875,0.7598876953125
plant_0397,397,00,397,ref,0.00048642558977007866,0.0002004929556278512,0.00028593261959031224,0.568115234375,0.121337890625,0.010966302827000618,0.5675290696793815,0.827392578125,0.431884765625,0.8951321577751176,0.9122314453125,0.878662109375,0.9522085923979232,0.953125,0.9512939453125
plant_0398,398,00,398,ref,0.0006169386324472725,0.00028580595972016454,0.00033113264362327754,0.6435546875,0.2247314453125,0.012724518775939941,0.4923311182189023,0.795654296875,0.3564453125,0.8306934557462994,0.8946533203125,0.7752685546875,0.9288445732126724,0.9390869140625,0.9188232421875
plant_0399,399,00,399,ref,0.0008252598345279694,0.00036843231646344066,0.00045682748896069825,0.714111328125,0.3446044921875,0.01583498902618885,0.42361375235118387,0.8173828125,0.285888671875,0.7505588103320032,0.8780517578125,0.6553955078125,0.8985427947616784,0.91748046875,0.88037109375
plant_0400,400,00,400,ref,0.0009356854716315866,0.000562193978112191,0.00037349152262322605,0.783203125,0.2794189453125,0.015051905065774918,0.11889718277482632,0.0819091796875,0.216796875,0.711871073657844,0.703369140625,0.7205810546875,0.9047798202028805,0.902587890625,0.906982421875
plant_0401,401,00,401,ref,0.0009542115731164813,0.0003292195906396955,0.0006249919533729553,0.718994140625,0.3848876953125,0.016651678830385208,0.4212335928998912,0.8408203125,0.281005859375,0.7302970443233366,0.8985595703125,0.6151123046875,0.8818212779414556,0.9315185546875,0.837158203125
plant_0403,403,00,403,ref,0.0008370546856895089,0.0003955623251385987,0.0004414923896547407,0.8441162109375,0.3355712890625,0.016713537275791168,0.2579156645221831,0.74658203125,0.1558837890625,0.7399012336765125,0.834716796875,0.6644287109375,0.9027633661834055,0.900146484375,0.9053955078125
plant_0404,404,00,404,ref,0.0010615873616188765,0.00041417914326302707,0.0006474082474596798,0.795166015625,0.372314453125,0.016798129305243492,0.3246645247580994,0.7823486328125,0.204833984375,0.7257421009650886,0.860107421875,0.627685546875,0.8795822653379748,0.9088134765625,0.8521728515625
plant_0405,405,00,405,ref,0.0010636539664119482,0.0005905473371967673,0.00047310657100751996,0.81201171875,0.3109130859375,0.016038594767451286,0.30030955959226346,0.74609375,0.18798828125,0.7656882935819654,0.8614501953125,0.6890869140625,0.8948329246171817,0.8966064453125,0.89306640625
plant_0407,407,00,407,ref,0.0010197798255831003,0.0004443596117198467,0.0005754202720709145,0.730224609375,0.3199462890625,0.01474583987146616,0.3964390161800888,0.747314453125,0.269775390625,0.7624454525371214,0.8675537109375,0.6800537109375,0.8834944100215517,0.921630859375,0.848388671875
plant_0408,408,00,408,ref,0.0009966522920876741,0.0003727819421328604,0.0006238704081624746,0.7099609375,0.4205322265625,0.01701863296329975,0.42442983307453414,0.7908935546875,0.2900390625,0.6982919028144101,0.87841796875,0.5794677734375,0.8586971735147287,0.914794921875,0.80908203125
plant_0409,409,00,409,ref,0.0005544195300899446,0.00021892327640671283,0.000335496268235147,0.6171875,0.18310546875,0.012284095399081707,0.5244154360056259,0.832275390625,0.3828125,0.8622071001676076,0.912841796875,0.81689453125,0.9447373129522256,0.94970703125,0.9398193359375
plant_0410,410,00,410,ref,0.0018404778093099594,0.001268603838980198,0.0005718739703297615,0.8753662109375,0.4354248046875,0.018534623086452484,0.1623474287856472,0.2327880859375,0.1246337890625,0.4972142148456407,0.4442138671875,0.5645751953125,0.7039305648855365,0.609619140625,0.832763671875
plant_0411,411,00,411,ref,0.0012730035232380033,0.0006097572622820735,0.0006632462609559298,0.880859375,0.44384765625,0.018559956923127174,0.06433771970830217,0.0440673828125,0.119140625,0.6567437241549802,0.8017578125,0.55615234375,0.8493241906979354,0.872314453125,0.8275146484375
plant_0415,415,00,415,ref,0.001055071479640901,0.0005123203154653311,0.0005427512223832309,0.75927734375,0.391357421875,0.017079167068004608,0.3704031889619883,0.802978515625,0.24072265625,0.7177885066686899,0.8746337890625,0.608642578125,0.8676712242781208,0.9129638671875,0.82666015625
plant_0416,416,00,416,ref,0.0005549510824494064,0.0002485086733940989,0.0003064424090553075,0.6634521484375,0.2034912109375,0.012934788130223751,0.47750918820977817,0.8216552734375,0.3365478515625,0.8481634256874776,0.906982421875,0.7965087890625,0.9406168007275175,0.947998046875,0.933349609375
plant_0417,417,00,417,ref,0.001459012390114367,0.0008334732847288251,0.0006255391053855419,0.85888671875,0.40625,0.01783980056643486,0.07105898563915858,0.0474853515625,0.14111328125,0.20284265257415615,0.122314453125,0.59375,0.8626898345763776,0.874755859375,0.8509521484375
plant_0418,418,00,418,ref,0.0009325787541456521,0.00046765702427364886,0.00046492170076817274,0.8089599609375,0.3270263671875,0.015762461349368095,0.3066187805144971,0.7762451171875,0.1910400390625,0.750329407590755,0.8477783203125,0.6729736328125,0.8728893423487086,0.8887939453125,0.8575439453125
plant_0419,419,00,419,ref,0.0007352443062700331,0.00027456472162157297,0.0004606796137522906,0.7412109375,0.2509765625,0.013958901166915894,0.39126689845458734,0.8016357421875,0.2587890625,0.8116657799432497,0.8857421875,0.7490234375,0.9033809439954785,0.93505859375,0.873779296875
plant_0420,420,00,420,ref,0.00097708310931921,0.00037110463017597795,0.0006059784209355712,0.812744140625,0.433837890625,0.018235687166452408,0.30503524317103037,0.8221435546875,0.187255859375,0.6926658071499582,0.8919677734375,0.566162109375,0.8750990828804348,0.922119140625,0.8326416015625
plant_0421,421,00,421,ref,0.0012758595403283834,0.0008932484197430313,0.0003826111205853522,0.8155517578125,0.2857666015625,0.015872254967689514,0.06727170737790855,0.0411376953125,0.1844482421875,0.7875681519462656,0.877685546875,0.7142333984375,0.9144891922652706,0.8980712890625,0.9315185546875
plant_0422,422,00,422,ref,0.003535638563334942,0.0018424664158374071,0.001693172031082213,0.891845703125,0.5738525390625,0.022673629224300385,0.046255874972271516,0.0294189453125,0.108154296875,0.1318683910600787,0.0780029296875,0.4261474609375,0.7143779575563048,0.8013916015625,0.6444091796875
plant_0423,423,00,423,ref,0.0010027256794273853,0.0004857528256252408,0.0005169729120098054,0.801025390625,0.349365234375,0.016343478113412857,0.31446695020913773,0.74951171875,0.198974609375,0.7282077613117616,0.8267822265625,0.650634765625,0.8707507758839711,0.880126953125,0.861572265625
plant_0424,424,00,424,ref,0.0006533462437801063,0.00027558329747989774,0.00037776294630020857,0.767822265625,0.2762451171875,0.015121896751224995,0.3589360247821676,0.79052734375,0.232177734375,0.7930229662357965,0.876953125,0.7237548828125,0.9232674747037581,0.926513671875,0.9200439453125
plant_0426,426,00,426,ref,0.003226908855140209,0.0013353441609069705,0.0018915646942332387,0.9495849609375,0.80419921875,0.03567051887512207,0.04116987430605301,0.0347900390625,0.0504150390625,0.3055447182405124,0.6951904296875,0.19580078125,0.5214756055456059,0.82958984375,0.3802490234375
plant_0427,427,00,427,ref,0.0020252433605492115,0.0011605658801272511,0.0008646774804219604,0.90087890625,0.553955078125,0.021282276138663292,0.1717140635299934,0.6416015625,0.09912109375,0.5781140886871509,0.8212890625,0.446044921875,0.801982492237865,0.8519287109375,0.757568359375
plant_0428,428,00,428,ref,0.0006786002777516842,0.0003096023283433169,0.0003689980076160282,0.720458984375,0.2647705078125,0.01424140390008688,0.4175188013116431,0.824462890625,0.279541015625,0.8185692108661949,0.9232177734375,0.7352294921875,0.9385277366352968,0.9542236328125,0.92333984375
plant_0429,429,00,429,ref,0.00040794926462695,0.00019482796778902411,0.0002131212968379259,0.6947021484375,0.10107421875,0.012656453996896744,0.44322395241088064,0.8084716796875,0.3052978515625,0.8920374610871648,0.88525390625,0.89892578125,0.9596814031565797,0.9354248046875,0.9852294921875
plant_0430,430,00,430,ref,0.0008598972344771028,0.00038313193363137543,0.0004767653008457273,0.760986328125,0.2940673828125,0.014839058741927147,0.3688627135817588,0.8076171875,0.239013671875,0.7875005750195955,0.890380859375,0.7059326171875,0.9052808401872346,0.927978515625,0.8836669921875
plant_0431,431,00,431,ref,0.0004652676288969815,0.00019041338237002492,0.000274854275630787,0.69140625,0.1878662109375,0.013032573275268078,0.44336285650623886,0.787109375,0.30859375,0.8559595655216851,0.90478515625,0.8121337890625,0.9554392828160934,0.9532470703125,0.9576416015625
plant_0432,432,00,432,ref,0.0012839906848967075,0.000645377323962748,0.0006386132445186377,0.79443359375,0.318603515625,0.015635691583156586,0.0842453449598678,0.052978515625,0.20556640625,0.6054143992993329,0.544677734375,0.681396484375,0.8981409831281834,0.9219970703125,0.87548828125
plant_0433,433,00,433,ref,0.0007155367638915777,0.0003181733191013336,0.00039736341568641365,0.77294921875,0.310791015625,0.01533947791904211,0.12710624455574912,0.0882568359375,0.22705078125,0.7705963620987581,0.873779296875,0.689208984375,0.9209323418762009,0.93701171875,0.9053955078125
plant_0434,434,00,434,ref,0.0004510860308073461,0.00021993134578224272,0.00023115469957701862,0.5950927734375,0.1602783203125,0.011622878722846508,0.5363309934410634,0.7940673828125,0.4049072265625,0.8699638982524787,0.9024658203125,0.8397216796875,0.9574366000037847,0.9486083984375,0.9664306640625
plant_0435,435,00,435,ref,0.0007964102551341057,0.0003481795429252088,0.0004482307704165578,0.7999267578125,0.29736328125,0.015436778776347637,0.32154628208705355,0.8184814453125,0.2000732421875,0.7893628377703115,0.9005126953125,0.70263671875,0.9106669354737423,0.93310546875,0.8892822265625
plant_0436,436,00,436,ref,0.000770054932218045,0.0003461036831140518,0.0004239512491039932,0.7835693359375,0.3013916015625,0.015622188337147236,0.34118015087429815,0.805419921875,0.2164306640625,0.7799347427978327,0.8826904296875,0.6986083984375,0.9158300345255548,0.9266357421875,0.9052734375
plant_0437,437,00,437,ref,0.0008684017811901867,0.00036359799560159445,0.0005048037855885923,0.8778076171875,0.4337158203125,0.01842178963124752,0.07998345487861223,0.0594482421875,0.1221923828125,0.690239295631893,0.8836669921875,0.5662841796875,0.8873124841787087,0.928955078125,0.8492431640625
plant_0441,441,00,441,ref,0.0008008373552002013,0.00040941929910331964,0.00039141805609688163,0.783203125,0.26806640625,0.014578978531062603,0.1463641714845207,0.1104736328125,0.216796875,0.7969461589877289,0.8746337890625,0.73193359375,0.9161889679339318,0.919189453125,0.9132080078125
plant_0442,442,00,442,ref,0.001655414467677474,0.001048857462592423,0.0006065569468773901,0.8365478515625,0.4310302734375,0.01816263236105442,0.2656583400377781,0.708984375,0.1634521484375,0.6654705602855536,0.8013916015625,0.5689697265625,0.8266905003944018,0.842041015625,0.8118896484375
plant_0444,444,00,444,ref,0.0008803989039734006,0.0002884914865717292,0.0005919074756093323,0.677490234375,0.3115234375,0.014262458309531212,0.46291420943310535,0.81982421875,0.322509765625,0.779015365144749,0.89697265625,0.6884765625,0.8898106242675113,0.9344482421875,0.8492431640625
plant_0445,445,00,445,ref,0.0008440348319709301,0.00036994321271777153,0.0004740915901493281,0.8614501953125,0.3819580078125,0.017288338392972946,0.23549801458126654,0.7843017578125,0.1385498046875,0.7205313677763819,0.86376953125,0.6180419921875,0.8906000122563712,0.9080810546875,0.873779296875
plant_0448,448,00,448,ref,0.0012179481564089656,0.0006777640664950013,0.0005401840899139643,0.885009765625,0.4459228515625,0.018927698954939842,0.2015796295310042,0.816162109375,0.114990234375,0.6708466674613655,0.8499755859375,0.5540771484375,0.8700308580323636,0.8787841796875,0.8614501953125
plant_0449,449,00,449,ref,0.000613390002399683,0.00027953943936154246,0.00033385056303814054,0.7259521484375,0.236083984375,0.014291605912148952,0.3914071951005985,0.6845703125,0.2740478515625,0.8048153304361388,0.850341796875,0.763916015625,0.9349958015271068,0.9337158203125,0.936279296875
plant_0451,451,00,451,ref,0.0006168709369376302,0.0002482931886333972,0.0003685777774080634,0.6513671875,0.2294921875,0.012929960153996944,0.4887212093543827,0.8170166015625,0.3486328125,0.826958171982822,0.892333984375,0.7705078125,0.9266939957099167,0.9344482421875,0.9190673828125
plant_0452,452,00,452,ref,0.0006835063686594367,0.00031610368750989437,0.0003674026520457119,0.812744140625,0.2325439453125,0.01484465878456831,0.26934954108891634,0.4796142578125,0.187255859375,0.8177604720652033,0.8751220703125,0.7674560546875,0.9343833756389216,0.936279296875,0.9324951171875
plant_0454,454,00,454,ref,0.00047676434041932225,0.00022422186157200485,0.0002525424933992326,0.68408203125,0.1539306640625,0.012736110016703606,0.4505709550978273,0.7852783203125,0.31591796875,0.8714099710516533,0.8983154296875,0.8460693359375,0.9585174842307386,0.952392578125,0.9647216796875
plant_0455,455,00,455,ref,0.0007591993780806661,0.0003416859544813633,0.0004175133944954723,0.6510009765625,0.2740478515625,0.013370960019528866,0.4889057987593645,0.8160400390625,0.3489990234375,0.8018158423112577,0.8953857421875,0.7259521484375,0.907223148175385,0.93017578125,0.8853759765625
plant_0457,457,00,457,ref,0.0010622174013406038,0.0006135913426987827,0.00044862605864182115,0.877197265625,0.3997802734375,0.01773436926305294,0.2103588066155492,0.73291015625,0.122802734375,0.6945201258758679,0.823974609375,0.6002197265625,0.881625109521028,0.876708984375,0.8865966796875
plant_0458,458,00,458,ref,0.0012340520042926073,0.0005801828810945153,0.000653869123198092,0.851806640625,0.51123046875,0.02029460482299328,0.14450260031922751,0.1409912109375,0.148193359375,0.6282871301139913,0.8792724609375,0.48876953125,0.8567128292129498,0.9124755859375,0.807373046875
plant_0459,459,00,459,ref,0.0007670264458283782,0.00032030505826696754,0.0004467214166652411,0.6820068359375,0.22998046875,0.013194289989769459,0.4553162752607007,0.8013916015625,0.3179931640625,0.8235199294235875,0.885009765625,0.77001953125,0.9203125906683135,0.9261474609375,0.91455078125
plant_0460,460,00,460,ref,0.0012218864867463708,0.0005469617899507284,0.0006749246967956424,0.8934326171875,0.509033203125,0.020232761278748512,0.18789854558015734,0.79345703125,0.1065673828125,0.6247214994968795,0.858642578125,0.490966796875,0.8482647796175373,0.89501953125,0.80615234375
plant_0462,462,00,462,ref,0.002408981788903475,0.001307881437242031,0.0011011003516614437,0.86669921875,0.419677734375,0.018092801794409752,0.0709504158266129,0.04833984375,0.13330078125,0.20816669566179008,0.1268310546875,0.580322265625,0.491239940021055,0.3507080078125,0.8197021484375
plant_0463,463,00,463,ref,0.0007169843302108347,0.0003177413600496948,0.00039924297016113997,0.766845703125,0.2515869140625,0.014898331835865974,0.3625395836064022,0.8145751953125,0.233154296875,0.8102302374319635,0.8831787109375,0.7484130859375,0.9306677286116803,0.9202880859375,0.9412841796875
plant_0464,464,00,464,ref,0.0007695896783843637,0.0002776237379293889,0.0004919659695588052,0.7952880859375,0.303955078125,0.015521721914410591,0.32763660242331744,0.820068359375,0.2047119140625,0.7850466891872514,0.900146484375,0.696044921875,0.9031555752361673,0.93994140625,0.869140625
plant_0465,465,00,465,ref,0.0003522559709381312,0.00016685007722117007,0.00018540589371696115,0.5438232421875,0.08984375,0.010628468357026577,0.5901587426245629,0.8355712890625,0.4561767578125,0.9177822433169305,0.925537109375,0.91015625,0.9681011695847387,0.9620361328125,0.9742431640625
plant_0466,466,00,466,ref,0.0015903138555586338,0.0008210029918700457,0.0007693109218962491,0.9302978515625,0.6072998046875,0.02271193265914917,0.12847925521762626,0.8197021484375,0.0697021484375,0.5407612488123911,0.8680419921875,0.3927001953125,0.8133900426802053,0.8968505859375,0.744140625
plant_0467,467,00,467,ref,0.0010247568134218454,0.00047573301708325744,0.0005490238545462489,0.83154296875,0.390625,0.017145177349448204,0.14471009133422902,0.1268310546875,0.16845703125,0.7150659201920688,0.8651123046875,0.609375,0.8808658815859494,0.9090576171875,0.8543701171875
plant_0468,468,00,468,ref,0.0008644683985039592,0.00044021467329002917,0.0004242537834215909,0.7498779296875,0.26806640625,0.014657752588391304,0.38107192295953957,0.7998046875,0.2501220703125,0.7987654479948094,0.8790283203125,0.73193359375,0.9156638724338466,0.9222412109375,0.9091796875
plant_0469,469,00,469,ref,0.0007978148059919477,0.00030614921706728637,0.0004916655598208308,0.7803955078125,0.3074951171875,0.015439823269844055,0.3420092103695104,0.772705078125,0.2196044921875,0.7671627576521586,0.85986328125,0.6925048828125,0.90197585442282,0.9171142578125,0.8873291015625
plant_0470,470,00,470,ref,0.0005275525036267936,0.0002915837394539267,0.00023596876417286694,0.7330322265625,0.1331787109375,0.013160694390535355,0.4018259144487499,0.81201171875,0.2669677734375,0.8771341284439574,0.8876953125,0.8668212890625,0.9532072966990338,0.928955078125,0.978759765625
plant_0471,471,00,471,ref,0.0008972451323643327,0.00045529272756539285,0.0004419524921104312,0.8311767578125,0.356201171875,0.016617506742477417,0.07662631227291783,0.049560546875,0.1688232421875,0.7256787452808233,0.8314208984375,0.643798828125,0.8893588492617418,0.9017333984375,0.8773193359375
plant_0472,472,00,472,ref,0.0014236907009035349,0.0007166716386564076,0.0007070191204547882,0.8782958984375,0.4373779296875,0.018522880971431732,0.14459795128639047,0.1781005859375,0.1217041015625,0.6372642531447004,0.7347412109375,0.5626220703125,0.8563671429906708,0.88134765625,0.832763671875
plant_0475,475,00,475,ref,0.0013988708378747106,0.0006926956702955067,0.0007061752257868648,0.885009765625,0.528076171875,0.02091270126402378,0.19899625800021453,0.738525390625,0.114990234375,0.6026681294559374,0.8336181640625,0.471923828125,0.8033705085351696,0.871337890625,0.7452392578125
plant_0476,476,00,476,ref,0.001069219782948494,0.000411098706535995,0.0006581211346201599,0.83349609375,0.5,0.019999153912067413,0.26437338272514355,0.641357421875,0.16650390625,0.636234458259325,0.87451171875,0.5,0.8319184878039362,0.9202880859375,0.759033203125
plant_0479,479,00,479,ref,0.0009394566877745092,0.0004969823057763278,0.00044247438199818134,0.7901611328125,0.282470703125,0.01525262463837862,0.33072261410488596,0.7801513671875,0.2098388671875,0.7815666186909281,0.858154296875,0.717529296875,0.9015231823018922,0.906494140625,0.8966064453125
plant_0482,482,00,482,ref,0.0016159610822796822,0.0010224578436464071,0.0005935032968409359,0.901123046875,0.4447021484375,0.018816286697983742,0.03805234686565304,0.0235595703125,0.098876953125,0.3855526701864775,0.2952880859375,0.5552978515625,0.8526030111643884,0.8671875,0.8385009765625
plant_0483,483,00,483,ref,0.0014007126446813345,0.0006512911058962345,0.0007494215387851,0.8154296875,0.4344482421875,0.018124675378203392,0.11772592905405406,0.08642578125,0.1845703125,0.6771138606054535,0.843505859375,0.5655517578125,0.8601500298566879,0.90673828125,0.818115234375
plant_0486,486,00,486,ref,0.0045589180663228035,0.0023770006373524666,0.002181917428970337,0.95751953125,0.8065185546875,0.037526052445173264,0.015556227992957746,0.009521484375,0.04248046875,0.04829023372791275,0.027587890625,0.1934814453125,0.21249303258055235,0.14697265625,0.3834228515625
plant_0488,488,00,488,ref,0.0009431234793737531,0.00037735234946012497,0.0005657710717059672,0.7691650390625,0.3720703125,0.016351671889424324,0.355708297616519,0.77490234375,0.2308349609375,0.733405624494541,0.8814697265625,0.6279296875,0.8731093600335249,0.9278564453125,0.824462890625
plant_0489,489,00,489,ref,0.0018151672556996346,0.0009882227750495076,0.000826944422442466,0.8701171875,0.4642333984375,0.018999354913830757,0.19580112025572785,0.3975830078125,0.1298828125,0.6231198518172555,0.7445068359375,0.5357666015625,0.8206535028333147,0.854736328125,0.7891845703125
plant_0495,495,00,495,ref,0.0008013348560780287,0.00040916819125413895,0.00039216672303155065,0.7987060546875,0.2935791015625,0.015194910578429699,0.3213013188556079,0.795654296875,0.2012939453125,0.7746312373155881,0.857421875,0.7064208984375,0.9039560572589629,0.8983154296875,0.90966796875
plant_0498,498,00,498,ref,0.0008884704438969493,0.0004892647848464549,0.00039920565905049443,0.80322265625,0.2979736328125,0.015874149277806282,0.11903709500757248,0.0853271484375,0.19677734375,0.7687992314727401,0.849609375,0.7020263671875,0.918816755124261,0.9163818359375,0.9212646484375
plant_0499,499,00,499,ref,0.001754887169227004,0.000860402244143188,0.000894484983291477,0.8907470703125,0.484619140625,0.019637824967503548,0.19157626089791036,0.7772216796875,0.1092529296875,0.6364271793731877,0.831787109375,0.515380859375,0.8199991741237018,0.870361328125,0.775146484375
plant_0500,500,00,500,ref,0.0011538927210494876,0.0005478992825374007,0.000605993322096765,0.8330078125,0.326416015625,0.016164839267730713,0.08099953280730897,0.053466796875,0.1669921875,0.7498939167202314,0.845703125,0.673583984375,0.892863681295689,0.9146728515625,0.8720703125
plant_0501,501,00,501,ref,0.0009930934756994247,0.000387078762287274,0.0006060147425159812,0.8153076171875,0.36474609375,0.016717899590730667,0.29831671496495105,0.7752685546875,0.1846923828125,0.7322254176249695,0.8641357421875,0.63525390625,0.8692706052977233,0.9130859375,0.8294677734375
plant_0503,503,00,503,ref,0.0008568092598579824,0.00047461286885663867,0.00038219639100134373,0.8431396484375,0.3314208984375,0.01647741161286831,0.11897137775513285,0.0958251953125,0.1568603515625,0.7498123471208598,0.853515625,0.6685791015625,0.9174286887251846,0.9012451171875,0.9342041015625
plant_0504,504,00,504,ref,0.0011992629151791334,0.0007826493238098919,0.0004166137077845633,0.8182373046875,0.2620849609375,0.015013203956186771,0.1019065860621073,0.07080078125,0.1817626953125,0.4565917801396664,0.33056640625,0.7379150390625,0.8679243820044618,0.843505859375,0.893798828125
plant_0505,505,00,505,ref,0.0011210397351533175,0.0005341202486306429,0.0005869193701073527,0.83544921875,0.4022216796875,0.017405938357114792,0.11954610371398205,0.0938720703125,0.16455078125,0.7057514980548816,0.861328125,0.5977783203125,0.8615429770294616,0.908935546875,0.81884765625
plant_0506,506,00,506,ref,0.0006195106543600559,0.00029111490584909916,0.00032839574851095676,0.7537841796875,0.2672119140625,0.014755562879145145,0.37622307397698024,0.797119140625,0.2462158203125,0.7991225880733467,0.878662109375,0.7327880859375,0.931852385171396,0.9263916015625,0.9373779296875
plant_0507,507,00,507,ref,0.0008760382188484073,0.0004209280596114695,0.00045511015923693776,0.8465576171875,0.36474609375,0.017171397805213928,0.2550430574687542,0.7548828125,0.1534423828125,0.7344946259373734,0.8704833984375,0.63525390625,0.9044563742789921,0.9202880859375,0.88916015625
plant_0509,509,00,509,ref,0.0007144303526729345,0.0003043214092031121,0.00041010897257365286,0.779296875,0.287841796875,0.015164322219789028,0.3487591058161133,0.830810546875,0.220703125,0.7953834730027627,0.900634765625,0.712158203125,0.9223456418717745,0.933837890625,0.9111328125
plant_0511,511,00,511,ref,0.001179264159873128,0.0005773555603809655,0.0006019085994921625,0.8724365234375,0.4305419921875,0.018463119864463806,0.08755456719437461,0.066650390625,0.1275634765625,0.6783939377112768,0.8388671875,0.5694580078125,0.8637908567346363,0.8980712890625,0.83203125
plant_0513,513,00,513,ref,0.0022328090853989124,0.0010703192092478275,0.0011624899925664067,0.894775390625,0.5960693359375,0.023076729848980904,0.13384143726245776,0.183837890625,0.105224609375,0.5359169603970626,0.7960205078125,0.4039306640625,0.7528134786012526,0.834716796875,0.685546875
plant_0515,515,00,515,ref,0.000704091798979789,0.00027912206132896245,0.0004249697085469961,0.7882080078125,0.3519287109375,0.016490191221237183,0.335464294579961,0.8062744140625,0.2117919921875,0.7491456824759042,0.8875732421875,0.6480712890625,0.912280619550998,0.9327392578125,0.8927001953125
plant_0516,516,00,516,ref,0.0025382505264133215,0.001385121839120984,0.0011531285708770156,0.909912109375,0.4844970703125,0.019666394218802452,0.04653786510678392,0.0313720703125,0.090087890625,0.6206828225131938,0.77978515625,0.5155029296875,0.8368311461445959,0.8604736328125,0.814453125
plant_0521,521,00,521,ref,0.0011257820297032595,0.00047737988643348217,0.0006484022014774382,0.784912109375,0.421630859375,0.017497563734650612,0.3370476664247758,0.7784423828125,0.215087890625,0.6877876543515231,0.8482666015625,0.578369140625,0.8415185677403186,0.8973388671875,0.792236328125
plant_0522,522,00,522,ref,0.0016461675986647606,0.000917527882847935,0.0007286396576091647,0.87353515625,0.448974609375,0.018707355484366417,0.20396945651158446,0.52685546875,0.12646484375,0.6767573533144182,0.8768310546875,0.551025390625,0.8491983638468014,0.9007568359375,0.80322265625
plant_0523,523,00,523,ref,0.0008918863022699952,0.000442964636022225,0.00044892163714393973,0.8017578125,0.365234375,0.016774563118815422,0.26115637478982767,0.382568359375,0.1982421875,0.7363301757733625,0.8765869140625,0.634765625,0.9103631238687404,0.919921875,0.9010009765625
plant_0524,524,00,524,ref,0.0018781842663884163,0.0009755626670084894,0.0009026216575875878,0.9151611328125,0.5816650390625,0.022180423140525818,0.1445067577708111,0.487060546875,0.0848388671875,0.5579426134016234,0.83740234375,0.4183349609375,0.7862990831159016,0.862060546875,0.7227783203125
plant_0525,525,00,525,ref,0.0005958625115454197,0.00023696231073699892,0.0003589002008084208,0.65185546875,0.244873046875,0.013067351654171944,0.48747556026551,0.812744140625,0.34814453125,0.8219439774161018,0.9017333984375,0.755126953125,0.9249596002902183,0.9444580078125,0.90625
plant_0527,527,00,527,ref,0.0007744948379695415,0.00038538803346455097,0.0003891067754011601,0.7362060546875,0.2987060546875,0.014904987998306751,0.39613194324339907,0.794921875,0.2637939453125,0.7759066469136433,0.8682861328125,0.7012939453125,0.9065924773261832,0.9112548828125,0.9019775390625
plant_0529,529,00,529,ref,0.0005825753323733807,0.00026798335602506995,0.0003145919763483107,0.7606201171875,0.20947265625,0.01435407530516386,0.3676929372338223,0.79248046875,0.2393798828125,0.8381895524604586,0.8919677734375,0.79052734375,0.9472870317382184,0.9376220703125,0.9571533203125
plant_0530,530,00,530,ref,0.0016345838084816933,0.0008609349024482071,0.0007736488478258252,0.88818359375,0.5311279296875,0.020860688760876656,0.06347045421227522,0.0443115234375,0.11181640625,0.5393066136182937,0.6346435546875,0.4688720703125,0.793351575051641,0.8572998046875,0.73828125
plant_0532,532,00,532,ref,0.0007652534986846149,0.000350600661477074,0.0004146528081037104,0.7784423828125,0.351318359375,0.016299892216920853,0.19791579828029726,0.1788330078125,0.2215576171875,0.7385864554627979,0.857421875,0.648681640625,0.9020312777488837,0.9129638671875,0.891357421875
plant_0533,533,00,533,ref,0.0007760360022075474,0.00029251660453155637,0.00048351939767599106,0.776123046875,0.3447265625,0.016121312975883484,0.35276481844635627,0.8314208984375,0.223876953125,0.7561284318602727,0.8936767578125,0.6552734375,0.8973249186640201,0.9300537109375,0.8668212890625
plant_0536,536,00,536,ref,0.0013034912990406156,0.000873763405252248,0.00042972792289219797,0.8099365234375,0.3092041015625,0.016401302069425583,0.2304411498838202,0.2926025390625,0.1900634765625,0.74939094149248,0.81884765625,0.6907958984375,0.893238026720767,0.875244140625,0.9119873046875
plant_0537,537,00,537,ref,0.0006195566966198385,0.00021955117699690163,0.00040000551962293684,0.7410888671875,0.21875,0.013989003375172615,0.3883209066590025,0.7763671875,0.2589111328125,0.8303819825755911,0.8861083984375,0.78125,0.931134361177097,0.947021484375,0.915771484375
plant_0538,538,00,538,ref,0.0008295027073472738,0.000341484701493755,0.0004880179767496884,0.7890625,0.3223876953125,0.0158290546387434,0.33291831909701036,0.7894287109375,0.2109375,0.7609555670619718,0.86767578125,0.6776123046875,0.8923227520369753,0.9139404296875,0.8717041015625
plant_0539,539,00,539,ref,0.0010685527231544256,0.0006620367057621479,0.00040651598828844726,0.8311767578125,0.2840576171875,0.015755867585539818,0.05651157294175196,0.033935546875,0.1688232421875,0.7813809584684838,0.8599853515625,0.7159423828125,0.9003826149632254,0.897705078125,0.903076171875
plant_0540,540,00,540,ref,0.001040017232298851,0.0004076469340361655,0.0006323702982626855,0.81103515625,0.3377685546875,0.016387438401579857,0.1348739516254674,0.1048583984375,0.18896484375,0.7632059634541966,0.9005126953125,0.6622314453125,0.9049226919263993,0.9400634765625,0.872314453125
plant_0542,542,00,542,ref,0.0011207085335627198,0.0006461118464358151,0.00047459665802307427,0.804931640625,0.3411865234375,0.015785420313477516,0.3114097991184177,0.7716064453125,0.195068359375,0.7487738480921526,0.8671875,0.6588134765625,0.8682508771987572,0.89794921875,0.8404541015625
plant_0543,543,00,543,ref,0.0007950608851388097,0.0003600456693675369,0.0004350152157712728,0.6915283203125,0.2391357421875,0.013551129028201103,0.4416942733654873,0.7774658203125,0.3084716796875,0.8143199656629904,0.8758544921875,0.7608642578125,0.9136085951067898,0.9254150390625,0.902099609375
plant_0544,544,00,544,ref,0.0009857089025899768,0.00041532504837960005,0.0005703837377950549,0.8846435546875,0.458740234375,0.01898164115846157,0.1973912214150619,0.683349609375,0.1153564453125,0.6634980033964426,0.8570556640625,0.541259765625,0.8661321913066945,0.9219970703125,0.816650390625
plant_0545,545,00,545,ref,0.0015829945914447308,0.0007721594884060323,0.0008108350448310375,0.914794921875,0.5521240234375,0.021441863849759102,0.13615143244167627,0.338623046875,0.085205078125,0.5854399980673449,0.844970703125,0.4478759765625,0.7883230941190851,0.8731689453125,0.718505859375
plant_0547,547,00,547,ref,0.0018644239753484726,0.00115179643034935,0.0007126274285838008,0.902099609375,0.4661865234375,0.019164448603987694,0.033911887886597936,0.0205078125,0.097900390625,0.4657534625982983,0.4130859375,0.5338134765625,0.8259581844263996,0.8634033203125,0.7916259765625
plant_0549,549,00,549,ref,0.000948085798881948,0.00046245622797869146,0.000485629600007087,0.83056640625,0.339599609375,0.016803709790110588,0.27688963363914876,0.7569580078125,0.16943359375,0.7491124680599448,0.8653564453125,0.660400390625,0.9024135587020369,0.9190673828125,0.8863525390625
plant_0550,550,00,550,ref,0.0008722175261937082,0.00039888868923299015,0.00047332883696071804,0.8302001953125,0.3482666015625,0.01674043759703636,0.2628891422362171,0.5819091796875,0.1697998046875,0.7452563831013876,0.8701171875,0.6517333984375,0.8913980033831178,0.9132080078125,0.87060546875
plant_0552,552,00,552,ref,0.0009280113154090941,0.0004580188251566142,0.0004699924902524799,0.6810302734375,0.334716796875,0.015022148378193378,0.45698680538122827,0.8055419921875,0.3189697265625,0.7598000218294962,0.8856201171875,0.665283203125,0.8869009074312715,0.920166015625,0.85595703125
plant_0553,553,00,553,ref,0.0008275521686300635,0.0004040236526634544,0.0004235285159666091,0.792236328125,0.3370361328125,0.016401486471295357,0.3280100143275894,0.7786865234375,0.207763671875,0.753320106719893,0.8721923828125,0.6629638671875,0.911459771954935,0.91748046875,0.905517578125
plant_0554,554,00,554,ref,0.0009036221308633685,0.0004435489245224744,0.00046007323544472456,0.748779296875,0.267578125,0.014628659002482891,0.12242508355154355,0.0809326171875,0.251220703125,0.7979447060664694,0.8763427734375,0.732421875,0.918591956618331,0.92529296875,0.9119873046875
plant_0556,556,00,556,ref,0.0010956423357129097,0.0006217216141521931,0.0004739207506645471,0.8492431640625,0.33349609375,0.016793666407465935,0.11316294614630754,0.090576171875,0.1507568359375,0.7495363794191919,0.856201171875,0.66650390625,0.893051389399091,0.896728515625,0.889404296875
plant_0559,559,00,559,ref,0.0017573705408722162,0.0008764187223277986,0.0008809517603367567,0.89599609375,0.508544921875,0.020232249051332474,0.053767032473890336,0.0362548828125,0.10400390625,0.616435226720226,0.82666015625,0.491455078125,0.8210112217591222,0.87939453125,0.7698974609375
plant_0561,561,00,561,ref,0.0007555022602900863,0.00036703396472148597,0.00038846832467243075,0.76416015625,0.2781982421875,0.014888204634189606,0.358194612001868,0.744384765625,0.23583984375,0.7931403907381125,0.880126953125,0.7218017578125,0.9221868569293928,0.9293212890625,0.9151611328125
plant_0562,562,00,562,ref,0.0010829308303073049,0.0005450343014672399,0.0005378965870477259,0.6728515625,0.2967529296875,0.01377323642373085,0.3960471511413844,0.501708984375,0.3271484375,0.7736596557655323,0.8597412109375,0.7032470703125,0.8777326209602123,0.9029541015625,0.8538818359375
plant_0564,564,00,564,ref,0.0010135129559785128,0.0004211526538711041,0.0005923602730035782,0.9075927734375,0.4866943359375,0.019694853574037552,0.07652920466089397,0.0653076171875,0.0924072265625,0.6482677142103965,0.8795166015625,0.5133056640625,0.8788279212674573,0.9202880859375,0.8409423828125
plant_0565,565,00,565,ref,0.0007448163814842701,0.000321880797855556,0.00042293561273254454,0.7216796875,0.294921875,0.01497676782310009,0.4132835002965097,0.8023681640625,0.2783203125,0.7861091690928593,0.88818359375,0.705078125,0.9079584267516458,0.93212890625,0.885009765625
plant_0567,567,00,567,ref,0.0010183225385844707,0.00039538522833026946,0.0006229373393580317,0.823486328125,0.3851318359375,0.017117531970143318,0.29057596877293856,0.8212890625,0.176513671875,0.7241713685456966,0.8807373046875,0.6148681640625,0.8737975534009339,0.9176025390625,0.833984375
plant_0568,568,00,568,ref,0.0006977439625188708,0.00035276779090054333,0.00034497620072215796,0.7650146484375,0.193115234375,0.013966679573059082,0.27243934864560587,0.3240966796875,0.2349853515625,0.8467445365306141,0.8907470703125,0.806884765625,0.9410763696068973,0.936279296875,0.9459228515625
plant_0571,571,00,571,ref,0.0008727087406441569,0.00048653993871994317,0.00038616880192421377,0.8077392578125,0.3046875,0.015681641176342964,0.0999249910053454,0.0675048828125,0.1922607421875,0.7702945120996163,0.8634033203125,0.6953125,0.9122303998822846,0.9112548828125,0.9132080078125
plant_0573,573,00,573,ref,0.0007648586761206388,0.00041615983354859054,0.0003486988425720483,0.72021484375,0.2691650390625,0.014159183949232101,0.14651551177536232,0.0992431640625,0.27978515625,0.8014648805875142,0.88720703125,0.7308349609375,0.9256950997642909,0.9305419921875,0.9208984375
plant_0574,574,00,574,ref,0.0009397248504683375,0.00039299234049394727,0.0005467325099743903,0.8050537109375,0.364990234375,0.016688989475369453,0.2774384608655409,0.48095703125,0.1949462890625,0.726218263527348,0.8480224609375,0.635009765625,0.8831063583107619,0.9190673828125,0.849853515625
plant_0577,577,00,577,ref,0.0015856476966291666,0.0006999305915087461,0.0008857171633280814,0.88134765625,0.6470947265625,0.024383895099163055,0.203846585345953,0.722900390625,0.11865234375,0.5001151546355217,0.8580322265625,0.3529052734375,0.7581349977372894,0.8916015625,0.659423828125
plant_0578,578,00,578,ref,0.0004655931261368096,0.0002319512568647042,0.0002336418692721054,0.602294921875,0.14013671875,0.011817671358585358,0.5322122800502742,0.80419921875,0.397705078125,0.8821580147401992,0.9056396484375,0.85986328125,0.9569239645285892,0.9503173828125,0.963623046875
plant_0581,581,00,581,ref,0.0007788388757035136,0.0003961297625210136,0.0003827091131825,0.8057861328125,0.2861328125,0.015578368678689003,0.3095624299606783,0.7623291015625,0.1942138671875,0.7847316314497497,0.8712158203125,0.7138671875,0.9174752065385511,0.919677734375,0.915283203125
plant_0582,582,00,582,ref,0.0005646558711305261,0.0002791636507026851,0.0002854922495316714,0.640869140625,0.2086181640625,0.01233664620667696,0.4891965722391599,0.7669677734375,0.359130859375,0.8408753857954956,0.89697265625,0.7913818359375,0.9431667862328512,0.940185546875,0.9461669921875
plant_0583,583,00,583,ref,0.0025114710442721844,0.0011396160116419196,0.0013718551490455866,0.9471435546875,0.73291015625,0.030056530609726906,0.09612878642888924,0.5301513671875,0.0528564453125,0.4035161708705981,0.8248291015625,0.26708984375,0.6284537840006112,0.8492431640625,0.498779296875
plant_0584,584,00,584,ref,0.0009189901757054031,0.00047761647147126496,0.0004413736751303077,0.76220703125,0.2838134765625,0.014409919269382954,0.11256030809169279,0.07373046875,0.23779296875,0.785135472474536,0.8687744140625,0.7161865234375,0.9056292148666397,0.9287109375,0.8836669921875
plant_0585,585,00,585,ref,0.0010871888371184468,0.0006330945179797709,0.0004540943482425064,0.8365478515625,0.3214111328125,0.01633521355688572,0.1136919960880419,0.087158203125,0.1634521484375,0.7265206228318566,0.78173828125,0.6785888671875,0.8951122367689298,0.8900146484375,0.9002685546875
plant_0587,587,00,587,ref,0.0007413431303575635,0.0004351375682745129,0.0003062055620830506,0.7012939453125,0.2156982421875,0.013300704769790173,0.15321051969386204,0.10302734375,0.2987060546875,0.8352111718693149,0.8931884765625,0.7843017578125,0.9289545006570302,0.9296875,0.92822265625
plant_0590,590,00,590,ref,0.002394975395873189,0.0011896026553586125,0.0012053727405145764,0.9248046875,0.60400390625,0.022773493081331253,0.06000952743902439,0.0499267578125,0.0751953125,0.5245876645763947,0.77685546875,0.39599609375,0.7543894021630182,0.8330078125,0.6893310546875
plant_0591,591,00,591,ref,0.0006873310776427388,0.0003342021955177188,0.00035312888212502003,0.720703125,0.2069091796875,0.01349017582833767,0.4061894452062962,0.744384765625,0.279296875,0.8394660316734295,0.8916015625,0.7930908203125,0.9291976151990968,0.9368896484375,0.921630859375
plant_0592,592,00,592,ref,0.0005251238471828401,0.0002419179363641888,0.0002832059108186513,0.6629638671875,0.1883544921875,0.012940592132508755,0.4748948763494622,0.8035888671875,0.3370361328125,0.8496359397959824,0.891357421875,0.8116455078125,0.9503811146157767,0.9429931640625,0.9578857421875
plant_0593,593,00,593,ref,0.0017237458378076553,0.0009162691421806812,0.0008074766956269741,0.8905029296875,0.5499267578125,0.021429553627967834,0.06468326541633936,0.0458984375,0.1094970703125,0.3709103038789667,0.3154296875,0.4500732421875,0.7844538532941211,0.8602294921875,0.720947265625
plant_0594,594,00,594,ref,0.0029770222026854753,0.001699313404969871,0.0012777089141309261,0.94384765625,0.69775390625,0.026695674285292625,0.044686681937172776,0.037109375,0.05615234375,0.4328890395694795,0.762451171875,0.30224609375,0.665647429711225,0.7933349609375,0.5733642578125
plant_0595,595,00,595,ref,0.0014549659099429846,0.0008296595187857747,0.0006253064493648708,0.88330078125,0.428466796875,0.018620435148477554,0.20383319220385585,0.8045654296875,0.11669921875,0.6830099363744305,0.8485107421875,0.571533203125,0.8527902584048641,0.87353515625,0.8330078125
plant_0597,597,00,597,ref,0.0015363855054602027,0.0010336715495213866,0.0005027138395234942,0.88671875,0.4573974609375,0.01884309947490692,0.19823455604958232,0.792724609375,0.11328125,0.6678546219677388,0.8682861328125,0.5426025390625,0.8663209872334061,0.8935546875,0.8406982421875
plant_0598,598,00,598,ref,0.000727030448615551,0.00045522378059104085,0.00027180672623217106,0.68115234375,0.15576171875,0.012590224854648113,0.16770091175225735,0.11376953125,0.31884765625,0.7980835845167746,0.7567138671875,0.84423828125,0.9496219640648095,0.93798828125,0.9615478515625
plant_0600,600,00,600,ref,0.0019986010156571865,0.0007627810118719935,0.0012358201202005148,0.8822021484375,0.504638671875,0.02015618234872818,0.048630363062808386,0.0306396484375,0.1177978515625,0.5781672392092099,0.6942138671875,0.495361328125,0.7998040222163348,0.87890625,0.7337646484375
plant_0602,602,00,602,ref,0.0037056871224194765,0.003154157195240259,0.0005515299271792173,0.885009765625,0.4273681640625,0.01839483343064785,0.02365513392857143,0.01318359375,0.114990234375,0.06014311344930317,0.03173828125,0.5726318359375,0.10201803067835366,0.0543212890625,0.8365478515625
plant_0603,603,00,603,ref,0.001807695021852851,0.0011119889095425606,0.0006957060541026294,0.8763427734375,0.48095703125,0.019434185698628426,0.215395795841827,0.83447265625,0.1236572265625,0.6497056993785746,0.8682861328125,0.51904296875,0.8178234212130907,0.885986328125,0.7593994140625
plant_0604,604,00,604,ref,0.0006446231855079532,0.000294392928481102,0.0003502302570268512,0.7177734375,0.2535400390625,0.014178645797073841,0.4157164456063369,0.788818359375,0.2822265625,0.8127526351617215,0.8919677734375,0.7464599609375,0.9352927769297752,0.9383544921875,0.9322509765625
plant_0605,605,00,605,ref,0.0009853420779109001,0.0005450033349916339,0.00044033885933458805,0.83837890625,0.3414306640625,0.016595477238297462,0.20920737368438583,0.2965087890625,0.16162109375,0.7410106408416268,0.8470458984375,0.6585693359375,0.8928781898326953,0.8907470703125,0.89501953125
plant_0606,606,00,606,ref,0.000903665495570749,0.00047642161371186376,0.00042724391096271574,0.7945556640625,0.3211669921875,0.015981053933501244,0.31529486004674107,0.6776123046875,0.2054443359375,0.7537641828869881,0.8472900390625,0.6788330078125,0.8882128845856524,0.8935546875,0.8829345703125
plant_0607,607,00,607,ref,0.0008836086490191519,0.00026193278608843684,0.0006216759793460369,0.8785400390625,0.4752197265625,0.019504409283399582,0.2111875702581397,0.808349609375,0.1214599609375,0.6665333150400573,0.9132080078125,0.5247802734375,0.881728727555546,0.9468994140625,0.824951171875
plant_0608,608,00,608,ref,0.000868401606567204,0.0003896726411767304,0.0004787289653904736,0.6995849609375,0.2969970703125,0.014321515336632729,0.4384667507652081,0.811279296875,0.3004150390625,0.790062778274998,0.9017333984375,0.7030029296875,0.9008119034504195,0.935302734375,0.8687744140625
plant_0610,610,00,610,ref,0.0014182054437696934,0.0007003646460361779,0.0007178407395258546,0.88671875,0.4295654296875,0.018253512680530548,0.0756292623833453,0.0567626953125,0.11328125,0.6749294889783801,0.8262939453125,0.5704345703125,0.844896899714906,0.8890380859375,0.804931640625
plant_0611,611,00,611,ref,0.0010666248854249716,0.00046996574383229017,0.0005966591415926814,0.852294921875,0.4576416015625,0.01878553442656994,0.20831310725816277,0.353271484375,0.147705078125,0.6099929268478502,0.6968994140625,0.5423583984375,0.8641769935344827,0.91943359375,0.815185546875
plant_0612,612,00,612,ref,0.001214363845065236,0.0006235130131244659,0.0005908507737331092,0.8385009765625,0.4561767578125,0.01906159147620201,0.16396328095924823,0.16650390625,0.1614990234375,0.6609588225318664,0.8424072265625,0.5438232421875,0.8546970899942906,0.87646484375,0.833984375
plant_0614,614,00,614,ref,0.0006516360444948077,0.0003564335056580603,0.00029520256794057786,0.76513671875,0.1968994140625,0.013837076723575592,0.1403701826712828,0.10009765625,0.23486328125,0.8442169268673836,0.8897705078125,0.8031005859375,0.9443372944504136,0.9368896484375,0.951904296875
plant_0615,615,00,615,ref,0.0009647220140323043,0.00041781310574151576,0.0005469088791869581,0.77880859375,0.3302001953125,0.01566239632666111,0.34607166793073413,0.7947998046875,0.22119140625,0.7545643453953259,0.8638916015625,0.6697998046875,0.8758875647552892,0.908447265625,0.8455810546875
plant_0616,616,00,616,ref,0.0005878970259800553,0.0002843032998498529,0.00030359369702637196,0.721435546875,0.2061767578125,0.014000692404806614,0.41376307809680873,0.803955078125,0.278564453125,0.8371583628448245,0.885498046875,0.7938232421875,0.9395323113154882,0.9332275390625,0.9459228515625
plant_0618,618,00,618,ref,0.0005730054108425975,0.00023328526003751904,0.0003397201362531632,0.613037109375,0.1956787109375,0.01198603305965662,0.5278037179913222,0.829833984375,0.386962890625,0.8512218301426058,0.9039306640625,0.8043212890625,0.9302472151663879,0.9405517578125,0.920166015625
plant_0619,619,00,619,ref,0.0010177330113947392,0.00042770509026013315,0.0005900280084460974,0.8814697265625,0.4244384765625,0.018531812354922295,0.20089624349469756,0.658447265625,0.1185302734375,0.6869525888218379,0.851806640625,0.5755615234375,0.8768284729861643,0.8980712890625,0.8565673828125
plant_0620,620,00,620,ref,0.0010168522130697966,0.0004724268219433725,0.0005444253911264241,0.861572265625,0.3983154296875,0.01784757897257805,0.2329764887971698,0.7349853515625,0.138427734375,0.7050572449566286,0.851318359375,0.6016845703125,0.8864140953120697,0.893798828125,0.879150390625
plant_0621,621,00,621,ref,0.0015723735559731722,0.0006123526254668832,0.0009600209887139499,0.80859375,0.5142822265625,0.020507168024778366,0.3056793722693395,0.758544921875,0.19140625,0.6126365084441427,0.829345703125,0.4857177734375,0.8006634119511733,0.87353515625,0.739013671875
plant_0623,623,00,623,ref,0.0008720520418137312,0.000381839374313131,0.0004902126383967698,0.7313232421875,0.193603515625,0.013493698090314865,0.390723824589713,0.7159423828125,0.2686767578125,0.838004927766617,0.8721923828125,0.806396484375,0.9226272703123967,0.9288330078125,0.91650390625
plant_0624,624,00,624,ref,0.00042085902532562613,0.00018743876717053354,0.00023342027270700783,0.62255859375,0.1300048828125,0.01204876322299242,0.5200168780816059,0.835693359375,0.37744140625,0.8961038512249064,0.923828125,0.8699951171875,0.9658147428105647,0.9635009765625,0.9681396484375
plant_0625,625,00,625,ref,0.0007541627273894846,0.00030785772833041847,0.00044630502816289663,0.7431640625,0.2498779296875,0.014525631442666054,0.3849326701161406,0.7679443359375,0.2568359375,0.8047329943299698,0.867919921875,0.7501220703125,0.9155786098635091,0.9185791015625,0.91259765625
plant_0626,626,00,626,ref,0.004348193295300007,0.003532741917297244,0.0008154514362104237,0.9193115234375,0.5841064453125,0.022298313677310944,0.036616525036549705,0.023681640625,0.0806884765625,0.10514642177483974,0.0601806640625,0.4158935546875,0.17062366326045628,0.0970458984375,0.70556640625
plant_0627,627,00,627,ref,0.0018867270555347204,0.0009950329549610615,0.0008916941005736589,0.9090576171875,0.5118408203125,0.02035202458500862,0.046515984015984016,0.03125,0.0909423828125,0.610473426921793,0.8145751953125,0.4881591796875,0.7929059906867938,0.8717041015625,0.7271728515625
plant_0628,628,00,628,ref,0.00045329597196541727,0.00020774656150024384,0.00024554936680942774,0.588623046875,0.1512451171875,0.011571179144084454,0.5467004749415074,0.814697265625,0.411376953125,0.8749013602451126,0.9027099609375,0.8487548828125,0.9547680489275041,0.9468994140625,0.9627685546875
plant_0629,629,00,629,ref,0.0010110903531312943,0.00046064500929787755,0.0005504452856257558,0.8275146484375,0.3941650390625,0.017380118370056152,0.2823977116595796,0.7784423828125,0.1724853515625,0.7120423194933428,0.8634033203125,0.6058349609375,0.8648893843400162,0.908447265625,0.8253173828125
plant_0630,630,00,630,ref,0.0005961342831142247,0.00023814027372281998,0.0003579940239433199,0.698974609375,0.2012939453125,0.013102523051202297,0.4400410446107049,0.817626953125,0.301025390625,0.8447752956902139,0.896484375,0.7987060546875,0.9326653861824777,0.9410400390625,0.9244384765625
plant_0632,632,00,632,ref,0.0011160483118146658,0.0005589818465523422,0.0005570664070546627,0.85595703125,0.3692626953125,0.017059579491615295,0.24295298393520978,0.775390625,0.14404296875,0.7266391858383934,0.85693359375,0.6307373046875,0.885150406915627,0.9013671875,0.8695068359375
plant_0635,635,00,635,ref,0.0017440308583900332,0.0008703190251253545,0.0008737118332646787,0.9410400390625,0.6185302734375,0.023322246968746185,0.10926672797259572,0.7445068359375,0.0589599609375,0.5167410029994708,0.8006591796875,0.3814697265625,0.7643004474510345,0.85400390625,0.691650390625
plant_0636,636,00,636,ref,0.0007412147242575884,0.00033059867564588785,0.00041061604861170053,0.777099609375,0.303955078125,0.015603234060108662,0.34557519314823937,0.7685546875,0.222900390625,0.7699158126273711,0.861328125,0.696044921875,0.9096872313716035,0.9158935546875,0.903564453125
plant_0637,637,00,637,ref,0.0006880896398797631,0.00029386585811153054,0.00039422381087206304,0.6751708984375,0.2601318359375,0.013814671896398067,0.46359206616281884,0.809326171875,0.3248291015625,0.8096315847922426,0.8939208984375,0.7398681640625,0.9157417008128457,0.93359375,0.8985595703125
plant_0638,638,00,638,ref,0.0011044064303860068,0.00038693365058861673,0.0007174726924858987,0.6756591796875,0.300048828125,0.013811458833515644,0.46031583525443986,0.7926025390625,0.3243408203125,0.7799579477766837,0.880615234375,0.699951171875,0.8905413634088108,0.92138671875,0.8616943359375
plant_0641,641,00,641,ref,0.0004865342052653432,0.00024466015747748315,0.00024187406233977526,0.6180419921875,0.156005859375,0.011901581659913063,0.521492768881529,0.8216552734375,0.3819580078125,0.8750920650096643,0.9085693359375,0.843994140625,0.9522064134656214,0.9444580078125,0.9600830078125
plant_0642,642,00,642,ref,0.0006486140191555023,0.000330848473822698,0.0003177655744366348,0.718505859375,0.2052001953125,0.013619130477309227,0.41819116140140533,0.81298828125,0.281494140625,0.8329185846169488,0.8748779296875,0.7947998046875,0.9369658728350045,0.917724609375,0.95703125
plant_0643,643,00,643,ref,0.0008472943445667624,0.0003793437499552965,0.00046795059461146593,0.76220703125,0.3277587890625,0.01568620465695858,0.36353448536526367,0.771484375,0.23779296875,0.7594583465537591,0.8726806640625,0.6722412109375,0.9042122709974777,0.9180908203125,0.8907470703125
plant_0644,644,00,644,ref,0.0008379347855225205,0.0005173125537112355,0.000320622231811285,0.731689453125,0.2257080078125,0.013722894713282585,0.1196917321160304,0.0770263671875,0.268310546875,0.8191959831207767,0.86962890625,0.7742919921875,0.9286692044712391,0.9224853515625,0.9349365234375
plant_0646,646,00,646,ref,0.0008231874089688063,0.0004969577421434224,0.00032622963772155344,0.7733154296875,0.2293701171875,0.0146802281960845,0.21158094586893308,0.1983642578125,0.2266845703125,0.8088568374811818,0.85107421875,0.7706298828125,0.9320275232477744,0.9129638671875,0.951904296875
plant_0647,647,00,647,ref,0.0014697262085974216,0.0009509707451798022,0.0005187554634176195,0.8336181640625,0.374755859375,0.016758790239691734,0.07028862282081887,0.0445556640625,0.1663818359375,0.7244965775001027,0.8612060546875,0.625244140625,0.8704943200229455,0.8951416015625,0.84716796875
plant_0649,649,00,649,ref,0.0008934249635785818,0.0004893364966847003,0.00040408840868622065,0.7200927734375,0.26318359375,0.014241215772926807,0.40429536649844017,0.7276611328125,0.2799072265625,0.8053497429094666,0.887939453125,0.73681640625,0.9197282344963169,0.9228515625,0.9166259765625
plant_0650,650,00,650,ref,0.0005759925115853548,0.0002782886731438339,0.0002977038675453514,0.7332763671875,0.1905517578125,0.013939776457846165,0.40017693914539504,0.8009033203125,0.2667236328125,0.8435893496147353,0.8807373046875,0.8094482421875,0.9452651595379874,0.928955078125,0.962158203125
plant_0654,654,00,654,ref,0.0016363896429538727,0.0007960195653140545,0.0008403700776398182,0.80078125,0.3726806640625,0.016420472413301468,0.11559713462374946,0.0814208984375,0.19921875,0.7080939456932906,0.812744140625,0.6273193359375,0.8381910675512392,0.8763427734375,0.80322265625
plant_0655,655,00,655,ref,0.0009547163499519229,0.00047165900468826294,0.00048305734526365995,0.8282470703125,0.3602294921875,0.01695772260427475,0.2829706960307333,0.8028564453125,0.1717529296875,0.7374169685036883,0.8702392578125,0.6397705078125,0.9038562381828618,0.9073486328125,0.900390625
plant_0656,656,00,656,ref,0.0010238430695608258,0.0004262689617462456,0.0005975741078145802,0.7933349609375,0.3746337890625,0.016746986657381058,0.327310677723571,0.786376953125,0.2066650390625,0.724232652173634,0.8602294921875,0.6253662109375,0.8778885735405816,0.9088134765625,0.8489990234375
plant_0657,657,00,657,ref,0.0013514086604118347,0.0008083332795649767,0.000543075380846858,0.880859375,0.43017578125,0.018577920272946358,0.19226571774831816,0.497802734375,0.119140625,0.6560670443311971,0.7730712890625,0.56982421875,0.850155497018361,0.851806640625,0.8485107421875
plant_0658,658,00,658,ref,0.0018825179431587458,0.0011100543197244406,0.0007724635652266443,0.8533935546875,0.4200439453125,0.018010497093200684,0.030022545602111362,0.0167236328125,0.1466064453125,0.12405826884104794,0.0694580078125,0.5799560546875,0.8472460446236076,0.89111328125,0.8074951171875
plant_0660,660,00,660,ref,0.0007390217506326735,0.0003451899392530322,0.00039383178227581084,0.68408203125,0.277587890625,0.014023281633853912,0.44792058419328534,0.7694091796875,0.31591796875,0.8021733561748403,0.9017333984375,0.722412109375,0.9210513650139109,0.93896484375,0.90380859375
plant_0662,662,00,662,ref,0.0010183409322053194,0.0005606459453701973,0.0004576949286274612,0.8109130859375,0.3748779296875,0.016784021630883217,0.30502307141101087,0.7884521484375,0.1890869140625,0.7195329134913275,0.8475341796875,0.6251220703125,0.8864551776370146,0.890625,0.88232421875
plant_0663,663,00,663,ref,0.0011639882577583194,0.0006299060769379139,0.0005340821808204055,0.8848876953125,0.4439697265625,0.018639441579580307,0.16453571175302573,0.288330078125,0.1151123046875,0.5941752804384777,0.637939453125,0.5560302734375,0.8555325871694112,0.880126953125,0.832275390625
plant_0664,664,00,664,ref,0.0017978301038965583,0.0009936376009136438,0.0008041925029829144,0.928466796875,0.5330810546875,0.020674873143434525,0.026139050514295676,0.0159912109375,0.071533203125,0.3079521482663834,0.229736328125,0.4669189453125,0.8371721281038298,0.8624267578125,0.8133544921875
plant_0665,665,00,665,ref,0.001309067360125482,0.0008123479783535004,0.0004967193817719817,0.875244140625,0.380615234375,0.017654361203312874,0.0635153828181984,0.0426025390625,0.124755859375,0.49351027092719946,0.41015625,0.619384765625,0.887974306384889,0.8831787109375,0.892822265625
plant_0666,666,00,666,ref,0.0007545144180767238,0.0003452443634159863,0.0004092700546607375,0.69482421875,0.2415771484375,0.013269543647766113,0.4430402789199561,0.80810546875,0.30517578125,0.8208218956275388,0.8944091796875,0.7584228515625,0.9169946891738472,0.9339599609375,0.900634765625
plant_0668,668,00,668,ref,0.00040485896170139313,0.00015273102326318622,0.0002521279384382069,0.6688232421875,0.1484375,0.012687060981988907,0.4747592899343616,0.838134765625,0.3311767578125,0.8853811773005713,0.9219970703125,0.8515625,0.961897192630671,0.9578857421875,0.9659423828125
plant_0669,669,00,669,ref,0.0007702151779085398,0.00035318569280207157,0.0004170295433141291,0.7186279296875,0.2939453125,0.01432646531611681,0.4152932773601796,0.79248046875,0.2813720703125,0.7796943053135889,0.8704833984375,0.7060546875,0.9036534938107739,0.9178466796875,0.889892578125
plant_0672,672,00,672,ref,0.0009066765778698027,0.00038053764728829265,0.0005261389305815101,0.823974609375,0.4195556640625,0.01794736459851265,0.24406158181105084,0.3978271484375,0.176025390625,0.6954172463951429,0.8671875,0.5804443359375,0.8947889512199277,0.9219970703125,0.869140625
plant_0673,673,00,673,ref,0.0013611516915261745,0.0006349703762680292,0.0007261814316734672,0.869384765625,0.4188232421875,0.018004342913627625,0.05970444022620764,0.0386962890625,0.130615234375,0.685040673819702,0.8341064453125,0.5811767578125,0.8378103265508099,0.8857421875,0.7947998046875
plant_0675,675,00,675,ref,0.0024812021292746067,0.0014606236945837736,0.001020578434690833,0.916748046875,0.5634765625,0.021761013194918633,0.035829954509493674,0.0228271484375,0.083251953125,0.1061552943072955,0.0604248046875,0.4365234375,0.2534826670474958,0.1541748046875,0.7122802734375
plant_0676,676,00,676,ref,0.0011500013060867786,0.0006353782373480499,0.0005146230105310678,0.833251953125,0.357177734375,0.016446806490421295,0.12680114635322143,0.102294921875,0.166748046875,0.7348183900440363,0.8575439453125,0.642822265625,0.8777643708738707,0.89990234375,0.856689453125
plant_0677,677,00,677,ref,0.0006132925627753139,0.0002549377386458218,0.00035835476592183113,0.773681640625,0.2662353515625,0.014856039546430111,0.3510031379624864,0.7816162109375,0.226318359375,0.7955312315504304,0.86865234375,0.7337646484375,0.917114111581592,0.91748046875,0.916748046875
plant_0679,679,00,679,ref,0.001196154858916998,0.0006627616239711642,0.0005333933513611555,0.887939453125,0.40576171875,0.018066057935357094,0.07317233068140132,0.0543212890625,0.112060546875,0.5065454090051862,0.44140625,0.59423828125,0.8888744430175446,0.9083251953125,0.8702392578125
plant_0680,680,00,680,ref,0.0024727091658860445,0.0013724083546549082,0.00110030104406178,0.8155517578125,0.4345703125,0.018185535445809364,0.20519528381975036,0.231201171875,0.1844482421875,0.6685345184245366,0.817626953125,0.5654296875,0.8315729562683217,0.8651123046875,0.800537109375
plant_0681,681,00,681,ref,0.0007460428168997169,0.00035726194619201124,0.00038878084160387516,0.8128662109375,0.292236328125,0.01587064005434513,0.2970049606639678,0.7193603515625,0.1871337890625,0.7633837172849622,0.8284912109375,0.707763671875,0.9076751903886555,0.8936767578125,0.922119140625
plant_0682,682,00,682,ref,0.0005584168829955161,0.000293540331767872,0.0002648765512276441,0.7254638671875,0.1717529296875,0.013552140444517136,0.4065277053813633,0.782958984375,0.2745361328125,0.8495360171226576,0.8719482421875,0.8282470703125,0.9486930282027634,0.9268798828125,0.9715576171875
plant_0685,685,00,685,ref,0.0006651042494922876,0.00040026637725532055,0.00026483784313313663,0.78564453125,0.1766357421875,0.014247859828174114,0.33822819636418266,0.80126953125,0.21435546875,0.8419184411455691,0.861328125,0.8233642578125,0.9385880817646438,0.905029296875,0.9747314453125
plant_0686,686,00,686,ref,0.0011437919456511736,0.0005408718716353178,0.0006029201322235167,0.8436279296875,0.3759765625,0.017070552334189415,0.21167823645228936,0.3275146484375,0.1563720703125,0.7124512046675622,0.830078125,0.6240234375,0.8609784927935706,0.8829345703125,0.840087890625
plant_0687,687,00,687,ref,0.0025065229274332523,0.0016943395603448153,0.000812183425296098,0.8795166015625,0.46630859375,0.019092733040452003,0.03451347351074219,0.0201416015625,0.1204833984375,0.13443645979108357,0.076904296875,0.53369140625,0.7628586781917287,0.7474365234375,0.7789306640625
plant_0688,688,00,688,ref,0.0009437885601073503,0.0003533248382154852,0.0005904637509956956,0.815673828125,0.3577880859375,0.016682961955666542,0.2998858163797097,0.8038330078125,0.184326171875,0.7449576170627594,0.8868408203125,0.6422119140625,0.8893504895662007,0.92431640625,0.85693359375
plant_0691,691,00,691,ref,0.000750242150388658,0.00043395691318437457,0.0003162852954119444,0.7242431640625,0.19580078125,0.0133358808234334,0.2402797511241569,0.212890625,0.2757568359375,0.7940632925376575,0.7841796875,0.80419921875,0.9343487201992162,0.9248046875,0.944091796875
plant_0692,692,00,692,ref,0.001765509252436459,0.0012659690110012889,0.0004995401832275093,0.8350830078125,0.3525390625,0.016939740628004074,0.06316389886295631,0.0390625,0.1649169921875,0.3779304697930574,0.266845703125,0.6474609375,0.7336248170670165,0.6260986328125,0.8857421875
plant_0693,693,00,693,ref,0.0008279610774479806,0.00036575982812792063,0.00046220124932006,0.709716796875,0.300048828125,0.014745556749403477,0.4186966777868156,0.7508544921875,0.290283203125,0.7802929235213238,0.8814697265625,0.699951171875,0.8988159709851724,0.922607421875,0.876220703125
plant_0694,694,00,694,ref,0.0008097807876765728,0.00035392690915614367,0.0004558539076242596,0.8050537109375,0.2894287109375,0.015349989756941795,0.3131727103002557,0.7957763671875,0.1949462890625,0.7848476048717407,0.87646484375,0.7105712890625,0.9075004203093476,0.916748046875,0.8984375
plant_0696,696,00,696,ref,0.0007941188523545861,0.0004038734477944672,0.0003902454045601189,0.78564453125,0.312255859375,0.015715669840574265,0.16858087314270906,0.138916015625,0.21435546875,0.7689212041865607,0.871826171875,0.687744140625,0.9153300712225778,0.9189453125,0.9117431640625
plant_0697,697,00,697,ref,0.0006298943771980703,0.00030082586454227567,0.00032906848355196416,0.7315673828125,0.2301025390625,0.013636508025228977,0.39976540271890604,0.78271484375,0.2684326171875,0.8196253577470337,0.876220703125,0.7698974609375,0.9255184977578476,0.92138671875,0.9296875
plant_0700,700,00,700,ref,0.0010911255376413465,0.0004546712734736502,0.0006364542641676962,0.8570556640625,0.411865234375,0.018069086596369743,0.216834291766579,0.4488525390625,0.1429443359375,0.7028927686737805,0.873291015625,0.588134765625,0.8654954257238415,0.9144287109375,0.821533203125
plant_0702,702,00,702,ref,0.0013468312099575996,0.0006077070720493793,0.0007391241379082203,0.882568359375,0.4937744140625,0.019860047847032547,0.175561843832021,0.34765625,0.117431640625,0.6312768632262823,0.83837890625,0.5062255859375,0.8513285914574558,0.9097900390625,0.7999267578125
plant_0704,704,00,704,ref,0.0023536793887615204,0.001430227654054761,0.0009234516764990985,0.8758544921875,0.593505859375,0.023293981328606606,0.06082853389476615,0.040283203125,0.1241455078125,0.5062176323477338,0.6707763671875,0.406494140625,0.7678922329883393,0.876708984375,0.68310546875
plant_0705,705,00,705,ref,0.001911900588311255,0.0007410977268591523,0.0011708028614521027,0.946044921875,0.6961669921875,0.026152269914746284,0.09902816573556797,0.6015625,0.053955078125,0.43918203290353125,0.7919921875,0.3038330078125,0.7058174823374147,0.8389892578125,0.609130859375
plant_0706,706,00,706,ref,0.0011091878404840827,0.00048040252295322716,0.000628785346634686,0.801513671875,0.3720703125,0.01675289496779442,0.31490303907739986,0.7615966796875,0.198486328125,0.7247288459364466,0.8568115234375,0.6279296875,0.8719586273374694,0.90478515625,0.8414306640625
plant_0707,707,00,707,ref,0.00048110634088516235,0.00025183073012158275,0.00022927559621166438,0.5355224609375,0.133056640625,0.010845697484910488,0.598827678081512,0.842529296875,0.4644775390625,0.8868024870266389,0.9075927734375,0.866943359375,0.9545332178589695,0.941650390625,0.9677734375
plant_0708,708,00,708,ref,0.0008862694958224893,0.00038936067721806467,0.0004969087312929332,0.7257080078125,0.343505859375,0.015732740983366966,0.4100974982621335,0.812255859375,0.2742919921875,0.753015959555908,0.8828125,0.656494140625,0.8889106736358804,0.91845703125,0.8612060546875
plant_0709,709,00,709,ref,0.000599225633777678,0.0003196900652255863,0.0002795355976559222,0.6802978515625,0.1827392578125,0.013024391606450081,0.24182598407451922,0.1944580078125,0.3197021484375,0.8530374211106548,0.89208984375,0.8172607421875,0.9436012416114166,0.942138671875,0.945068359375
plant_0710,710,00,710,ref,0.0018267123959958553,0.0011895126663148403,0.0006371997878886759,0.90478515625,0.580078125,0.022012799978256226,0.04351064076409496,0.0281982421875,0.09521484375,0.42682552269478197,0.4339599609375,0.419921875,0.8215473472921915,0.867431640625,0.7802734375
plant_0711,711,00,711,ref,0.0010542371310293674,0.0005206632195040584,0.0005335739115253091,0.8638916015625,0.4146728515625,0.018036259338259697,0.0826342056722361,0.059326171875,0.1361083984375,0.6936178939247472,0.85107421875,0.5853271484375,0.8653173490999718,0.89599609375,0.836669921875
plant_0712,712,00,712,ref,0.001223606406711042,0.0007741016452200711,0.00044950481969863176,0.8441162109375,0.3118896484375,0.016336239874362946,0.17874813366605413,0.20947265625,0.1558837890625,0.7280124725504993,0.7728271484375,0.6881103515625,0.8912467285189687,0.8846435546875,0.89794921875
plant_0713,713,00,713,ref,0.000761543633416295,0.00044629519106820226,0.0003152484423480928,0.7750244140625,0.261474609375,0.015171987935900688,0.3498473561138188,0.7862548828125,0.2249755859375,0.7929168640426428,0.85595703125,0.738525390625,0.9233101708026454,0.8985595703125,0.949462890625
plant_0714,714,00,714,ref,0.0005353001179173589,0.0003049978113267571,0.00023030227748677135,0.670654296875,0.118408203125,0.012212768197059631,0.44457701901355423,0.683837890625,0.329345703125,0.8887355842689878,0.89599609375,0.881591796875,0.957449954594698,0.9404296875,0.97509765625
plant_0718,718,00,718,ref,0.0013719398993998766,0.0008918027742765844,0.0004801371833309531,0.8873291015625,0.3804931640625,0.01785707287490368,0.043372874289151354,0.02685546875,0.1126708984375,0.4719980113766315,0.3812255859375,0.6195068359375,0.8851318191025376,0.88525390625,0.885009765625
plant_0719,719,00,719,ref,0.00045014958595857024,0.00018907162302639335,0.0002610779774840921,0.65478515625,0.1365966796875,0.012235259637236595,0.484856392464203,0.814208984375,0.34521484375,0.8864527553118979,0.9107666015625,0.8634033203125,0.9568326920508547,0.9530029296875,0.960693359375
plant_0720,720,00,720,ref,0.0005623721517622471,0.0002245236246380955,0.00033784849802032113,0.723388671875,0.2349853515625,0.013838015496730804,0.40927931728312666,0.7864990234375,0.276611328125,0.8284346818522719,0.9033203125,0.7650146484375,0.9422301257702179,0.9476318359375,0.9368896484375
plant_0723,723,00,723,ref,0.0006157326279208064,0.00025064792134799063,0.00036508473567664623,0.7535400390625,0.227783203125,0.014139587990939617,0.3796482029738362,0.8260498046875,0.2464599609375,0.830715505207192,0.8988037109375,0.772216796875,0.9280029039986272,0.9376220703125,0.9185791015625
plant_0724,724,00,724,ref,0.000802992086391896,0.000394901231629774,0.00040809085476212204,0.7613525390625,0.2647705078125,0.015179429203271866,0.35244724027670926,0.6737060546875,0.2386474609375,0.7963400573776925,0.8685302734375,0.7352294921875,0.9202476063273063,0.9263916015625,0.9141845703125
plant_0725,725,00,725,ref,0.0012101896572858095,0.0006281100213527679,0.0005820796941407025,0.8140869140625,0.4163818359375,0.017855297774076462,0.11418683622184941,0.0823974609375,0.1859130859375,0.6801492298649298,0.81494140625,0.5836181640625,0.8742350135452293,0.88818359375,0.8607177734375
plant_0727,727,00,727,ref,0.0009323280537500978,0.00037792633520439267,0.0005544016603380442,0.7947998046875,0.384521484375,0.01711074821650982,0.324519268175028,0.775390625,0.2052001953125,0.7208908452241535,0.869873046875,0.615478515625,0.8803977979512807,0.9149169921875,0.848388671875
plant_0728,728,00,728,ref,0.0020342301577329636,0.001381106092594564,0.0006531240651383996,0.91943359375,0.5279541015625,0.02060592547059059,0.04323075457317073,0.029541015625,0.08056640625,0.4859086921416133,0.5006103515625,0.4720458984375,0.829957853919942,0.8768310546875,0.787841796875
plant_0729,729,00,729,ref,0.0007479119230993092,0.0002989808563143015,0.00044893112499266863,0.7762451171875,0.2734375,0.014925839379429817,0.34866829070143995,0.789306640625,0.2237548828125,0.7895528042043886,0.864501953125,0.7265625,0.907201269761184,0.9161376953125,0.8984375
plant_0730,730,00,730,ref,0.0009533222764730453,0.0004082030209247023,0.0005451192264445126,0.747314453125,0.427001953125,0.017421549186110497,0.3822114323345891,0.7841796875,0.252685546875,0.6874804387838817,0.859130859375,0.572998046875,0.856788129084387,0.9052734375,0.813232421875
plant_0732,732,00,732,ref,0.0012970110401511192,0.0005995285464450717,0.0006974823190830648,0.9022216796875,0.53076171875,0.020724985748529434,0.1364022338498395,0.2254638671875,0.0977783203125,0.5810148199068569,0.7626953125,0.46923828125,0.8301765257885235,0.8773193359375,0.787841796875
plant_0733,733,00,733,ref,0.0006174871232360601,0.0002483693533577025,0.0003691177407745272,0.7391357421875,0.30419921875,0.015147718600928783,0.39556196160320245,0.81787109375,0.2608642578125,0.7755617282152842,0.8759765625,0.69580078125,0.9257760349708267,0.923583984375,0.927978515625
plant_0734,734,00,734,ref,0.0015775486826896667,0.0008287677774205804,0.0007487807888537645,0.8455810546875,0.4599609375,0.01880270428955555,0.21856988423853396,0.3739013671875,0.1544189453125,0.631793518095037,0.7611083984375,0.5400390625,0.8062190395916522,0.8663330078125,0.75390625
plant_0736,736,00,736,ref,0.0008806997793726623,0.00040762644493952394,0.00047307333443313837,0.812744140625,0.3592529296875,0.016407663002610207,0.2998138931665258,0.7515869140625,0.187255859375,0.736038193159818,0.8646240234375,0.6407470703125,0.8929352282044274,0.91162109375,0.875
plant_0737,737,00,737,ref,0.0005057895905338228,0.00026220345171168447,0.00024358615337405354,0.6900634765625,0.1397705078125,0.012780723161995411,0.4460237520538772,0.795166015625,0.3099365234375,0.8732140882959906,0.8865966796875,0.8602294921875,0.955142688538007,0.9368896484375,0.97412109375
plant_0738,738,00,738,ref,0.0014863456599414349,0.0007657845853827894,0.0007205610745586455,0.8421630859375,0.4854736328125,0.019441552460193634,0.2572892966179731,0.695556640625,0.1578369140625,0.627399129838411,0.8037109375,0.5145263671875,0.8033493682301924,0.85009765625,0.761474609375
plant_0739,739,00,739,ref,0.0007341217715293169,0.0003378563851583749,0.000396265386370942,0.66015625,0.25341796875,0.013334673829376698,0.47650377832062707,0.7969970703125,0.33984375,0.8138877008330854,0.89453125,0.74658203125,0.9243127315693491,0.939697265625,0.909423828125
plant_0741,741,00,741,ref,0.0007656968082301319,0.0004080162907484919,0.00035768051748164,0.827392578125,0.2989501953125,0.01592353917658329,0.08612047588243099,0.057373046875,0.172607421875,0.7762440166001963,0.8695068359375,0.7010498046875,0.935827207605736,0.9310302734375,0.940673828125
plant_0742,742,00,742,ref,0.0013531516306102276,0.0007769130752421916,0.0005762386135756969,0.92236328125,0.4906005859375,0.019846396520733833,0.06780319281443756,0.0601806640625,0.07763671875,0.6299706307804211,0.8253173828125,0.5093994140625,0.856604989718345,0.876708984375,0.83740234375
plant_0744,744,00,744,ref,0.0006739423261024058,0.00034406891791149974,0.00032987340819090605,0.7451171875,0.2860107421875,0.014961854554712772,0.38539186652839447,0.789794921875,0.2548828125,0.7859918639808321,0.8741455078125,0.7139892578125,0.930268234975725,0.925048828125,0.935546875
plant_0748,748,00,748,ref,0.0007251813658513129,0.0002959459670819342,0.00042923539876937866,0.78125,0.2513427734375,0.014931615442037582,0.34113815142576204,0.7744140625,0.21875,0.8068611041764567,0.8748779296875,0.7486572265625,0.9212722095996191,0.9283447265625,0.914306640625
plant_0749,749,00,749,ref,0.0008877632208168507,0.0003743249108083546,0.000513438368216157,0.7093505859375,0.250244140625,0.013888821005821228,0.4224109266480599,0.772705078125,0.2906494140625,0.8034717416820965,0.865478515625,0.749755859375,0.8991618871187318,0.916259765625,0.8826904296875
plant_0750,750,00,750,ref,0.0008089244365692139,0.00039466211455874145,0.0004142623220104724,0.8016357421875,0.2757568359375,0.015277286060154438,0.2919700109303908,0.5528564453125,0.1983642578125,0.7940643524346539,0.8787841796875,0.7242431640625,0.9101169406088636,0.9161376953125,0.9041748046875
plant_0751,751,00,751,ref,0.0008947099559009075,0.0003682151436805725,0.000526494812220335,0.7313232421875,0.2830810546875,0.014619755558669567,0.3980138492853882,0.7674560546875,0.2686767578125,0.7847759257999172,0.8668212890625,0.7169189453125,0.9087812949853529,0.9207763671875,0.8970947265625
plant_0752,752,00,752,ref,0.001171040115877986,0.0006735412171110511,0.0004974989569745958,0.804931640625,0.349853515625,0.01614554412662983,0.3083635712470488,0.735595703125,0.195068359375,0.7270964490047178,0.82470703125,0.650146484375,0.8669470371233986,0.877197265625,0.85693359375
plant_0753,753,00,753,ref,0.002718119416385889,0.002003303961828351,0.0007148152799345553,0.9014892578125,0.502197265625,0.020046288147568703,0.035767591990998986,0.0218505859375,0.0985107421875,0.11603893894876516,0.065673828125,0.497802734375,0.27620209681305063,0.1680908203125,0.7740478515625
plant_0755,755,00,755,ref,0.0008101872517727315,0.000415057351347059,0.000395129929529503,0.7813720703125,0.283203125,0.015031903982162476,0.3412611003482012,0.7772216796875,0.2186279296875,0.7867470848701399,0.871826171875,0.716796875,0.9034143205769101,0.9124755859375,0.89453125
plant_0757,757,00,757,ref,0.0005464956630021334,0.00022155692568048835,0.0003249387664254755,0.7381591796875,0.22900390625,0.013912822119891644,0.39668366220322215,0.81787109375,0.2618408203125,0.8324982954441975,0.9046630859375,0.77099609375,0.940107769945384,0.944091796875,0.9361572265625
plant_0758,758,00,758,ref,0.001179889077320695,0.0005708282697014511,0.0006090608076192439,0.8653564453125,0.452880859375,0.018839288502931595,0.1171233380427126,0.1036376953125,0.1346435546875,0.6686220375146447,0.8594970703125,0.547119140625,0.8590893845495958,0.899658203125,0.822021484375
plant_0760,760,00,760,ref,0.0009261670638807118,0.0003950299578718841,0.0005311371060088277,0.694580078125,0.3050537109375,0.014120408333837986,0.4416654703758025,0.79736328125,0.305419921875,0.7766508167310897,0.880126953125,0.6949462890625,0.885371464775191,0.922119140625,0.8514404296875
plant_0762,762,00,762,ref,0.0007520890794694424,0.00047460716450586915,0.00027748188585974276,0.7352294921875,0.2010498046875,0.013307882472872734,0.11742244264666307,0.075439453125,0.2647705078125,0.8329045558915771,0.869873046875,0.7989501953125,0.9394910312946255,0.91259765625,0.968017578125
plant_0763,763,00,763,ref,0.002273951191455126,0.0011140176793560386,0.001159933628514409,0.87255859375,0.4056396484375,0.017940232530236244,0.05907879759933775,0.0384521484375,0.12744140625,0.1835312096349644,0.1085205078125,0.5943603515625,0.7768097785906604,0.7496337890625,0.8060302734375
plant_0764,764,00,764,ref,0.0008098683319985867,0.0004409504763316363,0.0003689178265631199,0.7801513671875,0.2725830078125,0.015090586617588997,0.3413374624464352,0.762939453125,0.2198486328125,0.7770110201145914,0.8338623046875,0.7274169921875,0.9002749158767873,0.8812255859375,0.920166015625
plant_0767,767,00,767,ref,0.0007951013976708055,0.0004126241838093847,0.0003824772429652512,0.7755126953125,0.220947265625,0.014196311123669147,0.3291568316010013,0.61669921875,0.2244873046875,0.8139739786981778,0.8521728515625,0.779052734375,0.9143649912609291,0.90380859375,0.9251708984375
plant_0769,769,00,769,ref,0.001550133223645389,0.0008688217494636774,0.0006813115323893726,0.8489990234375,0.365478515625,0.01659584231674671,0.06129549950668492,0.0384521484375,0.1510009765625,0.5074999819614407,0.4228515625,0.634521484375,0.843981291118421,0.8800048828125,0.810791015625
plant_0770,770,00,770,ref,0.0007918418268673122,0.0003468607901595533,0.0004449810367077589,0.782470703125,0.355712890625,0.01663435436785221,0.3410517531943434,0.7891845703125,0.217529296875,0.7395675407904827,0.867919921875,0.644287109375,0.9021366003787878,0.916015625,0.888671875
plant_0771,771,00,771,ref,0.0007369475206360221,0.00029731259564869106,0.0004396349540911615,0.7310791015625,0.244384765625,0.014242738485336304,0.40083145014562616,0.7867431640625,0.2689208984375,0.8099397721788553,0.8726806640625,0.755615234375,0.9231492768595041,0.92578125,0.9205322265625
plant_0772,772,00,772,ref,0.001335327047854662,0.0006922219763509929,0.0006431051297113299,0.8380126953125,0.423828125,0.01719829998910427,0.09590335916777189,0.068115234375,0.1619873046875,0.6929246689965368,0.8690185546875,0.576171875,0.8436233016794004,0.898681640625,0.794921875
plant_0773,773,00,773,ref,0.0010288094636052847,0.0005697585293091834,0.0004590509051922709,0.8834228515625,0.4378662109375,0.018859129399061203,0.2026567823543008,0.774658203125,0.1165771484375,0.6753988251108137,0.8458251953125,0.5621337890625,0.8842530105734056,0.879638671875,0.888916015625
plant_0775,775,00,775,ref,0.0012408822076395154,0.0005879724049009383,0.0006529096863232553,0.79052734375,0.3271484375,0.015598142519593239,0.29141113541112296,0.4786376953125,0.20947265625,0.7513985320186684,0.8507080078125,0.6728515625,0.8827260191179773,0.904541015625,0.8619384765625
plant_0776,776,00,776,ref,0.001097742817364633,0.0004395542200654745,0.0006581885972991586,0.83349609375,0.39697265625,0.017434285953640938,0.27598048591494034,0.8057861328125,0.16650390625,0.7093552163661943,0.8612060546875,0.60302734375,0.8581664086065028,0.8995361328125,0.8204345703125
plant_0777,777,00,777,ref,0.0006883293390274048,0.0003139754117000848,0.0003743538982234895,0.8055419921875,0.271484375,0.015523506328463554,0.3117912536567907,0.7861328125,0.1944580078125,0.7975770940770515,0.881103515625,0.728515625,0.9321192512419794,0.924072265625,0.9403076171875
plant_0779,779,00,779,ref,0.0005594008835032582,0.00025963864754885435,0.0002997622068505734,0.7281494140625,0.2567138671875,0.014124738052487373,0.4061545957344087,0.802734375,0.2718505859375,0.8115227820400477,0.8935546875,0.7432861328125,0.9440253594346028,0.9417724609375,0.9462890625
plant_0780,780,00,780,ref,0.0005828371504321694,0.00029335267026908696,0.000289484451059252,0.7364501953125,0.1993408203125,0.013721576891839504,0.3953704675020257,0.791015625,0.2635498046875,0.8323150558795669,0.8665771484375,0.8006591796875,0.9300933225216507,0.91650390625,0.944091796875
plant_0781,781,00,781,ref,0.0006377531681209803,0.0003475635894574225,0.0002901895495597273,0.634033203125,0.218017578125,0.012852073647081852,0.4996302998623756,0.787109375,0.365966796875,0.830151118630063,0.8846435546875,0.781982421875,0.9300267782435359,0.925048828125,0.93505859375
plant_0782,782,00,782,ref,0.0009528925293125212,0.000343152554705739,0.0006097400328144431,0.75146484375,0.2869873046875,0.014617698267102242,0.37821709391514974,0.7908935546875,0.24853515625,0.7889764952796368,0.883056640625,0.7130126953125,0.9013631080294023,0.9300537109375,0.8743896484375
plant_0785,785,00,785,ref,0.001969145145267248,0.0009525822242721915,0.0010165628045797348,0.9027099609375,0.580322265625,0.022474117577075958,0.13179452255187246,0.2042236328125,0.0972900390625,0.5508716037532491,0.8013916015625,0.419677734375,0.7509869389187395,0.8323974609375,0.68408203125
plant_0786,786,00,786,ref,0.0022132208105176687,0.0007733707898296416,0.0014398498460650444,0.8558349609375,0.5550537109375,0.02182595618069172,0.10346698243247829,0.0806884765625,0.1441650390625,0.5507751241505489,0.72265625,0.4449462890625,0.7727679813153888,0.865478515625,0.697998046875
plant_0788,788,00,788,ref,0.0005912163760513067,0.00026267440989613533,0.00032854193705134094,0.6851806640625,0.2059326171875,0.01305828895419836,0.4513516566394241,0.7969970703125,0.3148193359375,0.840229411944364,0.89208984375,0.7940673828125,0.934008931051101,0.9373779296875,0.9306640625
plant_0790,790,00,790,ref,0.0013953284360468388,0.0006546387448906898,0.0007406896911561489,0.855712890625,0.435302734375,0.018131274729967117,0.24331217966261942,0.775634765625,0.144287109375,0.6742521755079929,0.8365478515625,0.564697265625,0.8300629187619074,0.8819580078125,0.783935546875
plant_0791,791,00,791,ref,0.0012297097127884626,0.0008455601637251675,0.0003841494908556342,0.8643798828125,0.3016357421875,0.016467370092868805,0.09470367878588166,0.07275390625,0.1356201171875,0.7876824913955316,0.9031982421875,0.6983642578125,0.9212646322628196,0.921142578125,0.92138671875
plant_0792,792,00,792,ref,0.0012597199529409409,0.0005760292988270521,0.0006836906541138887,0.8499755859375,0.3988037109375,0.017905347049236298,0.25256492266973024,0.7979736328125,0.1500244140625,0.7053901906079522,0.853271484375,0.6011962890625,0.8628087019502544,0.892578125,0.8349609375
plant_0793,793,00,793,ref,0.0009918466676026583,0.00047602620907127857,0.0005158204585313797,0.71484375,0.3154296875,0.01500137709081173,0.4192637471655329,0.79150390625,0.28515625,0.7675940388984644,0.87353515625,0.6845703125,0.8900146317063716,0.9139404296875,0.8673095703125
plant_0794,794,00,794,ref,0.0006515207933261991,0.0002650375245139003,0.00038648329791612923,0.7860107421875,0.2760009765625,0.015122709795832634,0.33922347742665326,0.81787109375,0.2139892578125,0.8010619703389831,0.896484375,0.7239990234375,0.931138294102707,0.9395751953125,0.9228515625
plant_0795,795,00,795,ref,0.0006567747332155704,0.0003358051471877843,0.00032096949871629477,0.7247314453125,0.2030029296875,0.013469083234667778,0.4021789375728221,0.7462158203125,0.2752685546875,0.8345117101980406,0.875732421875,0.7969970703125,0.9269934496755251,0.9241943359375,0.9298095703125
plant_0797,797,00,797,ref,0.0011108722537755966,0.00048462869017384946,0.0006262434180825949,0.869873046875,0.4373779296875,0.018446266651153564,0.2003207319007885,0.4349365234375,0.130126953125,0.6871792496594941,0.882568359375,0.5626220703125,0.8698117598425369,0.922119140625,0.8231201171875
plant_0798,798,00,798,ref,0.0007271043723449111,0.0003436064289417118,0.00038349797250702977,0.771484375,0.2867431640625,0.015201517380774021,0.35495984699355765,0.794677734375,0.228515625,0.7853506422776443,0.8736572265625,0.7132568359375,0.9134647330898811,0.920166015625,0.9068603515625
plant_0799,799,00,799,ref,0.0005389653379097581,0.0002444380661472678,0.00029452730086632073,0.6519775390625,0.1966552734375,0.012843616306781769,0.48444073417339784,0.7967529296875,0.3480224609375,0.8490494924617996,0.9002685546875,0.8033447265625,0.945676441914007,0.9442138671875,0.9471435546875
plant_0800,800,00,800,ref,0.0007671015337109566,0.0003976724692620337,0.00036942909355275333,0.7821044921875,0.2572021484375,0.014943724498152733,0.21977130918494864,0.2216796875,0.2178955078125,0.8024147891652339,0.8724365234375,0.7427978515625,0.9213250002587777,0.922119140625,0.9205322265625
plant_0801,801,00,801,ref,0.0007734273094683886,0.0003936953726224601,0.00037973193684592843,0.760986328125,0.2557373046875,0.01464051567018032,0.36950820878623186,0.8138427734375,0.239013671875,0.8131112872804569,0.89599609375,0.7442626953125,0.9236702038425009,0.9332275390625,0.914306640625
plant_0803,803,00,803,ref,0.001206244807690382,0.0005535534583032131,0.0006526914075948298,0.858154296875,0.3668212890625,0.017138201743364334,0.24207426017469386,0.8250732421875,0.141845703125,0.7345734235536249,0.8746337890625,0.6331787109375,0.8886283407234877,0.9049072265625,0.8729248046875
plant_0804,804,00,804,ref,0.001553715905174613,0.0006385160959325731,0.0009151998674497008,0.883056640625,0.5057373046875,0.02022206224501133,0.06828178411400591,0.0482177734375,0.116943359375,0.6069314058179998,0.7861328125,0.4942626953125,0.813186560301262,0.8931884765625,0.746337890625
plant_0805,805,00,805,ref,0.0011033938499167562,0.0005586057086475194,0.0005447880830615759,0.783203125,0.4072265625,0.01763978786766529,0.2869989470302684,0.4244384765625,0.216796875,0.696295950805218,0.8436279296875,0.5927734375,0.8615828744249823,0.889404296875,0.83544921875
plant_0806,806,00,806,ref,0.001278662239201367,0.0006739624659530818,0.0006046997732482851,0.8443603515625,0.3218994140625,0.016556132584810257,0.13330570785454035,0.1165771484375,0.1556396484375,0.7451956966304237,0.8270263671875,0.6781005859375,0.8927281779307958,0.898193359375,0.8873291015625
plant_0807,807,00,807,ref,0.002268137177452445,0.0017522467533126473,0.0005158903659321368,0.87939453125,0.429443359375,0.018376082181930542,0.0316098765941073,0.0181884765625,0.12060546875,0.08684099886958885,0.0469970703125,0.570556640625,0.16268497407010013,0.0899658203125,0.8486328125
plant_0812,812,00,812,ref,0.001544704893603921,0.0008079198305495083,0.0007367850048467517,0.8515625,0.4505615234375,0.018770156428217888,0.2506876919140225,0.8056640625,0.1484375,0.6680367818692835,0.8519287109375,0.5494384765625,0.8369730732140584,0.8814697265625,0.7967529296875
plant_0814,814,00,814,ref,0.0014336023014038801,0.0006328481249511242,0.000800754118245095,0.8072509765625,0.41748046875,0.017758700996637344,0.11580313503821445,0.082763671875,0.1927490234375,0.6886000869022624,0.8419189453125,0.58251953125,0.8361156273610454,0.8792724609375,0.7969970703125
plant_0816,816,00,816,ref,0.0008365152170881629,0.00035159121034666896,0.0004849240940529853,0.6219482421875,0.340087890625,0.013745956122875214,0.5179370603879552,0.8221435546875,0.3780517578125,0.7581924707523221,0.890869140625,0.659912109375,0.8810605213518979,0.92138671875,0.8441162109375
plant_0818,818,00,818,ref,0.0005911403568461537,0.00030570931266993284,0.00028543101507239044,0.69482421875,0.2164306640625,0.01368402224034071,0.4197596431582563,0.672119140625,0.30517578125,0.8369751286677978,0.898193359375,0.7835693359375,0.9469685526230988,0.93994140625,0.9541015625
plant_0821,821,00,821,ref,0.0016041905619204044,0.0009084740886464715,0.0006957165314815938,0.888671875,0.4854736328125,0.01968928426504135,0.07740410407725322,0.059326171875,0.111328125,0.6355968857365181,0.8311767578125,0.5145263671875,0.831118822954079,0.8690185546875,0.79638671875
plant_0822,822,00,822,ref,0.0009800127008929849,0.00042049563489854336,0.0005595170659944415,0.6878662109375,0.2120361328125,0.0130224684253335,0.37057206044133423,0.4559326171875,0.3121337890625,0.8290398103375092,0.8746337890625,0.7879638671875,0.9171634011043968,0.9254150390625,0.9090576171875
plant_0823,823,00,823,ref,0.0007769019575789571,0.0004464892845135182,0.0003304126439616084,0.7896728515625,0.236328125,0.014916148036718369,0.3101178696193,0.590087890625,0.2103271484375,0.794986694738254,0.8289794921875,0.763671875,0.9243622370049505,0.907470703125,0.94189453125
plant_0825,825,00,825,ref,0.0008019543020054698,0.00041483176755718887,0.0003871226217597723,0.773681640625,0.2679443359375,0.014605138450860977,0.09446835487355953,0.0596923828125,0.226318359375,0.7881335288513357,0.853515625,0.7320556640625,0.917351901015677,0.9197998046875,0.9149169921875
plant_0826,826,00,826,ref,0.0007019377080723643,0.00033133040415123105,0.00037060724571347237,0.7938232421875,0.242919921875,0.014736252836883068,0.3254366195947211,0.77197265625,0.2061767578125,0.805365432945411,0.8602294921875,0.757080078125,0.9199636314208353,0.915771484375,0.9241943359375
plant_0827,827,00,827,ref,0.0003777302335947752,0.00019095733296126127,0.00018677290063351393,0.6370849609375,0.0816650390625,0.011879286728799343,0.5066656639196755,0.8389892578125,0.3629150390625,0.9149657111975519,0.91162109375,0.9183349609375,0.971337071659652,0.955078125,0.9881591796875
plant_0828,828,00,828,ref,0.002144846599549055,0.0012531360844150186,0.0008917105733416975,0.905029296875,0.492431640625,0.019841810688376427,0.09551686052316294,0.0960693359375,0.094970703125,0.6354193315097607,0.849365234375,0.507568359375,0.8165733136823192,0.86865234375,0.7703857421875
plant_0829,829,00,829,ref,0.0004776508139912039,0.00023011289886198938,0.0002475379151292145,0.6466064453125,0.1549072265625,0.012062190100550652,0.49859127282222987,0.8463134765625,0.3533935546875,0.8774924963807907,0.9124755859375,0.8450927734375,0.9526708161657538,0.9476318359375,0.957763671875
plant_0830,830,00,830,ref,0.0010233575012534857,0.00047196471132338047,0.0005513928481377661,0.8101806640625,0.405029296875,0.017682349309325218,0.27559599743622226,0.5028076171875,0.1898193359375,0.7071900816235226,0.87158203125,0.594970703125,0.8731666703928771,0.907958984375,0.8409423828125
plant_0831,831,00,831,ref,0.0017329150578007102,0.0010273500811308622,0.000705564976669848,0.93212890625,0.54736328125,0.02103124000132084,0.12485775481323912,0.778564453125,0.06787109375,0.5911177139389331,0.8516845703125,0.45263671875,0.8286694049135004,0.8780517578125,0.7845458984375
plant_0832,832,00,832,ref,0.000658354489132762,0.00030408950988203287,0.00035426500835455954,0.7115478515625,0.2421875,0.013997836969792843,0.42324955684844173,0.7945556640625,0.2884521484375,0.8145072652757079,0.88037109375,0.7578125,0.9289534740473062,0.927734375,0.93017578125
plant_0833,833,00,833,ref,0.0011093555949628353,0.0006034243851900101,0.0005059313261881471,0.86669921875,0.42822265625,0.01833757385611534,0.22514792356364802,0.7239990234375,0.13330078125,0.677617826309151,0.83154296875,0.57177734375,0.8791647119598229,0.872802734375,0.8856201171875
plant_0834,834,00,834,ref,0.0004979015211574733,0.000218735818634741,0.0002791656879708171,0.6998291015625,0.1768798828125,0.013029171153903008,0.4370227927245824,0.80322265625,0.3001708984375,0.8590754421192472,0.8983154296875,0.8231201171875,0.9497866805208601,0.9434814453125,0.9561767578125
plant_0835,835,00,835,ref,0.0012810977641493082,0.0008339344640262425,0.0004471633583307266,0.832763671875,0.284912109375,0.015679556876420975,0.07718599759615384,0.0501708984375,0.167236328125,0.24332640788797988,0.1466064453125,0.715087890625,0.9047809401140043,0.90283203125,0.90673828125
plant_0837,837,00,837,ref,0.0013021068880334496,0.0007597040385007858,0.0005424028495326638,0.86181640625,0.38525390625,0.017587782815098763,0.2335641150892735,0.7540283203125,0.13818359375,0.7210153330818346,0.8717041015625,0.61474609375,0.8757795492641937,0.8944091796875,0.85791015625
plant_0838,838,00,838,ref,0.0006828892510384321,0.00030210500699467957,0.00038078424404375255,0.71728515625,0.264892578125,0.01402209047228098,0.4190802064707197,0.8095703125,0.28271484375,0.8058268961991596,0.8916015625,0.735107421875,0.919591007666816,0.931396484375,0.9080810546875
plant_0840,840,00,840,ref,0.001013411907479167,0.0004468287224881351,0.000566583126783371,0.833740234375,0.365234375,0.016708122566342354,0.27240649679784973,0.75341796875,0.166259765625,0.7231799713440371,0.8402099609375,0.634765625,0.8710548064845774,0.894287109375,0.8489990234375
plant_0842,842,00,842,ref,0.0009363452554680407,0.0005069470498710871,0.00042939820559695363,0.7584228515625,0.2803955078125,0.015061186626553535,0.33412649863378663,0.5416259765625,0.2415771484375,0.7938311536363247,0.8851318359375,0.7196044921875,0.9108164078202465,0.92431640625,0.897705078125
plant_0843,843,00,843,ref,0.0012323795817792416,0.0006276901112869382,0.0006046895286999643,0.748291015625,0.2607421875,0.01431685034185648,0.377042530283662,0.7509765625,0.251708984375,0.7833377814440994,0.8330078125,0.7392578125,0.8790932578206352,0.889404296875,0.8690185546875
plant_0844,844,00,844,ref,0.0007972964085638523,0.00034883024636656046,0.0004484661330934614,0.722900390625,0.2225341796875,0.013362481258809566,0.403374110661941,0.7410888671875,0.277099609375,0.8294107894059066,0.8887939453125,0.7774658203125,0.9227046034385127,0.936767578125,0.9090576171875
plant_0845,845,00,845,ref,0.0011815042234957218,0.0005661631585098803,0.0006153410649858415,0.8172607421875,0.359619140625,0.016762753948569298,0.2948913219866791,0.763427734375,0.1827392578125,0.7240564427070387,0.8328857421875,0.640380859375,0.8598037398249627,0.88330078125,0.8375244140625
plant_0846,846,00,846,ref,0.0010152301983907819,0.00043882106547243893,0.0005764091620221734,0.71142578125,0.2437744140625,0.013326887041330338,0.4231727117072001,0.7930908203125,0.28857421875,0.8171164772727273,0.888671875,0.7562255859375,0.8911789253537534,0.9244384765625,0.8602294921875
plant_0847,847,00,847,ref,0.0010735904797911644,0.0005178799037821591,0.0005557105178013444,0.8515625,0.3809814453125,0.017317062243819237,0.24836653453372748,0.760009765625,0.1484375,0.7145578980316643,0.844970703125,0.6190185546875,0.8684059914578213,0.8944091796875,0.8438720703125
plant_0848,848,00,848,ref,0.0008677007863298059,0.0003909794904757291,0.00047672123764641583,0.7391357421875,0.3309326171875,0.015674898400902748,0.3981764502559148,0.8406982421875,0.2608642578125,0.7661244200946128,0.8961181640625,0.6690673828125,0.8998319984265941,0.9285888671875,0.872802734375
plant_0850,850,00,850,ref,0.0009923336328938603,0.0004523304814938456,0.0005400032387115061,0.788818359375,0.3033447265625,0.014975404366850853,0.136714932320172,0.10107421875,0.211181640625,0.7700448868173401,0.8607177734375,0.6966552734375,0.8874413230297746,0.9127197265625,0.863525390625
plant_0851,851,00,851,ref,0.0016029338585212827,0.0009752801852300763,0.0006276536150835454,0.8875732421875,0.4154052734375,0.018056536093354225,0.026681182715311006,0.01513671875,0.1124267578125,0.6763412627354546,0.80224609375,0.5845947265625,0.8329388830940109,0.8524169921875,0.8143310546875
plant_0853,853,00,853,ref,0.0005530656781047583,0.0003137470339424908,0.00023931870236992836,0.668212890625,0.151123046875,0.012945624999701977,0.4722316846355824,0.81884765625,0.331787109375,0.8679689284553346,0.887939453125,0.848876953125,0.9503972064545892,0.928466796875,0.973388671875
plant_0855,855,00,855,ref,0.0005115329986438155,0.0002254283317597583,0.000286104652332142,0.646484375,0.1341552734375,0.012086024507880211,0.4911347400885702,0.80419921875,0.353515625,0.8843609976189553,0.9036865234375,0.8658447265625,0.953105848343646,0.9488525390625,0.9573974609375
plant_0856,856,00,856,ref,0.0007050795247778296,0.00033156320569105446,0.0003735163190867752,0.8406982421875,0.306396484375,0.016155026853084564,0.26454323895218435,0.779541015625,0.1593017578125,0.7691961835502588,0.86328125,0.693603515625,0.9238996189483832,0.9171142578125,0.9307861328125
plant_0857,857,00,857,ref,0.0005950789200142026,0.0002600644074846059,0.00033501454163342714,0.677734375,0.234619140625,0.013700529001653194,0.4609556215611177,0.8092041015625,0.322265625,0.819333657334056,0.8814697265625,0.765380859375,0.9260704600173828,0.929931640625,0.9222412109375
plant_0859,859,00,859,ref,0.000965536804869771,0.000424934463808313,0.0005406023701652884,0.7640380859375,0.274658203125,0.01453898474574089,0.3522244763646503,0.6943359375,0.2359619140625,0.797161083206975,0.884765625,0.725341796875,0.9012353955041782,0.928955078125,0.8751220703125
plant_0860,860,00,860,ref,0.0034989139530807734,0.0022737362887710333,0.00122517766430974,0.951416015625,0.7601318359375,0.028044553473591805,0.017099953092650104,0.0103759765625,0.048583984375,0.05104970476637108,0.028564453125,0.2398681640625,0.6501023149988642,0.7921142578125,0.55126953125
plant_0861,861,00,861,ref,0.0006970001268200576,0.00032102791010402143,0.0003759722167160362,0.7662353515625,0.239501953125,0.014420631341636181,0.36292378180132023,0.81103515625,0.2337646484375,0.8202783784455188,0.8902587890625,0.760498046875,0.9271838974351589,0.92822265625,0.9261474609375
plant_0862,862,00,862,ref,0.0009138260502368212,0.000496220716740936,0.0004176052752882242,0.8458251953125,0.3143310546875,0.016206340864300728,0.07804472667800118,0.05224609375,0.1541748046875,0.7669593161533935,0.8701171875,0.6856689453125,0.9186208298036675,0.9228515625,0.9144287109375
plant_0864,864,00,864,ref,0.0007478290353901684,0.00039130941149778664,0.0003565196238923818,0.7681884765625,0.2679443359375,0.01458375621587038,0.11173648971447842,0.0736083984375,0.2318115234375,0.7882896197840498,0.8538818359375,0.7320556640625,0.9068069653132992,0.913818359375,0.89990234375
plant_0865,865,00,865,ref,0.000728206941857934,0.00038432181463576853,0.0003438851563259959,0.7957763671875,0.2235107421875,0.01516418531537056,0.30876349095094824,0.632568359375,0.2042236328125,0.81709529617546,0.8621826171875,0.7764892578125,0.9334008503415256,0.9150390625,0.9525146484375
plant_0866,866,00,866,ref,0.0009631085558794439,0.00043438898865133524,0.0005287195672281086,0.8419189453125,0.3648681640625,0.017036791890859604,0.19745235824695564,0.262939453125,0.1580810546875,0.7397039958080798,0.885498046875,0.6351318359375,0.8875527337045143,0.924560546875,0.8533935546875
plant_0867,867,00,867,ref,0.000654632574878633,0.0003286870487499982,0.00032594549702480435,0.756591796875,0.222412109375,0.01397363469004631,0.357663676864356,0.674072265625,0.243408203125,0.8265445862983598,0.882080078125,0.777587890625,0.9330836066021961,0.9285888671875,0.9376220703125
plant_0868,868,00,868,ref,0.0009438783163204789,0.0004772063693962991,0.00046667197602801025,0.728271484375,0.278076171875,0.014353010803461075,0.30097650377705953,0.3372802734375,0.271728515625,0.7908257046545197,0.874267578125,0.721923828125,0.900866672767978,0.922607421875,0.880126953125
plant_0872,872,00,872,ref,0.0011997735127806664,0.000463056203443557,0.0007367173675447702,0.867919921875,0.4439697265625,0.018612783402204514,0.22468207765020717,0.751708984375,0.132080078125,0.6683468300726503,0.8375244140625,0.5560302734375,0.851646067723227,0.896240234375,0.811279296875
plant_0873,873,00,873,ref,0.0007224017754197121,0.0003428481868468225,0.00037955361767672,0.7945556640625,0.286376953125,0.015687692910432816,0.32754220510802096,0.807373046875,0.2054443359375,0.7915855220554624,0.888671875,0.713623046875,0.9277341180098684,0.92822265625,0.92724609375
plant_0874,874,00,874,ref,0.001971530495211482,0.0010061493376269937,0.0009653812157921493,0.93212890625,0.6572265625,0.024324553087353706,0.051509312220982144,0.04150390625,0.06787109375,0.4846477281621791,0.826904296875,0.3427734375,0.756481908416627,0.869140625,0.669677734375
plant_0875,875,00,875,ref,0.000473495019832626,0.00022485468070954084,0.00024864033912308514,0.663330078125,0.1610107421875,0.01264358963817358,0.480917163295902,0.8414306640625,0.336669921875,0.8740226886545834,0.912109375,0.8389892578125,0.9573211961751323,0.9488525390625,0.9659423828125
plant_0876,876,00,876,ref,0.000914268137421459,0.00048470543697476387,0.0004295627004466951,0.82763671875,0.3529052734375,0.016719846054911613,0.10171412802670994,0.0721435546875,0.17236328125,0.7389982019300801,0.861328125,0.6470947265625,0.9037718020495746,0.9180908203125,0.889892578125
plant_0877,877,00,877,ref,0.0007864763610996306,0.00032194171217270195,0.00046453464892692864,0.7513427734375,0.411865234375,0.01736232452094555,0.379588765615921,0.8017578125,0.2486572265625,0.7010270489386793,0.8675537109375,0.588134765625,0.8770498990184156,0.911376953125,0.84521484375
plant_0879,879,00,879,ref,0.0011274772696197033,0.0006660292856395245,0.000461447867564857,0.855712890625,0.345458984375,0.016938259825110435,0.07802191840277778,0.053466796875,0.144287109375,0.7029773898923884,0.7591552734375,0.654541015625,0.8882960882762055,0.87353515625,0.903564453125
plant_0883,883,00,883,ref,0.0007857055170461535,0.0003339865361340344,0.00045171898091211915,0.841796875,0.3779296875,0.017392907291650772,0.2647871034743202,0.8115234375,0.158203125,0.7297693265252312,0.882568359375,0.6220703125,0.9119410168011877,0.9266357421875,0.897705078125
plant_0885,885,00,885,ref,0.0016989903524518013,0.0009705977281555533,0.000728392566088587,0.90380859375,0.575927734375,0.021967386826872826,0.16904573487530788,0.69677734375,0.09619140625,0.5711180079740974,0.874267578125,0.424072265625,0.8367881894016411,0.896484375,0.7845458984375
plant_0886,886,00,886,ref,0.0014141739811748266,0.0006779473042115569,0.0007362266769632697,0.9091796875,0.5450439453125,0.020894115790724754,0.16179910026060784,0.7406005859375,0.0908203125,0.583925141035038,0.81494140625,0.4549560546875,0.8396408758262511,0.86328125,0.8172607421875
plant_0887,887,00,887,ref,0.0009822186548262835,0.000514923594892025,0.0004672951181419194,0.8170166015625,0.3138427734375,0.015722014009952545,0.09836473418445121,0.0672607421875,0.1829833984375,0.7633478832177114,0.860107421875,0.6861572265625,0.9080672542932517,0.91162109375,0.904541015625
plant_0888,888,00,888,ref,0.001816881587728858,0.000681170029565692,0.0011357114417478442,0.8154296875,0.580810546875,0.024239012971520424,0.29691745923913043,0.7587890625,0.1845703125,0.5668526246256955,0.8751220703125,0.419189453125,0.7241790682626982,0.90625,0.60302734375
plant_0889,889,00,889,ref,0.0007118633948266506,0.00034353919909335673,0.0003683241957332939,0.7852783203125,0.280029296875,0.014963897876441479,0.3372888065946383,0.785888671875,0.2147216796875,0.7898515092764468,0.874755859375,0.719970703125,0.9216300671305877,0.9207763671875,0.9224853515625
plant_0890,890,00,890,ref,0.0004910103743895888,0.00021035924146417528,0.00028065108926966786,0.6839599609375,0.2003173828125,0.013592924922704697,0.45737576273419983,0.827392578125,0.3160400390625,0.8509230849078505,0.9091796875,0.7996826171875,0.9511021876804852,0.9482421875,0.9539794921875
plant_0893,893,00,893,ref,0.00038679668796248734,0.0001812707632780075,0.00020552592468447983,0.5682373046875,0.1014404296875,0.010909049771726131,0.5668484302907965,0.824951171875,0.4317626953125,0.9060046917101717,0.91357421875,0.8985595703125,0.9659799879959565,0.95703125,0.97509765625
plant_0894,894,00,894,ref,0.001088776276446879,0.0004133132169954479,0.000675463059451431,0.7889404296875,0.3443603515625,0.015953561291098595,0.3326116603526643,0.7843017578125,0.2110595703125,0.744949198490019,0.8624267578125,0.6556396484375,0.8712210304223954,0.9031982421875,0.8414306640625
plant_0897,897,00,897,ref,0.0005160934524610639,0.00021917388949077576,0.00029691954841837287,0.676513671875,0.180419921875,0.012661510147154331,0.46150342874432065,0.804931640625,0.323486328125,0.8582532316021252,0.9007568359375,0.819580078125,0.9453123581310934,0.9449462890625,0.9456787109375
plant_0900,900,00,900,ref,0.0014610469806939363,0.0007498784689232707,0.0007111684535630047,0.884521484375,0.4822998046875,0.019495613873004913,0.1591577044138186,0.2559814453125,0.115478515625,0.6421763325395138,0.845458984375,0.5177001953125,0.8386824683766252,0.8775634765625,0.8031005859375
plant_0901,901,00,901,ref,0.0006060299929231405,0.0002734825247898698,0.00033254746813327074,0.7296142578125,0.1942138671875,0.013545640744268894,0.40462590152769096,0.8035888671875,0.2703857421875,0.8403682257967685,0.8780517578125,0.8057861328125,0.9326216609883188,0.9254150390625,0.93994140625
plant_0902,902,00,902,ref,0.0005959324771538377,0.0002797653141897172,0.0003161672211717814,0.737060546875,0.200439453125,0.013623757287859917,0.3950620493308985,0.7940673828125,0.262939453125,0.838574828569743,0.881591796875,0.799560546875,0.9365100562261715,0.9329833984375,0.9400634765625
plant_0903,903,00,903,ref,0.0004845059593208134,0.0002056612283922732,0.00027884473092854023,0.6005859375,0.1700439453125,0.011887764558196068,0.5346245846179116,0.8082275390625,0.3994140625,0.8650295603088903,0.9031982421875,0.8299560546875,0.9487259295940154,0.9466552734375,0.9508056640625
plant_0904,904,00,904,ref,0.001224844017997384,0.0004707949992734939,0.0007540489896200597,0.8421630859375,0.4237060546875,0.01781046949326992,0.26553055296951783,0.8358154296875,0.1578369140625,0.6952148191245692,0.8759765625,0.5762939453125,0.8501022666309013,0.9052734375,0.80126953125
plant_0905,905,00,905,ref,0.0013340984005481005,0.0007785066845826805,0.0005555917741730809,0.822265625,0.35498046875,0.016283690929412842,0.07570523648648649,0.048095703125,0.177734375,0.22578201234387196,0.1368408203125,0.64501953125,0.8622109452313211,0.8963623046875,0.83056640625
plant_0906,906,00,906,ref,0.0010131087619811296,0.0005547621403820813,0.0004583466798067093,0.838134765625,0.34326171875,0.0163126140832901,0.13252040123886413,0.1121826171875,0.161865234375,0.7396172230286665,0.846435546875,0.65673828125,0.8941670803720736,0.9014892578125,0.886962890625
plant_0909,909,00,909,ref,0.0009007974877022207,0.000539594329893589,0.00036120315780863166,0.8587646484375,0.2894287109375,0.016578705981373787,0.23888326600635168,0.7740478515625,0.1412353515625,0.780412119813047,0.865478515625,0.7105712890625,0.9285186911907186,0.904052734375,0.954345703125
plant_0911,911,00,911,ref,0.0009129593381658196,0.0003980048350058496,0.00051495450315997,0.8358154296875,0.306640625,0.01640194281935692,0.27115975019227656,0.7781982421875,0.1641845703125,0.7706885216252151,0.867431640625,0.693359375,0.915903559117429,0.9058837890625,0.9261474609375
plant_0913,913,00,913,ref,0.0010321198496967554,0.00043151568388566375,0.0006006042240187526,0.74951171875,0.317138671875,0.01512999925762415,0.3812323684114735,0.7974853515625,0.25048828125,0.7635430598865965,0.8658447265625,0.682861328125,0.8776675207942627,0.9091796875,0.8482666015625
plant_0914,914,00,914,ref,0.0009201511275023222,0.00048223789781332016,0.00043791328789666295,0.8701171875,0.3843994140625,0.017784031108021736,0.2023278392560266,0.45751953125,0.1298828125,0.708958131268925,0.835693359375,0.6156005859375,0.8951954962546018,0.887451171875,0.903076171875
plant_0915,915,00,915,ref,0.0018198444740846753,0.000949835404753685,0.0008700090693309903,0.9190673828125,0.6168212890625,0.024287402629852295,0.13964646617818324,0.5086669921875,0.0809326171875,0.5255570267533158,0.8363037109375,0.3831787109375,0.7464398823573725,0.8594970703125,0.65966796875
plant_0917,917,00,917,ref,0.0008613140089437366,0.00046742602717131376,0.00039388801087625325,0.7926025390625,0.2703857421875,0.015021279454231262,0.10691524853920926,0.072021484375,0.2073974609375,0.7937971554441329,0.870361328125,0.7296142578125,0.9313340052387116,0.9324951171875,0.93017578125
plant_0918,918,00,918,ref,0.00048258647439070046,0.00022666549193672836,0.0002559209824539721,0.6654052734375,0.1531982421875,0.012472571805119514,0.47484231485252437,0.8175048828125,0.3345947265625,0.8753469626308069,0.9058837890625,0.8468017578125,0.9526277089473347,0.94970703125,0.95556640625
plant_0919,919,00,919,ref,0.001276839175261557,0.0005189208895899355,0.0007579183438792825,0.7864990234375,0.4423828125,0.01820525713264942,0.32803211267766036,0.7076416015625,0.2135009765625,0.6795184474426958,0.86962890625,0.5576171875,0.8554819181874911,0.9129638671875,0.8048095703125
plant_0921,921,00,921,ref,0.0007620654068887234,0.0004523498937487602,0.0003097154840361327,0.8115234375,0.20751953125,0.01450430043041706,0.09940633196232714,0.0675048828125,0.1884765625,0.8351018494479667,0.882568359375,0.79248046875,0.9458437972530241,0.9322509765625,0.9598388671875
plant_0922,922,00,922,ref,0.000945165054872632,0.00037350537604652345,0.000571659707929939,0.83447265625,0.4278564453125,0.018159694969654083,0.2692638882914659,0.7213134765625,0.16552734375,0.6937432853124474,0.8809814453125,0.5721435546875,0.8791692122995601,0.923095703125,0.8392333984375
plant_0923,923,00,923,ref,0.0005581634468398988,0.0002522930153645575,0.0003058704314753413,0.7369384765625,0.224365234375,0.013984065502882004,0.39656126353416754,0.80517578125,0.2630615234375,0.8285267096073471,0.88916015625,0.775634765625,0.940974154190585,0.9388427734375,0.943115234375
plant_0924,924,00,924,ref,0.0005929426406510174,0.0002764909586403519,0.00031645168201066554,0.7203369140625,0.2421875,0.013825317844748497,0.4135781896450608,0.7935791015625,0.2796630859375,0.8163310572277963,0.8846435546875,0.7578125,0.9274716619505133,0.931640625,0.92333984375
plant_0925,925,00,925,ref,0.0008898138767108321,0.00044623599387705326,0.00044357794104143977,0.8438720703125,0.336181640625,0.0168699249625206,0.10681591897344393,0.0811767578125,0.1561279296875,0.7448397800542864,0.848388671875,0.663818359375,0.9069212840281984,0.9072265625,0.9066162109375
plant_0928,928,00,928,ref,0.0009907891508191824,0.0003774880897253752,0.0006133010028861463,0.814208984375,0.2864990234375,0.015521964989602566,0.3012402586675995,0.795654296875,0.185791015625,0.7854986139452104,0.8736572265625,0.7135009765625,0.8979650093522827,0.9176025390625,0.879150390625
plant_0929,929,00,929,ref,0.0006495703710243106,0.0003070626698900014,0.0003425077593419701,0.7664794921875,0.26123046875,0.01474838424474001,0.36057658963707995,0.7908935546875,0.2335205078125,0.8054559053222473,0.8853759765625,0.73876953125,0.9306632779452633,0.9298095703125,0.9315185546875
plant_0930,930,00,930,ref,0.001172996941022575,0.0007034997106529772,0.0004694972303695977,0.853271484375,0.37255859375,0.017082007601857185,0.24887470673502274,0.819091796875,0.146728515625,0.7240542670099169,0.8558349609375,0.62744140625,0.8812082705198522,0.8851318359375,0.8773193359375
plant_0931,931,00,931,ref,0.001033782958984375,0.0004228863399475813,0.0006108966190367937,0.8621826171875,0.4544677734375,0.018916381523013115,0.23135593090806417,0.7200927734375,0.1378173828125,0.6633105237438591,0.845947265625,0.5455322265625,0.8499588795533731,0.8914794921875,0.8121337890625
plant_0933,933,00,933,ref,0.0007345174090005457,0.0003426881739869714,0.00039182917680591345,0.74755859375,0.3294677734375,0.01567119173705578,0.38456734162537454,0.806884765625,0.25244140625,0.7601127937389097,0.8773193359375,0.6705322265625,0.9088310088527328,0.9212646484375,0.896728515625
plant_0934,934,00,934,ref,0.0006301825633272529,0.000340523780323565,0.0002896587538998574,0.6304931640625,0.15380859375,0.012405863963067532,0.5072728260482493,0.808837890625,0.3695068359375,0.8718766118950203,0.899169921875,0.84619140625,0.949975356947835,0.9404296875,0.959716796875
plant_0935,935,00,935,ref,0.0008398614590987563,0.0003062833857256919,0.0005335780442692339,0.74755859375,0.360107421875,0.01622297242283821,0.3858701992263194,0.8184814453125,0.25244140625,0.7462953917122266,0.8951416015625,0.639892578125,0.8903024518071516,0.9342041015625,0.850341796875
plant_0936,936,00,936,ref,0.00047025358071550727,0.0002528384211473167,0.00021741514501627535,0.598876953125,0.154541015625,0.011738910339772701,0.5384433654339288,0.8187255859375,0.401123046875,0.8720033577743689,0.9002685546875,0.845458984375,0.9584539142569546,0.9405517578125,0.97705078125
plant_0937,937,00,937,ref,0.0012620545458048582,0.0006255003390833735,0.0006365542649291456,0.8123779296875,0.3253173828125,0.016075102612376213,0.22398522529832154,0.27783203125,0.1876220703125,0.6267664890605319,0.585205078125,0.6746826171875,0.8680622971902682,0.8587646484375,0.8775634765625
plant_0938,938,00,938,ref,0.0009372431086376309,0.0005261275800876319,0.000411115528549999,0.7156982421875,0.2874755859375,0.014270171523094177,0.13878281199285947,0.091796875,0.2843017578125,0.7871157036702393,0.879150390625,0.7125244140625,0.912480394297967,0.9254150390625,0.89990234375
plant_0939,939,00,939,ref,0.0005725345108658075,0.0003175157180521637,0.0002550187928136438,0.7122802734375,0.13427734375,0.012760777026414871,0.42433530974090633,0.8079833984375,0.2877197265625,0.8763331846274374,0.88720703125,0.86572265625,0.9473206541207818,0.927490234375,0.968017578125
plant_0941,941,00,941,ref,0.0022724452428519726,0.0009784133872017264,0.0012940317392349243,0.9180908203125,0.5496826171875,0.02118813246488571,0.04355345878350656,0.0296630859375,0.0819091796875,0.4907603947403929,0.5391845703125,0.4503173828125,0.7971683324466063,0.8717041015625,0.734375
plant_0942,942,00,942,ref,0.0015467016492038965,0.0008611268131062388,0.0006855748360976577,0.920166015625,0.53369140625,0.020746327936649323,0.13775341438221406,0.5018310546875,0.079833984375,0.5978809612245137,0.8328857421875,0.46630859375,0.8289757072005878,0.868408203125,0.79296875
plant_0943,943,00,943,ref,0.0005413036560639739,0.00021969471708871424,0.0003216089680790901,0.759521484375,0.23095703125,0.014242556877434254,0.3692647818615172,0.7950439453125,0.240478515625,0.8229611104704797,0.885009765625,0.76904296875,0.9442330484252796,0.93798828125,0.9505615234375
plant_0944,944,00,944,ref,0.0014603771269321442,0.0006514591514132917,0.0008089180337265134,0.848388671875,0.491943359375,0.019784608855843544,0.07032065311920223,0.0457763671875,0.151611328125,0.6330459373584693,0.839599609375,0.508056640625,0.8152491782115284,0.8978271484375,0.74658203125
plant_0947,947,00,947,ref,0.0009394973749294877,0.0004185556317679584,0.0005209417431615293,0.88525390625,0.4493408203125,0.018897077068686485,0.1976465045578683,0.712158203125,0.11474609375,0.6655629765892246,0.841064453125,0.5506591796875,0.8881265672231382,0.90478515625,0.8720703125
plant_0948,948,00,948,ref,0.0009747574804350734,0.0004532502789516002,0.0005215072305873036,0.801513671875,0.3636474609375,0.01622464880347252,0.1859633267101177,0.1749267578125,0.198486328125,0.7317665072105585,0.86083984375,0.6363525390625,0.8759693993668741,0.918701171875,0.8370361328125
plant_0949,949,00,949,ref,0.0010259171249344945,0.0005283771315589547,0.0004975399933755398,0.7557373046875,0.265625,0.014427856542170048,0.36993515568133567,0.761962890625,0.2442626953125,0.7912984934447597,0.8577880859375,0.734375,0.8978682755046558,0.9093017578125,0.88671875
plant_0950,950,00,950,ref,0.000614773016422987,0.00028045379440300167,0.0003343192511238158,0.7208251953125,0.2232666015625,0.013827085494995117,0.4159128490135248,0.815185546875,0.2791748046875,0.82846245269753,0.8875732421875,0.7767333984375,0.9255966916007253,0.9267578125,0.9244384765625
plant_0951,951,00,951,ref,0.0015626357635483146,0.0005679792957380414,0.0009946564678102732,0.9149169921875,0.629638671875,0.023765934631228447,0.13179470766944354,0.292236328125,0.0850830078125,0.52593220044741,0.9068603515625,0.370361328125,0.7729701809816835,0.92626953125,0.6632080078125
plant_0952,952,00,952,ref,0.0009623231599107385,0.00035217319964431226,0.0006101499893702567,0.715576171875,0.2862548828125,0.014529287815093994,0.41776877342058016,0.7864990234375,0.284423828125,0.788985384283918,0.8819580078125,0.7137451171875,0.9125851856049843,0.929931640625,0.8958740234375
plant_0954,954,00,954,ref,0.0012686781119555235,0.0007740512955933809,0.0004946268745698035,0.8997802734375,0.44873046875,0.018943430855870247,0.07689531572588214,0.0623779296875,0.1002197265625,0.6668870889021349,0.8438720703125,0.55126953125,0.8675074622949054,0.8797607421875,0.8555908203125
plant_0956,956,00,956,ref,0.0006018428830429912,0.00026077794609591365,0.0003410649369470775,0.6541748046875,0.1976318359375,0.01279062032699585,0.44302133890052026,0.6162109375,0.3458251953125,0.8434825835547326,0.8890380859375,0.8023681640625,0.9343556269494252,0.9398193359375,0.928955078125
plant_0957,957,00,957,ref,0.00088039122056216,0.00038716025301255286,0.0004932309384457767,0.78466796875,0.3436279296875,0.015817249193787575,0.3365846313854489,0.7703857421875,0.21533203125,0.7431326780571639,0.8563232421875,0.6563720703125,0.875653727706549,0.9041748046875,0.848876953125
plant_0959,959,00,959,ref,0.0009789111791178584,0.0003691400052048266,0.0006097711739130318,0.8546142578125,0.4180908203125,0.018163595348596573,0.2433319175406678,0.7457275390625,0.1453857421875,0.6986228102268678,0.8739013671875,0.5819091796875,0.8717729473087368,0.9156494140625,0.8319091796875
plant_0960,960,00,960,ref,0.0009799173567444086,0.0005502189742401242,0.0004296983825042844,0.779296875,0.26611328125,0.014920778572559357,0.10180518617021277,0.066162109375,0.220703125,0.7918443753590578,0.8597412109375,0.73388671875,0.9104478574136284,0.926025390625,0.8953857421875
plant_0961,961,00,961,ref,0.002099620644003153,0.0009109730599448085,0.0011886475840583444,0.9173583984375,0.5701904296875,0.021976573392748833,0.14834198760408782,0.7236328125,0.0826416015625,0.5547214883493251,0.781982421875,0.4298095703125,0.7601501212230878,0.8385009765625,0.6951904296875
plant_0962,962,00,962,ref,0.000999230775050819,0.0004888544790446758,0.000510376354213804,0.783203125,0.333251953125,0.016010334715247154,0.32315885827477414,0.6343994140625,0.216796875,0.7427299599141253,0.8382568359375,0.666748046875,0.8818180958044983,0.89306640625,0.870849609375
plant_0963,963,00,963,ref,0.0008230861276388168,0.00039994026883505285,0.00042314582969993353,0.6092529296875,0.2525634765625,0.01230351347476244,0.531961697319202,0.8330078125,0.3907470703125,0.8136355010268588,0.8927001953125,0.7474365234375,0.9002882450481844,0.9251708984375,0.876708984375
plant_0964,964,00,964,ref,0.0015481056179851294,0.0007641073316335678,0.0007839982863515615,0.7962646484375,0.43359375,0.017990626394748688,0.24931521393531977,0.3211669921875,0.2037353515625,0.6624966445955619,0.7978515625,0.56640625,0.8334584486452326,0.882080078125,0.7899169921875
plant_0967,967,00,967,ref,0.0005304666119627655,0.00027846224838867784,0.0002520043635740876,0.5977783203125,0.1595458984375,0.011504802852869034,0.5333057909277183,0.7911376953125,0.4022216796875,0.8600660881866622,0.880615234375,0.8404541015625,0.9369772436067055,0.9276123046875,0.946533203125
plant_0968,968,00,968,ref,0.0010490806307643652,0.0004617392842192203,0.0005873413756489754,0.81884765625,0.45947265625,0.018998481333255768,0.2878674514138862,0.7005615234375,0.18115234375,0.6572467940737052,0.8382568359375,0.54052734375,0.8482196029150517,0.892822265625,0.807861328125
plant_0970,970,00,970,ref,0.0005770730786025524,0.0002808371209539473,0.00029623598675243556,0.67919921875,0.20068359375,0.013146008364856243,0.4593961479495353,0.808837890625,0.32080078125,0.8492701053448708,0.9058837890625,0.79931640625,0.9418899591504261,0.9398193359375,0.9439697265625
plant_0971,971,00,971,ref,0.0005556137184612453,0.00023289883392862976,0.00032271488453261554,0.7296142578125,0.1815185546875,0.013302289880812168,0.4037224182547912,0.7965087890625,0.2703857421875,0.8539812825753049,0.8927001953125,0.8184814453125,0.9378914003017831,0.9437255859375,0.93212890625
plant_0972,972,00,972,ref,0.00038647244218736887,0.00018815933435689658,0.00019831307872664183,0.5108642578125,0.113037109375,0.010215486399829388,0.6170871263273979,0.835693359375,0.4891357421875,0.9024941859175343,0.9185791015625,0.886962890625,0.9610642987155115,0.9505615234375,0.9718017578125
plant_0973,973,00,973,ref,0.001565328799188137,0.0010394429555162787,0.0005258859018795192,0.8818359375,0.5052490234375,0.020144572481513023,0.20304344218318057,0.7208251953125,0.1181640625,0.620011312253835,0.8302001953125,0.4947509765625,0.8412741845497697,0.8529052734375,0.8299560546875
plant_0974,974,00,974,ref,0.0015484639443457127,0.0008298709290102124,0.0007185930153355002,0.872314453125,0.4403076171875,0.018200861290097237,0.20043111759563964,0.4658203125,0.127685546875,0.6545374555633547,0.7880859375,0.5596923828125,0.8079248433377308,0.8468017578125,0.7724609375
plant_0975,975,00,975,ref,0.0007427062373608351,0.000424677855335176,0.00031802835292182863,0.791015625,0.205810546875,0.014539207331836224,0.20781823604992658,0.2066650390625,0.208984375,0.8227277864409683,0.8533935546875,0.794189453125,0.9246947646093853,0.9102783203125,0.9395751953125
plant_0976,976,00,976,ref,0.0015163966454565525,0.000747298588976264,0.0007690979982726276,0.8787841796875,0.4942626953125,0.019858770072460175,0.19566889409418706,0.5072021484375,0.1212158203125,0.6025218127866693,0.7451171875,0.5057373046875,0.8218448816495285,0.8360595703125,0.80810546875
plant_0978,978,00,978,ref,0.0008645905181765556,0.00036545147304423153,0.0004991390742361546,0.839599609375,0.3482666015625,0.016573796048760414,0.18349386706026058,0.21435546875,0.160400390625,0.74673005859375,0.8741455078125,0.6517333984375,0.9016648056041624,0.930419921875,0.8746337890625
plant_0981,981,00,981,ref,0.0010560937225818634,0.0005133061204105616,0.0005427876021713018,0.8348388671875,0.3497314453125,0.0166386216878891,0.09106850470924786,0.0628662109375,0.1651611328125,0.7332758974171989,0.840576171875,0.6502685546875,0.882486169077492,0.90283203125,0.863037109375
plant_0982,982,00,982,ref,0.0015395781956613064,0.000836817198432982,0.0007027609972283244,0.8779296875,0.458251953125,0.019036298617720604,0.08693481366709595,0.0675048828125,0.1220703125,0.651925849264046,0.818359375,0.541748046875,0.8498236705683369,0.8699951171875,0.83056640625
plant_0983,983,00,983,ref,0.0007220951956696808,0.00036816386273130774,0.0003539313329383731,0.706298828125,0.2374267578125,0.013562296517193317,0.42712903471592195,0.78271484375,0.293701171875,0.8079235027511951,0.8590087890625,0.7625732421875,0.9139646807178631,0.908203125,0.9197998046875
plant_0985,985,00,985,ref,0.0008834986947476864,0.0004694703093264252,0.0004140283854212612,0.7587890625,0.2763671875,0.015023079700767994,0.1298828125,0.0888671875,0.2412109375,0.7859899486472945,0.860107421875,0.7236328125,0.9080672542932517,0.91162109375,0.904541015625
plant_0987,987,00,987,ref,0.000753746076952666,0.0003659881476778537,0.0003877579583786428,0.7406005859375,0.262451171875,0.01436348631978035,0.3911564164351048,0.794921875,0.2593994140625,0.8051833418285854,0.886474609375,0.737548828125,0.9143878470368393,0.9267578125,0.90234375
plant_0988,988,00,988,ref,0.0011777500621974468,0.0007122608367353678,0.00046548907994292676,0.8594970703125,0.38525390625,0.01750289276242256,0.07393944187139885,0.0501708984375,0.1405029296875,0.24870291833320132,0.1558837890625,0.61474609375,0.8905764194617651,0.903076171875,0.87841796875
plant_0989,989,00,989,ref,0.0013417901936918497,0.0006073953118175268,0.000734394823666662,0.776123046875,0.3382568359375,0.015580381266772747,0.12508959817043222,0.0867919921875,0.223876953125,0.7443275143725279,0.8504638671875,0.6617431640625,0.8612790930069528,0.894775390625,0.8302001953125
plant_0990,990,00,990,ref,0.0005825612461194396,0.0002928565663751215,0.00028970467974431813,0.707763671875,0.2042236328125,0.013127166777849197,0.37930732794171557,0.540283203125,0.292236328125,0.8346711852510851,0.8775634765625,0.7957763671875,0.9396127243017214,0.9349365234375,0.9443359375
plant_0991,991,00,991,ref,0.0022212485782802105,0.0015482748858630657,0.0006729737506248057,0.925048828125,0.6187744140625,0.02273721992969513,0.035424683224502485,0.023193359375,0.074951171875,0.4614607775170648,0.58447265625,0.3812255859375,0.814909416412299,0.88330078125,0.75634765625
plant_0993,993,00,993,ref,0.0007948405109345913,0.0003471789532341063,0.00044766158680431545,0.83056640625,0.365966796875,0.016843348741531372,0.27737579565139237,0.7642822265625,0.16943359375,0.7272718488920478,0.8526611328125,0.634033203125,0.8943713985968518,0.9122314453125,0.877197265625
plant_0994,994,00,994,ref,0.002698161406442523,0.001353349187411368,0.0013448122190311551,0.9632568359375,0.8175048828125,0.031238846480846405,0.025295947372004357,0.019287109375,0.0367431640625,0.2982591104431638,0.815673828125,0.1824951171875,0.5964009494676509,0.8487548828125,0.459716796875
plant_0995,995,00,995,ref,0.0014748971443623304,0.0007799024460837245,0.0006949948146939278,0.8565673828125,0.4771728515625,0.019514838233590126,0.24071068824455702,0.748046875,0.1434326171875,0.6396587068545463,0.82373046875,0.5228271484375,0.8408682737488677,0.8768310546875,0.8077392578125
plant_0998,998,00,998,ref,0.0014662703033536673,0.0007501269574277103,0.000716143345925957,0.8818359375,0.41357421875,0.01828554831445217,0.11418951047784304,0.1104736328125,0.1181640625,0.6959680325592468,0.8558349609375,0.58642578125,0.8692936366864217,0.89892578125,0.841552734375
plant_0999,999,00,999,ref,0.0013997878413647413,0.000844883150421083,0.0005549046909436584,0.8092041015625,0.3326416015625,0.016004422679543495,0.262306201171875,0.4195556640625,0.1907958984375,0.7421957470564352,0.8359375,0.6673583984375,0.8662511173295054,0.874755859375,0.85791015625
plant_1000,1000,00,1000,ref,0.0016762122977524996,0.0010557223577052355,0.000620489998254925,0.9180908203125,0.509033203125,0.020168893039226532,0.04967285663291796,0.03564453125,0.0819091796875,0.6143824616827595,0.8206787109375,0.490966796875,0.8445669280234657,0.870849609375,0.81982421875
plant_10001,10001,00,10001,ref,0.0022219177335500717,0.0016377915162593126,0.0005841263337060809,0.9376220703125,0.5888671875,0.021708950400352478,0.02816458037405303,0.0181884765625,0.0623779296875,0.5206547967490742,0.709716796875,0.4111328125,0.8283288881777663,0.81689453125,0.840087890625
plant_10003,10003,00,10003,ref,0.001462337328121066,0.0010413199197500944,0.0004210174665786326,0.8585205078125,0.3597412109375,0.01671728305518627,0.047701120034522954,0.0286865234375,0.1414794921875,0.15096582950985957,0.0855712890625,0.6402587890625,0.8293150406179222,0.76416015625,0.9066162109375
plant_10004,10004,00,10004,ref,0.0012808904284611344,0.0006318095256574452,0.0006490809028036892,0.7608642578125,0.2882080078125,0.014650313183665276,0.18711740174895122,0.1536865234375,0.2391357421875,0.6679933951805138,0.6292724609375,0.7117919921875,0.8854914453017494,0.9246826171875,0.8494873046875
plant_10006,10006,00,10006,ref,0.0006171943387016654,0.0002659158199094236,0.0003512785187922418,0.7095947265625,0.2137451171875,0.01361310575157404,0.42323861267319535,0.780029296875,0.2904052734375,0.837972424237617,0.89697265625,0.7862548828125,0.9380397812764331,0.9410400390625,0.93505859375
plant_10007,10007,00,10007,ref,0.0007001052144914865,0.00036690826527774334,0.00033319697831757367,0.7025146484375,0.2353515625,0.013302808627486229,0.3728932634687548,0.49951171875,0.2974853515625,0.8202808417678188,0.8846435546875,0.7646484375,0.9291293268204361,0.9320068359375,0.92626953125
plant_10008,10008,00,10008,ref,0.0006559021421708167,0.0002991141809616238,0.00035678796120919287,0.728515625,0.212158203125,0.013396886177361012,0.12177499346006278,0.0784912109375,0.271484375,0.8350090188000728,0.88818359375,0.787841796875,0.932041084041282,0.9439697265625,0.92041015625
plant_1001,1001,00,1001,ref,0.0012717947829514742,0.0007347404607571661,0.000537054380401969,0.8602294921875,0.388916015625,0.017392871901392937,0.08353705794549908,0.0595703125,0.1397705078125,0.70738691266565,0.8397216796875,0.611083984375,0.8551391436167368,0.88134765625,0.8304443359375
plant_10010,10010,00,10010,ref,0.0006916944985277951,0.0003283412952441722,0.0003633532323874533,0.8021240234375,0.2449951171875,0.015005419962108135,0.31646460718313557,0.789794921875,0.1978759765625,0.8126745606380199,0.8798828125,0.7550048828125,0.9282082081593569,0.924560546875,0.931884765625
plant_10011,10011,00,10011,ref,0.0012064524926245213,0.0006926156929694116,0.0005138367414474487,0.8203125,0.357666015625,0.0163528174161911,0.14442172897196262,0.1207275390625,0.1796875,0.5156210004266212,0.4306640625,0.642333984375,0.8717930034734374,0.8857421875,0.8582763671875
plant_10012,10012,00,10012,ref,0.001446095178835094,0.0006372202769853175,0.0008088748436421156,0.8892822265625,0.532958984375,0.020989740267395973,0.14307345517947717,0.2021484375,0.1107177734375,0.5719217301188184,0.737548828125,0.467041015625,0.8185001114916075,0.901123046875,0.749755859375
plant_10013,10013,00,10013,ref,0.0018078391440212727,0.00100897706579417,0.0007988621364347637,0.8167724609375,0.5023193359375,0.020119402557611465,0.29313475390937416,0.7325439453125,0.1832275390625,0.614606201950706,0.8033447265625,0.4976806640625,0.7842174105845603,0.8397216796875,0.735595703125
plant_10014,10014,00,10014,ref,0.0017654444091022015,0.0006311929319053888,0.0011342514771968126,0.876708984375,0.50146484375,0.020023448392748833,0.21195357580471358,0.754638671875,0.123291015625,0.6216983401318216,0.82568359375,0.49853515625,0.8073269652861332,0.870849609375,0.75244140625
plant_10016,10016,00,10016,ref,0.0008096611127257347,0.0004409345565363765,0.0003687265852931887,0.8055419921875,0.2774658203125,0.015543125569820404,0.09913902175660665,0.0665283203125,0.1944580078125,0.7866111138676386,0.8631591796875,0.7225341796875,0.9249099796890465,0.91650390625,0.9334716796875
plant_10017,10017,00,10017,ref,0.0016681014094501734,0.0009664694662205875,0.0007016321178525686,0.9085693359375,0.50537109375,0.020115427672863007,0.062188962692731276,0.047119140625,0.0914306640625,0.6197111492520974,0.8294677734375,0.49462890625,0.8370638542425346,0.8662109375,0.809814453125
plant_10018,10018,00,10018,ref,0.0015490169171243906,0.0006282997783273458,0.0009207172552123666,0.8428955078125,0.4813232421875,0.019396109506487846,0.0872802734375,0.0604248046875,0.1571044921875,0.6501344092478916,0.870849609375,0.5186767578125,0.7998079321981998,0.9158935546875,0.7098388671875
plant_10021,10021,00,10021,ref,0.0006107488879933953,0.0003182840009685606,0.0002924649161286652,0.6944580078125,0.196533203125,0.013233737088739872,0.2081484699148775,0.1578369140625,0.3055419921875,0.849931238034104,0.902099609375,0.803466796875,0.9456963183688286,0.9393310546875,0.9521484375
plant_10023,10023,00,10023,ref,0.0010835822904482484,0.0004173124034423381,0.0006662699161097407,0.8531494140625,0.4688720703125,0.019090529531240463,0.24729075419923158,0.782470703125,0.1468505859375,0.6505075080038976,0.839111328125,0.5311279296875,0.8405878262518109,0.8836669921875,0.801513671875
plant_10024,10024,00,10024,ref,0.0015948424115777016,0.000642386032268405,0.0009524563211016357,0.8438720703125,0.4844970703125,0.019492199644446373,0.2155548317380448,0.3480224609375,0.1561279296875,0.6358758344960976,0.82958984375,0.5155029296875,0.8081106718069938,0.878662109375,0.748046875
plant_10025,10025,00,10025,ref,0.0013877428136765957,0.0008297344320453703,0.0005580084398388863,0.8521728515625,0.3455810546875,0.01644613780081272,0.05308156414083672,0.0323486328125,0.1478271484375,0.7325192104081109,0.831787109375,0.6544189453125,0.8743137816317627,0.8779296875,0.8707275390625
plant_10026,10026,00,10026,ref,0.0006478870054706931,0.0002953482326120138,0.0003525388310663402,0.6282958984375,0.2005615234375,0.012536347843706608,0.5080497108692685,0.8023681640625,0.3717041015625,0.8412584619871935,0.8876953125,0.7994384765625,0.9324302426134876,0.934326171875,0.9305419921875
plant_10027,10027,00,10027,ref,0.0029024221003055573,0.0008355056634172797,0.0020669165533035994,0.7740478515625,0.616943359375,0.030160123482346535,0.3513180951535444,0.7891845703125,0.2259521484375,0.5288623707040117,0.8538818359375,0.383056640625,0.6345839960131514,0.8746337890625,0.4979248046875
plant_10029,10029,00,10029,ref,0.001311447354964912,0.0006659823702648282,0.0006454649847000837,0.9215087890625,0.578857421875,0.022098951041698456,0.13903120415036457,0.60791015625,0.0784912109375,0.5689959820693831,0.8768310546875,0.421142578125,0.8317252946294978,0.897705078125,0.7747802734375
plant_1003,1003,00,1003,ref,0.0005328926490619779,0.0002086952154058963,0.00032419749186374247,0.7406005859375,0.2052001953125,0.013585277833044529,0.3919495001114659,0.801513671875,0.2593994140625,0.8415054238570654,0.89404296875,0.7947998046875,0.9386361373463814,0.943359375,0.9339599609375
plant_10030,10030,00,10030,ref,0.0008184121688827872,0.0003762865671887994,0.00044212560169398785,0.7789306640625,0.23974609375,0.01424399483948946,0.11545032639738882,0.078125,0.2210693359375,0.8133899319556451,0.87451171875,0.76025390625,0.9320713560764798,0.939453125,0.9248046875
plant_10031,10031,00,10031,ref,0.0020046397112309933,0.0011977284448221326,0.0008069112082011998,0.867919921875,0.4935302734375,0.019791221246123314,0.09769464136211416,0.0775146484375,0.132080078125,0.2604442353961504,0.17529296875,0.5064697265625,0.7672441890958082,0.775634765625,0.759033203125
plant_10032,10032,00,10032,ref,0.0017195362597703934,0.0008521467680111527,0.0008673894917592406,0.8973388671875,0.5301513671875,0.02091202512383461,0.0534524104001759,0.0361328125,0.1026611328125,0.5716404043865116,0.729736328125,0.4698486328125,0.8013463428527579,0.8800048828125,0.735595703125
plant_10034,10034,00,10034,ref,0.0010530943982303143,0.0005253475392237306,0.0005277469172142446,0.83935546875,0.40380859375,0.017646724358201027,0.26596832375212615,0.7723388671875,0.16064453125,0.6934453847883825,0.82861328125,0.59619140625,0.8699882660404535,0.8724365234375,0.8675537109375
plant_10035,10035,00,10035,ref,0.0029136540833860636,0.0016000298783183098,0.0013136242050677538,0.9453125,0.6944580078125,0.025725191459059715,0.028516914191419142,0.019287109375,0.0546875,0.10544986441115703,0.063720703125,0.3055419921875,0.713964040548545,0.8424072265625,0.6195068359375
plant_10036,10036,00,10036,ref,0.000556448008865118,0.0002885014400817454,0.0002679465396795422,0.7474365234375,0.1552734375,0.013518956489861012,0.32437502195661105,0.4532470703125,0.2525634765625,0.8618877802700503,0.8797607421875,0.8447265625,0.9548944345297524,0.9381103515625,0.9722900390625
plant_10037,10037,00,10037,ref,0.0009211707510985434,0.00030755536863580346,0.0006136153824627399,0.7203369140625,0.340087890625,0.014961620792746544,0.4108938471019634,0.774169921875,0.2796630859375,0.7603065174825517,0.896728515625,0.659912109375,0.8916269104337432,0.93505859375,0.85205078125
plant_10038,10038,00,10038,ref,0.00046054774429649115,0.00020413100719451904,0.00025641670799814165,0.6025390625,0.1641845703125,0.011664994060993195,0.5366119323852295,0.82568359375,0.3974609375,0.8686522923663972,0.9041748046875,0.8358154296875,0.9521202692335428,0.9429931640625,0.96142578125
plant_10039,10039,00,10039,ref,0.0006587156094610691,0.000314680248266086,0.0003440353611949831,0.718505859375,0.213623046875,0.013620574958622456,0.40302635708015033,0.709228515625,0.281494140625,0.8295261580059786,0.877685546875,0.786376953125,0.9356951362169036,0.921630859375,0.9501953125
plant_1004,1004,00,1004,ref,0.0011385497637093067,0.0003837302792817354,0.0007548194262199104,0.79345703125,0.404052734375,0.017018526792526245,0.3248691753833775,0.7606201171875,0.20654296875,0.7029583828958701,0.8568115234375,0.595947265625,0.849543991416309,0.90966796875,0.796875
plant_10040,10040,00,10040,ref,0.0007691292557865381,0.00035858500632457435,0.0004105442203581333,0.7496337890625,0.249755859375,0.014466812834143639,0.3816320858822336,0.80224609375,0.2503662109375,0.8149905501444845,0.8919677734375,0.750244140625,0.9204231071484815,0.9271240234375,0.913818359375
plant_10042,10042,00,10042,ref,0.0015368683962151408,0.0008941723499447107,0.000642696104478091,0.8438720703125,0.3878173828125,0.017459578812122345,0.06435067989602732,0.04052734375,0.1561279296875,0.25481026036732196,0.160888671875,0.6121826171875,0.8536091627948534,0.869140625,0.838623046875
plant_10043,10043,00,10043,ref,0.0006970741087570786,0.00027236423920840025,0.00042470984044484794,0.7777099609375,0.316162109375,0.01605474017560482,0.34860137957542975,0.807373046875,0.2222900390625,0.7749845360606676,0.8941650390625,0.683837890625,0.9189637284196547,0.93359375,0.90478515625
plant_10044,10044,00,10044,ref,0.0007799987215548754,0.000442786404164508,0.0003372123755980283,0.7493896484375,0.2623291015625,0.015059858560562134,0.3769295926629122,0.760009765625,0.2506103515625,0.7895875873129952,0.849365234375,0.7376708984375,0.9160082105394606,0.896484375,0.9364013671875
plant_10046,10046,00,10046,ref,0.00283346651121974,0.0016827952349558473,0.0011506713926792145,0.9320068359375,0.6353759765625,0.023843340575695038,0.053923072690953415,0.044677734375,0.0679931640625,0.1974453330039978,0.1353759765625,0.3646240234375,0.4928915625364092,0.396484375,0.6512451171875
plant_10047,10047,00,10047,ref,0.0007224854780361056,0.00035998053499497473,0.00036250491393730044,0.7294921875,0.322509765625,0.015704603865742683,0.40172311599570115,0.7801513671875,0.2705078125,0.7585225371539895,0.861572265625,0.677490234375,0.9146253462867426,0.9080810546875,0.9212646484375
plant_10048,10048,00,10048,ref,0.0017417112831026316,0.001140254782512784,0.0006014565005898476,0.90234375,0.510986328125,0.020305925980210304,0.047208234597156395,0.0311279296875,0.09765625,0.6069716056059996,0.7999267578125,0.489013671875,0.8383062031295395,0.881591796875,0.799072265625
plant_10049,10049,00,10049,ref,0.0007395612774416804,0.00039229291724041104,0.0003472683602012694,0.8131103515625,0.292724609375,0.01582055352628231,0.10970172257152745,0.07763671875,0.1868896484375,0.7762899583730823,0.8602294921875,0.707275390625,0.9329385344432815,0.926513671875,0.939453125
plant_1005,1005,00,1005,ref,0.0007774073746986687,0.00038763246266171336,0.0003897748829331249,0.7939453125,0.3182373046875,0.01621597446501255,0.2678454544276234,0.382568359375,0.2060546875,0.7580802239339024,0.8536376953125,0.6817626953125,0.9062440641995134,0.9039306640625,0.9085693359375
plant_10050,10050,00,10050,ref,0.0005995015380904078,0.00031290092738345265,0.00028660058160312474,0.6629638671875,0.19140625,0.012641477398574352,0.4656142094656558,0.7528076171875,0.3370361328125,0.8418364577301679,0.8779296875,0.80859375,0.939507494782531,0.93701171875,0.9420166015625
plant_10052,10052,00,10052,ref,0.0009895944967865944,0.0004080382641404867,0.0005815561744384468,0.8614501953125,0.445068359375,0.018637631088495255,0.2360946476226369,0.7977294921875,0.1385498046875,0.671929206381282,0.8514404296875,0.554931640625,0.862637012063825,0.8931884765625,0.8341064453125
plant_10054,10054,00,10054,ref,0.0004836714069824666,0.00023917268845252693,0.00024449871852993965,0.627685546875,0.147705078125,0.01185274962335825,0.5165591970651737,0.84326171875,0.372314453125,0.8779857119912488,0.9052734375,0.852294921875,0.9523365532882089,0.94189453125,0.9630126953125
plant_10055,10055,00,10055,ref,0.0007975743501447141,0.0004445768427103758,0.0003529975365381688,0.8277587890625,0.2469482421875,0.01537066139280796,0.13887129782016708,0.1163330078125,0.1722412109375,0.7984757480781131,0.8497314453125,0.7530517578125,0.9259892264101213,0.91015625,0.9423828125
plant_10056,10056,00,10056,ref,0.0012221792712807655,0.0007249766495078802,0.0004972025635652244,0.8677978515625,0.3876953125,0.01780458725988865,0.14856697749165657,0.1695556640625,0.1322021484375,0.6497248990992045,0.6920166015625,0.6123046875,0.884269187754521,0.886962890625,0.881591796875
plant_10057,10057,00,10057,ref,0.0015927311033010483,0.0007241791463457048,0.0008685518987476826,0.822998046875,0.5179443359375,0.02056029997766018,0.28293846750398033,0.7047119140625,0.177001953125,0.6144992404513889,0.8472900390625,0.4820556640625,0.7982929505476682,0.8819580078125,0.7291259765625
plant_10058,10058,00,10058,ref,0.002053214469924569,0.0008921463158912957,0.0011610680958256125,0.77734375,0.3389892578125,0.016236284747719765,0.33475717129440585,0.6741943359375,0.22265625,0.7320959517923362,0.8203125,0.6610107421875,0.8619518651424095,0.868408203125,0.8555908203125
plant_10059,10059,00,10059,ref,0.000738328555598855,0.0003455798723734915,0.0003927486250177026,0.7894287109375,0.2657470703125,0.015260254964232445,0.3305262693728951,0.76806640625,0.2105712890625,0.7914871773683605,0.8583984375,0.7342529296875,0.9150262952741463,0.91162109375,0.91845703125
plant_1006,1006,00,1006,ref,0.0023242835886776447,0.0013542991364374757,0.000969984452240169,0.93310546875,0.6353759765625,0.02433144859969616,0.1184765298663325,0.517578125,0.06689453125,0.5113780812803186,0.8558349609375,0.3646240234375,0.7300655402267406,0.8702392578125,0.6287841796875
plant_10061,10061,00,10061,ref,0.0017106584273278713,0.0008712786948308349,0.0008393796160817146,0.8453369140625,0.41650390625,0.017856726422905922,0.24292219699095646,0.5657958984375,0.1546630859375,0.6916835085420927,0.84912109375,0.58349609375,0.8479293017841113,0.8909912109375,0.808837890625
plant_10062,10062,00,10062,ref,0.0013009782414883375,0.0006906909984536469,0.0006102871848270297,0.8380126953125,0.4205322265625,0.01809673011302948,0.2348731986722798,0.427001953125,0.1619873046875,0.6942061127631884,0.8656005859375,0.5794677734375,0.8725360828792958,0.90673828125,0.8408203125
plant_10065,10065,00,10065,ref,0.0012682081433013082,0.0005934652872383595,0.0006747428560629487,0.8638916015625,0.4385986328125,0.018726879730820656,0.23185486489153923,0.7818603515625,0.1361083984375,0.677611789001207,0.8544921875,0.5614013671875,0.8554361839995724,0.8876953125,0.825439453125
plant_10066,10066,00,10066,ref,0.0008931955089792609,0.00038562892586924136,0.00050756661221385,0.815673828125,0.400634765625,0.01766832545399666,0.29842842056815316,0.7833251953125,0.184326171875,0.7048752412317503,0.85546875,0.599365234375,0.8658559238604364,0.8985595703125,0.83544921875
plant_10067,10067,00,10067,ref,0.0006813036743551493,0.00032998452661558986,0.00035131917684338987,0.7589111328125,0.1956787109375,0.01393900252878666,0.36585905532398927,0.75830078125,0.2410888671875,0.8292789055319394,0.8558349609375,0.8043212890625,0.933665300755719,0.921142578125,0.946533203125
plant_10068,10068,00,10068,ref,0.0008772524306550622,0.0004135133349336684,0.0004637390375137329,0.8408203125,0.352294921875,0.016751930117607117,0.2670947880649543,0.829345703125,0.1591796875,0.7434591172182405,0.8724365234375,0.647705078125,0.8878640903097512,0.905029296875,0.871337890625
plant_10070,10070,00,10070,ref,0.0010345340706408024,0.0005268441163934767,0.0005076898960396647,0.828125,0.335693359375,0.0162325631827116,0.16851466328747283,0.165283203125,0.171875,0.7458994291737185,0.850341796875,0.664306640625,0.8970256732494557,0.907958984375,0.8863525390625
plant_10071,10071,00,10071,ref,0.0011021665995940566,0.0005055349902249873,0.0005966316093690693,0.780517578125,0.34228515625,0.01577160879969597,0.33862683344457156,0.74072265625,0.219482421875,0.7462868981119007,0.8624267578125,0.65771484375,0.8728526435529141,0.9041748046875,0.8436279296875
plant_10072,10072,00,10072,ref,0.0016471869312226772,0.0007106767734512687,0.0009365102159790695,0.8623046875,0.51416015625,0.02041964791715145,0.08870755709134616,0.0654296875,0.1376953125,0.6067037384390336,0.8076171875,0.48583984375,0.7886614238967479,0.8582763671875,0.7294921875
plant_10073,10073,00,10073,ref,0.0007279413403011858,0.00034124095691367984,0.000386700383387506,0.7664794921875,0.2607421875,0.014702036045491695,0.36084233942261973,0.79345703125,0.2335205078125,0.7986970368138334,0.8685302734375,0.7392578125,0.9046677552937158,0.911865234375,0.8975830078125
plant_10076,10076,00,10076,ref,0.001283104531466961,0.0005529731279239058,0.0007301314035430551,0.8115234375,0.454345703125,0.01865468919277191,0.2094184027777778,0.235595703125,0.1884765625,0.6637757791958808,0.84716796875,0.545654296875,0.8322532122172565,0.89599609375,0.7769775390625
plant_1008,1008,00,1008,ref,0.0007560570375062525,0.0004247515753377229,0.00033130546216852963,0.732666015625,0.2259521484375,0.01374852005392313,0.12496788072953115,0.08154296875,0.267333984375,0.8239532677815635,0.8807373046875,0.7740478515625,0.9293621181228245,0.9337158203125,0.925048828125
plant_10080,10080,00,10080,ref,0.0007694183150306344,0.0003881739394273609,0.00038124434649944305,0.762451171875,0.2646484375,0.014673750847578049,0.3653990279796512,0.791259765625,0.237548828125,0.7949200872425629,0.864990234375,0.7353515625,0.9216092438518144,0.9129638671875,0.930419921875
plant_10081,10081,00,10081,ref,0.00038958690129220486,0.00017153746739495546,0.0002180494338972494,0.603759765625,0.125732421875,0.011555781587958336,0.5361640477094958,0.828857421875,0.396240234375,0.8925536942498291,0.91162109375,0.874267578125,0.9652493287483404,0.95361328125,0.9771728515625
plant_10082,10082,00,10082,ref,0.0011298211757093668,0.0005665814969688654,0.0005632397369481623,0.861572265625,0.4420166015625,0.01850547082722187,0.0876124901107595,0.0640869140625,0.138427734375,0.6658181709911644,0.8253173828125,0.5579833984375,0.8691314564450109,0.8875732421875,0.8514404296875
plant_10085,10085,00,10085,ref,0.001189876114949584,0.0005598908755928278,0.0006299851811490953,0.9156494140625,0.4893798828125,0.019787028431892395,0.1504353445848676,0.6947021484375,0.0843505859375,0.6252587827258875,0.8062744140625,0.5106201171875,0.8598465896498227,0.885986328125,0.835205078125
plant_10086,10086,00,10086,ref,0.001053383806720376,0.0005299495533108711,0.0005234342534095049,0.81640625,0.35693359375,0.016599813476204872,0.29464710856429793,0.7457275390625,0.18359375,0.7266029044770419,0.8350830078125,0.64306640625,0.8712096133474576,0.88623046875,0.856689453125
