plant,plant_id,view,seed,mode,chamfer,acc_pred_to_gt,comp_gt_to_pred,miss_0p01,miss_0p02,nn_gt_median,f1_0p01,precision_0p01,recall_0p01,f1_0p02,precision_0p02,recall_0p02,f1_0p03,precision_0p03,recall_0p03
Sorghum_0,0,00,0,ref,0.004198023118078709,0.0016981699736788869,0.0024998532608151436,0.8953148126602173,0.6720351576805115,0.027381952852010727,0.1560014882073041,0.3060029149055481,0.1046852096915245,0.46927515787385904,0.8245485424995422,0.3279648721218109,0.6775738605544601,0.8695704936981201,0.5550268292427063
Sorghum_1,1,00,1,ref,0.0021339883096516132,0.000983888516202569,0.0011500997934490442,0.8889702558517456,0.6056612730026245,0.023773184046149254,0.104300694466595,0.09834065288305283,0.11102977395057678,0.4772914446977168,0.6044411659240723,0.3943386971950531,0.7424049519156234,0.8809175491333008,0.6415324807167053
Sorghum_100,100,00,100,ref,0.0016771419905126095,0.0008065905421972275,0.0008705515065230429,0.8642020225524902,0.5694240927696228,0.022792208939790726,0.23006165143462842,0.752196192741394,0.13579794764518738,0.5711704059587434,0.8480966091156006,0.4305758774280548,0.7613087585148799,0.8925085663795471,0.6637384295463562
Sorghum_1000,1000,00,1000,ref,0.002041405998170376,0.0008704655920155346,0.001170940580777824,0.7824548482894897,0.5784528851509094,0.023900162428617477,0.3398458361979709,0.7762323021888733,0.21754513680934906,0.5633582284320553,0.8489506840705872,0.4215470850467682,0.7231684635757903,0.8872621059417725,0.610297679901123
Sorghum_10000,10000,00,10000,ref,0.0019598426297307014,0.0008223960758186877,0.0011374464957043529,0.8286969065666199,0.6050512194633484,0.024866430088877678,0.27879360026627875,0.7484138607978821,0.17130307853221893,0.537837344039518,0.8427281379699707,0.3949487507343292,0.7276897540625686,0.8820156455039978,0.6193264722824097
Sorghum_10002,10002,00,10002,ref,0.0017272596014663577,0.0008309012046083808,0.0008963583968579769,0.7942898869514465,0.5220839381217957,0.02085517905652523,0.3262987770095875,0.788555383682251,0.20571009814739227,0.6178349641420581,0.8735968470573425,0.47791606187820435,0.7953714209247937,0.9097120761871338,0.70656418800354
Sorghum_10003,10003,00,10003,ref,0.002043571323156357,0.0008471478940919042,0.0011964235454797745,0.8560273051261902,0.554294764995575,0.022252975031733513,0.19551456513459087,0.3045387864112854,0.14397266507148743,0.5831925272702968,0.8433381915092468,0.44570523500442505,0.7498574088989867,0.8920205235481262,0.64677894115448
Sorghum_10004,10004,00,10004,ref,0.0021190564148128033,0.0009013563394546509,0.0012177001917734742,0.8451683521270752,0.6006588339805603,0.023939520120620728,0.2571421679107899,0.7580527067184448,0.15483161807060242,0.543524917430524,0.8506588339805603,0.3993411362171173,0.7462367797058423,0.8920205235481262,0.6414104700088501
Sorghum_10005,10005,00,10005,ref,0.003568398766219616,0.0012220425996929407,0.002346356399357319,0.8310151100158691,0.622742772102356,0.0260879285633564,0.2777654906781755,0.7796486020088196,0.16898487508296967,0.5230700948889326,0.8526110053062439,0.37725719809532166,0.6968125803402968,0.8889702558517456,0.5729624032974243
Sorghum_10006,10006,00,10006,ref,0.0021750868763774633,0.0008664947818033397,0.0013085921527817845,0.8754270672798157,0.6283553242683411,0.025230607017874718,0.20436894992774182,0.5685700178146362,0.12457296252250671,0.5136221777656756,0.8311371207237244,0.3716447055339813,0.7188062197144117,0.8823816776275635,0.6063933372497559
Sorghum_10008,10008,00,10008,ref,0.0025178343057632446,0.0008499614777974784,0.0016678727697581053,0.734260618686676,0.5545387864112854,0.022878950461745262,0.399833050424602,0.8071010112762451,0.265739381313324,0.5911290840104816,0.8783553242683411,0.4454612135887146,0.745996679856741,0.9083699584007263,0.6328697204589844
Sorghum_10009,10009,00,10009,ref,0.002611021511256695,0.001103350892663002,0.0015076707350090146,0.8239384889602661,0.59504634141922,0.024710582569241524,0.2883617311323573,0.7962420582771301,0.1760614961385727,0.5516364837724939,0.8649340867996216,0.40495362877845764,0.7203183169846589,0.897877037525177,0.6013908982276917
Sorghum_10010,10010,00,10010,ref,0.004184951540082693,0.00138239620719105,0.002802555449306965,0.8743289113044739,0.6528794765472412,0.02706592157483101,0.21181205592604135,0.673377275466919,0.12567105889320374,0.48644352629578524,0.8125914931297302,0.3471205532550812,0.6715238711258795,0.8649340867996216,0.5488042831420898
Sorghum_10012,10012,00,10012,ref,0.0028325733728706837,0.0010518174385651946,0.0017807561671361327,0.7927037477493286,0.6268911957740784,0.028126968070864677,0.3277804698455667,0.7826988697052002,0.2072962373495102,0.5186160646868098,0.8501707911491394,0.373108834028244,0.6653352642602369,0.885919988155365,0.5326988697052002
Sorghum_10014,10014,00,10014,ref,0.001494862139225006,0.0007324367761611938,0.0007624253048561513,0.8438262343406677,0.5183016061782837,0.020622240379452705,0.24366429765368966,0.5540507435798645,0.1561737358570099,0.6176563445575477,0.8605417013168335,0.4816983938217163,0.8123501082136683,0.906051754951477,0.7362127900123596
Sorghum_10015,10015,00,10015,ref,0.0019193663029000163,0.0009330760221928358,0.0009862902807071805,0.8066129684448242,0.5384333729743958,0.021670345216989517,0.3105541097879155,0.7879453301429749,0.1933870166540146,0.6025114014196581,0.8673743009567261,0.46156662702560425,0.7786100968746368,0.902757465839386,0.6844802498817444
Sorghum_10018,10018,00,10018,ref,0.002875217469409108,0.0012185266241431236,0.0016566908452659845,0.8795754313468933,0.6874085068702698,0.030094025656580925,0.1609976155648051,0.24280136823654175,0.12042459845542908,0.44141537518470814,0.7508540749549866,0.3125915229320526,0.6299828381693305,0.8573694229125977,0.4979258179664612
Sorghum_10019,10019,00,10019,ref,0.0018100948072969913,0.0006759473471902311,0.0011341474018990993,0.7752562165260315,0.5244021415710449,0.020933087915182114,0.34626401424943576,0.7539043426513672,0.2247437834739685,0.611594965423622,0.8565153479576111,0.4755978584289551,0.7751359285900298,0.8955588340759277,0.6832601428031921
Sorghum_1002,1002,00,1002,ref,0.0030316421762108803,0.0013137463247403502,0.0017178959678858519,0.9066618084907532,0.6556857228279114,0.026252394542098045,0.08159366883963251,0.07247437536716461,0.09333821386098862,0.4846922087798358,0.8183259963989258,0.344314306974411,0.6887378093877227,0.8676183223724365,0.5710102319717407
Sorghum_10021,10021,00,10021,ref,0.003297069575637579,0.0012691138545051217,0.0020279556047171354,0.8489506840705872,0.6270132064819336,0.027534475550055504,0.2280395592258625,0.46510493755340576,0.15104928612709045,0.5165991264061945,0.8400439023971558,0.3729868233203888,0.669804796405228,0.8876281380653381,0.5378233194351196
Sorghum_10022,10022,00,10022,ref,0.002068084431812167,0.0009630290442146361,0.001105055445805192,0.8476085662841797,0.5851634740829468,0.023386742919683456,0.2545023012292471,0.7713518738746643,0.15239140391349792,0.5587723693526476,0.8556612730026245,0.41483649611473083,0.7505777927191579,0.8961688876152039,0.645680844783783
Sorghum_10023,10023,00,10023,ref,0.0021923580206930637,0.001000846503302455,0.0011915116338059306,0.8459004163742065,0.593948245048523,0.023551417514681816,0.25385658980206066,0.7198633551597595,0.15409955382347107,0.5472127029332198,0.8388237953186035,0.40605172514915466,0.7414404856379122,0.8844558596611023,0.6382381916046143
Sorghum_10024,10024,00,10024,ref,0.0029728899244219065,0.0012262165546417236,0.0017466733697801828,0.8074670433998108,0.6046851873397827,0.025852683931589127,0.30700396637841404,0.7571986317634583,0.19253294169902802,0.5393652381128219,0.8485846519470215,0.3953147828578949,0.6913880778996176,0.8854319453239441,0.5671058893203735
Sorghum_10025,10025,00,10025,ref,0.0018212891882285476,0.0008133816882036626,0.001007907441817224,0.7884333729743958,0.547828197479248,0.021979572251439095,0.3322821841987632,0.7737920880317688,0.21156661212444305,0.5899737039080533,0.8485846519470215,0.45217180252075195,0.7601408759122026,0.8879941701889038,0.6644704937934875
Sorghum_10026,10026,00,10026,ref,0.001717558247037232,0.0008395265904255211,0.0008780316566117108,0.7737920880317688,0.5193997025489807,0.020878342911601067,0.35016311653887616,0.7746461629867554,0.2262079119682312,0.6197043156279607,0.8721327185630798,0.4806002974510193,0.7882336332819811,0.9066618084907532,0.6971693634986877
Sorghum_10027,10027,00,10027,ref,0.0027795133646577597,0.0011018655495718122,0.0016776475822553039,0.8574914336204529,0.640800416469574,0.026354944333434105,0.23948295563187716,0.7495119571685791,0.14250853657722473,0.5055187654930611,0.8529770374298096,0.3591996133327484,0.6963893002726295,0.8899463415145874,0.5719863176345825
Sorghum_10028,10028,00,10028,ref,0.0020321556366980076,0.00084975321078673,0.0011824022512882948,0.864080011844635,0.5868716239929199,0.02330070175230503,0.23050926801736826,0.7580527067184448,0.1359199583530426,0.555842506105565,0.8491947054862976,0.4131283462047577,0.7518989423137055,0.8867740631103516,0.6526354551315308
Sorghum_10029,10029,00,10029,ref,0.0024117915891110897,0.0009924774058163166,0.0014193140668794513,0.7687896490097046,0.5650317072868347,0.02294159308075905,0.3568820713742985,0.7818447947502136,0.2312103509902954,0.5772207439870857,0.8577354550361633,0.4349682629108429,0.7460699547255685,0.8970229625701904,0.6386042237281799
Sorghum_10030,10030,00,10030,ref,0.0021745115518569946,0.000822746311314404,0.0013517652405425906,0.7667154669761658,0.5370912551879883,0.021652918308973312,0.3600774731005082,0.7887994050979614,0.23328453302383423,0.6045964859130231,0.8712786436080933,0.4629087448120117,0.7649384069147255,0.9030014872550964,0.6634944081306458
Sorghum_10031,10031,00,10031,ref,0.0021257842890918255,0.0009697218192741275,0.0011560623534023762,0.7523182034492493,0.569546103477478,0.02376612089574337,0.37797063178982426,0.7974621653556824,0.24768179655075073,0.5763847836553394,0.8720107078552246,0.4304538667201996,0.7326678261421933,0.9011713266372681,0.6172522902488708
Sorghum_10032,10032,00,10032,ref,0.0031581660732626915,0.0015049460344016552,0.0016532201552763581,0.84504634141922,0.6710590720176697,0.028904756531119347,0.2577426182457037,0.7656173706054688,0.15495362877845764,0.4728182970775724,0.8404099345207214,0.3289409577846527,0.6532943032004561,0.8722547292709351,0.5222059488296509
Sorghum_10033,10033,00,10033,ref,0.002247985452413559,0.0008373692398890853,0.0014106162125244737,0.7938018441200256,0.5507564544677734,0.022266454994678497,0.32540805077338075,0.7713518738746643,0.20619814097881317,0.5879718302523154,0.8506588339805603,0.44924354553222656,0.7686881938196753,0.8894582986831665,0.6767935752868652
Sorghum_10034,10034,00,10034,ref,0.001953314756974578,0.0008707062224857509,0.001082608592696488,0.7911176085472107,0.5240361094474792,0.020951125770807266,0.3302019164275869,0.7877013087272644,0.2088823765516281,0.6137246501335231,0.8637139797210693,0.47596389055252075,0.7887940386148848,0.8979990482330322,0.703269898891449
Sorghum_10038,10038,00,10038,ref,0.003420676803216338,0.0012149831745773554,0.002205693395808339,0.8601756691932678,0.6386042237281799,0.026425974443554878,0.23019986236051873,0.6509273052215576,0.1398243010044098,0.504041351195696,0.8327232599258423,0.36139580607414246,0.6885118699956414,0.8795754313468933,0.5656417608261108
Sorghum_10039,10039,00,10039,ref,0.0015440569259226322,0.0006540892645716667,0.0008899674285203218,0.7667154669761658,0.5096388459205627,0.020346613600850105,0.36150722681645736,0.802708625793457,0.23328453302383423,0.6267144897651344,0.8681063652038574,0.49036115407943726,0.7968869003820095,0.907637894153595,0.7102245092391968
Sorghum_1004,1004,00,1004,ref,0.0020130330231040716,0.00083541328785941,0.0011776196770370007,0.7758662700653076,0.5854074954986572,0.02429008297622204,0.3512405536399363,0.811371386051178,0.22413372993469238,0.563024893613993,0.8770132064819336,0.4145924746990204,0.736263644983414,0.907637894153595,0.6193264722824097
Sorghum_10042,10042,00,10042,ref,0.001498289406299591,0.0006168668624013662,0.0008814226021058857,0.8134455680847168,0.552708625793457,0.021877000108361244,0.30174488441636754,0.7887994050979614,0.186554417014122,0.5888265967362755,0.8613957762718201,0.44729137420654297,0.7806923949989142,0.9011713266372681,0.688628613948822
Sorghum_10043,10043,00,10043,ref,0.0023642960004508495,0.0010480491910129786,0.001316246809437871,0.7763543128967285,0.5979745984077454,0.025525927543640137,0.34776659720338826,0.781478762626648,0.22364568710327148,0.548420945497393,0.8624938726425171,0.40202537178993225,0.7066456318942872,0.8975110054016113,0.5827232599258423
Sorghum_10044,10044,00,10044,ref,0.0026620132848620415,0.0011269700480625033,0.0015350432367995381,0.7925817370414734,0.610785722732544,0.025600649416446686,0.32705680547756555,0.772816002368927,0.20741824805736542,0.5335865573441358,0.8482186198234558,0.38921424746513367,0.7079720848352593,0.887018084526062,0.589067816734314
Sorghum_10045,10045,00,10045,ref,0.0019076289609074593,0.0011384355602785945,0.0007691933424212039,0.8407759666442871,0.5750365853309631,0.022518442943692207,0.2650939854133282,0.7911176085472107,0.1592240184545517,0.5690638717866807,0.8610297441482544,0.4249633848667145,0.7816262131487258,0.8945827484130859,0.6939970850944519
Sorghum_10046,10046,00,10046,ref,0.001955351559445262,0.0008608348434790969,0.001094516715966165,0.8402879238128662,0.5990726947784424,0.0238022543489933,0.2601658764094831,0.7011957168579102,0.1597120612859726,0.5462629241277436,0.8568813800811768,0.40092727541923523,0.7537213522526952,0.9044656157493591,0.6460468769073486
Sorghum_10047,10047,00,10047,ref,0.003680094610899687,0.0014038103399798274,0.0022762843873351812,0.8471205234527588,0.6428745985031128,0.025738129392266273,0.25474479482106094,0.7634211778640747,0.15287944674491882,0.5026718389073289,0.8484626412391663,0.3571254312992096,0.7067515007902943,0.8856759667396545,0.5879697203636169
Sorghum_10049,10049,00,10049,ref,0.0018017832189798355,0.0007726784679107368,0.0010291046928614378,0.8190580606460571,0.4941434860229492,0.019804425537586212,0.18724221124084725,0.1939970701932907,0.18094192445278168,0.6273492174954983,0.8256466388702393,0.5058565139770508,0.7953015559456912,0.8938506841659546,0.716325044631958
Sorghum_1005,1005,00,1005,ref,0.0021803718991577625,0.0008431858150288463,0.0013371860841289163,0.8125914931297302,0.5772327780723572,0.02340690791606903,0.3011485399585128,0.7661054134368896,0.18740849196910858,0.5654945596094244,0.8537091016769409,0.42276719212532043,0.7403417291082927,0.8947047591209412,0.6314055919647217
Sorghum_10051,10051,00,10051,ref,0.0031384346075356007,0.001306198420934379,0.0018322361866012216,0.8335773348808289,0.6095656156539917,0.025868380442261696,0.26744613709146176,0.6805759072303772,0.16642265021800995,0.5335871754232785,0.8424841165542603,0.3904343545436859,0.6990685378002862,0.88323575258255,0.5784528851509094
Sorghum_10052,10052,00,10052,ref,0.0024606049992144108,0.001191838295198977,0.0012687667040154338,0.8468765020370483,0.5701561570167542,0.023069411516189575,0.150264832552314,0.14751097559928894,0.15312346816062927,0.5663530507893955,0.8299170136451721,0.42984381318092346,0.747777471569424,0.8903123736381531,0.6445827484130859
Sorghum_10054,10054,00,10054,ref,0.0019623017869889736,0.0007870245026424527,0.0011752770515158772,0.8180819749832153,0.5379453301429749,0.021473022177815437,0.27568530182917633,0.5689360499382019,0.18191801011562347,0.5956932201382583,0.8380917310714722,0.46205466985702515,0.7672242009398266,0.8840898275375366,0.6776476502418518
Sorghum_10055,10055,00,10055,ref,0.0025006956420838833,0.0010681861313059926,0.0014325093943625689,0.8413860201835632,0.577110767364502,0.023118723183870316,0.26385710968868814,0.7841629981994629,0.15861396491527557,0.5666972974890943,0.8587115406990051,0.42288920283317566,0.7489076816260278,0.8916544914245605,0.6455588340759277
Sorghum_10057,10057,00,10057,ref,0.003543705679476261,0.0011388200800865889,0.002404885832220316,0.8666422367095947,0.6487311124801636,0.027984976768493652,0.18514859210702972,0.30270862579345703,0.13335773348808289,0.494129129585745,0.8328452706336975,0.3512689173221588,0.6662042475777816,0.8826256990432739,0.5350170731544495
Sorghum_10058,10058,00,10058,ref,0.002216834807768464,0.0009931656531989574,0.0012236691545695066,0.8252806067466736,0.5502684116363525,0.022134045138955116,0.2835364378709693,0.7517081499099731,0.17471937835216522,0.5891757279373898,0.8539531230926514,0.44973158836364746,0.7584626157438975,0.8928745985031128,0.6592240333557129
Sorghum_1006,1006,00,1006,ref,0.0027086897753179073,0.0011474735802039504,0.0015612163115292788,0.8034406900405884,0.5937042236328125,0.02522934041917324,0.3085300983640606,0.7169350981712341,0.19655929505825043,0.5493943635726822,0.8480966091156006,0.4062957465648651,0.7105043732622635,0.8936066627502441,0.5896778702735901
Sorghum_10060,10060,00,10060,ref,0.002265123650431633,0.001056140405125916,0.001208983245305717,0.8189360499382019,0.6203025579452515,0.02617863193154335,0.2903695900730139,0.7326744794845581,0.1810639351606369,0.5246206605653543,0.8484626412391663,0.37969741225242615,0.6980514162329766,0.8886042237281799,0.5747925639152527
Sorghum_10061,10061,00,10061,ref,0.0017531260382384062,0.0005893685738556087,0.0011637575225904584,0.8487066626548767,0.5900439023971558,0.023396650329232216,0.25373148577798726,0.7857491374015808,0.1512933075428009,0.5565117342824594,0.8661541938781738,0.40995606780052185,0.7664234106112882,0.9039775729179382,0.6652025580406189
Sorghum_10062,10062,00,10062,ref,0.0017707811202853918,0.0006965523352846503,0.0010742286685854197,0.7449975609779358,0.5650317072868347,0.023233985528349876,0.38896124782258984,0.8194240927696228,0.2550024390220642,0.5804178817247869,0.8720107078552246,0.4349682629108429,0.7485899848494223,0.9043436050415039,0.6386042237281799
Sorghum_10063,10063,00,10063,ref,0.0013351646484807134,0.0004787402576766908,0.0008564243908040226,0.7087603807449341,0.4718155264854431,0.018865343183279037,0.4277176707830653,0.8049048185348511,0.2912396192550659,0.6592674326272714,0.8768911957740784,0.5281844735145569,0.8202427920170945,0.9131283760070801,0.7445095181465149
Sorghum_10064,10064,00,10064,ref,0.0021370663307607174,0.001181277446448803,0.0009557888261042535,0.8491947054862976,0.5638116002082825,0.022238820791244507,0.2515244616544187,0.7573206424713135,0.15080526471138,0.5757205207708406,0.8465104699134827,0.43618836998939514,0.7739758258124814,0.8828697204589844,0.6889946460723877
Sorghum_10066,10066,00,10066,ref,0.0020139890257269144,0.0006178797921165824,0.0013961091171950102,0.7696437239646912,0.5383113622665405,0.022311417385935783,0.35571191008643627,0.7803806662559509,0.23035627603530884,0.6036426733842357,0.8716446757316589,0.4616886377334595,0.7527703600276578,0.9119082689285278,0.6409224271774292
Sorghum_10067,10067,00,10067,ref,0.001964912749826908,0.0009716394124552608,0.0009932734537869692,0.7772083878517151,0.541849672794342,0.02199399285018444,0.34843277708437936,0.7990483045578003,0.2227916121482849,0.598452240905515,0.8626158833503723,0.45815032720565796,0.7680274119026185,0.8904343843460083,0.6752074360847473
Sorghum_10068,10068,00,10068,ref,0.0038894484750926495,0.0013118473580107093,0.002577601233497262,0.7894094586372375,0.5757686495780945,0.025276774540543556,0.3276454790285182,0.7376769185066223,0.21059052646160126,0.5653160242056217,0.8469985127449036,0.42423132061958313,0.6948588801897289,0.8840898275375366,0.5723523497581482
Sorghum_10070,10070,00,10070,ref,0.0017168608028441668,0.0006369251641444862,0.0010799358133226633,0.8261346817016602,0.5989506840705872,0.024260152131319046,0.28421918334687984,0.7780624628067017,0.17386530339717865,0.5478802677605926,0.8643240332603455,0.40104928612709045,0.7398065079714058,0.903855562210083,0.626159131526947
Sorghum_10072,10072,00,10072,ref,0.0019066189415752888,0.0007770902593620121,0.0011295286240056157,0.8300390243530273,0.5514885187149048,0.02198689430952072,0.26983440923806945,0.6543436050415039,0.16996096074581146,0.5893957085889469,0.8593215942382812,0.4485114812850952,0.7758579343363231,0.8981210589408875,0.6828941106796265
Sorghum_10073,10073,00,10073,ref,0.0018853400833904743,0.0007301710429601371,0.001155169098637998,0.8050268292427063,0.5530746579170227,0.022104546427726746,0.31162376200064684,0.7757442593574524,0.1949731558561325,0.5848496295546167,0.8459004163742065,0.4469253420829773,0.770499348533675,0.8977550268173218,0.6748414039611816
Sorghum_10074,10074,00,10074,ref,0.0030530262738466263,0.0013794732512906194,0.0016735531389713287,0.8391898274421692,0.6354319453239441,0.027543937787413597,0.26249134542909763,0.7138848304748535,0.16081015765666962,0.5044163223215276,0.8183259963989258,0.3645680844783783,0.6668346392467888,0.8627378940582275,0.54343581199646
Sorghum_10076,10076,00,10076,ref,0.0021259847562760115,0.000782835646532476,0.0013431491097435355,0.7863591909408569,0.5854074954986572,0.023533523082733154,0.33524443133657034,0.7781844735145569,0.21364079415798187,0.557507148952133,0.8507808446884155,0.4145924746990204,0.7414732734756607,0.8871400952339172,0.6368960738182068
Sorghum_10077,10077,00,10077,ref,0.0022024931386113167,0.0007036221213638783,0.0014988711336627603,0.8890922665596008,0.6196925044059753,0.024691220372915268,0.16508218030503222,0.32271841168403625,0.11090776324272156,0.5256226843323384,0.8506588339805603,0.38030746579170227,0.7380953583013015,0.9084919691085815,0.6215226650238037
Sorghum_10078,10078,00,10078,ref,0.0022998754866421223,0.0010888034012168646,0.0012110719690099359,0.9278916716575623,0.633723795413971,0.02441338077187538,0.06831992710289171,0.06490971148014069,0.07210834324359894,0.47291581266125676,0.6671547293663025,0.36627623438835144,0.7331953123260441,0.8917765021324158,0.6224987506866455
Sorghum_10079,10079,00,10079,ref,0.0021815113723278046,0.0010717689292505383,0.0011097422102466226,0.8107613325119019,0.5865055918693542,0.023759962990880013,0.302966847151801,0.7592728137969971,0.18923865258693695,0.5574758313917995,0.8552952408790588,0.41349437832832336,0.739240347959184,0.8969009518623352,0.6287213563919067
Sorghum_1008,1008,00,1008,ref,0.0026958449743688107,0.0010697918478399515,0.0016260530101135373,0.8465104699134827,0.6411664485931396,0.027136579155921936,0.256285961578923,0.7759882807731628,0.15348950028419495,0.5059661408362486,0.8576134443283081,0.35883358120918274,0.6808169767206008,0.889702320098877,0.5513665080070496
Sorghum_10081,10081,00,10081,ref,0.0021666185930371284,0.000896340177860111,0.0012702783569693565,0.8121034502983093,0.5561249256134033,0.021949348971247673,0.3029154305928407,0.780990719795227,0.18789653480052948,0.5837844860778804,0.8524889945983887,0.4438750743865967,0.7807704462318319,0.8893362879753113,0.6958272457122803
Sorghum_10083,10083,00,10083,ref,0.0030990494415163994,0.0013894926523789763,0.001709556789137423,0.8236944675445557,0.6110297441482544,0.02536582760512829,0.2828993170600435,0.7154709696769714,0.17630551755428314,0.5295853363987332,0.8294289708137512,0.3889702260494232,0.7068416355773328,0.8745729327201843,0.5930941700935364
Sorghum_10084,10084,00,10084,ref,0.0025161481462419033,0.0009771385230123997,0.0015390096232295036,0.8986091017723083,0.6476330161094666,0.025390999391674995,0.08402799274934002,0.07174231112003326,0.10139092057943344,0.49622343122469065,0.8385797739028931,0.35236701369285583,0.7231068945214881,0.8920205235481262,0.6079794764518738
Sorghum_10086,10086,00,10086,ref,0.0035105659626424313,0.0012630895944312215,0.0022474764846265316,0.8317471742630005,0.666910707950592,0.02961208112537861,0.275996915878404,0.7674475312232971,0.16825281083583832,0.4799923439315515,0.8587115406990051,0.33308932185173035,0.6462292307015215,0.8951928019523621,0.5056124925613403
Sorghum_1009,1009,00,1009,ref,0.0022626654244959354,0.0007689422927796841,0.0014937232481315732,0.827110767364502,0.5552708506584167,0.022336341440677643,0.28039705703613405,0.7414592504501343,0.17288921773433685,0.5858931651393251,0.8583455085754395,0.44472914934158325,0.7542552751813363,0.900073230266571,0.6490971446037292
Sorghum_10090,10090,00,10090,ref,0.0034116425085812807,0.0014421283267438412,0.001969514414668083,0.8501707911491394,0.6383602023124695,0.02758341282606125,0.20734013262312537,0.33650562167167664,0.1498291790485382,0.5074317942409117,0.8501707911491394,0.3616398274898529,0.6726542806224736,0.8916544914245605,0.5400195121765137
Sorghum_10091,10091,00,10091,ref,0.0025953217409551144,0.001186924520879984,0.0014083973364904523,0.8262566924095154,0.5994387269020081,0.02479616180062294,0.2820081011995426,0.7482918500900269,0.17374329268932343,0.5451531291394448,0.8530990481376648,0.40056124329566956,0.7171006645637794,0.8971449732780457,0.597242534160614
Sorghum_10092,10092,00,10092,ref,0.0023775803856551647,0.000891747185960412,0.0014858331996947527,0.7984382510185242,0.5946803092956543,0.024529406800866127,0.3162742300283509,0.7340165972709656,0.20156173408031464,0.549163076902636,0.8512688875198364,0.4053196609020233,0.7171197412471353,0.8893362879753113,0.6007808446884155
Sorghum_10093,10093,00,10093,ref,0.002463026437908411,0.0010848954552784562,0.001378130866214633,0.7647632956504822,0.5822352170944214,0.024475179612636566,0.36243711156994624,0.7891654372215271,0.23523670434951782,0.5620253914593452,0.8584675192832947,0.4177647531032562,0.7108614853906755,0.8905563950538635,0.5915080308914185
Sorghum_10094,10094,00,10094,ref,0.0018833765061572194,0.0008831550367176533,0.0010002214694395661,0.8003904223442078,0.5223279595375061,0.020786002278327942,0.3179040748820282,0.7803806662559509,0.19960956275463104,0.614584953930416,0.8615177869796753,0.4776720404624939,0.7907271257117867,0.8982430696487427,0.7061981558799744
Sorghum_10095,10095,00,10095,ref,0.002784856827929616,0.0009602062636986375,0.0018246505642309785,0.6387262344360352,0.4926793575286865,0.01953785866498947,0.4993846143020475,0.8084431290626526,0.36127379536628723,0.6422777930896234,0.87506103515625,0.5073206424713135,0.7532549353965714,0.9031234979629517,0.6460468769073486
Sorghum_10097,10097,00,10097,ref,0.001806075917556882,0.0008313729194924235,0.0009747031144797802,0.8587115406990051,0.5929721593856812,0.023502804338932037,0.2127318208970776,0.43033185601234436,0.14128842949867249,0.5514163979401439,0.8545631766319275,0.40702781081199646,0.7570934078741496,0.8962908983230591,0.6553196907043457
Sorghum_10098,10098,00,10098,ref,0.0016063598450273275,0.000820348912384361,0.0007860109326429665,0.8589555621147156,0.5732064247131348,0.02237994782626629,0.23835880870710904,0.7687896490097046,0.14104440808296204,0.5722483883191956,0.8681063652038574,0.42679354548454285,0.8003695471248367,0.9051976799964905,0.7173011302947998
Sorghum_10099,10099,00,10099,ref,0.0028968865517526865,0.0012525316560640931,0.0016443548956885934,0.802708625793457,0.6431186199188232,0.02824961580336094,0.3155390793936213,0.7875792980194092,0.19729135930538177,0.5042118501609275,0.8587115406990051,0.35688140988349915,0.6670890045555441,0.8925085663795471,0.532576858997345
Sorghum_101,101,00,101,ref,0.0017269325908273458,0.0007561194943264127,0.0009708129800856113,0.7453635931015015,0.5269643664360046,0.021235184744000435,0.3800349297207416,0.7487798929214478,0.25463640689849854,0.6075150182774134,0.8488286733627319,0.47303563356399536,0.7799724457743985,0.8994631767272949,0.6885066032409668
Sorghum_10100,10100,00,10100,ref,0.002235435415059328,0.0010596195934340358,0.0011758158216252923,0.8338213562965393,0.5971205234527588,0.02390621230006218,0.27469221289245205,0.7916056513786316,0.1661786288022995,0.5478223069929767,0.8556612730026245,0.4028794467449188,0.7452167312923088,0.8895803093910217,0.6411664485931396
Sorghum_10101,10101,00,10101,ref,0.0032543507404625416,0.0013899204786866903,0.0018644302617758512,0.8083211183547974,0.6184723973274231,0.027746880427002907,0.3073538212552648,0.7751342058181763,0.19167886674404144,0.5246861671325125,0.8397998809814453,0.3815275728702545,0.6617917465510911,0.8744509220123291,0.5323328375816345
Sorghum_10103,10103,00,10103,ref,0.00263592298142612,0.0011390427825972438,0.0014968800824135542,0.790751576423645,0.5672279000282288,0.023142347112298012,0.32678687266843803,0.7456076145172119,0.2092484086751938,0.5735999545037012,0.8502928018569946,0.43277207016944885,0.7336508933783541,0.8928745985031128,0.6226207613945007
Sorghum_10104,10104,00,10104,ref,0.001312156906351447,0.0006181838689371943,0.0006939729792065918,0.7041239738464355,0.4266715347766876,0.01729290932416916,0.4328374669919908,0.8058809041976929,0.29587602615356445,0.6937958497437964,0.8783553242683411,0.57332843542099,0.8333142686483606,0.9089800119400024,0.7692776918411255
Sorghum_10105,10105,00,10105,ref,0.0021388742607086897,0.0007376102730631828,0.001401263871230185,0.8378477096557617,0.5533186793327332,0.022122085094451904,0.269012598909561,0.7889214158058167,0.1621522754430771,0.5874703147722338,0.8578574657440186,0.44668132066726685,0.7723132549300534,0.8958028554916382,0.6787457466125488
Sorghum_10107,10107,00,10107,ref,0.002246309071779251,0.0009342457051388919,0.0013120631920173764,0.7480478286743164,0.5093948245048523,0.02038935385644436,0.3819014729903223,0.7886773943901062,0.2519521713256836,0.6249944869671074,0.860785722732544,0.4906051754951477,0.7762259780369484,0.8947047591209412,0.6854563355445862
Sorghum_10108,10108,00,10108,ref,0.00255920784547925,0.001051263534463942,0.001507944311015308,0.8740848898887634,0.6608101725578308,0.029199091717600822,0.16517169987489808,0.23999512195587158,0.12591508030891418,0.4817479064273772,0.8310151100158691,0.3391898572444916,0.6514109236802342,0.8828697204589844,0.5161054134368896
Sorghum_10109,10109,00,10109,ref,0.0019089954439550638,0.0007563114049844444,0.0011526840971782804,0.7232796549797058,0.5492923259735107,0.022542016580700874,0.41289612831809536,0.8129575252532959,0.2767203450202942,0.5977651304356766,0.8872621059417725,0.45070767402648926,0.7465539329385888,0.9187408685684204,0.6287213563919067
Sorghum_1011,1011,00,1011,ref,0.0014796206960454583,0.0005824719555675983,0.0008971486822701991,0.7781844735145569,0.5363591909408569,0.02144290879368782,0.34804900932917726,0.8077110648155212,0.22181552648544312,0.6055146316428386,0.8724987506866455,0.46364080905914307,0.7755547641094789,0.9054417014122009,0.6782577037811279
Sorghum_10110,10110,00,10110,ref,0.0020428672432899475,0.0007454824517481029,0.0012973849661648273,0.8561493158340454,0.5428257584571838,0.02143586240708828,0.15803776358799587,0.17532943189144135,0.1438506543636322,0.592228901225199,0.8405319452285767,0.45717424154281616,0.7760285116325503,0.8939726948738098,0.6855783462524414
Sorghum_10111,10111,00,10111,ref,0.002646729815751314,0.0013248588657006621,0.001321870950050652,0.83150315284729,0.5693020820617676,0.02306310087442398,0.2763883430909394,0.7684236168861389,0.16849683225154877,0.5738293785713844,0.8594436049461365,0.43069788813591003,0.747486759958978,0.8975110054016113,0.6404343843460083
Sorghum_10114,10114,00,10114,ref,0.00201342161744833,0.0007594780763611197,0.0012539434246718884,0.7335285544395447,0.5294045805931091,0.021715382114052773,0.40007219763673657,0.8023425936698914,0.2664714455604553,0.610784615291841,0.8699365258216858,0.47059541940689087,0.7526198551907987,0.9015373587608337,0.6459248661994934
Sorghum_10116,10116,00,10116,ref,0.002974962815642357,0.0009139446774497628,0.002061018254607916,0.8782333135604858,0.6573938727378845,0.02625315636396408,0.20811942045502727,0.7155929803848267,0.12176671624183655,0.4839701597741996,0.8239384889602661,0.34260615706443787,0.7017757858545396,0.876159131526947,0.585285484790802
Sorghum_10117,10117,00,10117,ref,0.0024274028837680817,0.001226035295985639,0.0012013674713671207,0.901659369468689,0.6111517548561096,0.023825405165553093,0.10054720433739783,0.10285504907369614,0.09834065288305283,0.5038269840080642,0.7153489589691162,0.388848215341568,0.7514530114915527,0.8671302795410156,0.6630063652992249
Sorghum_10118,10118,00,10118,ref,0.002407107036560774,0.0010019998298957944,0.0014051070902496576,0.8562713265419006,0.628843367099762,0.025528568774461746,0.2404847981517772,0.735846757888794,0.14372864365577698,0.5150928403651898,0.8413860201835632,0.3711566627025604,0.7105933365299706,0.8916544914245605,0.5906539559364319
Sorghum_10120,10120,00,10120,ref,0.0023071360774338245,0.0010280127171427011,0.0012791232438758016,0.8041727542877197,0.5641776323318481,0.022651011124253273,0.31026052075828076,0.7464616894721985,0.19582723081111908,0.5760204096326629,0.8491947054862976,0.43582233786582947,0.7578161679786587,0.8928745985031128,0.6582479476928711
Sorghum_10122,10122,00,10122,ref,0.0017525317380204797,0.0007296745898202062,0.0010228572646155953,0.782576858997345,0.5096388459205627,0.02034739963710308,0.34208876946154926,0.8018545508384705,0.21742312610149384,0.627190776078932,0.8699365258216858,0.49036115407943726,0.8175791754660247,0.9080039262771606,0.7435334324836731
Sorghum_10123,10123,00,10123,ref,0.0019667688757181168,0.000987405888736248,0.000979362870566547,0.818448007106781,0.5653977394104004,0.0225856751203537,0.29344192762869176,0.7647632956504822,0.1815519779920578,0.5778884765677209,0.8621278405189514,0.4346022307872772,0.7638636410911964,0.8979990482330322,0.6645925045013428
Sorghum_10124,10124,00,10124,ref,0.0025286581367254257,0.0011401089141145349,0.0013885489897802472,0.826622724533081,0.6294534206390381,0.02670399658381939,0.2781948751071064,0.7035139203071594,0.17337726056575775,0.5167858479845125,0.8537091016769409,0.3705466091632843,0.6947981801078199,0.8939726948738098,0.5682039856910706
Sorghum_10126,10126,00,10126,ref,0.0023046275600790977,0.001042841118760407,0.0012617862084880471,0.8041727542877197,0.598340630531311,0.024664727970957756,0.3107216167481494,0.7518301606178284,0.19582723081111908,0.5424402036969805,0.8351634740829468,0.4016593396663666,0.7153503803767737,0.8771352171897888,0.6039531230926514
Sorghum_10127,10127,00,10127,ref,0.0030708792619407177,0.0013418145244941115,0.0017290647374466062,0.8502928018569946,0.6356759667396545,0.027437642216682434,0.2327147392262521,0.5223279595375061,0.14970716834068298,0.5082973711989507,0.8404099345207214,0.36432406306266785,0.6707298365667972,0.8868960738182068,0.5392874479293823
Sorghum_10128,10128,00,10128,ref,0.0017498950473964214,0.0007069054991006851,0.0010429895482957363,0.7744021415710449,0.5751585960388184,0.02382008545100689,0.35238476011221775,0.8045387864112854,0.22559785842895508,0.5724270827450715,0.8771352171897888,0.42484137415885925,0.7434638291549888,0.912518322467804,0.627257227897644
Sorghum_10132,10132,00,10132,ref,0.0017992667853832245,0.0008538280380889773,0.0009454389219172299,0.7086383700370789,0.48279649019241333,0.019190361723303795,0.4260708763545715,0.7924597263336182,0.29136162996292114,0.6466073008952535,0.8623718619346619,0.5172035098075867,0.7947222304539202,0.8954368233680725,0.7143728733062744
Sorghum_10133,10133,00,10133,ref,0.0037660468369722366,0.0015335275093093514,0.0022325192112475634,0.878843367099762,0.6705710291862488,0.029652755707502365,0.14810144843399536,0.1904587596654892,0.12115666270256042,0.47164302811463843,0.8299170136451721,0.3294290006160736,0.6423120789442485,0.878843367099762,0.5061005353927612
Sorghum_10134,10134,00,10134,ref,0.002271908801048994,0.0008853891049511731,0.0013865195214748383,0.8185700178146362,0.6004148125648499,0.025009367614984512,0.2897173669043217,0.7186432480812073,0.18142996728420258,0.5414622804506539,0.8395558595657349,0.39958515763282776,0.7210183194022451,0.8854319453239441,0.608101487159729
Sorghum_10137,10137,00,10137,ref,0.0019304822199046612,0.0009348810417577624,0.0009956012945622206,0.8332113027572632,0.5506344437599182,0.021692750975489616,0.274394980345435,0.7733040452003479,0.16678868234157562,0.5882511568491443,0.8513908982276917,0.4493655562400818,0.7765112013041208,0.8942167162895203,0.6861883997917175
Sorghum_10138,10138,00,10138,ref,0.00265690078958869,0.001140934182330966,0.0015159666072577238,0.8654221296310425,0.6002928018569946,0.02467409335076809,0.13767706385956388,0.1409223973751068,0.13457784056663513,0.5389068881506744,0.8268667459487915,0.399707168340683,0.7157152965541416,0.8782333135604858,0.6039531230926514
Sorghum_10139,10139,00,10139,ref,0.001524910912849009,0.000654709932859987,0.0008702010381966829,0.7903855443000793,0.5145192742347717,0.020567601546645164,0.33135245270530483,0.7903855443000793,0.20961444079875946,0.6222741128477736,0.8663982152938843,0.48548072576522827,0.8117789359606118,0.9094680547714233,0.7330405116081238
Sorghum_1014,1014,00,1014,ref,0.002153851091861725,0.0008663974003866315,0.0012874535750597715,0.7859931588172913,0.5916300415992737,0.024365518242120743,0.29242833176370653,0.46156662702560425,0.21400682628154755,0.5548980636229525,0.8654221296310425,0.40836992859840393,0.725706504455141,0.8997071981430054,0.608101487159729
Sorghum_10140,10140,00,10140,ref,0.0022984384559094906,0.0009272146853618324,0.0013712237123399973,0.8164958357810974,0.5440458655357361,0.021951472386717796,0.29777708218147475,0.7892874479293823,0.1835041493177414,0.5963126659388176,0.8615177869796753,0.4559541344642639,0.7629955826703985,0.8960468769073486,0.6643484830856323
Sorghum_10141,10141,00,10141,ref,0.001769772730767727,0.0006829137564636767,0.0010868590325117111,0.8332113027572632,0.5308687090873718,0.021051742136478424,0.27390708590425755,0.7656173706054688,0.16678868234157562,0.6055484131311211,0.8538311123847961,0.4691312909126282,0.7809744535426617,0.8959248661994934,0.6921669244766235
Sorghum_10142,10142,00,10142,ref,0.0017009676666930318,0.0008637032588012516,0.0008372644078917801,0.8272327780723572,0.5333089232444763,0.020978190004825592,0.28344345680019484,0.7886773943901062,0.17276720702648163,0.6033593357057531,0.85322105884552,0.4666910767555237,0.7945846439451348,0.8947047591209412,0.7146168947219849
Sorghum_10143,10143,00,10143,ref,0.00278384773992002,0.001094489241950214,0.0016893584979698062,0.8441922664642334,0.6464129090309143,0.026274103671312332,0.26027585596785485,0.7898975014686584,0.1558077037334442,0.5003113147800072,0.8551732301712036,0.3535871207714081,0.7078759604087259,0.8861640095710754,0.5893118381500244
Sorghum_10144,10144,00,10144,ref,0.002321510575711727,0.0008658568258397281,0.0014556536916643381,0.8116154074668884,0.6038311123847961,0.025517914444208145,0.301522540864227,0.754880428314209,0.18838457763195038,0.5408498768779334,0.8520009517669678,0.39616885781288147,0.7122788618187266,0.8944607377052307,0.5917520523071289
Sorghum_10147,10147,00,10147,ref,0.001999843632802367,0.001036140602082014,0.0009637030307203531,0.8584675192832947,0.6265251636505127,0.02449786849319935,0.2402433992145586,0.7940458655357361,0.14153245091438293,0.5219976284655662,0.8666422367095947,0.3734748661518097,0.7433564562128261,0.8981210589408875,0.6340898275375366
Sorghum_10148,10148,00,10148,ref,0.002167430240660906,0.0007862402708269656,0.0013811899116262794,0.7898975014686584,0.5963884592056274,0.025199681520462036,0.33208014127802393,0.7917276620864868,0.21010248363018036,0.5505873868021786,0.8659101724624634,0.40361151099205017,0.7144187475251991,0.8998292088508606,0.592362105846405
Sorghum_10149,10149,00,10149,ref,0.002341526560485363,0.0011109898332506418,0.001230536843650043,0.8682283759117126,0.5952903628349304,0.023845704272389412,0.15402928277890257,0.18533430993556976,0.13177159428596497,0.5452669569850185,0.8354074954986572,0.4047096073627472,0.7399053340452839,0.8878721594810486,0.6342118382453918
Sorghum_10150,10150,00,10150,ref,0.0024797539226710796,0.0011310850968584418,0.0013486688258126378,0.8589555621147156,0.6448267698287964,0.02617749571800232,0.23611466393368077,0.7243777513504028,0.14104440808296204,0.5000313472711663,0.8444362878799438,0.355173259973526,0.7029689358335921,0.8823816776275635,0.584187388420105
Sorghum_10151,10151,00,10151,ref,0.0018603294156491756,0.0010068586561828852,0.0008534707594662905,0.797828197479248,0.5328208804130554,0.02127951569855213,0.32053105350057515,0.7731820344924927,0.20217178761959076,0.6060423899715534,0.8623718619346619,0.4671791195869446,0.7900564736315776,0.8959248661994934,0.70656418800354
Sorghum_10153,10153,00,10153,ref,0.0024294881150126457,0.0012397435493767262,0.0011897446820512414,0.8394338488578796,0.642996609210968,0.026694966480135918,0.26101704088622046,0.6971693634986877,0.16056613624095917,0.5018207682542726,0.8443142771720886,0.35700342059135437,0.6955541626899222,0.883723795413971,0.5734504461288452
Sorghum_10155,10155,00,10155,ref,0.0018081041052937508,0.0007233209908008575,0.0010847829980775714,0.8249145746231079,0.549414336681366,0.021885346621274948,0.285416292892522,0.77171790599823,0.1750854104757309,0.5895000559439204,0.8522449731826782,0.45058566331863403,0.7796728532122474,0.8943387269973755,0.6910688281059265
Sorghum_10156,10156,00,10156,ref,0.0022848048247396946,0.0009540493483655155,0.0013307554181665182,0.8365055918693542,0.628843367099762,0.026229241862893105,0.26939612240093114,0.7647632956504822,0.16349439322948456,0.5174684398580524,0.8541971445083618,0.3711566627025604,0.7012963598050621,0.8944607377052307,0.5767447352409363
Sorghum_10157,10157,00,10157,ref,0.002383784856647253,0.0009328947635367513,0.0014508900931105018,0.7701317667961121,0.5685700178146362,0.0238554235547781,0.35658730292784485,0.7946559190750122,0.22986823320388794,0.5769647935362581,0.8706685900688171,0.4314299523830414,0.7274724829325463,0.9030014872550964,0.6090775728225708
Sorghum_10158,10158,00,10158,ref,0.0017274720594286919,0.0006498608854599297,0.0010776111157611012,0.7996583580970764,0.545632004737854,0.021854989230632782,0.318872522841257,0.7808687090873718,0.2003416270017624,0.593932925627003,0.8572474122047424,0.454367995262146,0.7784093900187341,0.9003172516822815,0.6855783462524414
Sorghum_10159,10159,00,10159,ref,0.0015356037765741348,0.0006049888324923813,0.0009306148858740926,0.8136895895004272,0.5412396192550659,0.021330785006284714,0.3004320126589081,0.7753782272338867,0.18631039559841156,0.5989430367231874,0.8624938726425171,0.4587603807449341,0.8002062976219648,0.9009273052215576,0.7197413444519043
Sorghum_10160,10160,00,10160,ref,0.0026517664082348347,0.0010695770615711808,0.001582189230248332,0.8056368827819824,0.5966324806213379,0.025546884164214134,0.30416511880888375,0.6991215348243713,0.19436310231685638,0.5464826508822945,0.8469985127449036,0.4033674895763397,0.7033579134970332,0.8872621059417725,0.5826012492179871
Sorghum_10161,10161,00,10161,ref,0.0022461148910224438,0.0009810865158215165,0.001265028491616249,0.8533430695533752,0.6314055919647217,0.02548355422914028,0.24720300061471434,0.7862371802330017,0.14665690064430237,0.5147288172825153,0.8528550267219543,0.3685944378376007,0.7170007137700259,0.8889702558517456,0.6007808446884155
Sorghum_10162,10162,00,10162,ref,0.001498224213719368,0.0006292049074545503,0.0008690192480571568,0.757076621055603,0.5078086853027344,0.020306656137108803,0.3716277344965007,0.7903855443000793,0.24292337894439697,0.6282711040675928,0.8683503866195679,0.4921913146972656,0.7850192957622355,0.9072718620300293,0.6918008923530579
Sorghum_10163,10163,00,10163,ref,0.002552715130150318,0.0011389435967430472,0.001413771533407271,0.8833577632904053,0.6383602023124695,0.0254974327981472,0.20124603054246773,0.7326744794845581,0.11664226651191711,0.5067341043409236,0.8462664484977722,0.3616398274898529,0.7178141887888314,0.8933626413345337,0.599926769733429
Sorghum_10166,10166,00,10166,ref,0.002586112357676029,0.000979224918410182,0.0016068874392658472,0.8044167757034302,0.5556368827819824,0.022839153185486794,0.2523793979650938,0.3556613028049469,0.19558320939540863,0.581664184904937,0.8417520523071289,0.4443631172180176,0.7330089524495372,0.8879941701889038,0.6240848898887634
Sorghum_10168,10168,00,10168,ref,0.004064640030264854,0.0014029573649168015,0.002661682665348053,0.814665675163269,0.6504392623901367,0.028401019051671028,0.29814857394887817,0.761957049369812,0.18533430993556976,0.4959586113074942,0.8533430695533752,0.34956076741218567,0.6626260138463314,0.8916544914245605,0.5272083878517151
Sorghum_10169,10169,00,10169,ref,0.003883529454469681,0.0017378641059622169,0.002145665232092142,0.8415080308914185,0.6731332540512085,0.030871784314513206,0.24358602703058246,0.5259882807731628,0.15849195420742035,0.4672210644415836,0.8188140392303467,0.3268667757511139,0.6207021218365668,0.8595656156539917,0.4857247471809387
Sorghum_1017,1017,00,1017,ref,0.002730562351644039,0.0012270088773220778,0.0015035534743219614,0.9064177870750427,0.6725232005119324,0.026799997314810753,0.14941660081215524,0.3704245984554291,0.09358223527669907,0.4639195703814917,0.7952659726142883,0.32747682929039,0.6914961053075125,0.8778672814369202,0.5704001784324646
Sorghum_10171,10171,00,10171,ref,0.0022689031902700663,0.000831384037155658,0.0014375192113220692,0.7991703152656555,0.5951683521270752,0.023993970826268196,0.32086607652991456,0.7975841760635376,0.2008296698331833,0.5517958293509094,0.866276204586029,0.4048316180706024,0.7434267486119229,0.9020254015922546,0.6322596669197083
Sorghum_10172,10172,00,10172,ref,0.0022199414670467377,0.001001115539111197,0.0012188259279355407,0.7973401546478271,0.558687150478363,0.02257598005235195,0.32353686748106325,0.8017325401306152,0.20265983045101166,0.585043923416239,0.8676183223724365,0.44131284952163696,0.7733318407857175,0.8981210589408875,0.6789897680282593
Sorghum_10173,10173,00,10173,ref,0.002549790544435382,0.0009014829993247986,0.0016483075451105833,0.8160077929496765,0.6242069005966187,0.026431510224938393,0.29861065517487595,0.7919716835021973,0.1839921921491623,0.5231810718732776,0.860785722732544,0.37579306960105896,0.6905900183431525,0.8909224271774292,0.5638116002082825
Sorghum_10174,10174,00,10174,ref,0.0020668478682637215,0.0008665079367347062,0.0012003399897366762,0.7938018441200256,0.5330649018287659,0.02141703851521015,0.3199871466729068,0.7140068411827087,0.20619814097881317,0.6022145408368063,0.8478525876998901,0.46693509817123413,0.7747516621346027,0.8972669839859009,0.6816740036010742
Sorghum_10175,10175,00,10175,ref,0.0019622393883764744,0.0007922428194433451,0.001169996801763773,0.754880428314209,0.5416056513786316,0.021987423300743103,0.3723446678927822,0.7741581201553345,0.24511957168579102,0.5983662831259253,0.8613957762718201,0.4583943486213684,0.7631084598247178,0.8983650803565979,0.6632503867149353
Sorghum_10177,10177,00,10177,ref,0.0025991112925112247,0.0011795483296737075,0.0014195628464221954,0.8334553241729736,0.6437286734580994,0.027233080938458443,0.27001122379231246,0.7129087448120117,0.16654466092586517,0.5037075441552151,0.8593215942382812,0.356271356344223,0.6846642186013587,0.8945827484130859,0.5545387864112854
Sorghum_10178,10178,00,10178,ref,0.002277851104736328,0.0008649943047203124,0.0014128568582236767,0.8699365258216858,0.5813811421394348,0.022894669324159622,0.18459018127559348,0.31783798336982727,0.13006344437599182,0.5616921015933342,0.8533430695533752,0.4186188280582428,0.7558571152872644,0.8999512195587158,0.6515373587608337
Sorghum_1018,1018,00,1018,ref,0.003210238413885236,0.0014176089316606522,0.00179262924939394,0.8456563949584961,0.6759395003318787,0.029663685709238052,0.2581121946072341,0.7877013087272644,0.15434357523918152,0.469291886454934,0.8504148125648499,0.3240605294704437,0.6448237560017916,0.8845778703689575,0.5073206424713135
Sorghum_10182,10182,00,10182,ref,0.003604693803936243,0.00134670315310359,0.0022579904180020094,0.8028306365013123,0.6159101724624634,0.026644844561815262,0.3158691324374319,0.7936798334121704,0.19716934859752655,0.5324387677058504,0.8674963116645813,0.38408979773521423,0.6937270436282487,0.9001952409744263,0.5642996430397034
Sorghum_10183,10183,00,10183,ref,0.0017659872537478805,0.0009115353459492326,0.0008544519077986479,0.8025866150856018,0.523914098739624,0.020885350182652473,0.31602697862692036,0.7917276620864868,0.197413370013237,0.6128681975013107,0.8599316477775574,0.476085901260376,0.7971368292231618,0.89677894115448,0.717423141002655
Sorghum_10185,10185,00,10185,ref,0.002093077637255192,0.0008025110000744462,0.0012905666371807456,0.7424353361129761,0.52171790599823,0.021204227581620216,0.39095004035532815,0.8108833432197571,0.2575646638870239,0.6196610825163933,0.8796974420547485,0.47828209400177,0.7635936130169277,0.9114202260971069,0.6570278406143188
Sorghum_10186,10186,00,10186,ref,0.003027520375326276,0.000981791177764535,0.0020457289647310972,0.8683503866195679,0.6664226651191711,0.028802549466490746,0.22529758867853666,0.7805026769638062,0.13164958357810974,0.47919088911932683,0.8504148125648499,0.33357736468315125,0.6573392889884816,0.8882381916046143,0.52171790599823
Sorghum_10187,10187,00,10187,ref,0.001817953074350953,0.0007210415205918252,0.001096911495551467,0.7981942296028137,0.5751585960388184,0.02342050150036812,0.32154962571524587,0.790751576423645,0.20180575549602509,0.5695657878480633,0.8638359904289246,0.42484137415885925,0.7508791714502439,0.9017813801765442,0.6432406306266785
Sorghum_10188,10188,00,10188,ref,0.004041564650833607,0.0017368608387187123,0.0023047036956995726,0.9475353956222534,0.753782331943512,0.03083844855427742,0.09308060473653502,0.4121522605419159,0.05246461555361748,0.358255686282739,0.6573938727378845,0.24621766805648804,0.6067613226562404,0.8122254610061646,0.484260618686676
Sorghum_10189,10189,00,10189,ref,0.0021804270800203085,0.0009711396996863186,0.0012092874385416508,0.8332113027572632,0.6050512194633484,0.024957722052931786,0.27386019989236904,0.7648853063583374,0.16678868234157562,0.5394912493290986,0.8509028553962708,0.3949487507343292,0.716838938352854,0.8855539560317993,0.602122962474823
Sorghum_1019,1019,00,1019,ref,0.0025751276407390833,0.0011421049712225795,0.0014330226695165038,0.8692044615745544,0.6504392623901367,0.026803577318787575,0.2221000206455276,0.7356027364730835,0.13079550862312317,0.4937084225275593,0.840165913105011,0.34956076741218567,0.69344066693381,0.8844558596611023,0.5702781677246094
Sorghum_10190,10190,00,10190,ref,0.001872781664133072,0.001006747712381184,0.0008660340099595487,0.7456076145172119,0.5247681736946106,0.02109396643936634,0.38541969887003724,0.7947779297828674,0.2543923854827881,0.6143714116102309,0.8687164187431335,0.4752318263053894,0.7843759082088521,0.9020254015922546,0.6938750743865967
Sorghum_10191,10191,00,10191,ref,0.0020358110778033733,0.0007752859964966774,0.0012605249648913741,0.7731820344924927,0.514153242111206,0.020583009347319603,0.3506048722445569,0.7718399167060852,0.22681796550750732,0.6175904990046656,0.8473645448684692,0.48584675788879395,0.780695104835662,0.8877501487731934,0.6966813206672668
Sorghum_10192,10192,00,10192,ref,0.0018836313392966986,0.0008329525007866323,0.0010506788967177272,0.7541483640670776,0.5337969660758972,0.021526329219341278,0.3747554313923888,0.7878233194351196,0.24585163593292236,0.6056106451720481,0.8639580011367798,0.4662030339241028,0.7675756703859072,0.8984870910644531,0.6699609756469727
Sorghum_10193,10193,00,10193,ref,0.002444404875859618,0.0010289177298545837,0.0014154871460050344,0.8516349196434021,0.6187164187431335,0.025480495765805244,0.24867152448950716,0.7676915526390076,0.1483650505542755,0.5258743898524983,0.8471205234527588,0.38128355145454407,0.7041276222928412,0.8860419988632202,0.584187388420105
Sorghum_10194,10194,00,10194,ref,0.0015072397654876113,0.0006964054191485047,0.0008108343463391066,0.8533430695533752,0.5450219511985779,0.021558094769716263,0.24672160079574637,0.776598334312439,0.14665690064430237,0.5945418564247782,0.8576134443283081,0.4549780488014221,0.7944396505087331,0.9019033908843994,0.7098584771156311
Sorghum_10196,10196,00,10196,ref,0.003017436247318983,0.001086378120817244,0.001931058126501739,0.8317471742630005,0.6170082688331604,0.0271504707634449,0.24347409589056299,0.44033676385879517,0.16825281083583832,0.5237486727321125,0.8280868530273438,0.3829917013645172,0.6737197403559592,0.8826256990432739,0.5447779297828674
Sorghum_10198,10198,00,10198,ref,0.0032790438272058964,0.0011904010316357017,0.0020886424463242292,0.8538311123847961,0.6570278406143188,0.027511712163686752,0.2160369356307386,0.41386041045188904,0.14616885781288147,0.4834034429760688,0.8185700178146362,0.34297218918800354,0.6711517926846919,0.8698145151138306,0.5463640689849854
Sorghum_102,102,00,102,ref,0.0019815578125417233,0.0008943435968831182,0.0010872140992432833,0.7741581201553345,0.5616154074668884,0.022957531735301018,0.35004667468635303,0.7778184413909912,0.22584187984466553,0.5810838259203261,0.8615177869796753,0.4383845925331116,0.748385069890319,0.8958028554916382,0.6426305770874023
Sorghum_1020,1020,00,1020,ref,0.0019314732635393739,0.0007723334711045027,0.0011591397924348712,0.767935574054718,0.5412396192550659,0.02182355523109436,0.3548612334335265,0.7536603212356567,0.23206442594528198,0.5948006332036048,0.8455343842506409,0.4587603807449341,0.7591093327043635,0.8871400952339172,0.6633723974227905
Sorghum_10200,10200,00,10200,ref,0.0014296008739620447,0.000573249883018434,0.0008563509909436107,0.7564665675163269,0.4786481261253357,0.01919795572757721,0.3733609610812306,0.7996583580970764,0.2435334324836731,0.6525913950650024,0.8721327185630798,0.5213518738746643,0.8262545209209488,0.9093460440635681,0.757076621055603
Sorghum_10202,10202,00,10202,ref,0.0025000483728945255,0.001022757263854146,0.0014772909926250577,0.8992191553115845,0.6245729327201843,0.02420850656926632,0.07656924826041105,0.061737433075904846,0.10078086704015732,0.43817603946653383,0.5261102914810181,0.3754270374774933,0.7413053557908221,0.8868960738182068,0.6367740631103516
Sorghum_10203,10203,00,10203,ref,0.002147523919120431,0.0009319772943854332,0.0012155466247349977,0.8199121356010437,0.5818691849708557,0.023103095591068268,0.2921153560178515,0.7729380130767822,0.1800878494977951,0.56101489261513,0.8522449731826782,0.4181307852268219,0.7597492484209873,0.8915324807167053,0.6619082689285278
Sorghum_10204,10204,00,10204,ref,0.0015821305569261312,0.0006488488870672882,0.0009332816116511822,0.7989262938499451,0.5197657346725464,0.020676182582974434,0.3205694794632608,0.7901415228843689,0.20107369124889374,0.6186289212782535,0.8690824508666992,0.4802342653274536,0.7982960119676871,0.9091020226478577,0.7115666270256042
Sorghum_10207,10207,00,10207,ref,0.0021226212847977877,0.0009371322812512517,0.0011854888871312141,0.7881893515586853,0.5935822129249573,0.02444624714553356,0.3330428080426416,0.778794527053833,0.2118106335401535,0.5521176405508398,0.8606637120246887,0.40641775727272034,0.7260192286770066,0.8945827484130859,0.6109077334403992
Sorghum_10208,10208,00,10208,ref,0.0016949183773249388,0.0007210177136585116,0.0009739006636664271,0.8327232599258423,0.5286725163459778,0.020933395251631737,0.26624774999323525,0.6520254015922546,0.16727672517299652,0.6094000715714168,0.861883819103241,0.4713274836540222,0.8086486456786247,0.902757465839386,0.7323084473609924
Sorghum_10209,10209,00,10209,ref,0.002012719167396426,0.000825042137876153,0.001187677145935595,0.7675695419311523,0.5054904818534851,0.02020435407757759,0.35991186811004433,0.7970961332321167,0.23243045806884766,0.6291578062535532,0.8645680546760559,0.4945095181465149,0.7939370243759133,0.9008052945137024,0.7097364664077759
Sorghum_1021,1021,00,1021,ref,0.0020569416228681803,0.0009299125522375107,0.0011270291870459914,0.8252806067466736,0.6083455085754395,0.024219632148742676,0.284904798823433,0.7713518738746643,0.17471937835216522,0.5376639762342424,0.8572474122047424,0.39165446162223816,0.7454720382075591,0.8943387269973755,0.6390922665596008
Sorghum_10210,10210,00,10210,ref,0.0027202367782592773,0.0013062760699540377,0.0014139607083052397,0.8416300415992737,0.6448267698287964,0.02706347592175007,0.25544148576466025,0.6599560976028442,0.15836994349956512,0.494679147608362,0.814665675163269,0.355173259973526,0.6826472895467108,0.8716446757316589,0.5610053539276123
Sorghum_10211,10211,00,10211,ref,0.002638693433254957,0.0009447801858186722,0.0016939131310209632,0.8724987506866455,0.6492191553115845,0.026914631947875023,0.21872230981410476,0.7686676383018494,0.1275012195110321,0.4962701366546188,0.8479745984077454,0.3507808744907379,0.6900588447700906,0.8900683522224426,0.5634455680847168
Sorghum_10213,10213,00,10213,ref,0.0025079096667468548,0.0013551990268751979,0.001152710639871657,0.8361395597457886,0.6046851873397827,0.02505623735487461,0.2718385347845262,0.7970961332321167,0.16386042535305023,0.5401269428342385,0.8523669838905334,0.3953147828578949,0.7135840527280245,0.8827477097511292,0.5988286733627319
Sorghum_10214,10214,00,10214,ref,0.00278966361656785,0.0012342019472271204,0.0015554617857560515,0.8857979774475098,0.6433626413345337,0.025872796773910522,0.1770995096360587,0.3942166864871979,0.11420205235481262,0.49840285863251355,0.8272327780723572,0.3566373884677887,0.7062159872714036,0.8887262344360352,0.5858955383300781
Sorghum_10215,10215,00,10215,ref,0.0012591215781867504,0.0006088736699894071,0.0006502478499896824,0.7550024390220642,0.4752318263053894,0.018949953839182854,0.37146600345877195,0.7678135633468628,0.2449975609779358,0.6514363488742769,0.8587115406990051,0.5247681736946106,0.8246106718834076,0.9010493159294128,0.7601268887519836
Sorghum_10216,10216,00,10216,ref,0.002549918368458748,0.0010979449143633246,0.0014519733376801014,0.8605417013168335,0.657637894153595,0.028232092037796974,0.23156038954135558,0.6819180250167847,0.13945826888084412,0.4857251651819513,0.8356515169143677,0.3423621356487274,0.6630917742360771,0.8820156455039978,0.5312347412109375
Sorghum_10217,10217,00,10217,ref,0.0026793242432177067,0.0010114613687619567,0.0016678631072863936,0.7908735871315002,0.5922400951385498,0.025104399770498276,0.329397406408518,0.7752562165260315,0.20912639796733856,0.5537576460988877,0.8626158833503723,0.4077598750591278,0.7117832779784046,0.9025134444236755,0.5876036882400513
Sorghum_10218,10218,00,10218,ref,0.002583565656095743,0.0009307879372499883,0.0016527777770534158,0.8083211183547974,0.5605173110961914,0.022572766989469528,0.28234213401461267,0.5357491374015808,0.19167886674404144,0.5819641185025483,0.8611517548561096,0.4394826889038086,0.7491287881484168,0.9012933373451233,0.6409224271774292
Sorghum_10219,10219,00,10219,ref,0.0026686324272304773,0.001173374941572547,0.0014952574856579304,0.8256466388702393,0.6181063652038574,0.025987772271037102,0.2841932443605436,0.7680575847625732,0.17435334622859955,0.5279062027451505,0.8546851873397827,0.3818936049938202,0.7043163128691947,0.8857979774475098,0.5845534205436707
Sorghum_1022,1022,00,1022,ref,0.0020210067741572857,0.0007557282806374133,0.0012652784353122115,0.8072230219841003,0.5395314693450928,0.021499939262866974,0.30899552426208826,0.7780624628067017,0.19277696311473846,0.6007512863591226,0.8639580011367798,0.4604685306549072,0.7671426960515613,0.9010493159294128,0.6678867936134338
Sorghum_10221,10221,00,10221,ref,0.0026133889332413673,0.0011736581800505519,0.0014397307531908154,0.9370424747467041,0.6816740036010742,0.02588675543665886,0.10866277492701301,0.39653488993644714,0.06295754015445709,0.42803296013569087,0.6531234979629517,0.31832602620124817,0.7010975541357952,0.8256466388702393,0.609199583530426
Sorghum_10224,10224,00,10224,ref,0.002463367534801364,0.0011118162656202912,0.0013515512691810727,0.8361395597457886,0.6016349196434021,0.024381056427955627,0.2693869718847379,0.7567105889320374,0.16386042535305023,0.5384572857614666,0.8305270671844482,0.3983650505542755,0.7142703977792536,0.8726207613945007,0.6045631766319275
Sorghum_10225,10225,00,10225,ref,0.002750685205683112,0.0012167413951829076,0.0015339438105002046,0.9410688281059265,0.7142508625984192,0.028289122506976128,0.06887138746262444,0.0828452929854393,0.05893118679523468,0.4126696372793107,0.7424353361129761,0.2857491374015808,0.6566938249334693,0.8310151100158691,0.5428257584571838
Sorghum_10229,10229,00,10229,ref,0.0021547984797507524,0.0009524692432023585,0.0012023292947560549,0.8906784057617188,0.6139580011367798,0.024358656257390976,0.18835499461390695,0.6798438429832458,0.10932161659002304,0.526963166786634,0.8299170136451721,0.3860419690608978,0.7325036743710717,0.8804295063018799,0.6271352171897888
Sorghum_1023,1023,00,1023,ref,0.0019335990073159337,0.0008279540343210101,0.0011056449729949236,0.840165913105011,0.5241581201553345,0.020831305533647537,0.26266225216692446,0.7364568114280701,0.15983407199382782,0.6107664491449363,0.8524889945983887,0.4758418798446655,0.804652771871561,0.8987311124801636,0.7284041047096252
Sorghum_10230,10230,00,10230,ref,0.00536501407623291,0.0021408817265182734,0.003224132349714637,0.8639580011367798,0.7004636526107788,0.03196501359343529,0.22741762759563575,0.6926549673080444,0.13604196906089783,0.43985179543777964,0.8274767994880676,0.2995363473892212,0.60840577588587,0.8673743009567261,0.46852123737335205
Sorghum_10231,10231,00,10231,ref,0.002364730928093195,0.0010082534281536937,0.0013564776163548231,0.9080039262771606,0.6539775729179382,0.0260932594537735,0.09809119207879102,0.10505124181509018,0.09199609607458115,0.4679737424044261,0.7226696014404297,0.34602245688438416,0.6987971546151741,0.8690824508666992,0.5843093991279602
Sorghum_10233,10233,00,10233,ref,0.0027071237564086914,0.0010849327081814408,0.0016221909318119287,0.8489506840705872,0.5919960737228394,0.024571826681494713,0.2507040390171494,0.7368228435516357,0.15104928612709045,0.5491654234046297,0.8396778702735901,0.40800389647483826,0.7161466909914718,0.8898243308067322,0.5991947054862976
Sorghum_10234,10234,00,10234,ref,0.001945145195350051,0.0008161980076692998,0.001128947245888412,0.8111273646354675,0.548316240310669,0.02205464616417885,0.30056075967561174,0.7354807257652283,0.18887262046337128,0.5883164906624759,0.843460202217102,0.45168375968933105,0.7649436674189214,0.8846998810768127,0.6737433075904846
Sorghum_10236,10236,00,10236,ref,0.002528262324631214,0.0010312591912224889,0.0014970027841627598,0.8900683522224426,0.650073230266571,0.026495281606912613,0.19232312304326796,0.7676915526390076,0.10993167757987976,0.4956851333870294,0.8495607376098633,0.34992679953575134,0.6999509873816965,0.8906784057617188,0.5765007138252258
Sorghum_10237,10237,00,10237,ref,0.0020658280700445175,0.0007085765246301889,0.0013572516618296504,0.7709858417510986,0.5588091611862183,0.022995183244347572,0.3542852042617681,0.7820888161659241,0.22901415824890137,0.5855730931216327,0.8704245686531067,0.44119083881378174,0.7378313455547622,0.9045876264572144,0.6229867935180664
Sorghum_10238,10238,00,10238,ref,0.0021875707898288965,0.0010767829371616244,0.001110787969082594,0.8644460439682007,0.587481677532196,0.023105952888727188,0.11274779851000245,0.09651049226522446,0.13555392622947693,0.5547149741946631,0.8465104699134827,0.41251829266548157,0.7610218633344,0.8975110054016113,0.6605661511421204
Sorghum_10239,10239,00,10239,ref,0.002236393978819251,0.0008809946593828499,0.0013553994940593839,0.7460956573486328,0.5547828078269958,0.02289915271103382,0.38663566782676667,0.8101512789726257,0.2539043426513672,0.5919323114453926,0.8828697204589844,0.44521719217300415,0.7418957738257627,0.9093460440635681,0.6265251636505127
Sorghum_1024,1024,00,1024,ref,0.002258476335555315,0.0010659847175702453,0.001192491501569748,0.8046607971191406,0.5535627007484436,0.022290976718068123,0.3102829934695089,0.7539043426513672,0.19533918797969818,0.5855631247322514,0.8506588339805603,0.4464372992515564,0.7546728787266619,0.8920205235481262,0.6539775729179382
Sorghum_10241,10241,00,10241,ref,0.0020357994362711906,0.0009106988436542451,0.0011251007672399282,0.8045387864112854,0.5649096965789795,0.022589199244976044,0.3114077099502658,0.7654953598976135,0.1954611986875534,0.5743689343865896,0.8448023200035095,0.4350902736186981,0.7502195827455791,0.8818936347961426,0.652757465839386
Sorghum_10243,10243,00,10243,ref,0.002074957825243473,0.0008078168029896915,0.0012671411968767643,0.7104685306549072,0.5259882807731628,0.021434221416711807,0.42506581491197803,0.7991703152656555,0.2895314693450928,0.6143514716460869,0.872742772102356,0.47401171922683716,0.7452213262789519,0.9050756692886353,0.6333577632904053
Sorghum_10244,10244,00,10244,ref,0.004413851071149111,0.001466980087570846,0.0029468710999935865,0.8193020820617676,0.6309175491333008,0.026261452585458755,0.291275644571328,0.7506100535392761,0.18069790303707123,0.5136125623720779,0.8441922664642334,0.3690824806690216,0.6974152427040448,0.8856759667396545,0.5751585960388184
Sorghum_10245,10245,00,10245,ref,0.0029976903460919857,0.0012434694217517972,0.0017542208079248667,0.8488286733627319,0.6013908982276917,0.025119807571172714,0.2521277864917518,0.7590287923812866,0.15117129683494568,0.5403376137371269,0.8384577631950378,0.39860907196998596,0.7038324708670036,0.8773792386054993,0.5876036882400513
Sorghum_10247,10247,00,10247,ref,0.0032396605238318443,0.0011922941775992513,0.0020473662298172712,0.9001952409744263,0.6511713266372681,0.026696711778640747,0.10361860230158376,0.10773547738790512,0.09980478137731552,0.4643432733293618,0.6942411065101624,0.3488287031650543,0.6893917853269883,0.8714006543159485,0.5702781677246094
Sorghum_10248,10248,00,10248,ref,0.002699722070246935,0.0011416098568588495,0.0015581122133880854,0.8807955384254456,0.607003390789032,0.02492913231253624,0.14930202790638114,0.19973157346248627,0.11920449137687683,0.5377645094575914,0.8513908982276917,0.39299657940864563,0.7139636264650961,0.8898243308067322,0.596144437789917
Sorghum_1025,1025,00,1025,ref,0.0024839998222887516,0.0010906043462455273,0.0013933954760432243,0.7752562165260315,0.592362105846405,0.025050435215234756,0.3487997253877207,0.7785505056381226,0.2247437834739685,0.5514914727345553,0.8522449731826782,0.4076378643512726,0.7095139322818793,0.8890922665596008,0.5902879238128662
Sorghum_10251,10251,00,10251,ref,0.002344828099012375,0.0011974555673077703,0.0011473724152892828,0.9031234979629517,0.6522694230079651,0.025298334658145905,0.15833870168150968,0.4331381022930145,0.09687652438879013,0.48873775573520667,0.8221083283424377,0.3477306067943573,0.7199721000781528,0.8789653778076172,0.6096876263618469
Sorghum_10252,10252,00,10252,ref,0.0016783097526058555,0.0006805877201259136,0.0009977220324799418,0.767935574054718,0.5008540749549866,0.020060060545802116,0.35934866218335965,0.7958760261535645,0.23206442594528198,0.6359128020054721,0.8759151101112366,0.4991459250450134,0.7916001708983756,0.9122743010520935,0.6991215348243713
Sorghum_10253,10253,00,10253,ref,0.0034892833791673183,0.0012039912398904562,0.002285292139276862,0.7484138607978821,0.5887017846107483,0.02676628716289997,0.3791386571839566,0.769033670425415,0.2515861392021179,0.5548832623222653,0.8524889945983887,0.4112981855869293,0.6755246352074473,0.8898243308067322,0.5444118976593018
Sorghum_10255,10255,00,10255,ref,0.0018397702369838953,0.0010666018351912498,0.0007731684017926455,0.8091751933097839,0.5302586555480957,0.020911280065774918,0.3066055867121425,0.7796486020088196,0.19082479178905487,0.606302101545216,0.8548071980476379,0.4697413444519043,0.8104747478143038,0.8903123736381531,0.7437774538993835
Sorghum_10256,10256,00,10256,ref,0.007631647866219282,0.0019847098737955093,0.005646937992423773,0.9542459845542908,0.7801366448402405,0.03354259952902794,0.04818037595694817,0.05087847635149956,0.045754026621580124,0.3081008708003345,0.514641284942627,0.21986335515975952,0.5594270600675987,0.8099072575569153,0.42728158831596375
Sorghum_10257,10257,00,10257,ref,0.0020938152447342873,0.0009404413867741823,0.001153373857960105,0.7855051159858704,0.5185456275939941,0.020672395825386047,0.3377528703530393,0.7940458655357361,0.21449486911296844,0.6175812882700077,0.8610297441482544,0.48145437240600586,0.7802459402134391,0.8923865556716919,0.6931430101394653
Sorghum_10258,10258,00,10258,ref,0.0016614707419648767,0.0006984785431995988,0.0009629921987652779,0.8235724568367004,0.5391654372215271,0.021308260038495064,0.28479737794105653,0.7382869720458984,0.17642752826213837,0.5994304510557933,0.8572474122047424,0.4608345627784729,0.7919011405931315,0.9006832838058472,0.70656418800354
Sorghum_1026,1026,00,1026,ref,0.0019977863412350416,0.0008577589760534465,0.0011400273069739342,0.8089311718940735,0.5743045210838318,0.023002250120043755,0.30784494771700976,0.7917276620864868,0.19106881320476532,0.5676752493169773,0.8517569303512573,0.4256954491138458,0.7547104323334352,0.891898512840271,0.6540995836257935
Sorghum_10260,10260,00,10260,ref,0.0027808002196252346,0.0009854539530351758,0.0017953463830053806,0.8221083283424377,0.6473889946937561,0.027985133230686188,0.28984558875590694,0.7819668054580688,0.17789165675640106,0.4974231465948416,0.8440702557563782,0.3526110351085663,0.6677575170519489,0.878843367099762,0.5384333729743958
Sorghum_10261,10261,00,10261,ref,0.002362777478992939,0.00102513306774199,0.001337644294835627,0.8480966091156006,0.5666178464889526,0.02249309979379177,0.2073662965965719,0.32662275433540344,0.15190336108207703,0.5745521555806276,0.852122962474823,0.433382123708725,0.7634827852410524,0.8987311124801636,0.663616418838501
Sorghum_10262,10262,00,10262,ref,0.0021776610519737005,0.0007681761053390801,0.0014094848884269595,0.8138116002082825,0.5279404520988464,0.020986927673220634,0.2896263787040003,0.651659369468689,0.18618838489055634,0.6058971626578339,0.8456563949584961,0.47205954790115356,0.7824762489013402,0.8982430696487427,0.6931430101394653
Sorghum_10263,10263,00,10263,ref,0.002460856456309557,0.0008201432065106928,0.0016407129587605596,0.8589555621147156,0.6346998810768127,0.025537678971886635,0.23734476239444385,0.7481698393821716,0.14104440808296204,0.5101167432488422,0.8451683521270752,0.36530014872550964,0.7197667063827506,0.890800416469574,0.6038311123847961
Sorghum_10264,10264,00,10264,ref,0.0025884099304676056,0.0011704739881679416,0.0014179358258843422,0.8371156454086304,0.598340630531311,0.02389582060277462,0.26764234954257843,0.75,0.16288433969020844,0.5433889457367747,0.8396778702735901,0.4016593396663666,0.7424405800575804,0.8887262344360352,0.6375061273574829
Sorghum_10265,10265,00,10265,ref,0.0014748817775398493,0.000618249352555722,0.0008566324249841273,0.8180819749832153,0.5173255205154419,0.020590662956237793,0.29556525325389565,0.7875792980194092,0.18191801011562347,0.6178268390301955,0.858101487159729,0.4826744794845581,0.812550561629705,0.9025134444236755,0.7388970255851746
Sorghum_10267,10267,00,10267,ref,0.001969684846699238,0.0008905818103812635,0.0010791029781103134,0.8593215942382812,0.601024866104126,0.023973144590854645,0.1326838229284762,0.1255490481853485,0.14067837595939636,0.542961719479747,0.8495607376098633,0.39897510409355164,0.7458211007668485,0.8972669839859009,0.638116180896759
Sorghum_10268,10268,00,10268,ref,0.002738091628998518,0.001271408167667687,0.001466683461330831,0.8395558595657349,0.6065153479576111,0.02492370456457138,0.26460332848235574,0.7542703747749329,0.16044412553310394,0.5369962472775228,0.8452903628349304,0.39348462224006653,0.7092961240331787,0.8834797739982605,0.5924841165542603
Sorghum_1027,1027,00,1027,ref,0.003261113539338112,0.0012132906122133136,0.0020478228107094765,0.8058809041976929,0.5987066626548767,0.02425483800470829,0.31009939968619804,0.7703757882118225,0.19411908090114594,0.5459305722155281,0.8535870909690857,0.4012933075428009,0.7311618904397175,0.8867740631103516,0.6220107078552246
Sorghum_10271,10271,00,10271,ref,0.0019443037454038858,0.0008219120209105313,0.0011223917827010155,0.854319155216217,0.5880917310714722,0.02379699796438217,0.18822324224694909,0.2658613920211792,0.14568081498146057,0.5554899520214956,0.8527330160140991,0.41190823912620544,0.7385746802240863,0.9004392623901367,0.6260371208190918
Sorghum_10273,10273,00,10273,ref,0.0033887638710439205,0.0009897782001644373,0.0023989856708794832,0.8617618083953857,0.6234748363494873,0.025511113926768303,0.23231961840637597,0.7273060083389282,0.13823816180229187,0.519444199704259,0.8372376561164856,0.3765251338481903,0.7079138649785431,0.8829917311668396,0.5907759666442871
Sorghum_10274,10274,00,10274,ref,0.002450390253216028,0.000881487037986517,0.0015689032152295113,0.8280868530273438,0.591264009475708,0.023396018892526627,0.28140502747253676,0.775012195110321,0.17191313207149506,0.5523672793264054,0.8516349196434021,0.4087359607219696,0.7463775805068597,0.8936066627502441,0.640800416469574
Sorghum_10275,10275,00,10275,ref,0.002886979142203927,0.0013786976924166083,0.0015082814497873187,0.8485846519470215,0.6591020226478577,0.0281607024371624,0.25308704830608225,0.7703757882118225,0.15141531825065613,0.48699714577927855,0.8522449731826782,0.3408980071544647,0.6702650556211615,0.8895803093910217,0.5377013087272644
Sorghum_10276,10276,00,10276,ref,0.001737004378810525,0.0007018828182481229,0.0010351213859394193,0.7648853063583374,0.504880428314209,0.020155174657702446,0.3635251891553366,0.8010004758834839,0.2351146936416626,0.6339988625983414,0.8811615705490112,0.495119571685791,0.7911495047905748,0.9119082689285278,0.6986334919929504
Sorghum_10279,10279,00,10279,ref,0.0020662948954850435,0.0008763839141465724,0.001189911155961454,0.8515129089355469,0.5519765615463257,0.02157766930758953,0.2059140341691131,0.3357735574245453,0.14848706126213074,0.5847027960038359,0.8413860201835632,0.4480234384536743,0.7988005407608185,0.8936066627502441,0.7221815586090088
Sorghum_1028,1028,00,1028,ref,0.0023260372690856457,0.0008610358345322311,0.0014650014927610755,0.8055148720741272,0.5579550862312317,0.0226439256221056,0.30688118428395716,0.7270619869232178,0.1944851130247116,0.579326976486554,0.8402879238128662,0.4420449137687683,0.7469298913671614,0.8828697204589844,0.6472669839859009
Sorghum_10280,10280,00,10280,ref,0.0031329470220953226,0.001186469802632928,0.0019464773358777165,0.8596876263618469,0.6203025579452515,0.02636162005364895,0.1966708954391979,0.32869693636894226,0.1403123438358307,0.5194966697032365,0.822230339050293,0.37969741225242615,0.6845128527947695,0.8756710886955261,0.5618594288825989
Sorghum_10281,10281,00,10281,ref,0.002272156998515129,0.000868026225361973,0.0014041309477761388,0.8112493753433228,0.5640556216239929,0.022854970768094063,0.29872145685412466,0.7157149910926819,0.18875060975551605,0.5786051056322967,0.8600536584854126,0.4359443485736847,0.7452825406577169,0.8916544914245605,0.6401903629302979
Sorghum_10285,10285,00,10285,ref,0.002615241566672921,0.0012122222688049078,0.0014030192978680134,0.8707906007766724,0.6660566329956055,0.027424855157732964,0.20512459230512442,0.49731576442718506,0.12920936942100525,0.47454927711291256,0.8196681141853333,0.3339433968067169,0.6793403710094923,0.8703025579452515,0.5571010112762451
Sorghum_10286,10286,00,10286,ref,0.0024110700469464064,0.0008587967604398727,0.0015522734029218554,0.778794527053833,0.5632015466690063,0.022981315851211548,0.34377702209857985,0.7709858417510986,0.221205472946167,0.5766469135382889,0.8482186198234558,0.43679842352867126,0.7401735791627815,0.8920205235481262,0.6325036883354187
Sorghum_10287,10287,00,10287,ref,0.0028209646698087454,0.0013505341485142708,0.0014704306377097964,0.7895314693450928,0.5789409279823303,0.024526363238692284,0.32957865629189403,0.7592728137969971,0.21046851575374603,0.5614391671591159,0.8422400951385498,0.4210590422153473,0.7104823088141209,0.8790873885154724,0.596144437789917
Sorghum_10291,10291,00,10291,ref,0.002530174795538187,0.0008788727573119104,0.0016513020964339375,0.9143484830856323,0.6366520524024963,0.025551652535796165,0.11029102047459663,0.15483161807060242,0.08565153926610947,0.47945494687301743,0.7046120166778564,0.36334797739982605,0.7189483579772136,0.8933626413345337,0.6015129089355469
Sorghum_10292,10292,00,10292,ref,0.0029147882014513016,0.0012102521723136306,0.0017045357963070273,0.8197901248931885,0.6224987506866455,0.025936847552657127,0.2913205599082551,0.759760856628418,0.18020986020565033,0.5205606903064617,0.8382137417793274,0.3775012195110321,0.7003706131813695,0.876159131526947,0.5833333134651184
Sorghum_10294,10294,00,10294,ref,0.0021573705598711967,0.0009996277512982488,0.001157742808572948,0.9077599048614502,0.6041971445083618,0.023277562111616135,0.15407538297177467,0.46742314100265503,0.0922401174902916,0.5321886655357859,0.8119814395904541,0.3958028256893158,0.764203336138401,0.8777452707290649,0.67667156457901
Sorghum_10295,10295,00,10295,ref,0.0031505469232797623,0.0011674466077238321,0.0019831000827252865,0.8299170136451721,0.6040751338005066,0.024281080812215805,0.27859864399042816,0.7696437239646912,0.1700829714536667,0.5383671620684379,0.8408979773521423,0.395924836397171,0.7265553128260266,0.8814055919647217,0.6179843544960022
Sorghum_10297,10297,00,10297,ref,0.0034755864180624485,0.0010602651163935661,0.002415321534499526,0.8413860201835632,0.6329917311668396,0.0269759688526392,0.26193950997222826,0.7514641284942627,0.15861396491527557,0.511398935134001,0.8430941700935364,0.3670082986354828,0.6773417174529172,0.884821891784668,0.5486822724342346
Sorghum_103,103,00,103,ref,0.0035149543546140194,0.0013090952998027205,0.002205858938395977,0.7700097560882568,0.6201805472373962,0.028419625014066696,0.3516923358747887,0.7469497323036194,0.22999024391174316,0.5227368459999349,0.8380917310714722,0.37981942296028137,0.6537386772296938,0.873840868473053,0.5222059488296509
Sorghum_1030,1030,00,1030,ref,0.00252391304820776,0.0009392448118887842,0.0015846681781113148,0.8556612730026245,0.616276204586029,0.025041883811354637,0.24425104443371531,0.7935578227043152,0.1443386971950531,0.5313040492798679,0.8633479475975037,0.38372376561164856,0.718399130408752,0.8976330161094666,0.5988286733627319
Sorghum_10300,10300,00,10300,ref,0.0032627563923597336,0.001455688034184277,0.0018070683581754565,0.8366276025772095,0.6459248661994934,0.027325714007019997,0.2691244233401971,0.763055145740509,0.16337238252162933,0.5000437640684218,0.8507808446884155,0.354075163602829,0.6805594997522614,0.8894582986831665,0.5511224865913391
Sorghum_10304,10304,00,10304,ref,0.0028008355293422937,0.0012927298666909337,0.0015081055462360382,0.7774524092674255,0.6193264722824097,0.02677960880100727,0.34697412312650733,0.7869692444801331,0.22254759073257446,0.5282358405377462,0.8626158833503723,0.38067349791526794,0.6919635623391605,0.8927525877952576,0.5649096965789795
Sorghum_10305,10305,00,10305,ref,0.0026482935063540936,0.0011003073304891586,0.0015479859430342913,0.8201561570167542,0.6083455085754395,0.025763992220163345,0.282492024895472,0.6581259369850159,0.17984382808208466,0.5331177125377574,0.8345534205436707,0.39165446162223816,0.6931810097198193,0.8789653778076172,0.572230339050293
Sorghum_10306,10306,00,10306,ref,0.002879147185012698,0.0011932144407182932,0.001685932744294405,0.89677894115448,0.7019277811050415,0.029267380014061928,0.17574255410024028,0.5908979773521423,0.10322108119726181,0.4373589120082297,0.8210102319717407,0.2980722188949585,0.6455903139139452,0.8683503866195679,0.5137872099876404
Sorghum_10309,10309,00,10309,ref,0.002612064126878977,0.001141118467785418,0.0014709454262629151,0.8617618083953857,0.6434846520423889,0.026146629825234413,0.23080008212340064,0.6985114812850952,0.13823816180229187,0.5005612549035604,0.8399218916893005,0.35651537775993347,0.7089601059615668,0.8854319453239441,0.5911419987678528
Sorghum_1031,1031,00,1031,ref,0.0020225574262440205,0.0007576335337944329,0.0012649239506572485,0.8783553242683411,0.5969985127449036,0.023098409175872803,0.20995247521578156,0.7661054134368896,0.12164470553398132,0.5459181506615961,0.8459004163742065,0.40300145745277405,0.7732462443601664,0.889702320098877,0.683748185634613
Sorghum_10311,10311,00,10311,ref,0.004803054966032505,0.002287536393851042,0.002515518805012107,0.8783553242683411,0.6979014277458191,0.03382042795419693,0.17628401416363115,0.3200341761112213,0.12164470553398132,0.44183637744745724,0.8221083283424377,0.3020985722541809,0.5903772414549446,0.8717666864395142,0.44631528854370117
Sorghum_10313,10313,00,10313,ref,0.002225155010819435,0.000975567614659667,0.00124958751257509,0.8656661510467529,0.616276204586029,0.025554945692420006,0.20277254562799069,0.41337236762046814,0.13433381915092468,0.5235980149570499,0.8239384889602661,0.38372376561164856,0.7062978834037269,0.8793314099311829,0.590165913105011
Sorghum_10314,10314,00,10314,ref,0.0020609493367373943,0.0006793250795453787,0.0013816243736073375,0.7707418203353882,0.5479502081871033,0.022222669795155525,0.3568702686556254,0.8049048185348511,0.22925817966461182,0.5953724788720479,0.8717666864395142,0.45204979181289673,0.748499713444587,0.9067838191986084,0.6372621059417725
Sorghum_10316,10316,00,10316,ref,0.0030035083182156086,0.0013720861170440912,0.0016314220847561955,0.887018084526062,0.674475371837616,0.028706597164273262,0.18235351860916393,0.47242558002471924,0.11298194527626038,0.4663407189575644,0.8218643069267273,0.3255246579647064,0.6628269943513376,0.8899463415145874,0.5280624628067017
Sorghum_10318,10318,00,10318,ref,0.0022611888125538826,0.00103896448854357,0.0012222243240103126,0.8299170136451721,0.6045631766319275,0.02469700574874878,0.2726076973904657,0.6863104104995728,0.1700829714536667,0.5376408941125346,0.8395558595657349,0.3954367935657501,0.7219439347147387,0.881039559841156,0.6115177869796753
Sorghum_10319,10319,00,10319,ref,0.004271269775927067,0.0014702229527756572,0.002801046706736088,0.8204001784324646,0.642996609210968,0.028170475736260414,0.29155096459886837,0.7740361094474792,0.1795998066663742,0.5032761495090348,0.8526110053062439,0.35700342059135437,0.6677525412822887,0.8890922665596008,0.5346510410308838
Sorghum_10320,10320,00,10320,ref,0.002248956123366952,0.0008427661960013211,0.0014061899855732918,0.8308930993080139,0.6012688875198364,0.024872759357094765,0.2784147791359884,0.7873352766036987,0.1691068857908249,0.5434309359668851,0.8529770374298096,0.3987310826778412,0.7145844654983792,0.8895803093910217,0.5971205234527588
Sorghum_10321,10321,00,10321,ref,0.002791766310110688,0.0008126459433697164,0.001979120308533311,0.8399218916893005,0.6157881617546082,0.025674236938357353,0.2652483523327708,0.7733040452003479,0.16007809340953827,0.5295051722340932,0.8515129089355469,0.38421180844306946,0.7045943616560704,0.8909224271774292,0.5827232599258423
Sorghum_10323,10323,00,10323,ref,0.0026988941244781017,0.0008485701400786638,0.001850323984399438,0.802708625793457,0.5952903628349304,0.024714328348636627,0.3158220401415447,0.7911176085472107,0.19729135930538177,0.5520037245544592,0.867862343788147,0.4047096073627472,0.7175276280365449,0.9015373587608337,0.5959004163742065
Sorghum_10324,10324,00,10324,ref,0.00183390942402184,0.0009809441398829222,0.000852965225931257,0.9092240333557129,0.6353099346160889,0.024233251810073853,0.0858900305161899,0.08150317519903183,0.0907759889960289,0.5068511065402823,0.8306490778923035,0.3646900951862335,0.7683067943448438,0.889702320098877,0.6760615110397339
Sorghum_10325,10325,00,10325,ref,0.0016571208834648132,0.0006477916031144559,0.0010093292221426964,0.825524628162384,0.5377013087272644,0.02136487327516079,0.2833532998438407,0.7536603212356567,0.17447535693645477,0.5986484069527653,0.8490726947784424,0.4622986912727356,0.7967812366904933,0.8983650803565979,0.7158370018005371
Sorghum_10327,10327,00,10327,ref,0.0013700488489121199,0.0006229465361684561,0.0007471023709513247,0.7892874479293823,0.4910932183265686,0.019739044830203056,0.33138411271096535,0.7755002379417419,0.21071253716945648,0.6383284073413334,0.8560273051261902,0.5089067816734314,0.8050076225481696,0.8966569304466248,0.7303562760353088
Sorghum_10328,10328,00,10328,ref,0.0019488774705678225,0.000775380409322679,0.001173496711999178,0.763055145740509,0.5490483045578003,0.022327054291963577,0.3647467018569458,0.791849672794342,0.23694485425949097,0.593850987090335,0.8693264722824097,0.4509516954421997,0.754119070646295,0.9025134444236755,0.6476330161094666
Sorghum_1033,1033,00,1033,ref,0.0023595690727233887,0.0010733924573287368,0.0012861768482252955,0.7839189767837524,0.5712542533874512,0.023481007665395737,0.3387914031445576,0.7840409874916077,0.21608100831508636,0.5710359819265307,0.8546851873397827,0.42874571681022644,0.7462546436580334,0.8901903629302979,0.6423865556716919
Sorghum_10330,10330,00,10330,ref,0.0034477487206459045,0.001000485848635435,0.0024472628720104694,0.8332113027572632,0.6176183223724365,0.02484131045639515,0.2752354669270315,0.7868472337722778,0.16678868234157562,0.5302229087855908,0.8644460439682007,0.3823816478252411,0.7247989180473886,0.8950707912445068,0.6089555621147156
Sorghum_10331,10331,00,10331,ref,0.0025413306429982185,0.0007363331969827414,0.001804997562430799,0.7819668054580688,0.5816251635551453,0.0244232676923275,0.34207883405828293,0.7935578227043152,0.21803317964076996,0.5656854242235048,0.8731088042259216,0.41837480664253235,0.7241448139879169,0.907637894153595,0.6023669838905334
Sorghum_10332,10332,00,10332,ref,0.0022809370420873165,0.0007265738095156848,0.0015543632907792926,0.82332843542099,0.5484382510185242,0.0219586119055748,0.2880827909660545,0.77989262342453,0.17667154967784882,0.5916754745185172,0.8578574657440186,0.45156174898147583,0.7598043761860971,0.8990971446037292,0.6578819155693054
Sorghum_10333,10333,00,10333,ref,0.0016991975717246532,0.0007157951476983726,0.0009834023658186197,0.8267447352409363,0.5414836406707764,0.02176114358007908,0.2831761039725982,0.7746461629867554,0.17325524985790253,0.6009247494261309,0.8716446757316589,0.45851635932922363,0.7745270371576571,0.9067838191986084,0.6759395003318787
Sorghum_10335,10335,00,10335,ref,0.0021347354631870985,0.0008774464367888868,0.0012572889681905508,0.8045387864112854,0.560273289680481,0.022391775622963905,0.3125618267704608,0.7796486020088196,0.1954611986875534,0.5817312470500823,0.859199583530426,0.43972671031951904,0.7690879029493818,0.8993411660194397,0.671791136264801
Sorghum_10336,10336,00,10336,ref,0.0050630695186555386,0.0011794890742748976,0.003883580444380641,0.864080011844635,0.6442167162895203,0.026494789868593216,0.22966895702004578,0.740239143371582,0.1359199583530426,0.4990150660168117,0.835285484790802,0.3557833135128021,0.6904591068074546,0.8794534206390381,0.5683259963989258
Sorghum_10337,10337,00,10337,ref,0.0025406857021152973,0.000864327943418175,0.0016763577004894614,0.8612737655639648,0.6209126114845276,0.024899637326598167,0.23623691584744716,0.7951439619064331,0.13872620463371277,0.5266840635619526,0.8624938726425171,0.37908735871315,0.7143783497305349,0.8969009518623352,0.5935822129249573
Sorghum_10338,10338,00,10338,ref,0.002276346320286393,0.0009414369706064463,0.001334909349679947,0.8279648423194885,0.5952903628349304,0.023800814524292946,0.2812609751446458,0.7703757882118225,0.17203514277935028,0.5488812665819063,0.8526110053062439,0.4047096073627472,0.7316927892271291,0.8933626413345337,0.6195704936981201
Sorghum_10339,10339,00,10339,ref,0.002360884565860033,0.0008515553781762719,0.001509329304099083,0.8263787031173706,0.5286725163459778,0.02090683951973915,0.28393363638232566,0.7786725163459778,0.1736212819814682,0.6065393831538433,0.8505368232727051,0.4713274836540222,0.7972511835671668,0.8914104700088501,0.7210834622383118
Sorghum_1034,1034,00,1034,ref,0.002461331430822611,0.0008718870813027024,0.0015894443495199084,0.8549292087554932,0.5683259963989258,0.022459277883172035,0.18879655598780026,0.2702537775039673,0.14507076144218445,0.5686518527203334,0.8329672813415527,0.43167397379875183,0.7687299720608494,0.8872621059417725,0.6781356930732727
Sorghum_10340,10340,00,10340,ref,0.002101814141497016,0.0009513598051853478,0.001150454394519329,0.8116154074668884,0.5783308744430542,0.0239876601845026,0.301803745928974,0.7584187388420105,0.18838457763195038,0.5673627345307953,0.8668862581253052,0.4216690957546234,0.7301167191201993,0.9015373587608337,0.6134699583053589
Sorghum_10341,10341,00,10341,ref,0.002446956466883421,0.0010649467585608363,0.0013820097083225846,0.7707418203353882,0.5747925639152527,0.023518959060311317,0.3496932886553532,0.7367008328437805,0.22925817966461182,0.568855281309683,0.8590775728225708,0.4252074062824249,0.7264065948836784,0.8926305770874023,0.6123718619346619
Sorghum_10344,10344,00,10344,ref,0.0019507382530719042,0.0009585775551386178,0.0009921605233103037,0.8245485424995422,0.591264009475708,0.02396838553249836,0.28616929201139946,0.7756222486495972,0.17545144259929657,0.5515434934712101,0.8477305769920349,0.4087359607219696,0.7403720420685838,0.8846998810768127,0.6365300416946411
Sorghum_10345,10345,00,10345,ref,0.002872238866984844,0.001075053820386529,0.0017971849301829934,0.8538311123847961,0.6128599047660828,0.025380829349160194,0.2050662056685428,0.34346023201942444,0.14616885781288147,0.5296772948530659,0.8383357524871826,0.38714006543159485,0.7015894791457372,0.8861640095710754,0.5806490778923035
Sorghum_10346,10346,00,10346,ref,0.002145512029528618,0.0009982775663957,0.0011472345795482397,0.8379697203636169,0.5866276025772095,0.023302674293518066,0.25141495143617154,0.5607613325119019,0.16203026473522186,0.5540606260736941,0.8399218916893005,0.41337236762046814,0.749665687570753,0.8884822130203247,0.6483650803565979
Sorghum_10347,10347,00,10347,ref,0.0038968874141573906,0.0018817557720467448,0.002015131525695324,0.9019033908843994,0.6881405711174011,0.03051774948835373,0.1027457599116516,0.10785748809576035,0.09809663146734238,0.3615107352467424,0.4299658238887787,0.3118594288825989,0.6217140662077587,0.8469985127449036,0.4910932183265686
Sorghum_10348,10348,00,10348,ref,0.002474668901413679,0.0010168483713641763,0.0014578205300495028,0.7913616299629211,0.548316240310669,0.022325322031974792,0.3293369559768362,0.7813567519187927,0.20863835513591766,0.5914314427597931,0.8563933372497559,0.45168375968933105,0.7466072945562964,0.8964129090309143,0.639702320098877
Sorghum_10349,10349,00,10349,ref,0.002630166709423065,0.0011476182844489813,0.001482548424974084,0.8490726947784424,0.6121278405189514,0.025794869288802147,0.25103880965278513,0.7456076145172119,0.15092727541923523,0.5296765056150236,0.8349194526672363,0.3878721296787262,0.6962873851258314,0.872742772102356,0.5791849493980408
Sorghum_1035,1035,00,1035,ref,0.0024422055575996637,0.0008896170766092837,0.001552588539198041,0.744021475315094,0.5439238548278809,0.022900106385350227,0.3846202514026712,0.7731820344924927,0.255978524684906,0.5984504423114986,0.870058536529541,0.45607614517211914,0.7264666188924155,0.9031234979629517,0.6076134443283081
Sorghum_10350,10350,00,10350,ref,0.0017312539275735617,0.0006956286961212754,0.0010356252314522862,0.7758662700653076,0.537457287311554,0.02157408744096756,0.35006026239020205,0.7989262938499451,0.22413372993469238,0.6023950533447143,0.8634699583053589,0.46254271268844604,0.7831575452696374,0.8992191553115845,0.6936310529708862
Sorghum_10351,10351,00,10351,ref,0.001965014962479472,0.0008661691099405289,0.0010988458525389433,0.8188140392303467,0.5760126709938049,0.023451995104551315,0.29031481353748045,0.7299902439117432,0.18118594586849213,0.562219000787712,0.834187388420105,0.4239872992038727,0.7381115692478206,0.8820156455039978,0.6345778703689575
Sorghum_10353,10353,00,10353,ref,0.0015769840683788061,0.0008089225157164037,0.0007680614944547415,0.7414592504501343,0.5030502676963806,0.020138926804065704,0.3898673227836621,0.7923377156257629,0.2585407495498657,0.6333907274226155,0.8731088042259216,0.4969497323036194,0.8059093723422892,0.9094680547714233,0.7235236763954163
Sorghum_10354,10354,00,10354,ref,0.002152655739337206,0.0007258076802827418,0.0014268480008468032,0.7639092206954956,0.5402635335922241,0.021479003131389618,0.3637339224472044,0.791849672794342,0.2360907793045044,0.6022042392028899,0.8726207613945007,0.4597364664077759,0.7869153980773326,0.9089800119400024,0.6937530636787415
Sorghum_10355,10355,00,10355,ref,0.002330466639250517,0.0010140148224309087,0.0013164517004042864,0.8343093991279602,0.5889458060264587,0.023412227630615234,0.27366465954238794,0.7856271266937256,0.1656905859708786,0.5543249993342773,0.8509028553962708,0.41105416417121887,0.7534199454454104,0.8876281380653381,0.6544656157493591
Sorghum_10356,10356,00,10356,ref,0.002687700791284442,0.0008804351673461497,0.0018072656821459532,0.8611517548561096,0.6499512195587158,0.026071704924106598,0.23220650292036715,0.7087603807449341,0.138848215341568,0.49804751063704916,0.8628599047660828,0.35004881024360657,0.708596221330554,0.8994631767272949,0.5845534205436707
Sorghum_1036,1036,00,1036,ref,0.0029148049652576447,0.001182140433229506,0.0017326644156128168,0.8864080309867859,0.6599560976028442,0.02762143313884735,0.1581313346581446,0.26012688875198364,0.1135919988155365,0.48336706066512797,0.8355295062065125,0.34004393219947815,0.6741738639430487,0.8806735277175903,0.5461200475692749
Sorghum_10360,10360,00,10360,ref,0.0018490792717784643,0.000816929794382304,0.0010321495356038213,0.864080011844635,0.557589054107666,0.022089192643761635,0.1923153221915127,0.32869693636894226,0.1359199583530426,0.5802207050288837,0.8427281379699707,0.442410945892334,0.7736833343226124,0.8948267698287964,0.6814299821853638
Sorghum_10361,10361,00,10361,ref,0.0018536120187491179,0.0008244740311056376,0.0010291379876434803,0.825524628162384,0.5769887566566467,0.022730594500899315,0.28452211081799295,0.7704977989196777,0.17447535693645477,0.5686026063331041,0.8670082688331604,0.4230112135410309,0.7782104631872319,0.9010493159294128,0.6848462820053101
Sorghum_10362,10362,00,10362,ref,0.002154269954189658,0.0008543748990632594,0.0012998949969187379,0.9153245687484741,0.6304295063018799,0.024708671495318413,0.1410373599429672,0.42179110646247864,0.08467545360326767,0.5111746207870854,0.8286969065666199,0.3695705235004425,0.7388819187253217,0.8844558596611023,0.6344558596611023
Sorghum_10363,10363,00,10363,ref,0.0026605348102748394,0.0010036511812359095,0.0016568835126236081,0.882137656211853,0.6090775728225708,0.024035928770899773,0.19737679896258917,0.6066373586654663,0.11786237359046936,0.5304618802820964,0.8249145746231079,0.3909223973751068,0.7308369259551489,0.8806735277175903,0.6245729327201843
Sorghum_10364,10364,00,10364,ref,0.0020305165089666843,0.0008187523344531655,0.0012117641745135188,0.8243045210838318,0.5757686495780945,0.022756332531571388,0.28749359906769234,0.7905075550079346,0.17569546401500702,0.568300760001373,0.8605417013168335,0.42423132061958313,0.7682486582586615,0.8972669839859009,0.6716691255569458
Sorghum_10365,10365,00,10365,ref,0.0015419104602187872,0.0006582167698070407,0.0008836936904117465,0.7962420582771301,0.5101268887519836,0.02038118615746498,0.32361109822670847,0.785871148109436,0.20375792682170868,0.6255519873602555,0.865178108215332,0.48987311124801636,0.7981043081201296,0.9054417014122009,0.7135187983512878
Sorghum_10366,10366,00,10366,ref,0.002949482761323452,0.0012448730412870646,0.0017046096036210656,0.8339433670043945,0.5938262343406677,0.02465616539120674,0.27241093441046976,0.7576866745948792,0.16605661809444427,0.5486414991257645,0.84504634141922,0.4061737358570099,0.712160923207406,0.8888482451438904,0.5940702557563782
Sorghum_10367,10367,00,10367,ref,0.0017704484052956104,0.0007161384564824402,0.0010543098906055093,0.7441434860229492,0.4945095181465149,0.01978246122598648,0.38616462216608605,0.7869692444801331,0.2558565139770508,0.6391991234537783,0.8690824508666992,0.5054904818534851,0.7903960229825707,0.8973889946937561,0.7061981558799744
Sorghum_10368,10368,00,10368,ref,0.00335836224257946,0.001156213111244142,0.0022021490149199963,0.8141776323318481,0.6458028554916382,0.029772724956274033,0.3003940897022103,0.7834309339523315,0.18582235276699066,0.5031988924194493,0.8685944080352783,0.3541971743106842,0.6458424452815813,0.8990971446037292,0.5039043426513672
Sorghum_10369,10369,00,10369,ref,0.001626782352104783,0.0007255538366734982,0.000901228457223624,0.7797706127166748,0.47889214754104614,0.019254060462117195,0.3445335675420143,0.7909955978393555,0.2202293872833252,0.6501685553339354,0.8642020225524902,0.5211078524589539,0.8159686916589807,0.9011713266372681,0.7454856038093567
Sorghum_1037,1037,00,1037,ref,0.0033872094936668873,0.0013742356095463037,0.0020129738841205835,0.8993411660194397,0.660932183265686,0.02722303569316864,0.10162556782517339,0.10261102765798569,0.1006588563323021,0.443272897501659,0.6399463415145874,0.33906784653663635,0.6750955275843816,0.8698145151138306,0.55161052942276
Sorghum_10370,10370,00,10370,ref,0.0016867673257365823,0.0007743252208456397,0.0009124421048909426,0.7715958952903748,0.5341629981994629,0.021382667124271393,0.3548595933037258,0.7950219511985779,0.22840410470962524,0.6047017214640098,0.8615177869796753,0.4658370018005371,0.7839663248635999,0.8972669839859009,0.6960712671279907
Sorghum_10372,10372,00,10372,ref,0.0032908404245972633,0.0013143623946234584,0.001976477913558483,0.881039559841156,0.6821620464324951,0.029192335903644562,0.2042382163928644,0.7213274836540222,0.11896046996116638,0.46061137488894044,0.8362615704536438,0.31783798336982727,0.6514505790636868,0.8798194527626038,0.5172035098075867
Sorghum_10373,10373,00,10373,ref,0.0032471753656864166,0.0013775203842669725,0.0018696548650041223,0.8692044615745544,0.6938750743865967,0.029118945822119713,0.22244183848788385,0.7431674003601074,0.13079550862312317,0.44587544954636954,0.8204001784324646,0.3061249256134033,0.6506777493006397,0.8643240332603455,0.52171790599823
Sorghum_10374,10374,00,10374,ref,0.002883370965719223,0.0011205553309991956,0.001762815983965993,0.8274767994880676,0.6455588340759277,0.028161706402897835,0.2802614055269494,0.7463396787643433,0.17252318561077118,0.5013331664617189,0.8561493158340454,0.35444119572639465,0.667029892539409,0.8947047591209412,0.5317227840423584
Sorghum_10377,10377,00,10377,ref,0.0032064858824014664,0.0015468779020011425,0.0016596079804003239,0.8116154074668884,0.6105417013168335,0.02711494266986847,0.29893512112102455,0.7235236763954163,0.18838457763195038,0.5303360925661851,0.8308930993080139,0.3894582688808441,0.6664544345016706,0.8679843544960022,0.5408735871315002
Sorghum_10378,10378,00,10378,ref,0.0016080087516456842,0.0006467545754276216,0.0009612541762180626,0.7966080904006958,0.5275744199752808,0.021099336445331573,0.3234371112647501,0.7892874479293823,0.203391894698143,0.6110497184869061,0.8648120760917664,0.47242558002471924,0.7910843408194957,0.9100781083106995,0.6996095776557922
Sorghum_10379,10379,00,10379,ref,0.002524305135011673,0.0008571210200898349,0.001667184173129499,0.8089311718940735,0.5861395597457886,0.023908458650112152,0.30557320436417024,0.7625671029090881,0.19106881320476532,0.5544722534731581,0.8397998809814453,0.41386041045188904,0.7347274106171764,0.8842118382453918,0.6284773349761963
Sorghum_10381,10381,00,10381,ref,0.0027294079773128033,0.0009293620241805911,0.001800046069547534,0.8225963711738586,0.6326256990432739,0.02671915851533413,0.28315587951246374,0.7010737061500549,0.17740361392498016,0.5120235765875997,0.8445582985877991,0.36737433075904846,0.6918691751940648,0.8951928019523621,0.5638116002082825
Sorghum_10382,10382,00,10382,ref,0.0035197772085666656,0.0012679387582466006,0.002251838566735387,0.8250365853309631,0.6293314099311829,0.027540363371372223,0.28642451626430937,0.7891654372215271,0.17496339976787567,0.5175512117597326,0.8572474122047424,0.3706686198711395,0.6718801098266813,0.8936066627502441,0.5383113622665405
Sorghum_10383,10383,00,10383,ref,0.0018513251561671495,0.0007462050416506827,0.001105120056308806,0.7786725163459778,0.519033670425415,0.020715074613690376,0.3450168184571407,0.7820888161659241,0.22132748365402222,0.6185532655537554,0.8663982152938843,0.48096632957458496,0.7883601309155515,0.9103221297264099,0.6952171921730042
Sorghum_10384,10384,00,10384,ref,0.003379484871402383,0.0013485194649547338,0.002030965406447649,0.8150317072868347,0.6333577632904053,0.028170181438326836,0.2980544968976929,0.7669594883918762,0.1849682778120041,0.5121807729383837,0.8493167161941528,0.3666422665119171,0.6614486021024014,0.8839678168296814,0.5284284949302673
Sorghum_10385,10385,00,10385,ref,0.0022520041093230247,0.0010669607436284423,0.0011850432492792606,0.8517569303512573,0.5949243307113647,0.02357354573905468,0.22018220663743793,0.42776963114738464,0.1482430398464203,0.545755106887785,0.8361395597457886,0.40507563948631287,0.7490718658308169,0.8944607377052307,0.6443387269973755
Sorghum_10386,10386,00,10386,ref,0.002282853703945875,0.001053622574545443,0.001229231245815754,0.8155197501182556,0.6406784057617188,0.02720526233315468,0.2982636968966937,0.7783064842224121,0.1844802349805832,0.5047353825097182,0.8478525876998901,0.35932162404060364,0.6864856209364769,0.8839678168296814,0.5611273646354675
Sorghum_10387,10387,00,10387,ref,0.002071874449029565,0.0007283014128915966,0.0013435730943456292,0.7512201070785522,0.5595412254333496,0.02345210872590542,0.37845619184622786,0.7905075550079346,0.24877989292144775,0.5849279279420695,0.8704245686531067,0.4404587745666504,0.7243605274785558,0.9033675193786621,0.6045631766319275
Sorghum_10388,10388,00,10388,ref,0.002255055122077465,0.000831702200230211,0.001423352980054915,0.8365055918693542,0.5927281379699707,0.02451287768781185,0.2703636908365746,0.7806246876716614,0.16349439322948456,0.5531818674476877,0.8620058298110962,0.4072718322277069,0.7238706062348779,0.8999512195587158,0.6054172515869141
Sorghum_1039,1039,00,1039,ref,0.002567580435425043,0.0012481060111895204,0.001319474307820201,0.8269887566566467,0.592362105846405,0.024503493681550026,0.2816482962033323,0.7569546103477478,0.17301122844219208,0.5511845684881973,0.8507808446884155,0.4076378643512726,0.7292877957570356,0.8917765021324158,0.6168862581253052
Sorghum_10390,10390,00,10390,ref,0.0023120902478694916,0.0010960411746054888,0.0012160490732640028,0.8606637120246887,0.6111517548561096,0.0247375275939703,0.1954061635513404,0.3269887864589691,0.1393362581729889,0.5304626600134457,0.8343093991279602,0.388848215341568,0.7243192530588176,0.881039559841156,0.6149340867996216
Sorghum_10392,10392,00,10392,ref,0.001802978222258389,0.000779017573222518,0.001023960649035871,0.84504634141922,0.5724743604660034,0.02284192480146885,0.2585324755501793,0.7797706127166748,0.15495362877845764,0.5723203071272788,0.8654221296310425,0.4275256097316742,0.7690516231650693,0.9067838191986084,0.6676427721977234
Sorghum_10393,10393,00,10393,ref,0.002668917179107666,0.0015031249495223165,0.0011657923460006714,0.8900683522224426,0.6076134443283081,0.023912057280540466,0.18523708450538143,0.5880917310714722,0.10993167757987976,0.5350125212687533,0.8405319452285767,0.3923865258693695,0.7389620398560202,0.8809175491333008,0.6364080309867859
Sorghum_10394,10394,00,10394,ref,0.0019233806524425745,0.0008540875278413296,0.001069293124601245,0.7302342653274536,0.4921913146972656,0.01959594339132309,0.4035879848266346,0.8008784651756287,0.2697657346725464,0.6427674635850064,0.8754270672798157,0.5078086853027344,0.7818223055829931,0.9088580012321472,0.6859443783760071
Sorghum_10396,10396,00,10396,ref,0.001586850150488317,0.0007776112179271877,0.0008092388743534684,0.7620790600776672,0.5023182034492493,0.02008802630007267,0.365823895119574,0.7911176085472107,0.23792093992233276,0.6309686748911257,0.8617618083953857,0.49768179655075073,0.8013298057298138,0.8975110054016113,0.7237676978111267
Sorghum_10398,10398,00,10398,ref,0.0022554078605026007,0.0008795931935310364,0.0013758146669715643,0.8031966686248779,0.6134699583053589,0.025389034301042557,0.315370342148962,0.7933138012886047,0.19680331647396088,0.5325794470785723,0.8560273051261902,0.3865300118923187,0.7089938289003646,0.8927525877952576,0.5879697203636169
Sorghum_10399,10399,00,10399,ref,0.0030835208017379045,0.0017675020499154925,0.0013160188682377338,0.8438262343406677,0.6317716240882874,0.026445817202329636,0.260242069524904,0.7800146341323853,0.1561737358570099,0.5149251948080261,0.855905294418335,0.36822840571403503,0.6946726638377398,0.8905563950538635,0.5694240927696228
Sorghum_1040,1040,00,1040,ref,0.003083162009716034,0.001153091317974031,0.001930070691742003,0.8052708506584167,0.6259151101112366,0.027133168652653694,0.3105881514666414,0.766837477684021,0.19472913444042206,0.5190787805417068,0.8476085662841797,0.3740849196910858,0.6740236229651777,0.8807955384254456,0.5458760261535645
Sorghum_10404,10404,00,10404,ref,0.0018767884466797113,0.0008302899077534676,0.0010464986553415656,0.820644199848175,0.5597852468490601,0.022364115342497826,0.29061936810931166,0.7654953598976135,0.17935578525066376,0.5823540825547711,0.8600536584854126,0.44021475315093994,0.767547821869967,0.8999512195587158,0.6691069006919861
Sorghum_10405,10405,00,10405,ref,0.0017623166786506772,0.0006640794454142451,0.001098237233236432,0.8152757287025452,0.5422157049179077,0.021682828664779663,0.2989220905848788,0.7829428911209106,0.18472425639629364,0.5993961582672385,0.867862343788147,0.4577842950820923,0.7756039289105676,0.9077599048614502,0.6770375967025757
Sorghum_10406,10406,00,10406,ref,0.00425737164914608,0.0020400402136147022,0.002217331901192665,0.9115422368049622,0.6867984533309937,0.03102591075003147,0.12521714584559565,0.214250847697258,0.08845778554677963,0.4244721082727586,0.6583699584007263,0.31320157647132874,0.6191374225878606,0.857003390789032,0.4846266508102417
Sorghum_10407,10407,00,10407,ref,0.0020542796701192856,0.0010281401919201016,0.0010261395946145058,0.8673743009567261,0.5956563949584961,0.023251622915267944,0.2228064397409952,0.696193277835846,0.13262566924095154,0.5475814182807908,0.8479745984077454,0.4043435752391815,0.7661812767863099,0.8925085663795471,0.6711810827255249
Sorghum_10408,10408,00,10408,ref,0.002220376394689083,0.00109334837179631,0.001127028139308095,0.8023425936698914,0.5618594288825989,0.02293565683066845,0.3129575372052689,0.751098096370697,0.19765739142894745,0.5794202259315597,0.8551732301712036,0.4381405711174011,0.7385839941657615,0.8915324807167053,0.6304295063018799
Sorghum_10409,10409,00,10409,ref,0.0024848238099366426,0.0009688431746326387,0.0015159806935116649,0.8044167757034302,0.5534406900405884,0.022205563262104988,0.31384001960681845,0.7938018441200256,0.19558320939540863,0.5886747084090203,0.8634699583053589,0.4465593099594116,0.7533754756171271,0.898975133895874,0.6483650803565979
Sorghum_10410,10410,00,10410,ref,0.0022395411506295204,0.0011116712121292949,0.0011278698220849037,0.8161298036575317,0.5563689470291138,0.022496791556477547,0.2962049645927966,0.7613469958305359,0.18387018144130707,0.5806291684725977,0.8400439023971558,0.44363105297088623,0.7541612511434659,0.8843338489532471,0.6573938727378845
Sorghum_10412,10412,00,10412,ref,0.0034214190673083067,0.0012407898902893066,0.002180629177019,0.8261346817016602,0.6007808446884155,0.024607528001070023,0.24205431634207258,0.3982430398464203,0.17386530339717865,0.5435860432182725,0.8515129089355469,0.3992191255092621,0.7220227764809259,0.8937286734580994,0.6056612730026245
Sorghum_10413,10413,00,10413,ref,0.0015240684151649475,0.0006604804657399654,0.000863588007632643,0.7962420582771301,0.5344070196151733,0.02120949886739254,0.32460266248827346,0.7977061867713928,0.20375792682170868,0.6059611994929852,0.8674963116645813,0.46559298038482666,0.7998091736356687,0.9053196907043457,0.716325044631958
Sorghum_10414,10414,00,10414,ref,0.002151971450075507,0.000842847628518939,0.0013091237051412463,0.8267447352409363,0.5655197501182556,0.022455159574747086,0.28439145884275335,0.7931917905807495,0.17325524985790253,0.576154978342368,0.8549292087554932,0.434480220079422,0.7657340498282916,0.8895803093910217,0.6721571683883667
Sorghum_10416,10416,00,10416,ref,0.0025370388757437468,0.0011233884142711759,0.001413650461472571,0.843948245048523,0.6298194527626038,0.025944191962480545,0.2598615578965688,0.7762323021888733,0.15605172514915466,0.515555730760774,0.8489506840705872,0.37018057703971863,0.6999208855669204,0.8856759667396545,0.5785748958587646
Sorghum_10417,10417,00,10417,ref,0.0023787766695022583,0.0008936603553593159,0.0014851161977276206,0.8167398571968079,0.6087115406990051,0.025638209655880928,0.2927743183079885,0.7275500297546387,0.18326012790203094,0.5333490524061147,0.8373596668243408,0.3912884294986725,0.7029772182003394,0.8877501487731934,0.5818691849708557
Sorghum_10418,10418,00,10418,ref,0.0018754855263978243,0.0007492785807698965,0.0011262069456279278,0.8200341463088989,0.5448999404907227,0.021525084972381592,0.2915960834083911,0.767935574054718,0.17996583878993988,0.5945873494428988,0.8573694229125977,0.45510005950927734,0.7818160370640294,0.8995851874351501,0.691312849521637
Sorghum_10419,10419,00,10419,ref,0.0031056730076670647,0.0014360958011820912,0.0016695769736543298,0.8709126114845276,0.6599560976028442,0.02756805531680584,0.19933179269409662,0.43728646636009216,0.12908735871315002,0.4837542260286894,0.8378477096557617,0.34004393219947815,0.6774583372408846,0.8801854848861694,0.5506344437599182
Sorghum_10421,10421,00,10421,ref,0.0026781572960317135,0.000882438849657774,0.0017957185627892613,0.7850170731544495,0.5596632361412048,0.022789251059293747,0.3388972131910904,0.8000243902206421,0.21498291194438934,0.5855620234328526,0.8737188577651978,0.44033676385879517,0.7515580144934646,0.9044656157493591,0.6428745985031128
Sorghum_10422,10422,00,10422,ref,0.002653839997947216,0.0010838924208655953,0.0015699474606662989,0.8595656156539917,0.6627623438835144,0.027464890852570534,0.23769564833064166,0.7731820344924927,0.1404343545436859,0.483387835764858,0.8530990481376648,0.337237685918808,0.6859944882892031,0.8909224271774292,0.5577110648155212
Sorghum_10424,10424,00,10424,ref,0.0019008370582014322,0.0008518421673215926,0.0010489949490875006,0.764153242111206,0.5345290303230286,0.021471908316016197,0.36062230376787247,0.765739381313324,0.23584675788879395,0.6011180535278902,0.848340630531311,0.46547096967697144,0.7776048233871764,0.8875061273574829,0.6919229030609131
Sorghum_10425,10425,00,10425,ref,0.0021827872842550278,0.0008886554860509932,0.0012941317399963737,0.7715958952903748,0.5710102319717407,0.02321864850819111,0.35314170576788273,0.7780624628067017,0.22840410470962524,0.5726085710907242,0.860785722732544,0.4289897382259369,0.7430180773819735,0.8993411660194397,0.6329917311668396
Sorghum_10427,10427,00,10427,ref,0.0018004074227064848,0.000749061000533402,0.0010513465385884047,0.7501220107078552,0.5061005353927612,0.020252913236618042,0.38122670740122855,0.8036847114562988,0.24987798929214478,0.6308757694573839,0.8729867935180664,0.49389946460723877,0.7819128333089854,0.9073938727378845,0.6869204640388489
Sorghum_10428,10428,00,10428,ref,0.0023426911793649197,0.0009236851474270225,0.0014190059155225754,0.9104441404342651,0.6689848899841309,0.02673359587788582,0.1376784075047213,0.2975841760635376,0.08955588191747665,0.4701815067217071,0.8112493753433228,0.33101513981819153,0.7000482623562333,0.8857979774475098,0.5786969065666199
Sorghum_10429,10429,00,10429,ref,0.002484228229150176,0.001080871094018221,0.0014033571351319551,0.8366276025772095,0.6076134443283081,0.02548680268228054,0.2666965561352684,0.7255978584289551,0.16337238252162933,0.5324657284556747,0.8280868530273438,0.3923865258693695,0.7021180880988587,0.8775012493133545,0.5851634740829468
Sorghum_1043,1043,00,1043,ref,0.002897953148931265,0.0012616832973435521,0.001636269735172391,0.8428501486778259,0.6029770374298096,0.024586673825979233,0.2609006495004563,0.7678135633468628,0.15714983642101288,0.5392056181653153,0.8400439023971558,0.39702293276786804,0.7227312733866721,0.8826256990432739,0.611883819103241
Sorghum_10430,10430,00,10430,ref,0.002039179438725114,0.0007775106350891292,0.0012616687454283237,0.7984382510185242,0.5507564544677734,0.022108877077698708,0.3199200742729092,0.775012195110321,0.20156173408031464,0.5924245876350133,0.8695704936981201,0.44924354553222656,0.7662788226663901,0.9099560976028442,0.6617862582206726
Sorghum_10431,10431,00,10431,ref,0.002658748533576727,0.0009953426197171211,0.0016634060302749276,0.7861151695251465,0.5661298036575317,0.023050833493471146,0.33547668947897463,0.7774524092674255,0.21388481557369232,0.5741731544164338,0.8485846519470215,0.4338701665401459,0.7413047161267965,0.8836017847061157,0.6384822130203247
Sorghum_10433,10433,00,10433,ref,0.002381729194894433,0.001008346676826477,0.0013733824016526341,0.763055145740509,0.5440458655357361,0.02218353934586048,0.36123285635740077,0.759760856628418,0.23694485425949097,0.5938976945365827,0.8515129089355469,0.4559541344642639,0.7469306909866795,0.8865300416946411,0.6453148126602173
Sorghum_10435,10435,00,10435,ref,0.0025851898826658726,0.0011689168168231845,0.0014162732986733317,0.803806722164154,0.5760126709938049,0.023319998756051064,0.30514129390925476,0.6861883997917175,0.19619326293468475,0.5604344228871876,0.8263787031173706,0.4239872992038727,0.7336118047266482,0.8724987506866455,0.6328697204589844
Sorghum_10436,10436,00,10436,ref,0.0020367156248539686,0.0009484764304943383,0.0010882391361519694,0.8055148720741272,0.5361151695251465,0.02177894487977028,0.2747232149282284,0.4676671624183655,0.1944851130247116,0.5993357358876862,0.8465104699134827,0.4638848304748535,0.7530052657301286,0.8887262344360352,0.6532455086708069
Sorghum_10437,10437,00,10437,ref,0.0021798349916934967,0.0010978548089042306,0.0010819801827892661,0.8322352170944214,0.6106637120246887,0.024835307151079178,0.2755746139669389,0.7711078524589539,0.16776476800441742,0.5351656528664827,0.8556612730026245,0.3893362581729889,0.7354174650342258,0.894094705581665,0.6245729327201843
Sorghum_10439,10439,00,10439,ref,0.001954358769580722,0.0007869268883951008,0.0011674320558086038,0.8394338488578796,0.5786969065666199,0.02296588197350502,0.2671176905169597,0.7940458655357361,0.16056613624095917,0.5653242283465423,0.8589555621147156,0.42130306363105774,0.7685602480866743,0.8933626413345337,0.6743533611297607
Sorghum_1044,1044,00,1044,ref,0.003372868523001671,0.0015206624520942569,0.001852206070907414,0.9248414039611816,0.6982674598693848,0.028429251164197922,0.07825854091888365,0.08162518590688705,0.07515861093997955,0.25960123179992456,0.22779405117034912,0.30173254013061523,0.6531096472504075,0.8339433670043945,0.5367252230644226
Sorghum_10440,10440,00,10440,ref,0.0025750636123120785,0.0012059311848133802,0.0013691323110833764,0.7951439619064331,0.5911419987678528,0.024922139942646027,0.31861066787847686,0.7164470553398132,0.2048560231924057,0.5514736052734285,0.8468765020370483,0.40885797142982483,0.7064719536346448,0.887018084526062,0.5869936347007751
Sorghum_10441,10441,00,10441,ref,0.004534422419965267,0.0020573341753333807,0.00247708847746253,0.8600536584854126,0.6680088043212891,0.030130481347441673,0.23664368990888687,0.765739381313324,0.13994631171226501,0.47652692870331603,0.843948245048523,0.3319912254810333,0.6367485156905592,0.882137656211853,0.49816983938217163
Sorghum_10442,10442,00,10442,ref,0.0016161699313670397,0.0006887665367685258,0.0009274033945985138,0.7292581796646118,0.5257442593574524,0.02119598723948002,0.39327195033445567,0.7183992266654968,0.2707418203353882,0.6140413517820529,0.8706685900688171,0.4742557406425476,0.770164908481629,0.9105661511421204,0.6672767400741577
Sorghum_10444,10444,00,10444,ref,0.0016973852179944515,0.0008038828382268548,0.0008935023215599358,0.8171058893203735,0.5622254610061646,0.022284552454948425,0.2887666306543699,0.6857003569602966,0.18289409577846527,0.5803258634256983,0.8605417013168335,0.43777453899383545,0.7827570432886667,0.8977550268173218,0.6938750743865967
Sorghum_10445,10445,00,10445,ref,0.0022407397627830505,0.0009411099017597735,0.0012996298028156161,0.8524889945983887,0.6155441403388977,0.02451930195093155,0.2483603170700914,0.7851390838623047,0.14751097559928894,0.5300434079084829,0.8530990481376648,0.3844558298587799,0.7380815714695045,0.890800416469574,0.6300634741783142
Sorghum_10446,10446,00,10446,ref,0.0029004509560763836,0.0013561091618612409,0.0015443417942151427,0.8583455085754395,0.629941463470459,0.025958769023418427,0.2329689105393154,0.6555637121200562,0.14165446162223816,0.5115714898933064,0.8283308744430542,0.3700585663318634,0.7010691979916471,0.8715226650238037,0.586383581161499
Sorghum_10447,10447,00,10447,ref,0.003111938014626503,0.0014431208837777376,0.0016688172472640872,0.920693039894104,0.7173011302947998,0.02832861617207527,0.09042674185370417,0.1051732525229454,0.07930698245763779,0.41792204986377074,0.8011224865913391,0.2826988697052002,0.6649219518275137,0.8653001189231873,0.5398975014686584
Sorghum_10448,10448,00,10448,ref,0.002446121769025922,0.0011667761718854308,0.001279345597140491,0.8482186198234558,0.610785722732544,0.0241660438477993,0.2544685782917118,0.7867252230644226,0.1517813503742218,0.5358350076362656,0.8596876263618469,0.38921424746513367,0.7458714885574611,0.8926305770874023,0.6405563950538635
Sorghum_10449,10449,00,10449,ref,0.001909749349579215,0.0009014706593006849,0.0010082785738632083,0.7697657346725464,0.5591751933097839,0.02281966619193554,0.35615830995102116,0.7861151695251465,0.2302342653274536,0.5794294827971784,0.8451683521270752,0.44082480669021606,0.7495804159115034,0.8807955384254456,0.6523914337158203
Sorghum_1045,1045,00,1045,ref,0.0028192985337227583,0.001013722037896514,0.0018055764958262444,0.7953879833221436,0.6192044615745544,0.026775047183036804,0.3263613312406222,0.8058809041976929,0.20461200177669525,0.5305523688206363,0.8744509220123291,0.38079550862312317,0.6883699921286212,0.9040995836257935,0.5557588934898376
Sorghum_10451,10451,00,10451,ref,0.0022496310994029045,0.0008562111761420965,0.001393419923260808,0.8505368232727051,0.6055392622947693,0.024450758472085,0.25123978500158245,0.787457287311554,0.14946314692497253,0.5418676602558484,0.865178108215332,0.3944607079029083,0.7399573394549618,0.9020254015922546,0.627257227897644
Sorghum_10452,10452,00,10452,ref,0.00432064151391387,0.0014452734030783176,0.002875368110835552,0.9183748364448547,0.6931430101394653,0.02837740071117878,0.08294559297024572,0.084309421479702,0.08162518590688705,0.39668773664667817,0.5608833432197571,0.30685698986053467,0.6538578173561846,0.8548071980476379,0.5294045805931091
Sorghum_10453,10453,00,10453,ref,0.002728317864239216,0.0014672281686216593,0.0012610898120328784,0.9260615110397339,0.7022938132286072,0.028064684942364693,0.093795254599586,0.12823328375816345,0.07393850386142731,0.43393564054547473,0.8000243902206421,0.2977061867713928,0.6686605250397444,0.8698145151138306,0.5430697798728943
Sorghum_10454,10454,00,10454,ref,0.002847316674888134,0.0011161203728988767,0.0017311961855739355,0.9064177870750427,0.675573468208313,0.02855447679758072,0.1521424771104169,0.40653976798057556,0.09358223527669907,0.4630172203990264,0.8083211183547974,0.3244265615940094,0.6517913753345085,0.8622498512268066,0.523914098739624
Sorghum_10455,10455,00,10455,ref,0.0024424863513559103,0.0009826109744608402,0.00145987537689507,0.8194240927696228,0.5728403925895691,0.02267078310251236,0.29319188012979486,0.7790385484695435,0.180575892329216,0.571484983426686,0.8631039261817932,0.4271595776081085,0.764781850626758,0.9003172516822815,0.664714515209198
Sorghum_10456,10456,00,10456,ref,0.0021396188531070948,0.0009536939323879778,0.001185924862511456,0.803806722164154,0.5132991671562195,0.0204407200217247,0.3124071202607785,0.7663494348526001,0.19619326293468475,0.6207954784187514,0.8568813800811768,0.4867008328437805,0.8138157762905761,0.9005612730979919,0.7423133254051208
Sorghum_10457,10457,00,10457,ref,0.0022225473076105118,0.0009922891622409225,0.0012302580289542675,0.8530990481376648,0.6135919690132141,0.024518368765711784,0.2466494299021621,0.7684236168861389,0.14690092206001282,0.5322746444313549,0.8550512194633484,0.3864080011844635,0.7389887838875633,0.8966569304466248,0.6284773349761963
Sorghum_10458,10458,00,10458,ref,0.0023407083936035633,0.0008238996961154044,0.0015168087556958199,0.7845290303230286,0.590165913105011,0.024452798068523407,0.33709021412316315,0.773914098739624,0.21547095477581024,0.5549565273899427,0.859199583530426,0.4098340570926666,0.7216689067288845,0.8979990482330322,0.60322105884552
Sorghum_10459,10459,00,10459,ref,0.0018638874171301723,0.0006686978740617633,0.001195189543068409,0.8147876858711243,0.5340409874916077,0.0212284903973341,0.30016287816813075,0.7912396192550659,0.18521229922771454,0.6070439899165639,0.8706685900688171,0.46595901250839233,0.7849736464070542,0.9094680547714233,0.6904587745666504
Sorghum_1046,1046,00,1046,ref,0.0024468251504004,0.001016703201457858,0.001430121948942542,0.8670082688331604,0.5845534205436707,0.023181376978754997,0.21715033648279436,0.5913860201835632,0.1329917013645172,0.5562676859624889,0.8415080308914185,0.41544654965400696,0.747049199932772,0.8884822130203247,0.6444607377052307
Sorghum_10461,10461,00,10461,ref,0.002520943060517311,0.0010291109792888165,0.0014918320812284946,0.8717666864395142,0.6179843544960022,0.025173339992761612,0.19170290537613105,0.3795754015445709,0.12823328375816345,0.5263815370902323,0.846144437789917,0.3820156157016754,0.7185517934855019,0.890800416469574,0.602122962474823
Sorghum_10464,10464,00,10464,ref,0.0019608985166996717,0.0007258145487867296,0.0012350839097052813,0.8103953003883362,0.5541727542877197,0.022380845621228218,0.3058688137691658,0.790751576423645,0.18960468471050262,0.5880948490717599,0.8637139797210693,0.4458272457122803,0.7663744814327114,0.9022694230079651,0.6660566329956055
Sorghum_10465,10465,00,10465,ref,0.0018426519818603992,0.0007229140028357506,0.0011197379790246487,0.8023425936698914,0.5458760261535645,0.021901316940784454,0.31582986943394226,0.7853831052780151,0.19765739142894745,0.5936951440843561,0.8571254014968872,0.45412397384643555,0.7617537174027789,0.9006832838058472,0.6599560976028442
Sorghum_10466,10466,00,10466,ref,0.001825785730034113,0.0008480860851705074,0.0009776996448636055,0.7972181439399719,0.5754026174545288,0.023057421669363976,0.3238313143200449,0.8034406900405884,0.20278184115886688,0.5711631327929794,0.8722547292709351,0.4245973527431488,0.7561727780808372,0.9017813801765442,0.6510493159294128
Sorghum_10468,10468,00,10468,ref,0.0028761536814272404,0.0009035138646140695,0.0019726399332284927,0.8632259368896484,0.6285993456840515,0.02503926306962967,0.23080975631380926,0.7386530041694641,0.13677403330802917,0.5163529544747597,0.8468765020370483,0.3714006841182709,0.7321533853923654,0.8899463415145874,0.6218886971473694
Sorghum_10469,10469,00,10469,ref,0.0029326165094971657,0.0010841182665899396,0.001848498359322548,0.8316251635551453,0.6084675192832947,0.02555588260293007,0.27519805128833374,0.7528062462806702,0.16837482154369354,0.5356148476876095,0.8474865555763245,0.39153245091438293,0.705544883126387,0.8888482451438904,0.5849194526672363
Sorghum_10470,10470,00,10470,ref,0.0017837223131209612,0.0007313741953112185,0.0010523480596020818,0.7952659726142883,0.5883357524871826,0.024349210783839226,0.3246005175024368,0.7830649018287659,0.20473401248455048,0.5587655627705256,0.8694484829902649,0.411664217710495,0.738836203839844,0.9058077335357666,0.623840868473053
Sorghum_10471,10471,00,10471,ref,0.0030567743815481663,0.0014447745634242892,0.0016119997017085552,0.924475371837616,0.7210834622383118,0.030703429132699966,0.13582135414287458,0.6736212968826294,0.07552464306354523,0.4156378920601415,0.8152757287025452,0.27891653776168823,0.6250758882756492,0.8687164187431335,0.4881649613380432
Sorghum_10472,10472,00,10472,ref,0.0024595577269792557,0.00102970318403095,0.0014298545429483056,0.8783553242683411,0.6306735277175903,0.025401370599865913,0.2005551703933152,0.5708882212638855,0.12164470553398132,0.5094236950688756,0.8207662105560303,0.36932650208473206,0.7132076801045778,0.8877501487731934,0.5960224270820618
Sorghum_10473,10473,00,10473,ref,0.0020525429863482714,0.0010389526141807437,0.0010135903721675277,0.8433381915092468,0.5784528851509094,0.023014668375253677,0.26044405197097825,0.7715958952903748,0.15666179358959198,0.5637873946151151,0.8509028553962708,0.4215470850467682,0.7640257366217592,0.8886042237281799,0.6700829863548279
Sorghum_10474,10474,00,10474,ref,0.002785078017041087,0.0011267047375440598,0.0016583732794970274,0.8091751933097839,0.6012688875198364,0.02492736279964447,0.3073713416076359,0.789653480052948,0.19082479178905487,0.5440977492789224,0.8562713265419006,0.3987310826778412,0.7170453187244882,0.885919988155365,0.6022449731826782
Sorghum_10475,10475,00,10475,ref,0.002069822046905756,0.0008980074780993164,0.001171814394183457,0.798316240310669,0.5778428316116333,0.023870574310421944,0.3191053318996751,0.7637872099876404,0.20168374478816986,0.565774288100155,0.8574914336204529,0.4221571385860443,0.7294454320818256,0.8950707912445068,0.6155441403388977
Sorghum_10476,10476,00,10476,ref,0.0017116181552410126,0.0009311572066508234,0.0007804608903825283,0.8424841165542603,0.5754026174545288,0.022724907845258713,0.26271555595126883,0.7909955978393555,0.15751586854457855,0.5667520431083746,0.8520009517669678,0.4245973527431488,0.777436881911605,0.8878721594810486,0.6914348602294922
Sorghum_10477,10477,00,10477,ref,0.002594263292849064,0.0010065848473459482,0.0015876786783337593,0.8117374181747437,0.5932161808013916,0.024382105097174644,0.3025622714692553,0.7701317667961121,0.18826256692409515,0.5521281253826763,0.8590775728225708,0.406783789396286,0.7286379229699368,0.8923865556716919,0.6156661510467529
Sorghum_10478,10478,00,10478,ref,0.004061754792928696,0.0015478862915188074,0.0025138685014098883,0.9392386674880981,0.7509760856628418,0.03153475001454353,0.09926513569652018,0.27098584175109863,0.06076134741306305,0.3705370895292559,0.7236456871032715,0.2490239143371582,0.606896797736121,0.8654221296310425,0.4673011302947998
Sorghum_10479,10479,00,10479,ref,0.0031321244314312935,0.0012791865738108754,0.00185293797403574,0.8632259368896484,0.659834086894989,0.02855823189020157,0.2268883938050699,0.6650805473327637,0.13677403330802917,0.48414183979765857,0.8394338488578796,0.3401659429073334,0.6586467084966674,0.8845778703689575,0.5246461629867554
Sorghum_10481,10481,00,10481,ref,0.0022335213143378496,0.0008145302417688072,0.0014189911307767034,0.8676183223724365,0.5965104699134827,0.023230409249663353,0.13628915535993302,0.1404343545436859,0.1323816478252411,0.5453950394659349,0.841264009475708,0.40348950028419495,0.7507509522669803,0.8878721594810486,0.6503172516822815
Sorghum_10482,10482,00,10482,ref,0.0021848673932254314,0.0008814267348498106,0.0013034406583756208,0.7707418203353882,0.5775988101959229,0.02384907379746437,0.35402245284231504,0.7767203450202942,0.22925817966461182,0.5665768976983044,0.8601756691932678,0.42240116000175476,0.7269623374955323,0.8982430696487427,0.6105417013168335
Sorghum_10483,10483,00,10483,ref,0.0028853914700448513,0.0014525800943374634,0.0014328114921227098,0.8265007138252258,0.6206685900688171,0.027263732627034187,0.2496554918734484,0.4449731707572937,0.17349927127361298,0.5221084971399357,0.8372376561164856,0.3793313801288605,0.6789399035778338,0.8823816776275635,0.5517325401306152
Sorghum_10484,10484,00,10484,ref,0.0030836521182209253,0.0009906813502311707,0.0020929710008203983,0.7745241522789001,0.6018789410591125,0.024980369955301285,0.3485105456821633,0.7670814990997314,0.22547584772109985,0.5415975556961907,0.8467544913291931,0.39812102913856506,0.7082475961744328,0.8845778703689575,0.5905319452285767
Sorghum_10486,10486,00,10486,ref,0.002281022723764181,0.000831060518976301,0.0014499621465802193,0.7523182034492493,0.561371386051178,0.023523768410086632,0.37467371070191163,0.7689116597175598,0.24768179655075073,0.5815201809133922,0.8624938726425171,0.438628613948822,0.7228963937834317,0.9015373587608337,0.6033430695533752
Sorghum_10487,10487,00,10487,ref,0.0034893187694251537,0.0012925261398777366,0.0021967925131320953,0.8393118381500244,0.6721571683883667,0.0322234220802784,0.2629321362415313,0.7229136228561401,0.1606881469488144,0.47168283894164,0.8404099345207214,0.3278428614139557,0.6094969407935433,0.8782333135604858,0.4666910767555237
Sorghum_10488,10488,00,10488,ref,0.0015289320144802332,0.000736712128855288,0.0007922198274172843,0.7928257584571838,0.49389946460723877,0.01979733631014824,0.3242980679613603,0.7460956573486328,0.20717422664165497,0.635610335229085,0.8541971445083618,0.5061005353927612,0.7973305950117154,0.8986091017723083,0.7165690660476685
Sorghum_10489,10489,00,10489,ref,0.002402106998488307,0.0011861217208206654,0.0012159852776676416,0.8207662105560303,0.5680819749832153,0.023011786863207817,0.27924552173268946,0.6317716240882874,0.17923377454280853,0.5749658407892754,0.8596876263618469,0.4319179952144623,0.7509596791647448,0.8970229625701904,0.6458028554916382
Sorghum_1049,1049,00,1049,ref,0.0019643474370241165,0.0009173989528790116,0.0010469486005604267,0.8666422367095947,0.6094436049461365,0.0240890271961689,0.14825955546955466,0.16691069304943085,0.13335773348808289,0.5295692828425066,0.822230339050293,0.39055636525154114,0.7537669610833704,0.8801854848861694,0.6591020226478577
Sorghum_10491,10491,00,10491,ref,0.0027609653770923615,0.0008716651936993003,0.0018893000669777393,0.8889702558517456,0.6289653778076172,0.02500406838953495,0.18328859711846943,0.5248901844024658,0.11102977395057678,0.5143336296968601,0.8379697203636169,0.3710346519947052,0.7226367097173176,0.885919988155365,0.6101756691932678
Sorghum_10492,10492,00,10492,ref,0.0020413484890013933,0.0008312592399306595,0.001210089074447751,0.7551244497299194,0.5671058893203735,0.023358242586255074,0.375016599100111,0.8003904223442078,0.24487555027008057,0.5795051922172924,0.8762811422348022,0.4328940808773041,0.7437836291590264,0.9114202260971069,0.6282333135604858
Sorghum_10493,10493,00,10493,ref,0.0020278915762901306,0.0007527103298343718,0.001275181188248098,0.8157637715339661,0.5946803092956543,0.02491597644984722,0.2937787282258111,0.7246217727661133,0.18423621356487274,0.5501494931710319,0.8560273051261902,0.4053196609020233,0.7205745467590641,0.8992191553115845,0.6011468768119812
Sorghum_10494,10494,00,10494,ref,0.002353092422708869,0.0009487657225690782,0.0014043266419321299,0.8637139797210693,0.587481677532196,0.023511938750743866,0.20874328255715982,0.44570523500442505,0.13628599047660828,0.5507005608924856,0.8280868530273438,0.41251829266548157,0.7453711427754424,0.8862860202789307,0.6431186199188232
Sorghum_10497,10497,00,10497,ref,0.001974377315491438,0.0008795282919891179,0.0010948488488793373,0.8230844140052795,0.5641776323318481,0.022279199212789536,0.28816428368038505,0.7763543128967285,0.17691557109355927,0.5760765372583331,0.8494387269020081,0.43582233786582947,0.7778717289371881,0.8886042237281799,0.6916788816452026
Sorghum_1050,1050,00,1050,ref,0.0024446994066238403,0.0009372222702950239,0.0015074772527441382,0.854319155216217,0.6055392622947693,0.024798596277832985,0.23347713967184106,0.5876036882400513,0.14568081498146057,0.5395244306540948,0.8533430695533752,0.3944607079029083,0.7231486621999598,0.8937286734580994,0.6072474122047424
Sorghum_10500,10500,00,10500,ref,0.002228622557595372,0.0007842379854992032,0.0014443846885114908,0.8535870909690857,0.5588091611862183,0.02198520489037037,0.2462098255878034,0.7733040452003479,0.14641287922859192,0.5827861586950384,0.8582234978675842,0.44119083881378174,0.7803622397411405,0.8973889946937561,0.6903367638587952
Sorghum_10501,10501,00,10501,ref,0.002359778620302677,0.0012839501723647118,0.0010758285643532872,0.8421180844306946,0.5818691849708557,0.023450978100299835,0.2624984673456197,0.7780624628067017,0.15788190066814423,0.558426533714476,0.8404099345207214,0.4181307852268219,0.744620339977557,0.8768911957740784,0.6470229625701904
Sorghum_10502,10502,00,10502,ref,0.0032208452466875315,0.0015011266805231571,0.0017197185661643744,0.9234992861747742,0.6643484830856323,0.025819025933742523,0.07728566107186101,0.07808686792850494,0.07650072872638702,0.4755686078306527,0.8155197501182556,0.33565154671669006,0.7131459181341817,0.8759151101112366,0.6013908982276917
Sorghum_10505,10505,00,10505,ref,0.0029619892593473196,0.0012780718971043825,0.001683917362242937,0.8157637715339661,0.6251830458641052,0.026658330112695694,0.2968645289587754,0.7637872099876404,0.18423621356487274,0.5211287489539297,0.8548071980476379,0.37481698393821716,0.6906081810176443,0.891898512840271,0.5634455680847168
Sorghum_10506,10506,00,10506,ref,0.0020182132720947266,0.0009713766630738974,0.0010468363761901855,0.8332113027572632,0.5152513384819031,0.020636864006519318,0.19244450826551354,0.22742801904678345,0.16678868234157562,0.6207275874552934,0.8627378940582275,0.4847486615180969,0.7972005594146634,0.9066618084907532,0.7113226056098938
Sorghum_10507,10507,00,10507,ref,0.003900047391653061,0.001647474942728877,0.0022525726817548275,0.8746949434280396,0.6948511600494385,0.03327539935708046,0.21499686337645568,0.7564665675163269,0.12530502676963806,0.4475733219481458,0.8393118381500244,0.3051488399505615,0.5961165319084494,0.8735968470573425,0.4524158239364624
Sorghum_10508,10508,00,10508,ref,0.001832660986110568,0.0006818900001235306,0.0011507709277793765,0.8139336109161377,0.5400195121765137,0.021714486181735992,0.29821995308037874,0.7507320642471313,0.1860663741827011,0.6001294562992008,0.8631039261817932,0.45998048782348633,0.7725497438366659,0.9031234979629517,0.6749634146690369
Sorghum_10509,10509,00,10509,ref,0.0027314061298966408,0.001168081071227789,0.0015633250586688519,0.8856759667396545,0.6558077335357666,0.027061056345701218,0.16970911857560703,0.32918497920036316,0.11432406306266785,0.48884359363140784,0.8432161808013916,0.3441922962665558,0.6923731891038588,0.8889702558517456,0.5669838786125183
Sorghum_1051,1051,00,1051,ref,0.0023438239004462957,0.0012146133230999112,0.0011292105773463845,0.9066618084907532,0.6199365258216858,0.02414248324930668,0.13924784268477772,0.27403610944747925,0.09333821386098862,0.5193259850495592,0.8196681141853333,0.3800634443759918,0.7409219405923178,0.8765251636505127,0.6416544914245605
Sorghum_10510,10510,00,10510,ref,0.003117484739050269,0.0014366889372467995,0.001680795568972826,0.8621278405189514,0.6608101725578308,0.028045887127518654,0.21515880214683641,0.4896290898323059,0.1378721296787262,0.4827473832321313,0.8369936347007751,0.3391898572444916,0.6687463365924952,0.8882381916046143,0.5362371802330017
Sorghum_10511,10511,00,10511,ref,0.004459237214177847,0.002213803119957447,0.0022454340942204,0.8693264722824097,0.6954612135887146,0.030459973961114883,0.22243920741716258,0.7470717430114746,0.13067349791526794,0.44683022999787136,0.8387017846107483,0.3045387864112854,0.6286097770069587,0.8707906007766724,0.49182528257369995
Sorghum_10512,10512,00,10512,ref,0.0018814709037542343,0.0009434389066882432,0.000938032113481313,0.8207662105560303,0.5379453301429749,0.021515045315027237,0.2919790592949474,0.7870912551879883,0.17923377454280853,0.5993202743721404,0.8526110053062439,0.46205466985702515,0.7862702115818428,0.8893362879753113,0.7046120166778564
Sorghum_10513,10513,00,10513,ref,0.0015404613222926855,0.0006264172843657434,0.0009140439797192812,0.8040507435798645,0.5001220107078552,0.0200011245906353,0.3147958288546309,0.8000243902206421,0.1959492415189743,0.6357317756074091,0.8729867935180664,0.4998779892921448,0.8170138774407304,0.9089800119400024,0.7419472932815552
Sorghum_10514,10514,00,10514,ref,0.002853523241356015,0.001281938748434186,0.0015715844929218292,0.870058536529541,0.6739873290061951,0.029039675369858742,0.2197705124656622,0.7119326591491699,0.1299414336681366,0.46838337069333785,0.83150315284729,0.3260127007961273,0.6525642110160974,0.8785993456840515,0.519033670425415
Sorghum_10515,10515,00,10515,ref,0.005692564882338047,0.0013297596015036106,0.004362805746495724,0.8796974420547485,0.687530517578125,0.02894800528883934,0.20640149854498843,0.7259638905525208,0.12030258774757385,0.45655720101117764,0.847242534160614,0.312469482421875,0.6538986235009449,0.879941463470459,0.5202537775039673
Sorghum_10516,10516,00,10516,ref,0.0022192164324223995,0.0010049539851024747,0.0012142624473199248,0.8429721593856812,0.5891898274421692,0.023592371493577957,0.2587856340325503,0.7352367043495178,0.15702782571315765,0.551358903207764,0.8380917310714722,0.4108101427555084,0.7463053629608313,0.8822596669197083,0.6466569304466248
Sorghum_10518,10518,00,10518,ref,0.0040916576981544495,0.0017214521067216992,0.0023702054750174284,0.852122962474823,0.7086383700370789,0.03487836942076683,0.24776822469416773,0.7635431885719299,0.14787700772285461,0.4344027376976698,0.8533430695533752,0.29136162996292114,0.581375845205446,0.8884822130203247,0.4320400059223175
Sorghum_10519,10519,00,10519,ref,0.002498951740562916,0.0009203570079989731,0.0015785946743562818,0.7851390838623047,0.5660077929496765,0.023331521078944206,0.33630863367013086,0.7735480666160583,0.21486090123653412,0.5761401023539316,0.8567593693733215,0.4339921772480011,0.7429709413882004,0.8931186199188232,0.6360419988632202
Sorghum_10520,10520,00,10520,ref,0.0019928282126784325,0.0007839084137231112,0.0012089196825399995,0.785871148109436,0.5531966686248779,0.022468479350209236,0.3326474208826425,0.7449975609779358,0.21412883698940277,0.5841024807691715,0.8432161808013916,0.44680333137512207,0.7566204284812549,0.8906784057617188,0.657637894153595
Sorghum_10521,10521,00,10521,ref,0.0017558705294504762,0.0007943458622321486,0.0009615247254259884,0.7942898869514465,0.5184236168861389,0.020777292549610138,0.32504808280158787,0.7741581201553345,0.20571009814739227,0.6201441880894203,0.8706685900688171,0.4815763831138611,0.7896540426197011,0.9110541939735413,0.6968033313751221
Sorghum_10523,10523,00,10523,ref,0.0020801746286451817,0.0009046811028383672,0.0011754935840144753,0.8654221296310425,0.5732064247131348,0.02296656370162964,0.22216633297077534,0.6362860202789307,0.13457784056663513,0.5708095885483722,0.8615177869796753,0.42679354548454285,0.7585475429131918,0.903855562210083,0.6534895300865173
Sorghum_10525,10525,00,10525,ref,0.003244849154725671,0.0012846586760133505,0.0019601904787123203,0.8728647828102112,0.7048560380935669,0.03168289363384247,0.21633370126996723,0.724987804889679,0.12713518738746643,0.4384960157170597,0.8526110053062439,0.2951439619064331,0.615176197655467,0.8879941701889038,0.47059541940689087
Sorghum_10526,10526,00,10526,ref,0.0016633800696581602,0.0007559020887129009,0.0009074779227375984,0.7726939916610718,0.5064665675163269,0.020292531698942184,0.3127218841247655,0.5009760856628418,0.22730600833892822,0.6297156110220753,0.8696925044059753,0.4935334324836731,0.8007972909009413,0.9082479476928711,0.7160810232162476
Sorghum_10527,10527,00,10527,ref,0.0024969452060759068,0.0010366730857640505,0.0014602721203118563,0.877257227897644,0.6403123736381531,0.026740599423646927,0.20564716062852703,0.6336017847061157,0.12274280190467834,0.503591991864088,0.8394338488578796,0.3596876561641693,0.689331374891876,0.8801854848861694,0.5664958357810974
Sorghum_10528,10528,00,10528,ref,0.002039689105004072,0.0008701151818968356,0.0011695737484842539,0.7338945865631104,0.5563689470291138,0.023082414641976357,0.39641861722725297,0.7768423557281494,0.26610541343688965,0.5838304709782015,0.8535870909690857,0.44363105297088623,0.7285555498892745,0.8893362879753113,0.6170082688331604
Sorghum_10529,10529,00,10529,ref,0.0015475561376661062,0.0006933624390512705,0.0008541936404071748,0.7458516359329224,0.5029282569885254,0.0201368760317564,0.3835580277021146,0.781478762626648,0.25414836406707764,0.6309021724693907,0.8633479475975037,0.4970717430114746,0.790085491566694,0.8983650803565979,0.7051000595092773
Sorghum_1053,1053,00,1053,ref,0.0021140456665307283,0.000873727141879499,0.0012403185246512294,0.8793314099311829,0.5879697203636169,0.023440459743142128,0.20870358739657557,0.77171790599823,0.12066861987113953,0.5571714304707132,0.8601756691932678,0.41203024983406067,0.7530502741375934,0.9034895300865173,0.6455588340759277
Sorghum_10530,10530,00,10530,ref,0.002130726119503379,0.0008425184641964734,0.0012882077135145664,0.872742772102356,0.5963884592056274,0.023638155311346054,0.20404699775743163,0.5145192742347717,0.12725719809532166,0.5445539514741299,0.8367496132850647,0.40361151099205017,0.7454929815758353,0.8887262344360352,0.6420205235481262
Sorghum_10531,10531,00,10531,ref,0.0029593277722597122,0.0009628536063246429,0.001996474340558052,0.864080011844635,0.6543436050415039,0.02733832411468029,0.21315199772650306,0.4936554431915283,0.1359199583530426,0.4890731381747397,0.8358955383300781,0.3456564247608185,0.6793368136290615,0.8875061273574829,0.5502684116363525
Sorghum_10532,10532,00,10532,ref,0.0025883568450808525,0.0009021866135299206,0.001686170231550932,0.7557345032691956,0.5453879833221436,0.02229001559317112,0.3688785523364734,0.7530502676963806,0.24426549673080444,0.5945218626227764,0.8588335514068604,0.45461201667785645,0.7503012745570455,0.902757465839386,0.641898512840271
Sorghum_10533,10533,00,10533,ref,0.002154179150238633,0.0009337717201560736,0.0012204074300825596,0.7920936942100525,0.5775988101959229,0.023708097636699677,0.3291828430567989,0.7900195121765137,0.20790629088878632,0.566364997192534,0.859199583530426,0.42240116000175476,0.7445959376939565,0.8937286734580994,0.638116180896759
Sorghum_10534,10534,00,10534,ref,0.0038443277589976788,0.001487633679062128,0.0023566940799355507,0.8777452707290649,0.6686188578605652,0.03163711354136467,0.14021044057458093,0.16434846818447113,0.12225475907325745,0.4695396531495708,0.8052708506584167,0.3313811719417572,0.6186498725739277,0.8748169541358948,0.47852611541748047
Sorghum_10536,10536,00,10536,ref,0.00276955496519804,0.0013785536866635084,0.0013910015113651752,0.8816496133804321,0.6220107078552246,0.025367869064211845,0.12161320905811342,0.1250610053539276,0.11835041642189026,0.5222205139492858,0.8444362878799438,0.377989262342453,0.7098067545799385,0.8850659132003784,0.5924841165542603
Sorghum_10537,10537,00,10537,ref,0.0028836338315159082,0.0009468211210332811,0.0019368126522749662,0.9132503867149353,0.6569058299064636,0.02604205161333084,0.11224903294316292,0.15897999703884125,0.08674963563680649,0.48573526844169873,0.8313811421394348,0.34309419989585876,0.7056904158844236,0.8826256990432739,0.5878477096557617
Sorghum_10538,10538,00,10538,ref,0.0022688857279717922,0.0009170410921797156,0.0013518445193767548,0.8299170136451721,0.5597852468490601,0.022549046203494072,0.2585354833822158,0.5386773943901062,0.1700829714536667,0.5797015138382069,0.8485846519470215,0.44021475315093994,0.7542295180807064,0.8905563950538635,0.6540995836257935
Sorghum_10539,10539,00,10539,ref,0.0016036026645451784,0.0006748748128302395,0.000928727793507278,0.777696430683136,0.5029282569885254,0.020130200311541557,0.3455639511717144,0.7756222486495972,0.222303569316864,0.6286403147751046,0.8549292087554932,0.4970717430114746,0.7867914154616041,0.8973889946937561,0.7004636526107788
Sorghum_1054,1054,00,1054,ref,0.0025322644505649805,0.001159685431048274,0.0013725789031013846,0.795632004737854,0.566251814365387,0.023421473801136017,0.31947484984267605,0.7314543724060059,0.2043679803609848,0.5724097768879086,0.8413860201835632,0.43374815583229065,0.7329316189032145,0.8840898275375366,0.6259151101112366
Sorghum_10540,10540,00,10540,ref,0.0021875333040952682,0.0010318390559405088,0.0011556943645700812,0.8523669838905334,0.587481677532196,0.023734189569950104,0.2062373625967332,0.34199610352516174,0.14763298630714417,0.5538477166347786,0.8424841165542603,0.41251829266548157,0.742678964463547,0.892996609210968,0.6356759667396545
Sorghum_10541,10541,00,10541,ref,0.002449548104777932,0.0010013215942308307,0.0014482265105471015,0.79343581199646,0.5989506840705872,0.02449965290725231,0.32685398041711394,0.782576858997345,0.20656417310237885,0.5454551350331412,0.8523669838905334,0.40104928612709045,0.7192929762090396,0.8815276026725769,0.6074914336204529
Sorghum_10542,10542,00,10542,ref,0.0017534339567646384,0.0008598227868787944,0.0008936111116781831,0.8258906602859497,0.5264763236045837,0.020974870771169662,0.2478534647577902,0.4299658238887787,0.1741093248128891,0.6029647033779838,0.8297950029373169,0.47352367639541626,0.7897507119001382,0.8838458061218262,0.7137628197669983
Sorghum_10544,10544,00,10544,ref,0.0016010479303076863,0.0007010933477431536,0.0008999545825645328,0.7889214158058167,0.5251342058181763,0.020962735638022423,0.32963980454235453,0.7520741820335388,0.21107856929302216,0.6124421052015223,0.8622498512268066,0.47486579418182373,0.7891818087214434,0.9095900654792786,0.6969253420829773
Sorghum_10545,10545,00,10545,ref,0.0024344087578356266,0.0008024827111512423,0.001631926279515028,0.8488286733627319,0.642996609210968,0.02700973115861416,0.21532692296387246,0.3740849196910858,0.15117129683494568,0.5031910917310621,0.852122962474823,0.35700342059135437,0.6907433938381691,0.8960468769073486,0.5619814395904541
Sorghum_10546,10546,00,10546,ref,0.0018248888663947582,0.000771929626353085,0.0010529591236263514,0.8471205234527588,0.5294045805931091,0.020989440381526947,0.2563309637111542,0.7928257584571838,0.15287944674491882,0.609334803134629,0.864080011844635,0.47059541940689087,0.8018535869176916,0.9043436050415039,0.7202293872833252
Sorghum_10547,10547,00,10547,ref,0.0026810059789568186,0.0011388140264898539,0.001542191836051643,0.8329672813415527,0.6160321831703186,0.025947965681552887,0.2760426266225608,0.7946559190750122,0.16703270375728607,0.530118875424916,0.855905294418335,0.383967787027359,0.7026335904726222,0.8883602023124695,0.5811371207237244
Sorghum_10549,10549,00,10549,ref,0.002420684089884162,0.0009242664673365653,0.0014964176807552576,0.8117374181747437,0.618960440158844,0.025709791108965874,0.3023355943805267,0.7672035098075867,0.18826256692409515,0.526087692277016,0.8494387269020081,0.3810395300388336,0.6998716965769576,0.8889702558517456,0.577110767364502
Sorghum_10550,10550,00,10550,ref,0.0021163595374673605,0.0008694699499756098,0.0012468897039070725,0.7808687090873718,0.5495363473892212,0.022398848086595535,0.34047159909860913,0.7629331350326538,0.21913129091262817,0.5895122944119287,0.8527330160140991,0.4504636526107788,0.7531660243269407,0.8960468769073486,0.6495851874351501
Sorghum_10551,10551,00,10551,ref,0.002004917711019516,0.0006916567799635231,0.001313260872848332,0.7772083878517151,0.5372132658958435,0.021650994196534157,0.3478492910518951,0.7929477691650391,0.2227916121482849,0.6056919072401848,0.8762811422348022,0.4627867341041565,0.7760031978039417,0.9123963117599487,0.6750854253768921
Sorghum_10552,10552,00,10552,ref,0.001878054579719901,0.0008337876643054187,0.0010442668572068214,0.8189360499382019,0.5279404520988464,0.020962251350283623,0.29223610751745227,0.757076621055603,0.1810639351606369,0.6097363708537574,0.860785722732544,0.47205954790115356,0.7790965778877896,0.9006832838058472,0.686432421207428
Sorghum_10553,10553,00,10553,ref,0.001925166230648756,0.0010269370395690203,0.0008982291328720748,0.9048316478729248,0.6165202260017395,0.023578759282827377,0.15704915693201343,0.4489995241165161,0.09516837447881699,0.5194947835344003,0.8050268292427063,0.3834797441959381,0.7652454296183943,0.8757930994033813,0.6794778108596802
Sorghum_10554,10554,00,10554,ref,0.0036221081390976906,0.0009633706649765372,0.0026587373577058315,0.8593215942382812,0.5963884592056274,0.02379191853106022,0.2261483897233205,0.5762566924095154,0.14067837595939636,0.5480466870833359,0.8534650802612305,0.40361151099205017,0.7400460667819017,0.8955588340759277,0.6305515170097351
Sorghum_10555,10555,00,10555,ref,0.002763909287750721,0.0012308474397286773,0.0015330617316067219,0.8046607971191406,0.574426531791687,0.023445582017302513,0.3117838150965364,0.7719619274139404,0.19533918797969818,0.5676479934280371,0.852122962474823,0.4255734384059906,0.7398710021817783,0.8842118382453918,0.6360419988632202
Sorghum_10557,10557,00,10557,ref,0.0034581348299980164,0.0014675520360469818,0.0019905827939510345,0.8327232599258423,0.6547096371650696,0.0298292376101017,0.2745727006245787,0.765739381313324,0.16727672517299652,0.4895579827180211,0.8408979773521423,0.3452903926372528,0.6374414576074234,0.8716446757316589,0.5024402141571045
Sorghum_10559,10559,00,10559,ref,0.004238461144268513,0.0020507981535047293,0.002187663223594427,0.8955588340759277,0.6814299821853638,0.028678376227617264,0.08928149623238993,0.07796485722064972,0.10444118827581406,0.4617317369534416,0.8385797739028931,0.3185700476169586,0.6552514894606596,0.8803074955940247,0.5218399167060852
Sorghum_10560,10560,00,10560,ref,0.00232049822807312,0.0010180578101426363,0.0013024405343458056,0.8301610350608826,0.6224987506866455,0.02537047490477562,0.27949823212197245,0.7887994050979614,0.16983895003795624,0.5230975854750356,0.8515129089355469,0.3775012195110321,0.715117104220108,0.8866520524024963,0.5991947054862976
Sorghum_10561,10561,00,10561,ref,0.0018699213396757841,0.0008401491795666516,0.0010297722183167934,0.7467057108879089,0.5053684711456299,0.02025591768324375,0.3847537893227542,0.7999023795127869,0.25329428911209106,0.6310252258669321,0.8712786436080933,0.4946315288543701,0.7813025587884814,0.9078819155693054,0.6857003569602966
Sorghum_10562,10562,00,10562,ref,0.001747568603605032,0.0007241237908601761,0.0010234448127448559,0.83150315284729,0.5872376561164856,0.023512620478868484,0.276904798903345,0.7764763236045837,0.16849683225154877,0.5561362004789732,0.852122962474823,0.412762314081192,0.7512501960921842,0.8943387269973755,0.6476330161094666
Sorghum_10567,10567,00,10567,ref,0.0017077892553061247,0.0006697652279399335,0.001038024085573852,0.8200341463088989,0.5690580606460571,0.022701185196638107,0.29077716024002437,0.7567105889320374,0.17996583878993988,0.5717414589419448,0.8491947054862976,0.4309419095516205,0.7640111250016296,0.8988531231880188,0.6643484830856323
Sorghum_10568,10568,00,10568,ref,0.0017966828308999538,0.0007326757186092436,0.0010640071704983711,0.8275988101959229,0.5406295657157898,0.021465638652443886,0.2809316458729749,0.7582967281341553,0.17240117490291595,0.5991382179960102,0.8611517548561096,0.4593704342842102,0.7845886347153831,0.9030014872550964,0.6936310529708862
Sorghum_10569,10569,00,10569,ref,0.002713726833462715,0.0010030220728367567,0.0017107048770412803,0.8767691850662231,0.6389702558517456,0.02584141679108143,0.18310554168238866,0.3561493456363678,0.12323084473609924,0.5053464679801419,0.8418740630149841,0.3610297739505768,0.7074863654391849,0.8849439024925232,0.5893118381500244
Sorghum_10570,10570,00,10570,ref,0.0026576435193419456,0.0011500011896714568,0.0015076424460858107,0.8628599047660828,0.6049292087554932,0.024595117196440697,0.22070159964135636,0.5649096965789795,0.13714006543159485,0.5341144772259091,0.8241825103759766,0.39507076144218445,0.7253070812568079,0.8782333135604858,0.6177403330802917
Sorghum_10572,10572,00,10572,ref,0.002050430979579687,0.000972054258454591,0.0010783765465021133,0.8480966091156006,0.5928501486778259,0.02347998507320881,0.25402528518272344,0.7751342058181763,0.15190336108207703,0.550020521803503,0.8473645448684692,0.4071498215198517,0.7538901530866369,0.8871400952339172,0.6554417014122009
Sorghum_10573,10573,00,10573,ref,0.002661627484485507,0.001344083808362484,0.001317543676123023,0.7772083878517151,0.5535627007484436,0.022670159116387367,0.3468650742918768,0.7828208804130554,0.2227916121482849,0.5827038712009179,0.8387017846107483,0.4464372992515564,0.7393138166795168,0.8695704936981201,0.642996609210968
Sorghum_10575,10575,00,10575,ref,0.002369381720200181,0.0010412337724119425,0.0013281479477882385,0.8347974419593811,0.6196925044059753,0.025850679725408554,0.2628777679133152,0.6431186199188232,0.1652025431394577,0.5227462874384551,0.8357735276222229,0.38030746579170227,0.7049778496803676,0.8817716240882874,0.5872376561164856
Sorghum_10578,10578,00,10578,ref,0.00329222297295928,0.0013565396657213569,0.0019356831908226013,0.8876281380653381,0.6700829863548279,0.027985937893390656,0.14029293569529455,0.18667642772197723,0.11237189173698425,0.4737676101570746,0.8400439023971558,0.3299170434474945,0.6721456730845093,0.8849439024925232,0.541849672794342
Sorghum_1058,1058,00,1058,ref,0.0018844935111701488,0.0007471655844710767,0.001137327984906733,0.8455343842506409,0.5441678762435913,0.021587882190942764,0.25822368422692016,0.7866032123565674,0.15446558594703674,0.5972856475922802,0.8660321831703186,0.4558321237564087,0.7972836476940485,0.9094680547714233,0.7097364664077759
Sorghum_10580,10580,00,10580,ref,0.0023662019520998,0.0011941479751840234,0.0011720540933310986,0.8457784056663513,0.6098096370697021,0.024952195584774017,0.2566810337398098,0.7647632956504822,0.1542215645313263,0.5345273117032371,0.848340630531311,0.39019033312797546,0.7194531083525239,0.8843338489532471,0.6063933372497559
Sorghum_10581,10581,00,10581,ref,0.0036300895735621452,0.001677389838732779,0.0019526996184140444,0.9430209994316101,0.7463396787643433,0.03221327066421509,0.07037211688637035,0.09199609607458115,0.056979015469551086,0.32064460078163515,0.43570032715797424,0.25366032123565674,0.5824200667882107,0.7955099940299988,0.4593704342842102
Sorghum_10582,10582,00,10582,ref,0.0017744714859873056,0.0008507129969075322,0.0009237585472874343,0.8235724568367004,0.578208863735199,0.023575475439429283,0.2881791251598971,0.7861151695251465,0.17642752826213837,0.5649671641286315,0.8552952408790588,0.42179110646247864,0.7420170825197919,0.8954368233680725,0.6334797739982605
Sorghum_10584,10584,00,10584,ref,0.002865747082978487,0.001458082813769579,0.001407664269208908,0.8305270671844482,0.6275012493133545,0.026291394606232643,0.2739008274019593,0.7136408090591431,0.16947291791439056,0.5113823610992075,0.8153977394104004,0.3724987804889679,0.6889383255777558,0.8632259368896484,0.5732064247131348
Sorghum_10585,10585,00,10585,ref,0.0018048302736133337,0.0009151597041636705,0.0008896705112420022,0.8406539559364319,0.5496583580970764,0.021579578518867493,0.2531262333634589,0.615178108215332,0.15934602916240692,0.5887652768026569,0.8500487804412842,0.4503416419029236,0.7855226370788086,0.894094705581665,0.7004636526107788
Sorghum_10586,10586,00,10586,ref,0.003021752927452326,0.0013453210704028606,0.0016764320898801088,0.8491947054862976,0.670693039894104,0.02884589321911335,0.2517455477777919,0.7613469958305359,0.15080526471138,0.47563927967201297,0.8560273051261902,0.3293069899082184,0.6574640860597623,0.891898512840271,0.520619809627533
Sorghum_10588,10588,00,10588,ref,0.003210853785276413,0.0013578681973740458,0.0018529852386564016,0.8631039261817932,0.6577599048614502,0.028378380462527275,0.22770827302230634,0.6764275431632996,0.1368960440158844,0.48674933661584063,0.8424841165542603,0.3422401249408722,0.6625913390511622,0.87493896484375,0.5331869125366211
Sorghum_10589,10589,00,10589,ref,0.002469088416546583,0.001002659322693944,0.001466429210267961,0.7938018441200256,0.5667398571968079,0.023168714717030525,0.3229405376721922,0.7443875074386597,0.20619814097881317,0.5745557781733168,0.8526110053062439,0.43326011300086975,0.743143541488996,0.8945827484130859,0.6355539560317993
Sorghum_1059,1059,00,1059,ref,0.0019645069260150194,0.0007526007248088717,0.0012119060847908258,0.7502440214157104,0.5677159428596497,0.023086678236722946,0.3800469511046138,0.794533908367157,0.24975597858428955,0.5773245606966315,0.8688384294509888,0.43228402733802795,0.7511842608595591,0.9050756692886353,0.6420205235481262
Sorghum_10591,10591,00,10591,ref,0.0024469466879963875,0.0013415886787697673,0.001105358125641942,0.8121034502983093,0.5802830457687378,0.023566780611872673,0.30075140370377246,0.7530502676963806,0.18789653480052948,0.5601907929328954,0.8419960737228394,0.4197169244289398,0.7350502979679223,0.8822596669197083,0.629941463470459
Sorghum_10592,10592,00,10592,ref,0.0018043661257252097,0.000799992703832686,0.0010043734218925238,0.7806246876716614,0.5450219511985779,0.022112369537353516,0.34100887685888814,0.7653733491897583,0.21937531232833862,0.5953314885604345,0.8609077334403992,0.4549780488014221,0.7760678723877636,0.901659369468689,0.6811859607696533
Sorghum_10593,10593,00,10593,ref,0.0025960321072489023,0.0007841254118829966,0.0018119066953659058,0.8644460439682007,0.620058536529541,0.02444576472043991,0.22997143891527166,0.7578086853027344,0.13555392622947693,0.5260380910103736,0.8546851873397827,0.3799414336681366,0.7406296209285085,0.8970229625701904,0.6306735277175903
Sorghum_10594,10594,00,10594,ref,0.0029278798028826714,0.0010855018626898527,0.0018423780566081405,0.8716446757316589,0.6366520524024963,0.026440633460879326,0.20788405799210097,0.5464860796928406,0.12835529446601868,0.5057115169253872,0.83150315284729,0.36334797739982605,0.6927147996553958,0.8760371208190918,0.5728403925895691
Sorghum_10596,10596,00,10596,ref,0.002450314350426197,0.0008851423626765609,0.001565172104164958,0.8324792385101318,0.6071254014968872,0.02460714802145958,0.2766643376007128,0.7939238548278809,0.16752074658870697,0.5416240639218035,0.8716446757316589,0.3928745687007904,0.734822763291042,0.9082479476928711,0.6170082688331604
Sorghum_10598,10598,00,10598,ref,0.002564437221735716,0.0011544236913323402,0.001410013297572732,0.8529770374298096,0.6349439024925232,0.026128653436899185,0.24641510086922508,0.7606149315834045,0.14702293276786804,0.5079751880647198,0.8347974419593811,0.3650561273097992,0.6966040961307435,0.8745729327201843,0.5788189172744751
Sorghum_10599,10599,00,10599,ref,0.002881451975554228,0.0013061577919870615,0.0015752941835671663,0.8335773348808289,0.6184723973274231,0.027025921270251274,0.25646558826658594,0.5588091611862183,0.16642265021800995,0.5236337656930968,0.8344314098358154,0.3815275728702545,0.6752248614822453,0.8814055919647217,0.5472181439399719
Sorghum_106,106,00,106,ref,0.0017039512749761343,0.0007933578453958035,0.0009105935459956527,0.8024646043777466,0.5442898869514465,0.02168460004031658,0.31588052218846224,0.7879453301429749,0.19753538072109222,0.5955187168779502,0.8590775728225708,0.45571011304855347,0.7959611852725532,0.898975133895874,0.714128851890564
Sorghum_10601,10601,00,10601,ref,0.0022418342996388674,0.0010430364636704326,0.0011987978359684348,0.8345534205436707,0.5801610350608826,0.023148978129029274,0.2742187448126347,0.800512433052063,0.16544656455516815,0.5648437065970341,0.8628599047660828,0.41983893513679504,0.7559776078597429,0.8922645449638367,0.6558077335357666
Sorghum_10602,10602,00,10602,ref,0.0038166213780641556,0.0016596472123637795,0.002156974049285054,0.9197169542312622,0.7207174301147461,0.032269563525915146,0.13293011171897248,0.38616397976875305,0.08028306812047958,0.39920385765655325,0.6996095776557922,0.2792825698852539,0.5916846301156053,0.8346754312515259,0.4582723379135132
Sorghum_10604,10604,00,10604,ref,0.0027620187029242516,0.0011208392679691315,0.001641179551370442,0.8324792385101318,0.6126158833503723,0.02473490685224533,0.27541583100538486,0.7737920880317688,0.16752074658870697,0.5330337998934459,0.8541971445083618,0.3873840868473053,0.7293175894079754,0.8895803093910217,0.6179843544960022
Sorghum_10605,10605,00,10605,ref,0.0031639831140637398,0.0016158345388248563,0.0015481488080695271,0.894094705581665,0.6754514575004578,0.02788136713206768,0.12475967165325358,0.1517813503742218,0.10590531677007675,0.4658842331513713,0.8252806067466736,0.3245485723018646,0.6653504628590177,0.8740848898887634,0.5370912551879883
Sorghum_10606,10606,00,10606,ref,0.002767055295407772,0.001076128100976348,0.001690927310846746,0.8365055918693542,0.5988286733627319,0.02546176128089428,0.2671220035668414,0.7295022010803223,0.16349439322948456,0.5470341184282033,0.8595656156539917,0.4011712968349457,0.7024658323840549,0.8973889946937561,0.577110767364502
Sorghum_10607,10607,00,10607,ref,0.0022404601331800222,0.0008501585689373314,0.0013903016224503517,0.8346754312515259,0.5963884592056274,0.024173198267817497,0.27329031151048927,0.7877013087272644,0.16532455384731293,0.5497956834776448,0.8620058298110962,0.40361151099205017,0.7349592428504271,0.8972669839859009,0.6223767399787903
Sorghum_10609,10609,00,10609,ref,0.002611968433484435,0.0010009021498262882,0.001611066167242825,0.7735480666160583,0.5760126709938049,0.023896893486380577,0.34977669262298927,0.7680575847625732,0.22645193338394165,0.5686919013280929,0.8633479475975037,0.4239872992038727,0.7315751086277362,0.8955588340759277,0.6183503866195679
Sorghum_1061,1061,00,1061,ref,0.001584857702255249,0.0006013641832396388,0.0009834935190156102,0.755978524684906,0.5040263533592224,0.02020322158932686,0.374518186982521,0.8050268292427063,0.244021475315094,0.6349200513945311,0.8820156455039978,0.4959736466407776,0.8025171210449692,0.9191069006919861,0.7121766805648804
Sorghum_10610,10610,00,10610,ref,0.003014286747202277,0.0011594770476222038,0.0018548096995800734,0.8563933372497559,0.6237188577651978,0.026568768545985222,0.16468698489060657,0.1930209845304489,0.14360663294792175,0.5207733560548805,0.8454123735427856,0.37628111243247986,0.6887912770267532,0.8916544914245605,0.5611273646354675
Sorghum_10611,10611,00,10611,ref,0.002742364536970854,0.0009699108195491135,0.0017724535427987576,0.8879941701889038,0.6253050565719604,0.02514401078224182,0.1759081482401184,0.4095900356769562,0.11200585961341858,0.5173729523417006,0.8355295062065125,0.37469497323036194,0.7196735978620332,0.8860419988632202,0.605905294418335
Sorghum_10612,10612,00,10612,ref,0.0027919046115130186,0.0010473376605659723,0.0017445668345317245,0.8378477096557617,0.5962664484977722,0.024541059508919716,0.25404032321178815,0.5862615704536438,0.1621522754430771,0.5450005933688509,0.8383357524871826,0.4037335216999054,0.7131897306352855,0.8796974420547485,0.5996827483177185
Sorghum_10613,10613,00,10613,ref,0.0035215355455875397,0.0012072401586920023,0.0023142953868955374,0.892996609210968,0.6561737656593323,0.027808621525764465,0.17105854561464906,0.4261834919452667,0.10700341314077377,0.4837160012089372,0.8155197501182556,0.3438262641429901,0.662639652678673,0.8744509220123291,0.5334309339523315
Sorghum_10615,10615,00,10615,ref,0.0015363680431619287,0.0006015576655045152,0.0009348104940727353,0.7729380130767822,0.5198877453804016,0.020755359902977943,0.35133575488262525,0.7761102914810181,0.22706198692321777,0.6159435487751169,0.8589555621147156,0.4801122546195984,0.7993555589758008,0.9006832838058472,0.718521237373352
Sorghum_10617,10617,00,10617,ref,0.0028051985427737236,0.001243770238943398,0.0015614285366609693,0.8328452706336975,0.5827232599258423,0.024074552580714226,0.2690481122351204,0.6891166567802429,0.1671547144651413,0.5587612953607016,0.8454123735427856,0.4172767102718353,0.7178760591165492,0.8887262344360352,0.602122962474823
Sorghum_10618,10618,00,10618,ref,0.0030959786381572485,0.0016512260772287846,0.001444752560928464,0.9341142177581787,0.6881405711174011,0.027566280215978622,0.0610393281521448,0.05685700476169586,0.06588579714298248,0.23249790790304004,0.18533430993556976,0.3118594288825989,0.6312138024714146,0.7365788221359253,0.5522205829620361
Sorghum_10619,10619,00,10619,ref,0.0020386623218655586,0.000917753903195262,0.001120908185839653,0.8291849493980408,0.5826012492179871,0.02344272844493389,0.2809651660239963,0.7911176085472107,0.17081503570079803,0.5620071027693923,0.8599316477775574,0.41739872097969055,0.7525675682775639,0.8971449732780457,0.6481210589408875
Sorghum_10621,10621,00,10621,ref,0.002260386710986495,0.0009892024099826813,0.0012711843010038137,0.8069790005683899,0.5897998809814453,0.023933103308081627,0.3118806575082032,0.8117374181747437,0.1930209845304489,0.5594061114559019,0.8792093992233276,0.4102000892162323,0.7384801921778446,0.9104441404342651,0.621156632900238
Sorghum_10623,10623,00,10623,ref,0.002177548361942172,0.0009641863289289176,0.0012133620912209153,0.8214982748031616,0.5583211183547974,0.022420814260840416,0.29127273663561515,0.7909955978393555,0.17850171029567719,0.583155431999299,0.8579794764518738,0.44167888164520264,0.75661535153288,0.89677894115448,0.6543436050415039
Sorghum_10624,10624,00,10624,ref,0.0026754639111459255,0.0010005957446992397,0.0016748682828620076,0.8701805472373962,0.6483650803565979,0.02680095285177231,0.2113170448949469,0.5677159428596497,0.12981942296028137,0.4946845427727173,0.8339433670043945,0.3516349494457245,0.685296800255112,0.8833577632904053,0.5597852468490601
Sorghum_10626,10626,00,10626,ref,0.002950899302959442,0.0013897157041355968,0.001561183831654489,0.9234992861747742,0.7075402736663818,0.029358796775341034,0.0717720648466213,0.06759394705295563,0.07650072872638702,0.3921710430846331,0.59504634141922,0.29245972633361816,0.6467029125943532,0.8699365258216858,0.514641284942627
Sorghum_10627,10627,00,10627,ref,0.002923140535131097,0.0010066850809380412,0.0019164556870236993,0.8095412254333496,0.609199583530426,0.025409527122974396,0.30616113885699364,0.7800146341323853,0.1904587596654892,0.5356564458895123,0.8511468768119812,0.3908003866672516,0.7070961250710273,0.883723795413971,0.5893118381500244
Sorghum_10628,10628,00,10628,ref,0.0020575434900820255,0.001017567585222423,0.0010399756720289588,0.8443142771720886,0.5512444972991943,0.022476261481642723,0.23465582880766078,0.4762079119682312,0.155685693025589,0.5857092113934724,0.8429721593856812,0.44875550270080566,0.7525933905926997,0.8884822130203247,0.652757465839386
Sorghum_10629,10629,00,10629,ref,0.0026468392461538315,0.001056233188137412,0.001590606290847063,0.834187388420105,0.6355539560317993,0.026461152359843254,0.27226288427841533,0.7604929208755493,0.16581259667873383,0.510495026594959,0.8518789410591125,0.36444607377052307,0.6956653964025605,0.8899463415145874,0.5710102319717407
Sorghum_10630,10630,00,10630,ref,0.0019780180882662535,0.0009389887563884258,0.0010390293318778276,0.8480966091156006,0.5335529446601868,0.021121682599186897,0.20596933268894244,0.31979015469551086,0.15190336108207703,0.6012234804867177,0.8455343842506409,0.46644705533981323,0.7904849531224473,0.8890922665596008,0.7115666270256042
Sorghum_10631,10631,00,10631,ref,0.0016657053492963314,0.0007768124341964722,0.0008888929150998592,0.7319424152374268,0.5112249851226807,0.020737728103995323,0.4017193426504851,0.8012444972991943,0.26805758476257324,0.6279325536782332,0.8778672814369202,0.48877501487731934,0.7758065854513906,0.9100781083106995,0.6760615110397339
Sorghum_10632,10632,00,10632,ref,0.002799118170514703,0.0011534761870279908,0.001645641983486712,0.83150315284729,0.6378721594810486,0.027614757418632507,0.27536915956971963,0.7529282569885254,0.16849683225154877,0.5062886863146744,0.8411419987678528,0.3621278703212738,0.6721204664653972,0.8765251636505127,0.5450219511985779
Sorghum_10633,10633,00,10633,ref,0.002351128961890936,0.0008689243695698678,0.001482204650528729,0.8645680546760559,0.609199583530426,0.025095561519265175,0.23037650955210837,0.770619809627533,0.1354319155216217,0.5358254631603309,0.8520009517669678,0.3908003866672516,0.7139381453226264,0.8916544914245605,0.5952903628349304
Sorghum_10634,10634,00,10634,ref,0.0031908147502690554,0.0009273732430301607,0.002263441449031234,0.870058536529541,0.6228647828102112,0.02552209049463272,0.22179627698662313,0.7567105889320374,0.1299414336681366,0.5209620821448325,0.8421180844306946,0.37713518738746643,0.7021816426555507,0.8840898275375366,0.5823572278022766
Sorghum_10635,10635,00,10635,ref,0.0013796435669064522,0.0005123312585055828,0.0008673123084008694,0.8029526472091675,0.5092728137969971,0.02035066857933998,0.31557716998908336,0.7919716835021973,0.19704733788967133,0.6273948531745669,0.8695704936981201,0.49072718620300293,0.7996874015900771,0.912518322467804,0.7116886377334595
Sorghum_10636,10636,00,10636,ref,0.003016809932887554,0.0012178524630144238,0.0017989575862884521,0.8530990481376648,0.6326256990432739,0.026335924863815308,0.18421776364185632,0.24694973230361938,0.14690092206001282,0.5037202310292643,0.8010004758834839,0.36737433075904846,0.6915057977927621,0.8843338489532471,0.5677159428596497
Sorghum_10637,10637,00,10637,ref,0.0020510456524789333,0.0008764750091359019,0.0011745705269277096,0.8092972040176392,0.5919960737228394,0.02456262893974781,0.3054935674678832,0.7674475312232971,0.19070278108119965,0.5512367784415075,0.8494387269020081,0.40800389647483826,0.7214510582491083,0.8925085663795471,0.6054172515869141
Sorghum_10638,10638,00,10638,ref,0.003092026337981224,0.0011625562328845263,0.0019294703379273415,0.7916056513786316,0.622742772102356,0.0268100555986166,0.3294527532335192,0.7861151695251465,0.20839433372020721,0.5236883787294342,0.855905294418335,0.37725719809532166,0.681131696159576,0.8898243308067322,0.5517325401306152
Sorghum_10640,10640,00,10640,ref,0.0028305663727223873,0.0011207351926714182,0.0017098311800509691,0.785871148109436,0.5938262343406677,0.024903681129217148,0.33410858187487086,0.7598828673362732,0.21412883698940277,0.548821380378218,0.8459004163742065,0.4061737358570099,0.7045105082261768,0.8844558596611023,0.5854074954986572
Sorghum_10641,10641,00,10641,ref,0.001913213636726141,0.0007962260278873146,0.0011169875506311655,0.8260126709938049,0.5585651397705078,0.022349422797560692,0.25874394533885736,0.5045143961906433,0.17398731410503387,0.5813003497446493,0.8509028553962708,0.4414348602294922,0.7705374206129555,0.8933626413345337,0.6774036288261414
Sorghum_10643,10643,00,10643,ref,0.001960545312613249,0.000902463449165225,0.001058081747032702,0.8213762640953064,0.5861395597457886,0.023551953956484795,0.29018624657976994,0.7729380130767822,0.1786237210035324,0.560225675801111,0.86676424741745,0.41386041045188904,0.752454181414431,0.9015373587608337,0.645680844783783
Sorghum_10644,10644,00,10644,ref,0.0019279334228485823,0.0007163535919971764,0.001211579772643745,0.7701317667961121,0.5262323021888733,0.021152270957827568,0.3554823109453615,0.7837969660758972,0.22986823320388794,0.6122934777981771,0.8653001189231873,0.4737676978111267,0.7691325620057086,0.9067838191986084,0.6677647829055786
Sorghum_10645,10645,00,10645,ref,0.0029650963842868805,0.0012525407364591956,0.0017125557642430067,0.827110767364502,0.6644704937934875,0.029613768681883812,0.28241776643010014,0.770619809627533,0.17288921773433685,0.48190239674537166,0.8548071980476379,0.33552953600883484,0.644712602596471,0.8871400952339172,0.5063445568084717
Sorghum_10646,10646,00,10646,ref,0.003027943428605795,0.0009457893902435899,0.002082154154777527,0.9020254015922546,0.6581259369850159,0.027242880314588547,0.15669094788697774,0.39104440808296204,0.09797462075948715,0.4848215445924823,0.8332113027572632,0.3418740928173065,0.6750211132054296,0.877257227897644,0.5485602617263794
Sorghum_10647,10647,00,10647,ref,0.0018108352087438107,0.000771316175814718,0.0010395189747214317,0.8180819749832153,0.5741825103759766,0.02313864603638649,0.2963298584837667,0.7985602617263794,0.18191801011562347,0.5711852237486369,0.8672522902488708,0.42581745982170105,0.753717808886808,0.9039775729179382,0.6462908983230591
Sorghum_10648,10648,00,10648,ref,0.0025742966681718826,0.0010856140870600939,0.0014886825811117887,0.8699365258216858,0.6499512195587158,0.027307992801070213,0.18037558920983557,0.2941678762435913,0.13006344437599182,0.49491015137662975,0.8443142771720886,0.35004881024360657,0.6780960719091748,0.8883602023124695,0.548316240310669
Sorghum_10649,10649,00,10649,ref,0.0019470308907330036,0.0007161536486819386,0.001230877242051065,0.846144437789917,0.566251814365387,0.02249092049896717,0.23839637327571267,0.5291605591773987,0.15385553240776062,0.5748737307396726,0.852122962474823,0.43374815583229065,0.7646130531850656,0.900073230266571,0.6645925045013428
Sorghum_10650,10650,00,10650,ref,0.0019096429459750652,0.0006954336422495544,0.0012142093619331717,0.8291849493980408,0.5896778702735901,0.023471055552363396,0.2701272915925721,0.6453148126602173,0.17081503570079803,0.5563436382298487,0.8637139797210693,0.4103220999240875,0.7490885203835509,0.9067838191986084,0.638116180896759
Sorghum_10652,10652,00,10652,ref,0.002008619951084256,0.0008181544253602624,0.0011904655257239938,0.7468277215957642,0.5207418203353882,0.02112460508942604,0.3831283070180871,0.7872132658958435,0.25317227840423584,0.6171079115572166,0.866276204586029,0.4792581796646118,0.76211406567924,0.9021474123001099,0.6597120761871338
Sorghum_10653,10653,00,10653,ref,0.00325377588160336,0.0010347124189138412,0.002219063462689519,0.865178108215332,0.6409224271774292,0.026225348934531212,0.22975666738577902,0.776598334312439,0.13482186198234558,0.5053979244377241,0.8529770374298096,0.3590776026248932,0.702195467086029,0.892996609210968,0.5785748958587646
Sorghum_10654,10654,00,10654,ref,0.0027262938674539328,0.0011752358404919505,0.0015510580269619823,0.9280136823654175,0.6532455086708069,0.025367872789502144,0.09886174210920753,0.157759889960289,0.07198633253574371,0.4222521275230678,0.5397754907608032,0.3467545211315155,0.7093604381693831,0.8561493158340454,0.6055392622947693
Sorghum_10655,10655,00,10655,ref,0.0036282294895499945,0.0011782711371779442,0.0024499583523720503,0.8289409279823303,0.6426305770874023,0.027369342744350433,0.27908097321284997,0.7573206424713135,0.17105905711650848,0.5037886521035634,0.8534650802612305,0.35736945271492004,0.6782382015651939,0.8888482451438904,0.548316240310669
Sorghum_10656,10656,00,10656,ref,0.002166826743632555,0.0008710107649676502,0.0012958160368725657,0.8726207613945007,0.5960224270820618,0.023658553138375282,0.2181085915702894,0.7580527067184448,0.12737920880317688,0.5471440002203625,0.8474865555763245,0.40397754311561584,0.7523373200375642,0.8983650803565979,0.6471449732780457
Sorghum_10659,10659,00,10659,ref,0.002909727394580841,0.0011321833590045571,0.001777543919160962,0.8509028553962708,0.6084675192832947,0.024677755311131477,0.2397135122237317,0.6111517548561096,0.14909711480140686,0.5336499841628595,0.8377256989479065,0.39153245091438293,0.7302523133331761,0.8816496133804321,0.6232308149337769
Sorghum_1066,1066,00,1066,ref,0.002748607425019145,0.0013942599762231112,0.0013543474487960339,0.8494387269020081,0.6088335514068604,0.024833939969539642,0.2272780645285995,0.4633967876434326,0.15056124329566956,0.5320175581119264,0.8313811421394348,0.39116641879081726,0.7079587354524017,0.8817716240882874,0.5913860201835632
Sorghum_10660,10660,00,10660,ref,0.001948213204741478,0.0007510826108045876,0.0011971305357292295,0.7301122546195984,0.5139092206954956,0.02070140279829502,0.40418800673795185,0.8045387864112854,0.2698877453804016,0.6250609938208245,0.8753050565719604,0.4860907793045044,0.7777134287007109,0.9106881618499756,0.6786237359046936
Sorghum_10663,10663,00,10663,ref,0.0028631584718823433,0.0013144334079697728,0.0015487250639125705,0.9222791790962219,0.6958272457122803,0.027997801080346107,0.09059796237531481,0.1085895523428917,0.07772083580493927,0.40510169294939924,0.6062713265419006,0.3041727542877197,0.6608970024696775,0.8463884592056274,0.5420936942100525
Sorghum_10664,10664,00,10664,ref,0.0017619249410927296,0.0007721893489360809,0.0009897355921566486,0.7867252230644226,0.5368472337722778,0.02159745618700981,0.3350525849673492,0.780990719795227,0.2132747620344162,0.6029716550795322,0.8637139797210693,0.46315276622772217,0.7740857492269559,0.9036115407943726,0.6770375967025757
Sorghum_10665,10665,00,10665,ref,0.0019918528851121664,0.0009222154039889574,0.001069637481123209,0.872742772102356,0.6355539560317993,0.025209857150912285,0.21825452521718686,0.7659834027290344,0.12725719809532166,0.509526817910508,0.8465104699134827,0.36444607377052307,0.7270970224563701,0.887018084526062,0.6160321831703186
Sorghum_10666,10666,00,10666,ref,0.002909269416704774,0.0012982938205823302,0.0016109755961224437,0.8538311123847961,0.617862343788147,0.02584260329604149,0.202721398540974,0.33064910769462585,0.14616885781288147,0.5225351881404051,0.8260126709938049,0.38213762640953064,0.7011204567581466,0.8782333135604858,0.5834553241729736
Sorghum_10668,10668,00,10668,ref,0.0031725638546049595,0.0011652224930003285,0.002007341245189309,0.9166666865348816,0.6761835217475891,0.0269886814057827,0.0744192331467822,0.06722791492938995,0.0833333358168602,0.45699214651834275,0.7762323021888733,0.3238165080547333,0.6846170200019259,0.8655441403388977,0.566251814365387
Sorghum_10669,10669,00,10669,ref,0.0021386719308793545,0.0010861512273550034,0.0010525207035243511,0.8969009518623352,0.6259151101112366,0.02465285360813141,0.09335006743272413,0.08528550714254379,0.10309907048940659,0.5132124738927274,0.8171058893203735,0.3740849196910858,0.7301228949234064,0.8731088042259216,0.6273792386054993
Sorghum_1067,1067,00,1067,ref,0.002325651701539755,0.0011300444602966309,0.0011956073576584458,0.80161052942276,0.5810151100158691,0.02315751276910305,0.3174231290817261,0.7935578227043152,0.1983894556760788,0.5639398154626355,0.8622498512268066,0.41898486018180847,0.7567397195563946,0.8934846520423889,0.6562957763671875
Sorghum_10670,10670,00,10670,ref,0.0018622553907334805,0.000847610819619149,0.0010146446293219924,0.8308930993080139,0.5307466983795166,0.021363787353038788,0.2780463603242226,0.781478762626648,0.1691068857908249,0.6052812986723668,0.8523669838905334,0.4692533016204834,0.7779990820142004,0.8899463415145874,0.6910688281059265
Sorghum_10672,10672,00,10672,ref,0.0018348596058785915,0.0008266840595752001,0.0010081754298880696,0.860297679901123,0.5651537179946899,0.02226201817393303,0.23683395647622685,0.7772083878517151,0.13970229029655457,0.5775269769559794,0.8595656156539917,0.43484625220298767,0.7780406775968601,0.9008052945137024,0.6847242712974548
Sorghum_10673,10673,00,10673,ref,0.0015196220483630896,0.0006767429294995964,0.0008428791188634932,0.7911176085472107,0.47901415824890137,0.019282255321741104,0.3282848023394865,0.7663494348526001,0.2088823765516281,0.6475373623003268,0.8552952408790588,0.5209858417510986,0.8217007889893757,0.8987311124801636,0.7568325996398926
Sorghum_10674,10674,00,10674,ref,0.0030729351565241814,0.0013197798980399966,0.001753155142068863,0.8528550267219543,0.6650805473327637,0.028165962547063828,0.24708137473694297,0.7701317667961121,0.14714494347572327,0.4817935531765188,0.858101487159729,0.3349194824695587,0.6702659265295492,0.8909224271774292,0.5372132658958435
Sorghum_10676,10676,00,10676,ref,0.0023571630008518696,0.000670658191666007,0.0016865045763552189,0.8555392622947693,0.6306735277175903,0.025352932512760162,0.2425435758399439,0.7554904818534851,0.14446070790290833,0.51657287934989,0.8590775728225708,0.36932650208473206,0.7181060659142621,0.8983650803565979,0.5980966091156006
Sorghum_10677,10677,00,10677,ref,0.0028212466277182102,0.0011316497111693025,0.001689596800133586,0.8687164187431335,0.650073230266571,0.027516508474946022,0.21531468458571665,0.5982186198234558,0.13128355145454407,0.4962236723871212,0.8527330160140991,0.34992679953575134,0.6739509178752142,0.8942167162895203,0.540751576423645
Sorghum_10678,10678,00,10678,ref,0.0016864737262949347,0.0006719079101458192,0.0010145658161491156,0.7797706127166748,0.5087847709655762,0.020309271290898323,0.3460598053428825,0.8073450326919556,0.2202293872833252,0.6295968318546309,0.8765251636505127,0.49121522903442383,0.7976941161199795,0.908735990524292,0.7108345627784729
Sorghum_10680,10680,00,10680,ref,0.0028747054748237133,0.0010986196575686336,0.0017760858172550797,0.8299170136451721,0.6262811422348022,0.027319088578224182,0.2752438002304302,0.7210834622383118,0.1700829714536667,0.5181766146151041,0.8446803092956543,0.37371888756752014,0.6760749249415077,0.8884822130203247,0.545632004737854
Sorghum_10681,10681,00,10681,ref,0.002208898775279522,0.0011473129270598292,0.0010615858482196927,0.8188140392303467,0.5688140392303467,0.023038292303681374,0.2926036738986632,0.7598828673362732,0.18118594586849213,0.5723155038530537,0.8507808446884155,0.43118593096733093,0.7498937456877047,0.8877501487731934,0.6490971446037292
Sorghum_10683,10683,00,10683,ref,0.0032359256874769926,0.0015451338840648532,0.0016907918034121394,0.8785993456840515,0.6876525282859802,0.029114585369825363,0.20575945511679028,0.6743533611297607,0.12140068411827087,0.45544750670153566,0.8405319452285767,0.3123474717140198,0.6537119819336277,0.8834797739982605,0.5187896490097046
Sorghum_10685,10685,00,10685,ref,0.0022948943078517914,0.0010351744713261724,0.0012597197201102972,0.8635919690132141,0.5989506840705872,0.023962469771504402,0.230394822291887,0.7408491969108582,0.1364080011844635,0.5416265289667707,0.8339433670043945,0.40104928612709045,0.7346161992477339,0.8798194527626038,0.6305515170097351
Sorghum_10686,10686,00,10686,ref,0.0019778981804847717,0.0008671027608215809,0.001110795303247869,0.8428501486778259,0.5718643069267273,0.02249847911298275,0.26170541567342387,0.7819668054580688,0.15714983642101288,0.5701953403092291,0.8533430695533752,0.4281356632709503,0.765071330110379,0.8936066627502441,0.6688628792762756
Sorghum_10687,10687,00,10687,ref,0.0021230976562947035,0.0008601352456025779,0.0012629623524844646,0.8036847114562988,0.5878477096557617,0.024221809580922127,0.31437679389964257,0.7886773943901062,0.19631527364253998,0.5579980280824137,0.8635919690132141,0.4121522605419159,0.7386381775097958,0.8983650803565979,0.6271352171897888
Sorghum_10689,10689,00,10689,ref,0.002028963528573513,0.0008337958133779466,0.0011951676569879055,0.7514641284942627,0.5686920285224915,0.023693880066275597,0.37989373648807956,0.8057588934898376,0.2485358715057373,0.5801381602588305,0.8857979774475098,0.43130794167518616,0.7331080718317509,0.9175207614898682,0.6104196906089783
Sorghum_1069,1069,00,1069,ref,0.002520372159779072,0.0010145552223548293,0.0015058169374242425,0.8088091611862183,0.5839433670043945,0.023653864860534668,0.3081874865668249,0.7941678762435913,0.19119082391262054,0.5615653375099551,0.8635919690132141,0.4160566031932831,0.7390042227043259,0.8999512195587158,0.6268911957740784
Sorghum_10691,10691,00,10691,ref,0.0013942366931587458,0.0004910530988126993,0.0009031835943460464,0.7468277215957642,0.4498535990715027,0.0181781854480505,0.3843727708328053,0.797828197479248,0.25317227840423584,0.6770166242330657,0.879941463470459,0.5501464009284973,0.8399669187611667,0.9188628792762756,0.7735480666160583
Sorghum_10693,10693,00,10693,ref,0.003341417061164975,0.0010303379967808723,0.002311079064384103,0.8498047590255737,0.6154221296310425,0.026451868936419487,0.2247552022775687,0.44631528854370117,0.15019521117210388,0.5288088245664175,0.846144437789917,0.38457784056663513,0.6865479945249133,0.8909224271774292,0.5584431290626526
Sorghum_10694,10694,00,10694,ref,0.0030464003793895245,0.001197272096760571,0.0018491281662136316,0.9005612730979919,0.6185944080352783,0.024680491536855698,0.1558269916592158,0.35993167757987976,0.09943874925374985,0.5117796913571586,0.7775744199752808,0.3814055621623993,0.718078506792894,0.8773792386054993,0.6077354550361633
Sorghum_10695,10695,00,10695,ref,0.0020082422997802496,0.0007059015915729105,0.001302340766415,0.7929477691650391,0.5668618679046631,0.023028958588838577,0.3281324212110523,0.7902635335922241,0.20705221593379974,0.5781127368584239,0.868960440158844,0.4331381022930145,0.7499251561975417,0.9080039262771606,0.6387262344360352
Sorghum_10697,10697,00,10697,ref,0.0016423561610281467,0.0007785646594129503,0.0008637914434075356,0.7768423557281494,0.5114690065383911,0.020444920286536217,0.34868214777137796,0.7969741225242615,0.22315764427185059,0.6249010102303774,0.8668862581253052,0.4885309934616089,0.7952185373625884,0.9031234979629517,0.710346519947052
Sorghum_10698,10698,00,10698,ref,0.0023431216832250357,0.0010698736878111959,0.0012732479954138398,0.8444362878799438,0.6382381916046143,0.02593681775033474,0.25722229958067205,0.7423133254051208,0.15556368231773376,0.5031818782945657,0.8261346817016602,0.36176183819770813,0.7031255009554349,0.871156632900238,0.5894338488578796
Sorghum_10699,10699,00,10699,ref,0.00218782015144825,0.0010290730278939009,0.001158747123554349,0.8535870909690857,0.6234748363494873,0.025220947340130806,0.22678725046593884,0.5028062462806702,0.14641287922859192,0.5197022242228541,0.8385797739028931,0.3765251338481903,0.7190125857399486,0.8804295063018799,0.6076134443283081
Sorghum_107,107,00,107,ref,0.002112213522195816,0.0009619657648727298,0.0011502476409077644,0.8373596668243408,0.5725963711738586,0.022688288241624832,0.2572757563200789,0.6153001189231873,0.16264031827449799,0.569273717219296,0.852122962474823,0.42740359902381897,0.7647304805858053,0.8999512195587158,0.6648365259170532
Sorghum_1070,1070,00,1070,ref,0.0022920104674994946,0.0010078168706968427,0.0012841935968026519,0.8505368232727051,0.5783308744430542,0.022865179926156998,0.24856393697037418,0.7376769185066223,0.14946314692497253,0.5610547254286383,0.8380917310714722,0.4216690957546234,0.756013630718922,0.8845778703689575,0.6600781083106995
Sorghum_10700,10700,00,10700,ref,0.002831267425790429,0.0013552637537941337,0.0014760037884116173,0.8376036882400513,0.63323575258255,0.02662242017686367,0.2664132616053768,0.7410932183265686,0.16239629685878754,0.5082540471928807,0.8274767994880676,0.36676427721977234,0.6854572522199286,0.8743289113044739,0.5636895895004272
Sorghum_10702,10702,00,10702,ref,0.0020600236020982265,0.0007570533198304474,0.0013029702240601182,0.8236944675445557,0.6026110053062439,0.024611834436655045,0.287885049799844,0.7841629981994629,0.17630551755428314,0.544285211664811,0.8634699583053589,0.3973889648914337,0.7327887700615833,0.9015373587608337,0.6172522902488708
Sorghum_10703,10703,00,10703,ref,0.00199836865067482,0.0008074964862316847,0.0011908721644431353,0.8019765615463257,0.58150315284729,0.023581169545650482,0.31759157623563433,0.80161052942276,0.19802342355251312,0.5646133518192403,0.8674963116645813,0.4184968173503876,0.7545489996984122,0.9042215943336487,0.6473889946937561
Sorghum_10704,10704,00,10704,ref,0.0019011837430298328,0.0008678113808855414,0.0010333723621442914,0.8129575252532959,0.5172035098075867,0.020624909549951553,0.3025707423700971,0.7913616299629211,0.1870424598455429,0.6190619155953379,0.8624938726425171,0.48279649019241333,0.7957139586499485,0.8987311124801636,0.7138848304748535
Sorghum_10706,10706,00,10706,ref,0.002576123923063278,0.0009072539978660643,0.0016688699834048748,0.8010004758834839,0.5697901248931885,0.02310628443956375,0.3179377951678595,0.7902635335922241,0.19899950921535492,0.5737215400395599,0.8609077334403992,0.43020984530448914,0.7433564562128261,0.8981210589408875,0.6340898275375366
Sorghum_10708,10708,00,10708,ref,0.002055981196463108,0.0010072622681036592,0.001048718928359449,0.8369936347007751,0.5994387269020081,0.024356892332434654,0.26877840607062836,0.7654953598976135,0.16300635039806366,0.545078371749646,0.8527330160140991,0.40056124329566956,0.7410116565030311,0.8934846520423889,0.6329917311668396
Sorghum_10709,10709,00,10709,ref,0.0016249630134552717,0.0007277142722159624,0.0008972486248239875,0.7862371802330017,0.5135431885719299,0.020534774288535118,0.3364476843862461,0.789653480052948,0.2137628048658371,0.6221262555139723,0.8627378940582275,0.48645681142807007,0.7982850411343811,0.9023914337158203,0.7157149910926819
Sorghum_1071,1071,00,1071,ref,0.0036073203664273024,0.0017720013856887817,0.0018353189807385206,0.8681063652038574,0.666910707950592,0.02976636216044426,0.2089393601235078,0.5024402141571045,0.1318936049938202,0.4731755914710001,0.8166178464889526,0.33308932185173035,0.63806163705761,0.8699365258216858,0.503782331943512
Sorghum_10710,10710,00,10710,ref,0.001876947470009327,0.000669392931740731,0.0012075545964762568,0.8445582985877991,0.607003390789032,0.0239500030875206,0.26005359882953283,0.7952659726142883,0.15544167160987854,0.5418342231661976,0.8721327185630798,0.39299657940864563,0.7552718750605051,0.906539797782898,0.6472669839859009
Sorghum_10711,10711,00,10711,ref,0.0023158667609095573,0.0010753922397270799,0.0012404745211824775,0.8286969065666199,0.6011468768119812,0.024625390768051147,0.280054914482489,0.7669594883918762,0.17130307853221893,0.5422495304706261,0.8466324806213379,0.3988530933856964,0.7242184395351775,0.8883602023124695,0.6112737655639648
Sorghum_10713,10713,00,10713,ref,0.003015232738107443,0.0013677284587174654,0.0016475043958052993,0.9192289113998413,0.6881405711174011,0.028157047927379608,0.09878344627733975,0.12713518738746643,0.08077111095190048,0.44771694109207194,0.7933138012886047,0.3118594288825989,0.6644024365804211,0.8654221296310425,0.5391654372215271
Sorghum_10714,10714,00,10714,ref,0.002311520744115114,0.0008281927439384162,0.001483327941969037,0.7370668649673462,0.5826012492179871,0.025082295760512352,0.3961156614846049,0.802708625793457,0.2629331350326538,0.5654038058077938,0.8760371208190918,0.41739872097969055,0.7130870186378361,0.9078819155693054,0.5871156454086304
Sorghum_10716,10716,00,10716,ref,0.0025342293083667755,0.0013127790298312902,0.001221450394950807,0.8413860201835632,0.6196925044059753,0.024685729295015335,0.2627286136988175,0.764641284942627,0.15861396491527557,0.5251325337448577,0.8480966091156006,0.38030746579170227,0.7385977486199787,0.8850659132003784,0.633723795413971
Sorghum_10717,10717,00,10717,ref,0.0051277712918818,0.0015702322125434875,0.003557539079338312,0.8862860202789307,0.7007076740264893,0.031788066029548645,0.18982593932711947,0.5740604996681213,0.11371400952339172,0.44161136384479127,0.8419960737228394,0.29929232597351074,0.6114666258312961,0.8807955384254456,0.4682772159576416
Sorghum_10718,10718,00,10718,ref,0.002107261912897229,0.0009085529600270092,0.0011987091274932027,0.8516349196434021,0.6109077334403992,0.025748763233423233,0.18056017506209265,0.2306002974510193,0.1483650505542755,0.5341456968604393,0.8516349196434021,0.38909223675727844,0.7049921058309576,0.8950707912445068,0.58150315284729
Sorghum_10719,10719,00,10719,ref,0.0017634611576795578,0.0006977840675972402,0.0010656770318746567,0.8834797739982605,0.6040751338005066,0.024000857025384903,0.19727742557891026,0.6427525877952576,0.11652025580406189,0.5380416709657219,0.8393118381500244,0.395924836397171,0.7424702428570217,0.8876281380653381,0.638116180896759
Sorghum_1072,1072,00,1072,ref,0.002472765278071165,0.0011450517922639847,0.001327713718637824,0.8875061273574829,0.6264031529426575,0.02474769949913025,0.16388654825049725,0.30173254013061523,0.11249390244483948,0.5186772416278179,0.8479745984077454,0.3735968768596649,0.7277208250907493,0.888116180896759,0.6163982152938843
Sorghum_10720,10720,00,10720,ref,0.003202310763299465,0.0017469930462539196,0.0014553178334608674,0.9106881618499756,0.6734992861747742,0.02807484194636345,0.09248896149190972,0.09590043872594833,0.0893118605017662,0.28254738380683275,0.2490239143371582,0.3265007436275482,0.5801288187461555,0.6320156455039978,0.5361151695251465
Sorghum_10721,10721,00,10721,ref,0.0020440206862986088,0.0009568637469783425,0.001087157055735588,0.8060029149055481,0.5690580606460571,0.02300168015062809,0.30500911572322037,0.7130307555198669,0.1939970701932907,0.573445914369558,0.8567593693733215,0.4309419095516205,0.7492796398963187,0.8986091017723083,0.6425085663795471
Sorghum_10722,10722,00,10722,ref,0.0022394319530576468,0.0007772299577482045,0.0014622018206864595,0.8467544913291931,0.5539287328720093,0.02187369018793106,0.24722188669129033,0.639214277267456,0.1532454788684845,0.5877683989970705,0.8613957762718201,0.4460712671279907,0.7785326430321358,0.9044656157493591,0.6833821535110474
Sorghum_10723,10723,00,10723,ref,0.0021571312099695206,0.000755398825276643,0.0014017322100698948,0.849926769733429,0.6253050565719604,0.02579280361533165,0.2528034840898273,0.8013665080070496,0.15007320046424866,0.5249092137675352,0.876159131526947,0.37469497323036194,0.7136357696234118,0.9099560976028442,0.5869936347007751
Sorghum_10724,10724,00,10724,ref,0.0022376880515366793,0.0008875020430423319,0.001350186299532652,0.8893362879753113,0.6217666864395142,0.02397865429520607,0.18484183531237866,0.5606393218040466,0.11066374182701111,0.521444880107368,0.8391898274421692,0.37823328375816345,0.7463286850730584,0.8800634741783142,0.647877037525177
Sorghum_10725,10725,00,10725,ref,0.0035512158647179604,0.001450964598916471,0.0021002511493861675,0.9023914337158203,0.6808199286460876,0.028925728052854538,0.16938198538029847,0.6399463415145874,0.09760858863592148,0.46263144605492773,0.8402879238128662,0.31918010115623474,0.6531227129659208,0.8795754313468933,0.5193997025489807
Sorghum_10726,10726,00,10726,ref,0.003498717211186886,0.0014327537501230836,0.0020659633446484804,0.8422400951385498,0.6543436050415039,0.029452431946992874,0.2017848778276072,0.27989262342453003,0.157759889960289,0.4892400714520611,0.8368716239929199,0.3456564247608185,0.6429014958913098,0.8784773349761963,0.5069546103477478
Sorghum_10727,10727,00,10727,ref,0.002845467533916235,0.001129452488385141,0.001716015045531094,0.8365055918693542,0.6738653182983398,0.0285649336874485,0.2691833791022649,0.7613469958305359,0.16349439322948456,0.4699504598299692,0.8406539559364319,0.32613471150398254,0.6650902800354879,0.881039559841156,0.5341629981994629
Sorghum_10729,10729,00,10729,ref,0.002017903607338667,0.0009415333042852581,0.0010763703612610698,0.7643972635269165,0.5425817370414734,0.021963512524962425,0.36379220549743374,0.7979502081871033,0.2356027364730835,0.5999230872716311,0.8714006543159485,0.4574182629585266,0.7653820341964788,0.9044656157493591,0.6633723974227905
Sorghum_10731,10731,00,10731,ref,0.0029027368873357773,0.0015086991479620337,0.0013940378557890654,0.8909224271774292,0.6584919691085815,0.027580246329307556,0.1166823824601999,0.1254270374774933,0.10907759517431259,0.47709602535326046,0.7912396192550659,0.34150806069374084,0.6736973831037879,0.8731088042259216,0.5484382510185242
Sorghum_10732,10732,00,10732,ref,0.0033324938267469406,0.0016442346386611462,0.0016882593045011163,0.8557832837104797,0.6661786437034607,0.02935953252017498,0.24224965063050208,0.7564665675163269,0.14421668648719788,0.47984893019777547,0.8529770374298096,0.3338213860988617,0.6490473720975116,0.8875061273574829,0.5115910172462463
Sorghum_10733,10733,00,10733,ref,0.0039023440331220627,0.001183411804959178,0.0027189322281628847,0.8179599642753601,0.653855562210083,0.029802044853568077,0.2903948245356017,0.717423141002655,0.1820400208234787,0.490933206891935,0.843948245048523,0.3461444675922394,0.6415069193121925,0.887018084526062,0.5024402141571045
Sorghum_10734,10734,00,10734,ref,0.002090312074869871,0.0011097171809524298,0.0009805947775021195,0.8739628791809082,0.6034650802612305,0.024260275065898895,0.10155821251129445,0.08504148572683334,0.1260370910167694,0.5204074751729961,0.7568325996398926,0.39653488993644714,0.7313058899679938,0.8755490779876709,0.6278672814369202
Sorghum_10735,10735,00,10735,ref,0.002498188754543662,0.0009182202047668397,0.0015799684915691614,0.8163738250732422,0.5817471742630005,0.024480560794472694,0.2971464413342785,0.7783064842224121,0.18362616002559662,0.5617579461939715,0.8551732301712036,0.4182527959346771,0.7176960032947468,0.892996609210968,0.599926769733429
Sorghum_10737,10737,00,10737,ref,0.002653157338500023,0.0011654035188257694,0.0014877539360895753,0.8290629386901855,0.6245729327201843,0.025459788739681244,0.2781903256811791,0.7467057108879089,0.17093704640865326,0.5199086500098887,0.8451683521270752,0.3754270374774933,0.7148605988119364,0.8818936347961426,0.601024866104126
Sorghum_10738,10738,00,10738,ref,0.0017136998940259218,0.0008101810817606747,0.0009035188122652471,0.8561493158340454,0.5660077929496765,0.022413186728954315,0.24300505930825955,0.7820888161659241,0.1438506543636322,0.575753370817744,0.8550512194633484,0.4339921772480011,0.7766944192991571,0.8920205235481262,0.6877745389938354
Sorghum_10739,10739,00,10739,ref,0.002724681980907917,0.0009274970507249236,0.0017971848137676716,0.9540019631385803,0.7232796549797058,0.027470787987113,0.058551035846733386,0.08052708953619003,0.04599804803729057,0.3895118099245147,0.6575158834457397,0.2767203450202942,0.6738882891836104,0.8344314098358154,0.5651537179946899
Sorghum_10740,10740,00,10740,ref,0.0023256163112819195,0.0011912196641787887,0.0011343967635184526,0.8061249256134033,0.5918740630149841,0.025105929002165794,0.3077741409593848,0.7460956573486328,0.19387505948543549,0.5523211873014952,0.8540751338005066,0.4081259071826935,0.7073823846843466,0.892996609210968,0.5856515169143677
Sorghum_10741,10741,00,10741,ref,0.002746791345998645,0.0011540186824277043,0.0015927724307402968,0.8163738250732422,0.6111517548561096,0.026642896234989166,0.2989146901002167,0.8031966686248779,0.18362616002559662,0.537901677653228,0.8722547292709351,0.388848215341568,0.6885090733457151,0.9036115407943726,0.5561249256134033
Sorghum_10742,10742,00,10742,ref,0.002119098324328661,0.0008731043199077249,0.0012459937715902925,0.8748169541358948,0.6135919690132141,0.02472512237727642,0.21415577723208445,0.7403611540794373,0.12518301606178284,0.531349120464805,0.8502928018569946,0.3864080011844635,0.730489583826051,0.9021474123001099,0.6137139797210693
Sorghum_10743,10743,00,10743,ref,0.001926943426951766,0.0008517629466950893,0.0010751804802566767,0.789653480052948,0.5713762640953064,0.02314213290810585,0.3328979801075374,0.7975841760635376,0.2103465050458908,0.5753235994838455,0.8746949434280396,0.4286237061023712,0.7605339219314872,0.9048316478729248,0.6559297442436218
Sorghum_10744,10744,00,10744,ref,0.002223786199465394,0.0007918781484477222,0.0014319081092253327,0.808687150478363,0.566251814365387,0.022579006850719452,0.3081431052295678,0.7914836406707764,0.19131283462047577,0.5783037584098949,0.8673743009567261,0.43374815583229065,0.7613665736353628,0.9055637121200562,0.6567838191986084
Sorghum_10745,10745,00,10745,ref,0.003430865937843919,0.0011252358090132475,0.0023056301288306713,0.7552464604377747,0.6226207613945007,0.02757815457880497,0.3745648790482028,0.7975841760635376,0.24475353956222534,0.5255069362398015,0.8650560975074768,0.3773792088031769,0.6701058121914776,0.8937286734580994,0.5359931588172913
Sorghum_10746,10746,00,10746,ref,0.0038770348764955997,0.0019587441347539425,0.0019182906253263354,0.9272816181182861,0.7276720404624939,0.029094042256474495,0.06397032098268338,0.05710102617740631,0.07271839678287506,0.401146062266961,0.7612249851226807,0.2723279595375061,0.6486908894047582,0.8550512194633484,0.5225719809532166
Sorghum_10747,10747,00,10747,ref,0.002706653205677867,0.0011505731381475925,0.0015560800675302744,0.8624938726425171,0.6166422367095947,0.0255878958851099,0.23381884840237263,0.7805026769638062,0.13750609755516052,0.5285758825988346,0.8509028553962708,0.3833577334880829,0.7091693699083261,0.8833577632904053,0.592362105846405
Sorghum_10748,10748,00,10748,ref,0.003386175725609064,0.0010284853633493185,0.0023576903622597456,0.8388237953186035,0.6022449731826782,0.024037687107920647,0.2667032016253489,0.7724499702453613,0.1611761897802353,0.544020214102579,0.8604196906089783,0.3977549970149994,0.7368882209188187,0.9022694230079651,0.622742772102356
Sorghum_1075,1075,00,1075,ref,0.0021426547318696976,0.0007663459400646389,0.0013763087335973978,0.8632259368896484,0.5846754312515259,0.02279430255293846,0.23271619182533967,0.7795265913009644,0.13677403330802917,0.5608981260869116,0.8635919690132141,0.41532453894615173,0.7677223389549894,0.9055637121200562,0.6663006544113159
Sorghum_10750,10750,00,10750,ref,0.0019142418168485165,0.0006882999441586435,0.001225941814482212,0.7906295657157898,0.5489262938499451,0.022002536803483963,0.3313248688630084,0.7935578227043152,0.209370419383049,0.5950634315778721,0.8740848898887634,0.45107370615005493,0.7708262045706366,0.9094680547714233,0.6688628792762756
Sorghum_10751,10751,00,10751,ref,0.0021395275834947824,0.0009843464940786362,0.0011551809730008245,0.8748169541358948,0.5857735276222229,0.02338198386132717,0.13247913330618338,0.14067837595939636,0.12518301606178284,0.5580368138409805,0.8548071980476379,0.4142264425754547,0.757444745323613,0.9044656157493591,0.6515373587608337
Sorghum_10752,10752,00,10752,ref,0.0022869387175887823,0.0008925037691369653,0.001394434948451817,0.8868960738182068,0.5954123735427856,0.023734306916594505,0.13810088010035926,0.17728160321712494,0.1131039559841156,0.5474226854040551,0.846144437789917,0.40458759665489197,0.7366997600658867,0.8887262344360352,0.6290873885154724
Sorghum_10753,10753,00,10753,ref,0.002183526288717985,0.0008697932353243232,0.0013137329369783401,0.8344314098358154,0.5856515169143677,0.02374289743602276,0.2743432765945957,0.7997803688049316,0.16556857526302338,0.5603915664840199,0.8654221296310425,0.41434845328330994,0.7460299133770181,0.8973889946937561,0.6383602023124695
Sorghum_10754,10754,00,10754,ref,0.0024874634109437466,0.0007363203330896795,0.001751143136061728,0.8448023200035095,0.5724743604660034,0.02271350845694542,0.25754084154770496,0.7562225461006165,0.1551976501941681,0.5688361382285428,0.8496827483177185,0.4275256097316742,0.7630072869063134,0.8951928019523621,0.6648365259170532
Sorghum_10757,10757,00,10757,ref,0.0026376801542937756,0.0010648897150531411,0.0015727904392406344,0.7951439619064331,0.5902879238128662,0.02418210543692112,0.3249109467000083,0.7848950624465942,0.2048560231924057,0.5565131309876348,0.8672522902488708,0.4097120463848114,0.7372797060745482,0.8986091017723083,0.62506103515625
Sorghum_10759,10759,00,10759,ref,0.0020348818507045507,0.0009235975448973477,0.0011112842475995421,0.8079550862312317,0.5491703152656555,0.021949725225567818,0.306711410354112,0.7612249851226807,0.19204489886760712,0.5913938178492639,0.8593215942382812,0.4508296847343445,0.7762490443963167,0.8937286734580994,0.6860663890838623
Sorghum_1076,1076,00,1076,ref,0.0027904449962079525,0.0012595736188814044,0.0015308712609112263,0.9110541939735413,0.647877037525177,0.025901395827531815,0.13556691069435478,0.28489506244659424,0.08894582837820053,0.49244377927419763,0.8186920285224915,0.3521229922771454,0.711878752197839,0.8904343843460083,0.5929721593856812
Sorghum_10760,10760,00,10760,ref,0.0027500928845256567,0.0010562485549598932,0.0016938443295657635,0.8446803092956543,0.5989506840705872,0.024278979748487473,0.2583319351509908,0.7670814990997314,0.15531966090202332,0.5442251344736858,0.8463884592056274,0.40104928612709045,0.730727738127228,0.8884822130203247,0.6205465793609619
Sorghum_10761,10761,00,10761,ref,0.002863764064386487,0.001396882813423872,0.0014668813673779368,0.8958028554916382,0.7007076740264893,0.029595976695418358,0.18059106027339045,0.6767935752868652,0.10419716686010361,0.4404959208177582,0.8339433670043945,0.29929232597351074,0.643980379227163,0.8795754313468933,0.5079306960105896
Sorghum_10763,10763,00,10763,ref,0.0019430682295933366,0.0008043369161896408,0.0011387313716113567,0.7676915526390076,0.5172035098075867,0.020671647042036057,0.3597033997604179,0.7964860796928406,0.23230844736099243,0.6196267071370485,0.8646900653839111,0.48279649019241333,0.7956886057492741,0.8998292088508606,0.7131527662277222
Sorghum_10765,10765,00,10765,ref,0.0028565179090946913,0.0010102033847942948,0.0018463146407157183,0.8714006543159485,0.6368960738182068,0.025931034237146378,0.21846079888730752,0.7252318263053894,0.12859931588172913,0.5077288584020339,0.8438262343406677,0.3631039559841156,0.7017161110832579,0.8879941701889038,0.5800390243530273
Sorghum_10766,10766,00,10766,ref,0.0021696966141462326,0.0010250668274238706,0.001144629786722362,0.8308930993080139,0.5668618679046631,0.022593475878238678,0.275603340617161,0.7443875074386597,0.1691068857908249,0.5735317478969824,0.8485846519470215,0.4331381022930145,0.752206284437414,0.889214277267456,0.6517813801765442
Sorghum_10767,10767,00,10767,ref,0.0030512844678014517,0.0009443469461984932,0.0021069375798106194,0.8465104699134827,0.6093215942382812,0.025263886898756027,0.2558158354626761,0.7674475312232971,0.15348950028419495,0.5357589947479684,0.8522449731826782,0.39067837595939636,0.7121493742878446,0.8923865556716919,0.5924841165542603
Sorghum_10768,10768,00,10768,ref,0.0027259557973593473,0.0013279374688863754,0.001398018328472972,0.8856759667396545,0.6305515170097351,0.025761248543858528,0.16294947482623426,0.28355294466018677,0.11432406306266785,0.513081498889419,0.8394338488578796,0.3694485127925873,0.6988636982320213,0.8783553242683411,0.5802830457687378
Sorghum_10769,10769,00,10769,ref,0.005504130851477385,0.0012545475037768483,0.004249583464115858,0.8440702557563782,0.6648365259170532,0.02846422977745533,0.2593832818698292,0.7707418203353882,0.15592971444129944,0.48098116043878403,0.8513908982276917,0.33516350388526917,0.6621451032219947,0.8854319453239441,0.528794527053833
Sorghum_1077,1077,00,1077,ref,0.0020937719382345676,0.0007983503746800125,0.0012954213889315724,0.7803806662559509,0.5361151695251465,0.021455056965351105,0.34006284934234315,0.7530502676963806,0.21961933374404907,0.6008576721745834,0.8526110053062439,0.4638848304748535,0.7688709897303151,0.8959248661994934,0.673377275466919
Sorghum_10770,10770,00,10770,ref,0.0037867468781769276,0.0014119776897132397,0.002374769188463688,0.8562713265419006,0.6614202260971069,0.027720220386981964,0.24000427812836614,0.7269399762153625,0.14372864365577698,0.47856333070457613,0.8158857822418213,0.33857980370521545,0.665484915171477,0.864080011844635,0.5411176085472107
Sorghum_10773,10773,00,10773,ref,0.0018593904096633196,0.0009091602405533195,0.000950230227317661,0.8639580011367798,0.5441678762435913,0.021554213017225266,0.20085275994163226,0.38360175490379333,0.13604196906089783,0.593467522717138,0.8501707911491394,0.4558321237564087,0.7873838529965995,0.8923865556716919,0.7044900059700012
Sorghum_10775,10775,00,10775,ref,0.0019623355474323034,0.0008875920902937651,0.0010747434571385384,0.8239384889602661,0.586383581161499,0.023776669055223465,0.28786176941804437,0.7886773943901062,0.1760614961385727,0.557353158155337,0.8541971445083618,0.4136163890361786,0.739578746358425,0.8888482451438904,0.63323575258255
Sorghum_10776,10776,00,10776,ref,0.0028797416016459465,0.000965026905760169,0.0019147145794704556,0.8834797739982605,0.6437286734580994,0.025448475033044815,0.20173900781230172,0.7509760856628418,0.11652025580406189,0.5005153227894351,0.8410199880599976,0.356271356344223,0.7212154891814022,0.8862860202789307,0.6079794764518738
Sorghum_10778,10778,00,10778,ref,0.0033120433799922466,0.0010988259455189109,0.002213217318058014,0.8645680546760559,0.6298194527626038,0.026984306052327156,0.15757865793035347,0.18838457763195038,0.1354319155216217,0.5099286779376735,0.8191800713539124,0.37018057703971863,0.6791127230440005,0.8716446757316589,0.5562469363212585
Sorghum_10779,10779,00,10779,ref,0.0027270610444247723,0.0012450888752937317,0.001481971936300397,0.8805515170097351,0.6461688876152039,0.026945792138576508,0.20675296408980448,0.7683016061782837,0.11944851279258728,0.5013052517344071,0.8595656156539917,0.35383114218711853,0.6915962265592311,0.8939726948738098,0.5639336109161377
Sorghum_1078,1078,00,1078,ref,0.002860319335013628,0.0007924805977381766,0.002067839028313756,0.8114933967590332,0.5824792385101318,0.023896362632513046,0.2969354547376978,0.6989995241165161,0.1885065883398056,0.5589266800552469,0.8451683521270752,0.4175207316875458,0.7187032732822968,0.8851879239082336,0.6049292087554932
Sorghum_10781,10781,00,10781,ref,0.0023343409411609173,0.0011097894748672843,0.001224551466293633,0.8825036883354187,0.6301854848861694,0.02533579058945179,0.11971099432088927,0.122010737657547,0.11749634146690369,0.5027508361839359,0.7848950624465942,0.36981454491615295,0.7096953476468321,0.8645680546760559,0.6018789410591125
Sorghum_10785,10785,00,10785,ref,0.0023050957825034857,0.0009338566451333463,0.0013712391955778003,0.8605417013168335,0.635919988155365,0.0256404597312212,0.23605533885004124,0.7680575847625732,0.13945826888084412,0.5084381964391517,0.8424841165542603,0.3640800416469574,0.7139071537541216,0.8864080309867859,0.5976085662841797
Sorghum_10787,10787,00,10787,ref,0.002076021395623684,0.0008771988213993609,0.001198822632431984,0.763055145740509,0.5278184413909912,0.021215228363871574,0.3636616776106018,0.7817227840423584,0.23694485425949097,0.6113925110773272,0.8670082688331604,0.4721815586090088,0.7716796316760937,0.9069058299064636,0.6715471148490906
Sorghum_10788,10788,00,10788,ref,0.0018228967674076557,0.0007414116407744586,0.0010814850684255362,0.770619809627533,0.553806722164154,0.02237168699502945,0.35457222704571917,0.7806246876716614,0.22938019037246704,0.5855263999169136,0.8513908982276917,0.44619327783584595,0.7552318959730884,0.8875061273574829,0.6572718620300293
Sorghum_1079,1079,00,1079,ref,0.002087787725031376,0.0009426256874576211,0.0011451620375737548,0.7480478286743164,0.5444118976593018,0.022359726950526237,0.3837608858943539,0.8047828078269958,0.2519521713256836,0.5984043647697048,0.8716446757316589,0.45558810234069824,0.746369752489553,0.9025134444236755,0.6362860202789307
Sorghum_10790,10790,00,10790,ref,0.00602290965616703,0.001687953481450677,0.00433495594188571,0.8846998810768127,0.7108345627784729,0.034930337220430374,0.17750154366494875,0.3854319155216217,0.11530014872550964,0.4268952144011971,0.8151537179946899,0.2891654372215271,0.5758193309525766,0.8704245686531067,0.43020984530448914
Sorghum_10791,10791,00,10791,ref,0.00217662425711751,0.0008624967304058373,0.0013141275849193335,0.7991703152656555,0.5302586555480957,0.02140076458454132,0.31957202033746895,0.7818447947502136,0.2008296698331833,0.6061485762883925,0.8541971445083618,0.4697413444519043,0.764032649395288,0.8936066627502441,0.6672767400741577
Sorghum_10792,10792,00,10792,ref,0.003052512649446726,0.0008267125231213868,0.002225800184533,0.7887994050979614,0.5696681141853333,0.02347872033715248,0.3330371415446307,0.7870912551879883,0.21120058000087738,0.5735044166208039,0.8594436049461365,0.43033185601234436,0.7432296081469182,0.8955588340759277,0.6351879239082336
Sorghum_10793,10793,00,10793,ref,0.0025745672173798084,0.0009718433720991015,0.001602723728865385,0.8125914931297302,0.6022449731826782,0.025468213483691216,0.29937223404340824,0.7436554431915283,0.18740849196910858,0.5403331168769865,0.8422400951385498,0.3977549970149994,0.7022767398211086,0.8866520524024963,0.5813811421394348
Sorghum_10795,10795,00,10795,ref,0.0028035612776875496,0.0010018284665420651,0.0018017326947301626,0.8214982748031616,0.6277452707290649,0.026342693716287613,0.2910486265135989,0.7877013087272644,0.17850171029567719,0.5191400777270264,0.8574914336204529,0.37225475907325745,0.7001473483681947,0.891898512840271,0.5762566924095154
Sorghum_10796,10796,00,10796,ref,0.002723321318626404,0.0010987893911078572,0.0016245318111032248,0.8994631767272949,0.645680844783783,0.027726592496037483,0.15916002567011453,0.38177159428596497,0.10053684562444687,0.48272050317799353,0.757076621055603,0.35431918501853943,0.6637399810241185,0.8707906007766724,0.5362371802330017
Sorghum_10797,10797,00,10797,ref,0.0022359953727573156,0.0010565082775428891,0.0011794870952144265,0.8217422962188721,0.5802830457687378,0.023357588797807693,0.28829416328015933,0.7532942891120911,0.17825768887996674,0.5617215537352221,0.8489506840705872,0.4197169244289398,0.7558496761293513,0.889214277267456,0.6572718620300293
Sorghum_10798,10798,00,10798,ref,0.003353483509272337,0.0014938577078282833,0.0018596259178593755,0.8593215942382812,0.6123718619346619,0.026015205308794975,0.1361444275018525,0.1318936049938202,0.14067837595939636,0.5154198417199594,0.7689116597175598,0.38762810826301575,0.683706193707614,0.8606637120246887,0.5671058893203735
Sorghum_10802,10802,00,10802,ref,0.0022438308224081993,0.0010806780774146318,0.0011631526285782456,0.8057588934898376,0.6177403330802917,0.02589474804699421,0.3119396537876856,0.7916056513786316,0.19424109160900116,0.5311561669286046,0.870058536529541,0.38225963711738586,0.7136338717348446,0.9030014872550964,0.5899218916893005
Sorghum_10803,10803,00,10803,ref,0.0031182430684566498,0.0013028692919760942,0.0018153738928958774,0.8981210589408875,0.6844802498817444,0.028593476861715317,0.14060356015436384,0.22681796550750732,0.10187896341085434,0.45617153800843024,0.8230844140052795,0.315519779920578,0.662801167712878,0.8756710886955261,0.5331869125366211
Sorghum_10804,10804,00,10804,ref,0.003476452548056841,0.0015836358070373535,0.0018928167410194874,0.824426531791687,0.6401903629302979,0.02753080241382122,0.2466812435071775,0.4145924746990204,0.1755734533071518,0.5036676223572019,0.8391898274421692,0.35980966687202454,0.6734812586381327,0.8846998810768127,0.5436798334121704
Sorghum_10805,10805,00,10805,ref,0.0015299981459975243,0.0007435582228936255,0.0007864398066885769,0.7784284949302673,0.48633480072021484,0.01948080025613308,0.3437669013831532,0.7664714455604553,0.22157150506973267,0.6395368869972797,0.8471205234527588,0.5136651992797852,0.8105842609688436,0.8925085663795471,0.7424353361129761
Sorghum_10806,10806,00,10806,ref,0.001991627737879753,0.0007828280795365572,0.001208799658343196,0.8260126709938049,0.5556368827819824,0.021878041326999664,0.2853374365193619,0.7925817370414734,0.17398731410503387,0.5859724158380942,0.8600536584854126,0.4443631172180176,0.7905088057847436,0.897877037525177,0.7060761451721191
Sorghum_10808,10808,00,10808,ref,0.001994364894926548,0.0009417466935701668,0.0010526181431487203,0.8095412254333496,0.5492923259735107,0.022128550335764885,0.3052478516525642,0.7683016061782837,0.1904587596654892,0.5907680472190011,0.8571254014968872,0.45070767402648926,0.7627410097020408,0.8969009518623352,0.6634944081306458
Sorghum_10809,10809,00,10809,ref,0.0016112630255520344,0.0007917207549326122,0.0008195422706194222,0.8494387269020081,0.5788189172744751,0.02282121032476425,0.25137216701150183,0.7607369422912598,0.15056124329566956,0.5638606218499546,0.8527330160140991,0.4211810529232025,0.7700065573543824,0.892996609210968,0.6767935752868652
Sorghum_10810,10810,00,10810,ref,0.0019380906596779823,0.0007846113876439631,0.0011534792138263583,0.8002684116363525,0.5367252230644226,0.02172570861876011,0.3184821971389128,0.7855051159858704,0.19973157346248627,0.6018809706034157,0.8588335514068604,0.4632747769355774,0.7694626127950739,0.9008052945137024,0.6715471148490906
Sorghum_10811,10811,00,10811,ref,0.001977180829271674,0.0010239452822133899,0.0009532355470582843,0.8845778703689575,0.5778428316116333,0.022345807403326035,0.19906627350886866,0.7230356335639954,0.11542215943336487,0.5637411499230573,0.8482186198234558,0.4221571385860443,0.7858940641724436,0.8944607377052307,0.7008296847343445
Sorghum_10812,10812,00,10812,ref,0.0034591746516525745,0.0012100448366254568,0.0022491293493658304,0.8296729922294617,0.6455588340759277,0.02759339101612568,0.2798415845241468,0.7837969660758972,0.17032699286937714,0.5013959017299365,0.8565153479576111,0.35444119572639465,0.6751797417223327,0.891898512840271,0.5431917905807495
Sorghum_10813,10813,00,10813,ref,0.0013944731326773763,0.0006181545904837549,0.0007763185421936214,0.6357979774475098,0.42923375964164734,0.016590986400842667,0.49415649952084023,0.7683016061782837,0.3642020523548126,0.6865534085915427,0.8612737655639648,0.5707662105560303,0.8125316528350437,0.8988531231880188,0.741337239742279
Sorghum_10815,10815,00,10815,ref,0.0026845005340874195,0.00122101663146168,0.0014634837862104177,0.8609077334403992,0.6578819155693054,0.027229076251387596,0.23596798049361278,0.7774524092674255,0.13909223675727844,0.48840092628161286,0.85322105884552,0.34211811423301697,0.6871248587930724,0.8894582986831665,0.5597852468490601
Sorghum_10817,10817,00,10817,ref,0.002246653428301215,0.0007704143063165247,0.0014762391801923513,0.8114933967590332,0.5833333134651184,0.023459186777472496,0.3043478369859253,0.7895314693450928,0.1885065883398056,0.5619397144265952,0.8627378940582275,0.4166666567325592,0.7561762329575372,0.9020254015922546,0.6509273052215576
Sorghum_10818,10818,00,10818,ref,0.002589745679870248,0.0011219818843528628,0.001467763795517385,0.7861151695251465,0.592362105846405,0.024231625720858574,0.33082326495074676,0.7298682332038879,0.21388481557369232,0.5495615327330983,0.8430941700935364,0.4076378643512726,0.7203702251217515,0.8834797739982605,0.608101487159729
Sorghum_1082,1082,00,1082,ref,0.0018446623580530286,0.0007533870521001518,0.001091275247745216,0.7955099940299988,0.5300146341323853,0.021125534549355507,0.32197180233134637,0.7567105889320374,0.20448999106884003,0.6062594541398474,0.8538311123847961,0.46998536586761475,0.7931820546979879,0.8955588340759277,0.7118106484413147
Sorghum_10820,10820,00,10820,ref,0.0028036809526383877,0.001007850281894207,0.0017958305543288589,0.8212542533874512,0.641898512840271,0.027001190930604935,0.29234343437093724,0.8020985722541809,0.17874573171138763,0.5063541801687526,0.864080011844635,0.3581015169620514,0.6905030554589948,0.8961688876152039,0.5616154074668884
Sorghum_10822,10822,00,10822,ref,0.0028453124687075615,0.0011653030524030328,0.001680009183473885,0.8249145746231079,0.5895558595657349,0.025149008259177208,0.2841051970577579,0.7529282569885254,0.1750854104757309,0.5506329869959968,0.8362615704536438,0.41044411063194275,0.6914654302569745,0.8806735277175903,0.5691800713539124
Sorghum_10823,10823,00,10823,ref,0.0025060176849365234,0.0007603226695209742,0.0017456948990002275,0.7891654372215271,0.564665675163269,0.022605475038290024,0.3330585899016116,0.7924597263336182,0.2108345478773117,0.579575493418473,0.86676424741745,0.43533429503440857,0.7665520323835152,0.897877037525177,0.6687408685684204
Sorghum_10824,10824,00,10824,ref,0.002434161026030779,0.001181407948024571,0.0012527529615908861,0.8133235573768616,0.5891898274421692,0.02362143248319626,0.30177016440559734,0.7869692444801331,0.18667642772197723,0.554928343247165,0.8548071980476379,0.4108101427555084,0.7519247838650289,0.8893362879753113,0.6512933373451233
Sorghum_10825,10825,00,10825,ref,0.0030544684268534184,0.001341956085525453,0.0017125123413279653,0.9569302201271057,0.772816002368927,0.0322161428630352,0.06015045967959674,0.0996827706694603,0.04306979104876518,0.3019570412397047,0.45009762048721313,0.227183997631073,0.5750280071291493,0.7880673408508301,0.45265984535217285
Sorghum_10827,10827,00,10827,ref,0.0018838145770132542,0.0007691380451433361,0.0011146767064929008,0.753782331943512,0.5067105889320374,0.02034788765013218,0.29404553644297515,0.36493411660194397,0.24621766805648804,0.627911592053927,0.8635919690132141,0.49328941106796265,0.7797378040200921,0.9009273052215576,0.6872864961624146
Sorghum_10828,10828,00,10828,ref,0.00206633098423481,0.0007044383091852069,0.0013618925586342812,0.8250365853309631,0.5584431290626526,0.02220623381435871,0.28087560478611456,0.7116886377334595,0.17496339976787567,0.5799752846769407,0.8448023200035095,0.4415568709373474,0.7674175845571717,0.8900683522224426,0.674475371837616
Sorghum_10829,10829,00,10829,ref,0.0020631193183362484,0.0006376617238856852,0.0014254575362429023,0.7401171326637268,0.4896290898323059,0.019543126225471497,0.3919397308639514,0.7968521118164062,0.2598828673362732,0.6435875839135574,0.8709126114845276,0.5103709101676941,0.8104350615712965,0.9091020226478577,0.7310883402824402
Sorghum_1083,1083,00,1083,ref,0.0023861913941800594,0.0010990205919370055,0.001287170802243054,0.8283308744430542,0.6255490779876709,0.025731749832630157,0.2801909157562283,0.7617130279541016,0.1716691106557846,0.5229058373360431,0.8663982152938843,0.3744509518146515,0.7124224072227918,0.8951928019523621,0.5916300415992737
Sorghum_10830,10830,00,10830,ref,0.0020527506712824106,0.000901605177205056,0.0011511455522850156,0.8415080308914185,0.5988286733627319,0.02410215511918068,0.2638807209131358,0.7875792980194092,0.15849195420742035,0.546687736231099,0.8578574657440186,0.4011712968349457,0.7349965510256852,0.8938506841659546,0.6240848898887634
Sorghum_10831,10831,00,10831,ref,0.0025597449857741594,0.0011948038591071963,0.001364941243082285,0.9308199286460876,0.7060761451721191,0.027642369270324707,0.0652472024704382,0.061737433075904846,0.06918008625507355,0.42093056048477545,0.7412152290344238,0.29392385482788086,0.6771096239540881,0.8656661510467529,0.5560029149055481
Sorghum_10832,10832,00,10832,ref,0.002692498965188861,0.0006995520670898259,0.001992946956306696,0.7869692444801331,0.5916300415992737,0.02429136447608471,0.3347289661939995,0.7807466983795166,0.21303074061870575,0.5552237062710523,0.8670082688331604,0.40836992859840393,0.7308358142608142,0.9066618084907532,0.6121278405189514
Sorghum_10835,10835,00,10835,ref,0.0023734504356980324,0.0011598803102970123,0.0012135702418163419,0.7974621653556824,0.5647876858711243,0.023350248113274574,0.3230224900481583,0.7973401546478271,0.20253781974315643,0.5783176505926093,0.8616397976875305,0.43521228432655334,0.7332471791798826,0.8977550268173218,0.6196925044059753
Sorghum_10836,10836,00,10836,ref,0.0023553979117423296,0.0009442438022233546,0.001411154051311314,0.8469985127449036,0.561371386051178,0.022720567882061005,0.23840952975775323,0.539653480052948,0.15300145745277405,0.5787207017520498,0.8502928018569946,0.438628613948822,0.751828681107086,0.8945827484130859,0.6483650803565979
Sorghum_10837,10837,00,10837,ref,0.0022140787914395332,0.00105342420283705,0.001160654705017805,0.7873352766036987,0.6262811422348022,0.026536623015999794,0.33315620291670195,0.7686676383018494,0.21266470849514008,0.5227883826229892,0.8696925044059753,0.37371888756752014,0.697180504736416,0.9019033908843994,0.5682039856910706
Sorghum_10838,10838,00,10838,ref,0.0025589880533516407,0.0010225229198113084,0.0015364649007096887,0.8306490778923035,0.5783308744430542,0.02291589416563511,0.27837612058673433,0.781478762626648,0.16935090720653534,0.5637356595468633,0.8501707911491394,0.4216690957546234,0.7633938097413072,0.8905563950538635,0.6680088043212891
Sorghum_10839,10839,00,10839,ref,0.0018966731149703264,0.0009350110194645822,0.000961662270128727,0.7528062462806702,0.5370912551879883,0.021715974435210228,0.37597763627108144,0.7848950624465942,0.24719375371932983,0.6021098433696765,0.8610297441482544,0.4629087448120117,0.7670835117278537,0.894094705581665,0.6716691255569458
Sorghum_10842,10842,00,10842,ref,0.002959802281111479,0.0011378900380805135,0.001821912475861609,0.8717666864395142,0.6965593099594116,0.029969558119773865,0.1584140519730699,0.20717422664165497,0.12823328375816345,0.44142271252843424,0.8095412254333496,0.3034406900405884,0.6382635795732434,0.8795754313468933,0.5008540749549866
Sorghum_10843,10843,00,10843,ref,0.003174607641994953,0.0013317485572770238,0.0018428590847179294,0.8474865555763245,0.5738164782524109,0.022935371845960617,0.14747164986651579,0.14275255799293518,0.15251341462135315,0.5648423226399153,0.8372376561164856,0.4261834919452667,0.749620733944283,0.8865300416946411,0.6493411660194397
Sorghum_10845,10845,00,10845,ref,0.002087169326841831,0.0007995496271178126,0.0012876195833086967,0.7758662700653076,0.574426531791687,0.02396891824901104,0.3489827542077727,0.7878233194351196,0.22413372993469238,0.5688341809766535,0.8574914336204529,0.4255734384059906,0.7308671203765514,0.8944607377052307,0.617862343788147
Sorghum_10846,10846,00,10846,ref,0.002893023891374469,0.0014018277870491147,0.001491196104325354,0.8635919690132141,0.6171302795410156,0.024617154151201248,0.22327754260196686,0.6148120760917664,0.1364080011844635,0.5249205588761572,0.8345534205436707,0.382869690656662,0.73188501288672,0.8829917311668396,0.62493896484375
Sorghum_10847,10847,00,10847,ref,0.001908912556245923,0.0007869603578001261,0.001121952198445797,0.7617130279541016,0.5411176085472107,0.02210221067070961,0.3677271503914307,0.8050268292427063,0.23828697204589844,0.6020496708775974,0.87506103515625,0.4588823914527893,0.7590365290565119,0.9036115407943726,0.6543436050415039
Sorghum_10848,10848,00,10848,ref,0.003140941960737109,0.0012457092525437474,0.0018952328246086836,0.7953879833221436,0.6311615705490112,0.028662284836173058,0.32452039349144995,0.7839189767837524,0.20461200177669525,0.5162713011043623,0.8600536584854126,0.36883845925331116,0.6577334242728314,0.8889702558517456,0.5219619274139404
Sorghum_10849,10849,00,10849,ref,0.002333508338779211,0.0010818964801728725,0.0012516119750216603,0.8018545508384705,0.5685700178146362,0.023303277790546417,0.3106633593656838,0.7188872694969177,0.19814543426036835,0.5722815603137633,0.8496827483177185,0.4314299523830414,0.7352211697326895,0.8920205235481262,0.6253050565719604
Sorghum_1085,1085,00,1085,ref,0.00439285347238183,0.001741504413075745,0.002651349175721407,0.9399707317352295,0.7617130279541016,0.03366232290863991,0.10268538561259175,0.3548072278499603,0.0600292831659317,0.3579165099050219,0.7187652587890625,0.23828697204589844,0.5822702766043695,0.8624938726425171,0.4394826889038086
Sorghum_10850,10850,00,10850,ref,0.002162889577448368,0.0009204233065247536,0.0012424663873389363,0.8459004163742065,0.59504634141922,0.023966386914253235,0.2507189762296158,0.6721571683883667,0.15409955382347107,0.5459038985954056,0.8373596668243408,0.40495362877845764,0.738680609395497,0.8850659132003784,0.6338458061218262
Sorghum_10853,10853,00,10853,ref,0.0024665910750627518,0.0012047358322888613,0.0012618552427738905,0.8576134443283081,0.6399463415145874,0.026870546862483025,0.2360657180648409,0.6900927424430847,0.1423865258693695,0.5040385488213546,0.8399218916893005,0.360053688287735,0.6908272293329233,0.8856759667396545,0.566251814365387
Sorghum_10854,10854,00,10854,ref,0.001408624229952693,0.0006399550475180149,0.0007686691824346781,0.7531722784042358,0.501098096370697,0.02004401944577694,0.37700260184261714,0.7977061867713928,0.24682772159576416,0.6339386637646583,0.8692044615745544,0.498901903629303,0.8104737434957576,0.9078819155693054,0.7319424152374268
Sorghum_10855,10855,00,10855,ref,0.0018396001541987062,0.0007344751502387226,0.0011051249457523227,0.8800634741783142,0.6266471743583679,0.024134859442710876,0.20809048924968213,0.7852610945701599,0.11993655562400818,0.5206998230886798,0.8601756691932678,0.37335285544395447,0.7518534805228931,0.8993411660194397,0.6459248661994934
Sorghum_10856,10856,00,10856,ref,0.0025758668780326843,0.0010071819415315986,0.0015686849365010858,0.8533430695533752,0.587481677532196,0.02390134520828724,0.19687966832122847,0.29941433668136597,0.14665690064430237,0.5528952486172942,0.8380917310714722,0.41251829266548157,0.7258964954883906,0.8923865556716919,0.6117618083953857
Sorghum_10857,10857,00,10857,ref,0.0014334481675177813,0.0005416391068138182,0.0008918091771192849,0.8527330160140991,0.5756466388702393,0.02226382866501808,0.24743501875250526,0.7736700773239136,0.1472669541835785,0.5701296730152027,0.8684723973274231,0.42435333132743835,0.8017208144757753,0.9069058299064636,0.7183992266654968
Sorghum_10858,10858,00,10858,ref,0.0021401015110313892,0.0010074754245579243,0.0011326259700581431,0.8433381915092468,0.5758906602859497,0.022793930023908615,0.23493163561593422,0.46949732303619385,0.15666179358959198,0.5610733225093748,0.8286969065666199,0.4241093099117279,0.748970429156661,0.8833577632904053,0.650073230266571
Sorghum_1086,1086,00,1086,ref,0.0016981733497232199,0.0006264840485528111,0.0010716893011704087,0.8871400952339172,0.5977305769920349,0.023351088166236877,0.19390653991376933,0.6878965497016907,0.11285993456840515,0.5470332624560155,0.8545631766319275,0.4022693932056427,0.7673152788705833,0.9001952409744263,0.6686188578605652
Sorghum_10860,10860,00,10860,ref,0.002846367657184601,0.001462046755477786,0.0013843209017068148,0.868960440158844,0.6301854848861694,0.025581631809473038,0.20917061836304954,0.5180575847625732,0.13103953003883362,0.5096284939928069,0.8194240927696228,0.36981454491615295,0.7013847941230995,0.8724987506866455,0.586383581161499
Sorghum_10861,10861,00,10861,ref,0.002185789868235588,0.0009572025155648589,0.001228587469086051,0.8083211183547974,0.6068813800811768,0.02481296844780445,0.30674470722972075,0.7674475312232971,0.19167886674404144,0.5375373742126927,0.8496827483177185,0.39311859011650085,0.7219422798076873,0.8864080309867859,0.6089555621147156
Sorghum_10863,10863,00,10863,ref,0.0017368135740980506,0.0006938212318345904,0.0010429923422634602,0.7902635335922241,0.5500243902206421,0.022307468578219414,0.3308562246761152,0.7830649018287659,0.20973645150661469,0.5936837812518061,0.8722547292709351,0.4499756097793579,0.7555495962561898,0.90495365858078,0.6484870910644531
Sorghum_10864,10864,00,10864,ref,0.002397052012383938,0.0008962973370216787,0.0015007548499852419,0.8108833432197571,0.5930941700935364,0.02426852658390999,0.3055502196304292,0.7950219511985779,0.18911664187908173,0.5523413007633057,0.8595656156539917,0.40690580010414124,0.7271328122015193,0.8966569304466248,0.6115177869796753
Sorghum_10866,10866,00,10866,ref,0.002482779324054718,0.0008525408920831978,0.001630238490179181,0.8549292087554932,0.601024866104126,0.024231713265180588,0.24475561787479674,0.7823328375816345,0.14507076144218445,0.5438308853537279,0.8538311123847961,0.39897510409355164,0.7327513089493783,0.8889702558517456,0.6232308149337769
Sorghum_10867,10867,00,10867,ref,0.003344616387039423,0.0015623180661350489,0.0017822982044890523,0.7923377156257629,0.6065153479576111,0.026354381814599037,0.3263189541560067,0.7613469958305359,0.20766226947307587,0.5378060948258604,0.8493167161941528,0.39348462224006653,0.6830062418001223,0.8833577632904053,0.5567349791526794
Sorghum_1087,1087,00,1087,ref,0.0020864494144916534,0.0008601815206930041,0.0012262678937986493,0.8794534206390381,0.5772327780723572,0.022558270022273064,0.11625039987380836,0.11224988102912903,0.1205466091632843,0.5591996860921048,0.8256466388702393,0.42276719212532043,0.7776824006733025,0.883723795413971,0.6943631172180176
Sorghum_10870,10870,00,10870,ref,0.0021062796004116535,0.0007843758794479072,0.001321903895586729,0.7844070196151733,0.5800390243530273,0.024187013506889343,0.3366567095245659,0.7678135633468628,0.21559296548366547,0.5657624640954746,0.8666422367095947,0.41996094584465027,0.7313368444881713,0.9111762046813965,0.610785722732544
Sorghum_10872,10872,00,10872,ref,0.0023503671400249004,0.0009515808778814971,0.0013987863203510642,0.8779892921447754,0.6382381916046143,0.025735801085829735,0.20846538116891022,0.7153489589691162,0.122010737657547,0.5065690087421051,0.8446803092956543,0.36176183819770813,0.7076531587128625,0.8901903629302979,0.5872376561164856
Sorghum_10873,10873,00,10873,ref,0.0020927705336362123,0.0009422885486856103,0.0011504821013659239,0.8538311123847961,0.5594192147254944,0.02228444069623947,0.21526452473173,0.4082479178905487,0.14616885781288147,0.5790179418179792,0.8443142771720886,0.4405807852745056,0.7492803662199219,0.8828697204589844,0.6508052945137024
Sorghum_10875,10875,00,10875,ref,0.0017575796227902174,0.0007168806623667479,0.0010406987275928259,0.8369936347007751,0.5796729922294617,0.02299262024462223,0.2700577951942744,0.7867252230644226,0.16300635039806366,0.5659643144345651,0.8660321831703186,0.42032697796821594,0.7502228772853585,0.90495365858078,0.6406784057617188
Sorghum_10876,10876,00,10876,ref,0.0017662259051576257,0.000999661162495613,0.0007665646844543517,0.8125914931297302,0.5345290303230286,0.02127823233604431,0.30202410351017606,0.7775744199752808,0.18740849196910858,0.6003812914783545,0.8454123735427856,0.46547096967697144,0.7863501061471367,0.8822596669197083,0.709248423576355
Sorghum_10877,10877,00,10877,ref,0.0019312985241413116,0.0009199487394653261,0.0010113497264683247,0.8139336109161377,0.5995607376098633,0.02389710582792759,0.30266250104786857,0.8106393218040466,0.1860663741827011,0.5488908172397075,0.8722547292709351,0.40043923258781433,0.7573712037811586,0.9051976799964905,0.6510493159294128
Sorghum_10878,10878,00,10878,ref,0.001667967066168785,0.0008452633046545088,0.0008227038197219372,0.7751342058181763,0.49682772159576416,0.0199119932949543,0.35089360315976764,0.798316240310669,0.22486579418182373,0.6385199501374975,0.8734748363494873,0.5031722784042358,0.8196845391301214,0.9047096371650696,0.7492679357528687
Sorghum_1088,1088,00,1088,ref,0.0015829955227673054,0.0006039204308763146,0.0009790750918909907,0.8685944080352783,0.5597852468490601,0.021944472566246986,0.2213146320010156,0.7008296847343445,0.1314055621623993,0.5807794933760381,0.85322105884552,0.44021475315093994,0.7938060684586457,0.8990971446037292,0.7105905413627625
Sorghum_10880,10880,00,10880,ref,0.0019120271317660809,0.0007861758931539953,0.0011258511804044247,0.7376769185066223,0.5172035098075867,0.021007727831602097,0.39267128889851316,0.7805026769638062,0.2623230814933777,0.619783267095762,0.8653001189231873,0.48279649019241333,0.7716048383105849,0.9014153480529785,0.674475371837616
Sorghum_10881,10881,00,10881,ref,0.002288405317813158,0.0010411770781502128,0.0012472281232476234,0.7807466983795166,0.6039531230926514,0.025812720879912376,0.3426432951000084,0.783674955368042,0.2192533016204834,0.5438905697577525,0.867862343788147,0.39604684710502625,0.7060603745907866,0.9047096371650696,0.5789409279823303
Sorghum_10882,10882,00,10882,ref,0.0023568724282085896,0.0008747433894313872,0.0014821288641542196,0.8357735276222229,0.5658857822418213,0.022992383688688278,0.2645382660041974,0.6797218322753906,0.1642264574766159,0.5751673235005151,0.8520009517669678,0.4341141879558563,0.7427786996572134,0.8894582986831665,0.6376281380653381
Sorghum_10883,10883,00,10883,ref,0.003749010618776083,0.0014325579395517707,0.002316452795639634,0.871156632900238,0.6409224271774292,0.027189256623387337,0.2045906499180859,0.4964616894721985,0.12884333729743958,0.49965724029919645,0.821132242679596,0.3590776026248932,0.6742170468300778,0.871156632900238,0.5499023795127869
Sorghum_10884,10884,00,10884,ref,0.0027760700322687626,0.0011211911914870143,0.0016548787243664265,0.7852610945701599,0.6005368232727051,0.025234868749976158,0.33578902543214656,0.7696437239646912,0.2147388905286789,0.5453947716871622,0.8593215942382812,0.39946314692497253,0.7088163917672435,0.8927525877952576,0.5877256989479065
Sorghum_10885,10885,00,10885,ref,0.003090990474447608,0.0014518116367980838,0.001639178954064846,0.9377745389938354,0.6910688281059265,0.027851298451423645,0.0847574020452037,0.132869690656662,0.062225475907325745,0.4273804998708245,0.6931430101394653,0.3089311718940735,0.6738847831258771,0.8759151101112366,0.5475841760635376
Sorghum_10886,10886,00,10886,ref,0.002625908236950636,0.001193498494103551,0.0014324098592624068,0.8642020225524902,0.6287213563919067,0.025588814169168472,0.2283318014268581,0.7166910767555237,0.13579794764518738,0.5143838590995309,0.8369936347007751,0.37127867341041565,0.7066036606692357,0.8805515170097351,0.5900439023971558
Sorghum_10887,10887,00,10887,ref,0.0020307525992393494,0.0007735255640000105,0.001257226918824017,0.8291849493980408,0.6071254014968872,0.024485724046826363,0.28023313781289794,0.7796486020088196,0.17081503570079803,0.5391014228374561,0.8587115406990051,0.3928745687007904,0.7393087522106575,0.8990971446037292,0.6277452707290649
Sorghum_10888,10888,00,10888,ref,0.001437442610040307,0.0005742706125602126,0.0008631720556877553,0.7707418203353882,0.4941434860229492,0.019730854779481888,0.3561091011499728,0.7972181439399719,0.22925817966461182,0.6396237621405181,0.8695704936981201,0.5058565139770508,0.8042782437798208,0.9089800119400024,0.721205472946167
Sorghum_1089,1089,00,1089,ref,0.0017263726331293583,0.0006049235817044973,0.0011214489350095391,0.7681795954704285,0.5409955978393555,0.02182164415717125,0.3597835158777342,0.8030746579170227,0.23182040452957153,0.6000609823576903,0.866276204586029,0.45900440216064453,0.7706625984980632,0.9008052945137024,0.673377275466919
Sorghum_10891,10891,00,10891,ref,0.0029722265899181366,0.0012449435889720917,0.0017272831173613667,0.8355295062065125,0.6350659132003784,0.026611994951963425,0.27054343050518037,0.761957049369812,0.16447047889232635,0.5094040910416472,0.8432161808013916,0.36493411660194397,0.6879719498101334,0.8822596669197083,0.5638116002082825
Sorghum_10892,10892,00,10892,ref,0.0024797096848487854,0.0009296758798882365,0.0015500338049605489,0.7232796549797058,0.5103709101676941,0.020543090999126434,0.40486073442484627,0.7540263533592224,0.2767203450202942,0.622169296471231,0.8530990481376648,0.4896290898323059,0.7613615972451889,0.8928745985031128,0.663616418838501
Sorghum_10893,10893,00,10893,ref,0.0029394454322755337,0.001413585152477026,0.0015258602797985077,0.8306490778923035,0.627257227897644,0.02610296942293644,0.27649219041712325,0.7526842355728149,0.16935090720653534,0.5196592706936956,0.8577354550361633,0.37274280190467834,0.6968193275271648,0.8895803093910217,0.5727183818817139
Sorghum_10894,10894,00,10894,ref,0.002188103273510933,0.0012057212879881263,0.000982381752692163,0.8421180844306946,0.572230339050293,0.02293461561203003,0.26280224882832576,0.7834309339523315,0.15788190066814423,0.5690794541779258,0.8498047590255737,0.42776963114738464,0.7622963786056598,0.8862860202789307,0.6687408685684204
Sorghum_10895,10895,00,10895,ref,0.001921559451147914,0.0008530968916602433,0.0010684626176953316,0.8346754312515259,0.6024889945983887,0.02447151020169258,0.26118715905036743,0.6216446757316589,0.16532455384731293,0.5395547909285842,0.8395558595657349,0.39751097559928894,0.7397125904140991,0.8945827484130859,0.6305515170097351
Sorghum_10896,10896,00,10896,ref,0.0021830901969224215,0.001123989699408412,0.0010591004975140095,0.8951928019523621,0.5869936347007751,0.022971775382757187,0.08670740631421259,0.07393850386142731,0.10480722039937973,0.3601591531891819,0.31930211186408997,0.41300633549690247,0.7653039254215391,0.889702320098877,0.6714251041412354
Sorghum_10897,10897,00,10897,ref,0.0025128035340458155,0.0010783093748614192,0.0014344941591843963,0.7923377156257629,0.5785748958587646,0.02379464916884899,0.3275021564674714,0.7744021415710449,0.20766226947307587,0.5662774312964778,0.8628599047660828,0.42142507433891296,0.7335110384701244,0.8972669839859009,0.6203025579452515
Sorghum_10899,10899,00,10899,ref,0.0032808235846459866,0.001558170304633677,0.0017226531635969877,0.8338213562965393,0.6212786436080933,0.026602504774928093,0.26023000940002294,0.5995607376098633,0.1661786288022995,0.5206273802232395,0.8326012492179871,0.37872132658958435,0.6835696310614057,0.8734748363494873,0.5614933967590332
Sorghum_109,109,00,109,ref,0.0015398298855870962,0.0006341520347632468,0.0009056777926161885,0.783674955368042,0.5015861392021179,0.020072132349014282,0.3407501498428054,0.8020985722541809,0.21632502973079681,0.6345464643225421,0.8729867935180664,0.4984138607978821,0.8130032439881315,0.9134944081306458,0.7324304580688477
Sorghum_10900,10900,00,10900,ref,0.0028870319947600365,0.0010914847953245044,0.0017955469666048884,0.8656661510467529,0.6393362879753113,0.025894643738865852,0.22788971361585764,0.7507320642471313,0.13433381915092468,0.5049877824905278,0.8418740630149841,0.3606637418270111,0.7019211617457052,0.8790873885154724,0.584187388420105
Sorghum_10901,10901,00,10901,ref,0.001807709690183401,0.0007589415763504803,0.0010487680556252599,0.7602488994598389,0.4993899464607239,0.019980890676379204,0.3681679411472973,0.7928257584571838,0.23975110054016113,0.6343355682357209,0.8655441403388977,0.5006100535392761,0.789480962643667,0.9023914337158203,0.701683759689331
Sorghum_10904,10904,00,10904,ref,0.0016462940257042646,0.0007925526006147265,0.0008537414250895381,0.8013665080070496,0.4737676978111267,0.018965138122439384,0.31664484008861166,0.7801366448402405,0.19863347709178925,0.6512200285003298,0.8540751338005066,0.5262323021888733,0.8063357489620362,0.8910444378852844,0.7363348007202148
Sorghum_10905,10905,00,10905,ref,0.002864820184186101,0.001367996446788311,0.00149682373739779,0.8743289113044739,0.6628843545913696,0.026836620643734932,0.21117417767269434,0.6606881618499756,0.12567105889320374,0.4818424944534221,0.8443142771720886,0.33711567521095276,0.6973608939953473,0.888116180896759,0.5740604996681213
Sorghum_10906,10906,00,10906,ref,0.002093239687383175,0.0008916879305616021,0.0012015518732368946,0.7791605591773987,0.5611273646354675,0.02302216738462448,0.34461248996583427,0.7840409874916077,0.22083944082260132,0.5803964413732184,0.8566373586654663,0.43887263536453247,0.7524587039787791,0.8912884593009949,0.6510493159294128
Sorghum_10907,10907,00,10907,ref,0.0029255757108330727,0.00098375603556633,0.0019418197916820645,0.8653001189231873,0.6306735277175903,0.025885319337248802,0.14805442987735323,0.16434846818447113,0.13469985127449036,0.5147492696737141,0.8490726947784424,0.36932650208473206,0.7054124900290104,0.8955588340759277,0.5818691849708557
Sorghum_10908,10908,00,10908,ref,0.0032263644970953465,0.0011807272676378489,0.0020456374622881413,0.9006832838058472,0.6509273052215576,0.02560831978917122,0.17556160941177787,0.7557345032691956,0.09931673854589462,0.4939129141241492,0.8441922664642334,0.34907272458076477,0.7207533557740885,0.8877501487731934,0.6066373586654663
Sorghum_10909,10909,00,10909,ref,0.0031470847316086292,0.001162501284852624,0.0019845834467560053,0.9061737656593323,0.6841142177581787,0.02729140780866146,0.15876844940210771,0.515739381313324,0.09382625669240952,0.45754316065616646,0.8295509815216064,0.3158858120441437,0.6842296666806905,0.8765251636505127,0.5611273646354675
Sorghum_1091,1091,00,1091,ref,0.001516528776846826,0.0007062433869577944,0.0008102853898890316,0.7105905413627625,0.4632747769355774,0.01831182837486267,0.42285408144897063,0.7846510410308838,0.28940945863723755,0.6609671692426516,0.8600536584854126,0.5367252230644226,0.8170704795667036,0.8983650803565979,0.7492679357528687
Sorghum_10912,10912,00,10912,ref,0.0028340728022158146,0.0008071671472862363,0.0020269055385142565,0.8794534206390381,0.6283553242683411,0.025163618847727776,0.2077971459662404,0.7523182034492493,0.1205466091632843,0.5152644750719638,0.8397998809814453,0.3716447055339813,0.7235280903114222,0.8886042237281799,0.6101756691932678
Sorghum_10914,10914,00,10914,ref,0.002597060753032565,0.0013038375182077289,0.0012932232348248363,0.8642020225524902,0.6544656157493591,0.02670196071267128,0.23067451613374695,0.7654953598976135,0.13579794764518738,0.49103745158708,0.8482186198234558,0.34553441405296326,0.6924869469221271,0.8831137418746948,0.569546103477478
Sorghum_10915,10915,00,10915,ref,0.003194731194525957,0.0013403389602899551,0.0018543920014053583,0.7950219511985779,0.6259151101112366,0.027561044320464134,0.3241334899954113,0.7741581201553345,0.20497803390026093,0.5207594323370425,0.8566373586654663,0.3740849196910858,0.6707615885721757,0.8947047591209412,0.5364812016487122
Sorghum_10916,10916,00,10916,ref,0.003744540736079216,0.001609009108506143,0.0021355317439883947,0.8746949434280396,0.6649585366249084,0.028559736907482147,0.21477372314033796,0.7509760856628418,0.12530502676963806,0.47789080450293975,0.833089292049408,0.33504149317741394,0.6573504935142119,0.8748169541358948,0.5264763236045837
Sorghum_10917,10917,00,10917,ref,0.0027679186314344406,0.0012421595165506005,0.00152575911488384,0.906539797782898,0.6423865556716919,0.025881480425596237,0.14022081870275066,0.2806246876716614,0.09346022456884384,0.4718072810134007,0.6931430101394653,0.3576134741306305,0.6895585946656372,0.8585895299911499,0.5761346817016602
Sorghum_10918,10918,00,10918,ref,0.0019669646862894297,0.0008336232276633382,0.0011333414586260915,0.7590287923812866,0.5262323021888733,0.02117806114256382,0.3681952494557156,0.7800146341323853,0.24097120761871338,0.6116201170251122,0.8626158833503723,0.4737676978111267,0.768545008786298,0.9009273052215576,0.6700829863548279
Sorghum_1092,1092,00,1092,ref,0.001793521223589778,0.0007968959398567677,0.0009966252837330103,0.7778184413909912,0.5734504461288452,0.023148637264966965,0.3448323350478873,0.7697657346725464,0.2221815586090088,0.5684069641768781,0.8516349196434021,0.4265495240688324,0.7521162556265265,0.8905563950538635,0.6509273052215576
Sorghum_10920,10920,00,10920,ref,0.002170563442632556,0.0008610877557657659,0.0013094755122438073,0.8149096965789795,0.6038311123847961,0.02513672597706318,0.2988799243758687,0.7758662700653076,0.18509028851985931,0.5431396726749644,0.8634699583053589,0.39616885781288147,0.7170738287819735,0.9017813801765442,0.5951683521270752
Sorghum_10921,10921,00,10921,ref,0.0021358742378652096,0.0011010717134922743,0.0010348025243729353,0.8782333135604858,0.6026110053062439,0.023909350857138634,0.0847833561023923,0.06503172218799591,0.12176671624183655,0.5274442819454285,0.7840409874916077,0.3973889648914337,0.7445311580296405,0.8728647828102112,0.6490971446037292
Sorghum_10922,10922,00,10922,ref,0.001960956957191229,0.0008737094467505813,0.0010872473940253258,0.8427281379699707,0.5492923259735107,0.021855652332305908,0.1756920383001459,0.19899950921535492,0.1572718471288681,0.5904779666979637,0.855905294418335,0.45070767402648926,0.781147317501867,0.9106881618499756,0.6838701963424683
Sorghum_10923,10923,00,10923,ref,0.0025023892521858215,0.0012618611799553037,0.0012405280722305179,0.8194240927696228,0.6360419988632202,0.027486886829137802,0.29344154275634177,0.782576858997345,0.180575892329216,0.5097971601719778,0.8506588339805603,0.3639580309391022,0.6721072344244031,0.8777452707290649,0.544533908367157
Sorghum_10926,10926,00,10926,ref,0.003155970014631748,0.0014257981674745679,0.0017301719635725021,0.7973401546478271,0.5962664484977722,0.025374656543135643,0.3216150790394441,0.7786725163459778,0.20265983045101166,0.5498095244136167,0.8615177869796753,0.4037335216999054,0.7026680375907577,0.8933626413345337,0.5790629386901855
Sorghum_10929,10929,00,10929,ref,0.0015261693624779582,0.0005910139880143106,0.0009351551998406649,0.7590287923812866,0.472303569316864,0.018798477947711945,0.3685880882124182,0.7835529446601868,0.24097120761871338,0.6564962274219196,0.8684723973274231,0.527696430683136,0.817673237124572,0.9067838191986084,0.7445095181465149
Sorghum_1093,1093,00,1093,ref,0.0018174243159592152,0.000760704861022532,0.0010567194549366832,0.7393850684165955,0.5159834027290344,0.020728036761283875,0.39353781214776656,0.8031966686248779,0.26061493158340454,0.6228167449438325,0.8732308149337769,0.4840165972709656,0.7854111897686639,0.9058077335357666,0.6932650208473206
Sorghum_10930,10930,00,10930,ref,0.002688623033463955,0.0011544364970177412,0.001534186420030892,0.7979502081871033,0.6320156455039978,0.027949199080467224,0.3177303164763384,0.7432894110679626,0.20204977691173553,0.5140227774479725,0.8522449731826782,0.3679843842983246,0.6689746011091601,0.8860419988632202,0.5373352766036987
Sorghum_10934,10934,00,10934,ref,0.0025665005668997765,0.0012674254830926657,0.0012990753166377544,0.8861640095710754,0.618960440158844,0.024685312062501907,0.1750151198093556,0.3783552944660187,0.11383602023124695,0.5227655420317794,0.8323572278022766,0.3810395300388336,0.7270584095111605,0.8818936347961426,0.6184723973274231
Sorghum_10935,10935,00,10935,ref,0.0026883664540946484,0.0013273517834022641,0.0013610146706923842,0.8776232600212097,0.6005368232727051,0.024219246581196785,0.1938330256076124,0.4658370018005371,0.12237676978111267,0.542712687399039,0.846144437789917,0.39946314692497253,0.7377804406423234,0.894094705581665,0.6279892921447754
